{"firstName": "Juancho", "lastName": "Hernangomez", "temporaryDisplayName": "Hernangomez, Juancho", "personId": "1627823", "teamId": "1610612743", "jersey": "41", "isActive": true, "pos": "F", "heightFeet": "6", "heightInches": "9", "heightMeters": "2.06", "weightPounds": "230", "weightKilograms": "104.3", "dateOfBirthUTC": "1995-09-28", "teamSitesOnly": {"playerCode": "juan_hernangomez", "posFull": "Forward", "displayAffiliation": "Spain", "freeAgentCode": ""}, "teams": [{"teamId": "1610612743", "seasonStart": "2016", "seasonEnd": "2019"}], "draft": {"teamId": "1610612743", "pickNum": "15", "roundNum": "1", "seasonYear": "2016"}, "nbaDebutYear": "2016", "yearsPro": "3", "collegeName": " ", "lastAffiliation": "Spain/Spain", "country": "Spain"}