{"firstName": "TJ", "lastName": "Leaf", "temporaryDisplayName": "Leaf, TJ", "personId": "1628388", "teamId": "1610612754", "jersey": "22", "isActive": true, "pos": "F", "heightFeet": "6", "heightInches": "10", "heightMeters": "2.08", "weightPounds": "225", "weightKilograms": "102.1", "dateOfBirthUTC": "1997-04-30", "teamSitesOnly": {"playerCode": "tj_leaf", "posFull": "Forward", "displayAffiliation": "UCLA/USA", "freeAgentCode": ""}, "teams": [{"teamId": "1610612754", "seasonStart": "2017", "seasonEnd": "2019"}], "draft": {"teamId": "1610612754", "pickNum": "18", "roundNum": "1", "seasonYear": "2017"}, "nbaDebutYear": "2017", "yearsPro": "2", "collegeName": "UCLA", "lastAffiliation": "UCLA/USA", "country": "USA"}