{"firstName": "Luka", "lastName": "Doncic", "temporaryDisplayName": "Doncic, Luka", "personId": "1629029", "teamId": "1610612742", "jersey": "77", "isActive": true, "pos": "F-G", "heightFeet": "6", "heightInches": "7", "heightMeters": "2.01", "weightPounds": "218", "weightKilograms": "98.9", "dateOfBirthUTC": "1999-02-28", "teamSitesOnly": {"playerCode": "luka_don", "posFull": "Forward-Guard", "displayAffiliation": "Slovenia", "freeAgentCode": ""}, "teams": [{"teamId": "1610612742", "seasonStart": "2018", "seasonEnd": "2019"}], "draft": {"teamId": "1610612737", "pickNum": "3", "roundNum": "1", "seasonYear": "2018"}, "nbaDebutYear": "2018", "yearsPro": "1", "collegeName": " ", "lastAffiliation": "Slovenia/Slovenia", "country": "Slovenia"}