{"firstName": "Elie", "lastName": "Okobo", "temporaryDisplayName": "Okobo, Elie", "personId": "1629059", "teamId": "1610612756", "jersey": "2", "isActive": true, "pos": "G", "heightFeet": "6", "heightInches": "3", "heightMeters": "1.9", "weightPounds": "190", "weightKilograms": "86.2", "dateOfBirthUTC": "1997-10-23", "teamSitesOnly": {"playerCode": "elie_okobo", "posFull": "Guard", "displayAffiliation": "Pau-Lacq-Orthez/France", "freeAgentCode": ""}, "teams": [{"teamId": "1610612756", "seasonStart": "2018", "seasonEnd": "2019"}], "draft": {"teamId": "1610612756", "pickNum": "31", "roundNum": "2", "seasonYear": "2018"}, "nbaDebutYear": "2018", "yearsPro": "1", "collegeName": " ", "lastAffiliation": "France/France", "country": "France"}