[{"SEASON_ID": "22018", "Player_ID": 1627936, "Game_ID": "0021801219", "GAME_DATE": "APR 09, 2019", "MATCHUP": "LAL vs. POR", "WL": "L", "MIN": 41, "FGM": 5, "FGA": 16, "FG_PCT": 0.313, "FG3M": 0, "FG3A": 2, "FG3_PCT": 0.0, "FTM": 2, "FTA": 2, "FT_PCT": 1.0, "OREB": 2, "DREB": 5, "REB": 7, "AST": 13, "STL": 1, "BLK": 1, "TOV": 7, "PF": 3, "PTS": 12, "PLUS_MINUS": 2, "VIDEO_AVAILABLE": 1}, {"SEASON_ID": "22018", "Player_ID": 1627936, "Game_ID": "0021801208", "GAME_DATE": "APR 07, 2019", "MATCHUP": "LAL vs. UTA", "WL": "W", "MIN": 43, "FGM": 8, "FGA": 20, "FG_PCT": 0.4, "FG3M": 0, "FG3A": 3, "FG3_PCT": 0.0, "FTM": 2, "FTA": 4, "FT_PCT": 0.5, "OREB": 0, "DREB": 0, "REB": 0, "AST": 11, "STL": 1, "BLK": 0, "TOV": 5, "PF": 5, "PTS": 18, "PLUS_MINUS": 1, "VIDEO_AVAILABLE": 1}, {"SEASON_ID": "22018", "Player_ID": 1627936, "Game_ID": "0021801192", "GAME_DATE": "APR 05, 2019", "MATCHUP": "LAL @ LAC", "WL": "W", "MIN": 38, "FGM": 10, "FGA": 19, "FG_PCT": 0.526, "FG3M": 5, "FG3A": 7, "FG3_PCT": 0.714, "FTM": 7, "FTA": 7, "FT_PCT": 1.0, "OREB": 2, "DREB": 8, "REB": 10, "AST": 5, "STL": 2, "BLK": 1, "TOV": 3, "PF": 2, "PTS": 32, "PLUS_MINUS": 2, "VIDEO_AVAILABLE": 1}, {"SEASON_ID": "22018", "Player_ID": 1627936, "Game_ID": "0021801179", "GAME_DATE": "APR 04, 2019", "MATCHUP": "LAL vs. GSW", "WL": "L", "MIN": 37, "FGM": 4, "FGA": 14, "FG_PCT": 0.286, "FG3M": 1, "FG3A": 3, "FG3_PCT": 0.333, "FTM": 0, "FTA": 0, "FT_PCT": 0.0, "OREB": 2, "DREB": 3, "REB": 5, "AST": 6, "STL": 1, "BLK": 0, "TOV": 3, "PF": 0, "PTS": 9, "PLUS_MINUS": -18, "VIDEO_AVAILABLE": 1}, {"SEASON_ID": "22018", "Player_ID": 1627936, "Game_ID": "0021801161", "GAME_DATE": "APR 02, 2019", "MATCHUP": "LAL @ OKC", "WL": "L", "MIN": 29, "FGM": 5, "FGA": 9, "FG_PCT": 0.556, "FG3M": 1, "FG3A": 1, "FG3_PCT": 1.0, "FTM": 4, "FTA": 6, "FT_PCT": 0.667, "OREB": 0, "DREB": 2, "REB": 2, "AST": 7, "STL": 2, "BLK": 0, "TOV": 5, "PF": 2, "PTS": 15, "PLUS_MINUS": -2, "VIDEO_AVAILABLE": 1}, {"SEASON_ID": "22018", "Player_ID": 1627936, "Game_ID": "0021801147", "GAME_DATE": "MAR 31, 2019", "MATCHUP": "LAL @ NOP", "WL": "W", "MIN": 29, "FGM": 7, "FGA": 11, "FG_PCT": 0.636, "FG3M": 4, "FG3A": 4, "FG3_PCT": 1.0, "FTM": 5, "FTA": 6, "FT_PCT": 0.833, "OREB": 2, "DREB": 1, "REB": 3, "AST": 6, "STL": 4, "BLK": 0, "TOV": 2, "PF": 3, "PTS": 23, "PLUS_MINUS": 24, "VIDEO_AVAILABLE": 1}, {"SEASON_ID": "22018", "Player_ID": 1627936, "Game_ID": "0021801135", "GAME_DATE": "MAR 29, 2019", "MATCHUP": "LAL vs. CHA", "WL": "W", "MIN": 18, "FGM": 3, "FGA": 6, "FG_PCT": 0.5, "FG3M": 1, "FG3A": 3, "FG3_PCT": 0.333, "FTM": 0, "FTA": 0, "FT_PCT": 0.0, "OREB": 0, "DREB": 1, "REB": 1, "AST": 1, "STL": 1, "BLK": 0, "TOV": 3, "PF": 1, "PTS": 7, "PLUS_MINUS": 0, "VIDEO_AVAILABLE": 1}, {"SEASON_ID": "22018", "Player_ID": 1627936, "Game_ID": "0021801121", "GAME_DATE": "MAR 27, 2019", "MATCHUP": "LAL @ UTA", "WL": "L", "MIN": 26, "FGM": 5, "FGA": 10, "FG_PCT": 0.5, "FG3M": 2, "FG3A": 4, "FG3_PCT": 0.5, "FTM": 1, "FTA": 2, "FT_PCT": 0.5, "OREB": 0, "DREB": 1, "REB": 1, "AST": 4, "STL": 1, "BLK": 0, "TOV": 1, "PF": 5, "PTS": 13, "PLUS_MINUS": 2, "VIDEO_AVAILABLE": 1}, {"SEASON_ID": "22018", "Player_ID": 1627936, "Game_ID": "0021801116", "GAME_DATE": "MAR 26, 2019", "MATCHUP": "LAL vs. WAS", "WL": "W", "MIN": 20, "FGM": 1, "FGA": 3, "FG_PCT": 0.333, "FG3M": 1, "FG3A": 3, "FG3_PCT": 0.333, "FTM": 1, "FTA": 2, "FT_PCT": 0.5, "OREB": 0, "DREB": 3, "REB": 3, "AST": 3, "STL": 0, "BLK": 0, "TOV": 2, "PF": 1, "PTS": 4, "PLUS_MINUS": 12, "VIDEO_AVAILABLE": 1}, {"SEASON_ID": "22018", "Player_ID": 1627936, "Game_ID": "0021801102", "GAME_DATE": "MAR 24, 2019", "MATCHUP": "LAL vs. SAC", "WL": "W", "MIN": 18, "FGM": 2, "FGA": 6, "FG_PCT": 0.333, "FG3M": 0, "FG3A": 3, "FG3_PCT": 0.0, "FTM": 2, "FTA": 2, "FT_PCT": 1.0, "OREB": 0, "DREB": 2, "REB": 2, "AST": 0, "STL": 0, "BLK": 0, "TOV": 1, "PF": 3, "PTS": 6, "PLUS_MINUS": 2, "VIDEO_AVAILABLE": 1}, {"SEASON_ID": "22018", "Player_ID": 1627936, "Game_ID": "0021801086", "GAME_DATE": "MAR 22, 2019", "MATCHUP": "LAL vs. BKN", "WL": "L", "MIN": 35, "FGM": 3, "FGA": 10, "FG_PCT": 0.3, "FG3M": 2, "FG3A": 4, "FG3_PCT": 0.5, "FTM": 2, "FTA": 2, "FT_PCT": 1.0, "OREB": 2, "DREB": 6, "REB": 8, "AST": 2, "STL": 1, "BLK": 0, "TOV": 3, "PF": 5, "PTS": 10, "PLUS_MINUS": 9, "VIDEO_AVAILABLE": 1}, {"SEASON_ID": "22018", "Player_ID": 1627936, "Game_ID": "0021801061", "GAME_DATE": "MAR 19, 2019", "MATCHUP": "LAL @ MIL", "WL": "L", "MIN": 22, "FGM": 0, "FGA": 6, "FG_PCT": 0.0, "FG3M": 0, "FG3A": 1, "FG3_PCT": 0.0, "FTM": 4, "FTA": 4, "FT_PCT": 1.0, "OREB": 3, "DREB": 1, "REB": 4, "AST": 2, "STL": 2, "BLK": 0, "TOV": 2, "PF": 1, "PTS": 4, "PLUS_MINUS": 3, "VIDEO_AVAILABLE": 1}, {"SEASON_ID": "22018", "Player_ID": 1627936, "Game_ID": "0021801042", "GAME_DATE": "MAR 17, 2019", "MATCHUP": "LAL @ NYK", "WL": "L", "MIN": 28, "FGM": 3, "FGA": 6, "FG_PCT": 0.5, "FG3M": 1, "FG3A": 1, "FG3_PCT": 1.0, "FTM": 5, "FTA": 6, "FT_PCT": 0.833, "OREB": 2, "DREB": 1, "REB": 3, "AST": 2, "STL": 5, "BLK": 3, "TOV": 0, "PF": 3, "PTS": 12, "PLUS_MINUS": 7, "VIDEO_AVAILABLE": 2}, {"SEASON_ID": "22018", "Player_ID": 1627936, "Game_ID": "0021801026", "GAME_DATE": "MAR 15, 2019", "MATCHUP": "LAL @ DET", "WL": "L", "MIN": 24, "FGM": 4, "FGA": 11, "FG_PCT": 0.364, "FG3M": 2, "FG3A": 4, "FG3_PCT": 0.5, "FTM": 6, "FTA": 8, "FT_PCT": 0.75, "OREB": 2, "DREB": 2, "REB": 4, "AST": 2, "STL": 2, "BLK": 1, "TOV": 1, "PF": 3, "PTS": 16, "PLUS_MINUS": 0, "VIDEO_AVAILABLE": 1}, {"SEASON_ID": "22018", "Player_ID": 1627936, "Game_ID": "0021801023", "GAME_DATE": "MAR 14, 2019", "MATCHUP": "LAL @ TOR", "WL": "L", "MIN": 27, "FGM": 5, "FGA": 7, "FG_PCT": 0.714, "FG3M": 1, "FG3A": 1, "FG3_PCT": 1.0, "FTM": 5, "FTA": 5, "FT_PCT": 1.0, "OREB": 1, "DREB": 4, "REB": 5, "AST": 5, "STL": 0, "BLK": 0, "TOV": 1, "PF": 4, "PTS": 16, "PLUS_MINUS": -3, "VIDEO_AVAILABLE": 1}, {"SEASON_ID": "22018", "Player_ID": 1627936, "Game_ID": "0021801009", "GAME_DATE": "MAR 12, 2019", "MATCHUP": "LAL @ CHI", "WL": "W", "MIN": 11, "FGM": 1, "FGA": 1, "FG_PCT": 1.0, "FG3M": 1, "FG3A": 1, "FG3_PCT": 1.0, "FTM": 0, "FTA": 0, "FT_PCT": 0.0, "OREB": 0, "DREB": 0, "REB": 0, "AST": 1, "STL": 1, "BLK": 0, "TOV": 2, "PF": 1, "PTS": 3, "PLUS_MINUS": 0, "VIDEO_AVAILABLE": 1}, {"SEASON_ID": "22018", "Player_ID": 1627936, "Game_ID": "0021800989", "GAME_DATE": "MAR 09, 2019", "MATCHUP": "LAL vs. BOS", "WL": "L", "MIN": 30, "FGM": 3, "FGA": 3, "FG_PCT": 1.0, "FG3M": 0, "FG3A": 0, "FG3_PCT": 0.0, "FTM": 2, "FTA": 2, "FT_PCT": 1.0, "OREB": 0, "DREB": 2, "REB": 2, "AST": 2, "STL": 0, "BLK": 1, "TOV": 0, "PF": 5, "PTS": 8, "PLUS_MINUS": 5, "VIDEO_AVAILABLE": 1}, {"SEASON_ID": "22018", "Player_ID": 1627936, "Game_ID": "0021800974", "GAME_DATE": "MAR 06, 2019", "MATCHUP": "LAL vs. DEN", "WL": "L", "MIN": 29, "FGM": 6, "FGA": 11, "FG_PCT": 0.545, "FG3M": 1, "FG3A": 4, "FG3_PCT": 0.25, "FTM": 2, "FTA": 2, "FT_PCT": 1.0, "OREB": 1, "DREB": 5, "REB": 6, "AST": 3, "STL": 0, "BLK": 0, "TOV": 1, "PF": 3, "PTS": 15, "PLUS_MINUS": 1, "VIDEO_AVAILABLE": 1}, {"SEASON_ID": "22018", "Player_ID": 1627936, "Game_ID": "0021800958", "GAME_DATE": "MAR 04, 2019", "MATCHUP": "LAL vs. LAC", "WL": "L", "MIN": 5, "FGM": 0, "FGA": 0, "FG_PCT": 0.0, "FG3M": 0, "FG3A": 0, "FG3_PCT": 0.0, "FTM": 0, "FTA": 0, "FT_PCT": 0.0, "OREB": 0, "DREB": 0, "REB": 0, "AST": 1, "STL": 0, "BLK": 0, "TOV": 0, "PF": 1, "PTS": 0, "PLUS_MINUS": -4, "VIDEO_AVAILABLE": 1}, {"SEASON_ID": "22018", "Player_ID": 1627936, "Game_ID": "0021800887", "GAME_DATE": "FEB 23, 2019", "MATCHUP": "LAL @ NOP", "WL": "L", "MIN": 2, "FGM": 0, "FGA": 0, "FG_PCT": 0.0, "FG3M": 0, "FG3A": 0, "FG3_PCT": 0.0, "FTM": 0, "FTA": 0, "FT_PCT": 0.0, "OREB": 0, "DREB": 0, "REB": 0, "AST": 0, "STL": 0, "BLK": 0, "TOV": 0, "PF": 0, "PTS": 0, "PLUS_MINUS": 1, "VIDEO_AVAILABLE": 1}, {"SEASON_ID": "22018", "Player_ID": 1627936, "Game_ID": "0021800755", "GAME_DATE": "JAN 29, 2019", "MATCHUP": "LAL vs. PHI", "WL": "L", "MIN": 1, "FGM": 0, "FGA": 1, "FG_PCT": 0.0, "FG3M": 0, "FG3A": 0, "FG3_PCT": 0.0, "FTM": 0, "FTA": 0, "FT_PCT": 0.0, "OREB": 0, "DREB": 0, "REB": 0, "AST": 0, "STL": 0, "BLK": 0, "TOV": 0, "PF": 0, "PTS": 0, "PLUS_MINUS": -1, "VIDEO_AVAILABLE": 1}, {"SEASON_ID": "22018", "Player_ID": 1627936, "Game_ID": "0021800743", "GAME_DATE": "JAN 27, 2019", "MATCHUP": "LAL vs. PHX", "WL": "W", "MIN": 1, "FGM": 0, "FGA": 0, "FG_PCT": 0.0, "FG3M": 0, "FG3A": 0, "FG3_PCT": 0.0, "FTM": 0, "FTA": 0, "FT_PCT": 0.0, "OREB": 0, "DREB": 0, "REB": 0, "AST": 0, "STL": 0, "BLK": 0, "TOV": 0, "PF": 0, "PTS": 0, "PLUS_MINUS": -2, "VIDEO_AVAILABLE": 1}, {"SEASON_ID": "22018", "Player_ID": 1627936, "Game_ID": "0021800701", "GAME_DATE": "JAN 21, 2019", "MATCHUP": "LAL vs. GSW", "WL": "L", "MIN": 12, "FGM": 2, "FGA": 3, "FG_PCT": 0.667, "FG3M": 1, "FG3A": 1, "FG3_PCT": 1.0, "FTM": 1, "FTA": 4, "FT_PCT": 0.25, "OREB": 0, "DREB": 0, "REB": 0, "AST": 1, "STL": 0, "BLK": 2, "TOV": 0, "PF": 1, "PTS": 6, "PLUS_MINUS": 11, "VIDEO_AVAILABLE": 1}, {"SEASON_ID": "22018", "Player_ID": 1627936, "Game_ID": "0021800526", "GAME_DATE": "DEC 28, 2018", "MATCHUP": "LAL vs. LAC", "WL": "L", "MIN": 1, "FGM": 0, "FGA": 0, "FG_PCT": 0.0, "FG3M": 0, "FG3A": 0, "FG3_PCT": 0.0, "FTM": 0, "FTA": 0, "FT_PCT": 0.0, "OREB": 0, "DREB": 0, "REB": 0, "AST": 0, "STL": 0, "BLK": 0, "TOV": 0, "PF": 1, "PTS": 0, "PLUS_MINUS": -4, "VIDEO_AVAILABLE": 1}, {"SEASON_ID": "22018", "Player_ID": 1627936, "Game_ID": "0021800514", "GAME_DATE": "DEC 27, 2018", "MATCHUP": "LAL @ SAC", "WL": "L", "MIN": 4, "FGM": 0, "FGA": 0, "FG_PCT": 0.0, "FG3M": 0, "FG3A": 0, "FG3_PCT": 0.0, "FTM": 0, "FTA": 0, "FT_PCT": 0.0, "OREB": 1, "DREB": 0, "REB": 1, "AST": 0, "STL": 0, "BLK": 0, "TOV": 0, "PF": 1, "PTS": 0, "PLUS_MINUS": -2, "VIDEO_AVAILABLE": 1}, {"SEASON_ID": "22017", "Player_ID": 1627936, "Game_ID": "0021701228", "GAME_DATE": "APR 11, 2018", "MATCHUP": "LAL @ LAC", "WL": "W", "MIN": 29, "FGM": 5, "FGA": 11, "FG_PCT": 0.455, "FG3M": 3, "FG3A": 4, "FG3_PCT": 0.75, "FTM": 2, "FTA": 4, "FT_PCT": 0.5, "OREB": 3, "DREB": 4, "REB": 7, "AST": 2, "STL": 0, "BLK": 0, "TOV": 2, "PF": 4, "PTS": 15, "PLUS_MINUS": 21, "VIDEO_AVAILABLE": 1}, {"SEASON_ID": "22017", "Player_ID": 1627936, "Game_ID": "0021701218", "GAME_DATE": "APR 10, 2018", "MATCHUP": "LAL vs. HOU", "WL": "L", "MIN": 27, "FGM": 3, "FGA": 8, "FG_PCT": 0.375, "FG3M": 1, "FG3A": 4, "FG3_PCT": 0.25, "FTM": 2, "FTA": 2, "FT_PCT": 1.0, "OREB": 1, "DREB": 3, "REB": 4, "AST": 6, "STL": 2, "BLK": 0, "TOV": 3, "PF": 3, "PTS": 9, "PLUS_MINUS": 12, "VIDEO_AVAILABLE": 1}, {"SEASON_ID": "22017", "Player_ID": 1627936, "Game_ID": "0021701201", "GAME_DATE": "APR 08, 2018", "MATCHUP": "LAL vs. UTA", "WL": "L", "MIN": 16, "FGM": 2, "FGA": 4, "FG_PCT": 0.5, "FG3M": 0, "FG3A": 1, "FG3_PCT": 0.0, "FTM": 2, "FTA": 2, "FT_PCT": 1.0, "OREB": 1, "DREB": 3, "REB": 4, "AST": 3, "STL": 1, "BLK": 0, "TOV": 1, "PF": 2, "PTS": 6, "PLUS_MINUS": -17, "VIDEO_AVAILABLE": 1}, {"SEASON_ID": "22017", "Player_ID": 1627936, "Game_ID": "0021701190", "GAME_DATE": "APR 06, 2018", "MATCHUP": "LAL vs. MIN", "WL": "L", "MIN": 14, "FGM": 1, "FGA": 4, "FG_PCT": 0.25, "FG3M": 0, "FG3A": 2, "FG3_PCT": 0.0, "FTM": 0, "FTA": 0, "FT_PCT": 0.0, "OREB": 0, "DREB": 1, "REB": 1, "AST": 0, "STL": 1, "BLK": 0, "TOV": 1, "PF": 1, "PTS": 2, "PLUS_MINUS": -12, "VIDEO_AVAILABLE": 1}, {"SEASON_ID": "22017", "Player_ID": 1627936, "Game_ID": "0021701174", "GAME_DATE": "APR 04, 2018", "MATCHUP": "LAL vs. SAS", "WL": "W", "MIN": 19, "FGM": 2, "FGA": 2, "FG_PCT": 1.0, "FG3M": 1, "FG3A": 1, "FG3_PCT": 1.0, "FTM": 0, "FTA": 0, "FT_PCT": 0.0, "OREB": 0, "DREB": 3, "REB": 3, "AST": 3, "STL": 1, "BLK": 0, "TOV": 2, "PF": 1, "PTS": 5, "PLUS_MINUS": -3, "VIDEO_AVAILABLE": 1}, {"SEASON_ID": "22017", "Player_ID": 1627936, "Game_ID": "0021701166", "GAME_DATE": "APR 03, 2018", "MATCHUP": "LAL @ UTA", "WL": "L", "MIN": 15, "FGM": 1, "FGA": 2, "FG_PCT": 0.5, "FG3M": 1, "FG3A": 1, "FG3_PCT": 1.0, "FTM": 0, "FTA": 0, "FT_PCT": 0.0, "OREB": 0, "DREB": 0, "REB": 0, "AST": 2, "STL": 0, "BLK": 0, "TOV": 1, "PF": 1, "PTS": 3, "PLUS_MINUS": -9, "VIDEO_AVAILABLE": 1}, {"SEASON_ID": "22017", "Player_ID": 1627936, "Game_ID": "0021701155", "GAME_DATE": "APR 01, 2018", "MATCHUP": "LAL vs. SAC", "WL": "L", "MIN": 30, "FGM": 3, "FGA": 7, "FG_PCT": 0.429, "FG3M": 1, "FG3A": 3, "FG3_PCT": 0.333, "FTM": 0, "FTA": 0, "FT_PCT": 0.0, "OREB": 1, "DREB": 3, "REB": 4, "AST": 2, "STL": 1, "BLK": 1, "TOV": 3, "PF": 0, "PTS": 7, "PLUS_MINUS": -13, "VIDEO_AVAILABLE": 1}, {"SEASON_ID": "22017", "Player_ID": 1627936, "Game_ID": "0021701136", "GAME_DATE": "MAR 30, 2018", "MATCHUP": "LAL vs. MIL", "WL": "L", "MIN": 31, "FGM": 2, "FGA": 5, "FG_PCT": 0.4, "FG3M": 1, "FG3A": 1, "FG3_PCT": 1.0, "FTM": 1, "FTA": 2, "FT_PCT": 0.5, "OREB": 1, "DREB": 3, "REB": 4, "AST": 6, "STL": 1, "BLK": 0, "TOV": 3, "PF": 5, "PTS": 6, "PLUS_MINUS": 9, "VIDEO_AVAILABLE": 1}, {"SEASON_ID": "22017", "Player_ID": 1627936, "Game_ID": "0021701123", "GAME_DATE": "MAR 28, 2018", "MATCHUP": "LAL vs. DAL", "WL": "W", "MIN": 16, "FGM": 1, "FGA": 6, "FG_PCT": 0.167, "FG3M": 0, "FG3A": 4, "FG3_PCT": 0.0, "FTM": 3, "FTA": 4, "FT_PCT": 0.75, "OREB": 0, "DREB": 1, "REB": 1, "AST": 3, "STL": 0, "BLK": 1, "TOV": 1, "PF": 2, "PTS": 5, "PLUS_MINUS": 11, "VIDEO_AVAILABLE": 1}, {"SEASON_ID": "22017", "Player_ID": 1627936, "Game_ID": "0021701019", "GAME_DATE": "MAR 14, 2018", "MATCHUP": "LAL @ GSW", "WL": "L", "MIN": 21, "FGM": 2, "FGA": 2, "FG_PCT": 1.0, "FG3M": 0, "FG3A": 0, "FG3_PCT": 0.0, "FTM": 0, "FTA": 0, "FT_PCT": 0.0, "OREB": 0, "DREB": 1, "REB": 1, "AST": 0, "STL": 2, "BLK": 2, "TOV": 2, "PF": 2, "PTS": 4, "PLUS_MINUS": -6, "VIDEO_AVAILABLE": 1}, {"SEASON_ID": "22017", "Player_ID": 1627936, "Game_ID": "0021701015", "GAME_DATE": "MAR 13, 2018", "MATCHUP": "LAL vs. DEN", "WL": "W", "MIN": 10, "FGM": 0, "FGA": 0, "FG_PCT": 0.0, "FG3M": 0, "FG3A": 0, "FG3_PCT": 0.0, "FTM": 2, "FTA": 2, "FT_PCT": 1.0, "OREB": 0, "DREB": 1, "REB": 1, "AST": 1, "STL": 0, "BLK": 0, "TOV": 0, "PF": 0, "PTS": 2, "PLUS_MINUS": 6, "VIDEO_AVAILABLE": 1}, {"SEASON_ID": "22017", "Player_ID": 1627936, "Game_ID": "0021701000", "GAME_DATE": "MAR 11, 2018", "MATCHUP": "LAL vs. CLE", "WL": "W", "MIN": 12, "FGM": 2, "FGA": 3, "FG_PCT": 0.667, "FG3M": 0, "FG3A": 1, "FG3_PCT": 0.0, "FTM": 0, "FTA": 0, "FT_PCT": 0.0, "OREB": 0, "DREB": 2, "REB": 2, "AST": 0, "STL": 1, "BLK": 0, "TOV": 0, "PF": 0, "PTS": 4, "PLUS_MINUS": -1, "VIDEO_AVAILABLE": 1}, {"SEASON_ID": "22017", "Player_ID": 1627936, "Game_ID": "0021700971", "GAME_DATE": "MAR 07, 2018", "MATCHUP": "LAL vs. ORL", "WL": "W", "MIN": 13, "FGM": 1, "FGA": 2, "FG_PCT": 0.5, "FG3M": 0, "FG3A": 1, "FG3_PCT": 0.0, "FTM": 2, "FTA": 2, "FT_PCT": 1.0, "OREB": 0, "DREB": 2, "REB": 2, "AST": 1, "STL": 1, "BLK": 0, "TOV": 2, "PF": 0, "PTS": 4, "PLUS_MINUS": 15, "VIDEO_AVAILABLE": 1}, {"SEASON_ID": "22017", "Player_ID": 1627936, "Game_ID": "0021700830", "GAME_DATE": "FEB 10, 2018", "MATCHUP": "LAL @ DAL", "WL": "L", "MIN": 0, "FGM": 0, "FGA": 0, "FG_PCT": 0.0, "FG3M": 0, "FG3A": 0, "FG3_PCT": 0.0, "FTM": 0, "FTA": 0, "FT_PCT": 0.0, "OREB": 0, "DREB": 0, "REB": 0, "AST": 0, "STL": 0, "BLK": 0, "TOV": 0, "PF": 0, "PTS": 0, "PLUS_MINUS": -3, "VIDEO_AVAILABLE": 1}, {"SEASON_ID": "22017", "Player_ID": 1627936, "Game_ID": "0021700816", "GAME_DATE": "FEB 08, 2018", "MATCHUP": "LAL vs. OKC", "WL": "W", "MIN": 18, "FGM": 0, "FGA": 4, "FG_PCT": 0.0, "FG3M": 0, "FG3A": 2, "FG3_PCT": 0.0, "FTM": 0, "FTA": 0, "FT_PCT": 0.0, "OREB": 0, "DREB": 0, "REB": 0, "AST": 5, "STL": 1, "BLK": 1, "TOV": 1, "PF": 3, "PTS": 0, "PLUS_MINUS": 7, "VIDEO_AVAILABLE": 1}, {"SEASON_ID": "22017", "Player_ID": 1627936, "Game_ID": "0021700804", "GAME_DATE": "FEB 06, 2018", "MATCHUP": "LAL vs. PHX", "WL": "W", "MIN": 14, "FGM": 0, "FGA": 1, "FG_PCT": 0.0, "FG3M": 0, "FG3A": 1, "FG3_PCT": 0.0, "FTM": 4, "FTA": 4, "FT_PCT": 1.0, "OREB": 0, "DREB": 1, "REB": 1, "AST": 1, "STL": 0, "BLK": 0, "TOV": 0, "PF": 3, "PTS": 4, "PLUS_MINUS": -1, "VIDEO_AVAILABLE": 1}, {"SEASON_ID": "22017", "Player_ID": 1627936, "Game_ID": "0021700788", "GAME_DATE": "FEB 04, 2018", "MATCHUP": "LAL @ OKC", "WL": "W", "MIN": 9, "FGM": 0, "FGA": 1, "FG_PCT": 0.0, "FG3M": 0, "FG3A": 0, "FG3_PCT": 0.0, "FTM": 0, "FTA": 0, "FT_PCT": 0.0, "OREB": 0, "DREB": 0, "REB": 0, "AST": 3, "STL": 0, "BLK": 1, "TOV": 2, "PF": 0, "PTS": 0, "PLUS_MINUS": -3, "VIDEO_AVAILABLE": 1}, {"SEASON_ID": "22017", "Player_ID": 1627936, "Game_ID": "0021700768", "GAME_DATE": "FEB 02, 2018", "MATCHUP": "LAL @ BKN", "WL": "W", "MIN": 11, "FGM": 0, "FGA": 2, "FG_PCT": 0.0, "FG3M": 0, "FG3A": 2, "FG3_PCT": 0.0, "FTM": 0, "FTA": 0, "FT_PCT": 0.0, "OREB": 1, "DREB": 0, "REB": 1, "AST": 1, "STL": 1, "BLK": 2, "TOV": 1, "PF": 0, "PTS": 0, "PLUS_MINUS": 2, "VIDEO_AVAILABLE": 1}, {"SEASON_ID": "22017", "Player_ID": 1627936, "Game_ID": "0021700754", "GAME_DATE": "JAN 31, 2018", "MATCHUP": "LAL @ ORL", "WL": "L", "MIN": 15, "FGM": 1, "FGA": 5, "FG_PCT": 0.2, "FG3M": 0, "FG3A": 2, "FG3_PCT": 0.0, "FTM": 0, "FTA": 0, "FT_PCT": 0.0, "OREB": 1, "DREB": 2, "REB": 3, "AST": 2, "STL": 1, "BLK": 0, "TOV": 3, "PF": 1, "PTS": 2, "PLUS_MINUS": -19, "VIDEO_AVAILABLE": 1}, {"SEASON_ID": "22017", "Player_ID": 1627936, "Game_ID": "0021700735", "GAME_DATE": "JAN 28, 2018", "MATCHUP": "LAL @ TOR", "WL": "L", "MIN": 18, "FGM": 5, "FGA": 6, "FG_PCT": 0.833, "FG3M": 1, "FG3A": 2, "FG3_PCT": 0.5, "FTM": 0, "FTA": 0, "FT_PCT": 0.0, "OREB": 1, "DREB": 3, "REB": 4, "AST": 5, "STL": 1, "BLK": 1, "TOV": 2, "PF": 3, "PTS": 11, "PLUS_MINUS": 4, "VIDEO_AVAILABLE": 1}, {"SEASON_ID": "22017", "Player_ID": 1627936, "Game_ID": "0021700717", "GAME_DATE": "JAN 26, 2018", "MATCHUP": "LAL @ CHI", "WL": "W", "MIN": 20, "FGM": 3, "FGA": 4, "FG_PCT": 0.75, "FG3M": 0, "FG3A": 0, "FG3_PCT": 0.0, "FTM": 2, "FTA": 3, "FT_PCT": 0.667, "OREB": 0, "DREB": 4, "REB": 4, "AST": 3, "STL": 1, "BLK": 0, "TOV": 2, "PF": 2, "PTS": 8, "PLUS_MINUS": -5, "VIDEO_AVAILABLE": 1}, {"SEASON_ID": "22017", "Player_ID": 1627936, "Game_ID": "0021700700", "GAME_DATE": "JAN 23, 2018", "MATCHUP": "LAL vs. BOS", "WL": "W", "MIN": 19, "FGM": 0, "FGA": 4, "FG_PCT": 0.0, "FG3M": 0, "FG3A": 2, "FG3_PCT": 0.0, "FTM": 0, "FTA": 2, "FT_PCT": 0.0, "OREB": 0, "DREB": 0, "REB": 0, "AST": 1, "STL": 1, "BLK": 0, "TOV": 0, "PF": 1, "PTS": 0, "PLUS_MINUS": -3, "VIDEO_AVAILABLE": 1}, {"SEASON_ID": "22017", "Player_ID": 1627936, "Game_ID": "0021700684", "GAME_DATE": "JAN 21, 2018", "MATCHUP": "LAL vs. NYK", "WL": "W", "MIN": 31, "FGM": 4, "FGA": 6, "FG_PCT": 0.667, "FG3M": 1, "FG3A": 1, "FG3_PCT": 1.0, "FTM": 0, "FTA": 0, "FT_PCT": 0.0, "OREB": 1, "DREB": 3, "REB": 4, "AST": 8, "STL": 2, "BLK": 0, "TOV": 0, "PF": 1, "PTS": 9, "PLUS_MINUS": 24, "VIDEO_AVAILABLE": 2}, {"SEASON_ID": "22017", "Player_ID": 1627936, "Game_ID": "0021700673", "GAME_DATE": "JAN 19, 2018", "MATCHUP": "LAL vs. IND", "WL": "W", "MIN": 28, "FGM": 2, "FGA": 3, "FG_PCT": 0.667, "FG3M": 1, "FG3A": 2, "FG3_PCT": 0.5, "FTM": 0, "FTA": 0, "FT_PCT": 0.0, "OREB": 0, "DREB": 2, "REB": 2, "AST": 4, "STL": 1, "BLK": 0, "TOV": 1, "PF": 0, "PTS": 5, "PLUS_MINUS": 25, "VIDEO_AVAILABLE": 1}, {"SEASON_ID": "22017", "Player_ID": 1627936, "Game_ID": "0021700660", "GAME_DATE": "JAN 17, 2018", "MATCHUP": "LAL @ OKC", "WL": "L", "MIN": 17, "FGM": 2, "FGA": 3, "FG_PCT": 0.667, "FG3M": 1, "FG3A": 1, "FG3_PCT": 1.0, "FTM": 0, "FTA": 0, "FT_PCT": 0.0, "OREB": 1, "DREB": 0, "REB": 1, "AST": 2, "STL": 0, "BLK": 0, "TOV": 1, "PF": 2, "PTS": 5, "PLUS_MINUS": 3, "VIDEO_AVAILABLE": 1}, {"SEASON_ID": "22017", "Player_ID": 1627936, "Game_ID": "0021700645", "GAME_DATE": "JAN 15, 2018", "MATCHUP": "LAL @ MEM", "WL": "L", "MIN": 13, "FGM": 2, "FGA": 4, "FG_PCT": 0.5, "FG3M": 0, "FG3A": 1, "FG3_PCT": 0.0, "FTM": 0, "FTA": 0, "FT_PCT": 0.0, "OREB": 1, "DREB": 0, "REB": 1, "AST": 0, "STL": 1, "BLK": 0, "TOV": 0, "PF": 2, "PTS": 4, "PLUS_MINUS": -15, "VIDEO_AVAILABLE": 1}, {"SEASON_ID": "22017", "Player_ID": 1627936, "Game_ID": "0021700565", "GAME_DATE": "JAN 03, 2018", "MATCHUP": "LAL vs. OKC", "WL": "L", "MIN": 8, "FGM": 2, "FGA": 3, "FG_PCT": 0.667, "FG3M": 1, "FG3A": 2, "FG3_PCT": 0.5, "FTM": 0, "FTA": 0, "FT_PCT": 0.0, "OREB": 1, "DREB": 2, "REB": 3, "AST": 3, "STL": 0, "BLK": 0, "TOV": 1, "PF": 0, "PTS": 5, "PLUS_MINUS": -9, "VIDEO_AVAILABLE": 1}, {"SEASON_ID": "22017", "Player_ID": 1627936, "Game_ID": "0021700548", "GAME_DATE": "JAN 01, 2018", "MATCHUP": "LAL @ MIN", "WL": "L", "MIN": 18, "FGM": 0, "FGA": 2, "FG_PCT": 0.0, "FG3M": 0, "FG3A": 1, "FG3_PCT": 0.0, "FTM": 1, "FTA": 2, "FT_PCT": 0.5, "OREB": 0, "DREB": 1, "REB": 1, "AST": 1, "STL": 2, "BLK": 0, "TOV": 3, "PF": 3, "PTS": 1, "PLUS_MINUS": 2, "VIDEO_AVAILABLE": 1}, {"SEASON_ID": "22017", "Player_ID": 1627936, "Game_ID": "0021700540", "GAME_DATE": "DEC 31, 2017", "MATCHUP": "LAL @ HOU", "WL": "L", "MIN": 9, "FGM": 2, "FGA": 5, "FG_PCT": 0.4, "FG3M": 0, "FG3A": 0, "FG3_PCT": 0.0, "FTM": 0, "FTA": 1, "FT_PCT": 0.0, "OREB": 1, "DREB": 1, "REB": 2, "AST": 0, "STL": 0, "BLK": 0, "TOV": 0, "PF": 3, "PTS": 4, "PLUS_MINUS": 2, "VIDEO_AVAILABLE": 1}, {"SEASON_ID": "22017", "Player_ID": 1627936, "Game_ID": "0021700529", "GAME_DATE": "DEC 29, 2017", "MATCHUP": "LAL vs. LAC", "WL": "L", "MIN": 6, "FGM": 0, "FGA": 1, "FG_PCT": 0.0, "FG3M": 0, "FG3A": 1, "FG3_PCT": 0.0, "FTM": 0, "FTA": 0, "FT_PCT": 0.0, "OREB": 0, "DREB": 0, "REB": 0, "AST": 1, "STL": 0, "BLK": 0, "TOV": 0, "PF": 1, "PTS": 0, "PLUS_MINUS": -2, "VIDEO_AVAILABLE": 1}, {"SEASON_ID": "22017", "Player_ID": 1627936, "Game_ID": "0021700515", "GAME_DATE": "DEC 27, 2017", "MATCHUP": "LAL vs. MEM", "WL": "L", "MIN": 4, "FGM": 0, "FGA": 1, "FG_PCT": 0.0, "FG3M": 0, "FG3A": 0, "FG3_PCT": 0.0, "FTM": 0, "FTA": 0, "FT_PCT": 0.0, "OREB": 0, "DREB": 0, "REB": 0, "AST": 0, "STL": 0, "BLK": 0, "TOV": 0, "PF": 1, "PTS": 0, "PLUS_MINUS": -9, "VIDEO_AVAILABLE": 1}, {"SEASON_ID": "22017", "Player_ID": 1627936, "Game_ID": "0021700497", "GAME_DATE": "DEC 25, 2017", "MATCHUP": "LAL vs. MIN", "WL": "L", "MIN": 10, "FGM": 1, "FGA": 2, "FG_PCT": 0.5, "FG3M": 0, "FG3A": 0, "FG3_PCT": 0.0, "FTM": 0, "FTA": 0, "FT_PCT": 0.0, "OREB": 0, "DREB": 0, "REB": 0, "AST": 1, "STL": 0, "BLK": 0, "TOV": 1, "PF": 1, "PTS": 2, "PLUS_MINUS": -7, "VIDEO_AVAILABLE": 1}, {"SEASON_ID": "22017", "Player_ID": 1627936, "Game_ID": "0021700491", "GAME_DATE": "DEC 23, 2017", "MATCHUP": "LAL vs. POR", "WL": "L", "MIN": 12, "FGM": 0, "FGA": 1, "FG_PCT": 0.0, "FG3M": 0, "FG3A": 0, "FG3_PCT": 0.0, "FTM": 0, "FTA": 0, "FT_PCT": 0.0, "OREB": 0, "DREB": 0, "REB": 0, "AST": 0, "STL": 0, "BLK": 1, "TOV": 1, "PF": 1, "PTS": 0, "PLUS_MINUS": -11, "VIDEO_AVAILABLE": 1}, {"SEASON_ID": "22017", "Player_ID": 1627936, "Game_ID": "0021700479", "GAME_DATE": "DEC 22, 2017", "MATCHUP": "LAL @ GSW", "WL": "L", "MIN": 7, "FGM": 0, "FGA": 0, "FG_PCT": 0.0, "FG3M": 0, "FG3A": 0, "FG3_PCT": 0.0, "FTM": 0, "FTA": 0, "FT_PCT": 0.0, "OREB": 0, "DREB": 0, "REB": 0, "AST": 1, "STL": 0, "BLK": 0, "TOV": 0, "PF": 2, "PTS": 0, "PLUS_MINUS": 8, "VIDEO_AVAILABLE": 1}, {"SEASON_ID": "22017", "Player_ID": 1627936, "Game_ID": "0021700459", "GAME_DATE": "DEC 20, 2017", "MATCHUP": "LAL @ HOU", "WL": "W", "MIN": 3, "FGM": 0, "FGA": 0, "FG_PCT": 0.0, "FG3M": 0, "FG3A": 0, "FG3_PCT": 0.0, "FTM": 0, "FTA": 0, "FT_PCT": 0.0, "OREB": 0, "DREB": 2, "REB": 2, "AST": 0, "STL": 0, "BLK": 0, "TOV": 0, "PF": 1, "PTS": 0, "PLUS_MINUS": 7, "VIDEO_AVAILABLE": 2}, {"SEASON_ID": "22017", "Player_ID": 1627936, "Game_ID": "0021700026", "GAME_DATE": "OCT 20, 2017", "MATCHUP": "LAL @ PHX", "WL": "W", "MIN": 7, "FGM": 0, "FGA": 1, "FG_PCT": 0.0, "FG3M": 0, "FG3A": 0, "FG3_PCT": 0.0, "FTM": 0, "FTA": 0, "FT_PCT": 0.0, "OREB": 0, "DREB": 1, "REB": 1, "AST": 2, "STL": 0, "BLK": 0, "TOV": 1, "PF": 0, "PTS": 0, "PLUS_MINUS": -3, "VIDEO_AVAILABLE": 2}, {"SEASON_ID": "22017", "Player_ID": 1627936, "Game_ID": "0021700016", "GAME_DATE": "OCT 19, 2017", "MATCHUP": "LAL vs. LAC", "WL": "L", "MIN": 12, "FGM": 1, "FGA": 1, "FG_PCT": 1.0, "FG3M": 0, "FG3A": 0, "FG3_PCT": 0.0, "FTM": 0, "FTA": 0, "FT_PCT": 0.0, "OREB": 0, "DREB": 1, "REB": 1, "AST": 2, "STL": 0, "BLK": 0, "TOV": 1, "PF": 0, "PTS": 2, "PLUS_MINUS": -10, "VIDEO_AVAILABLE": 1}]