{"firstName": "Alex", "lastName": "Caruso", "temporaryDisplayName": "Caruso, Alex", "personId": "1627936", "teamId": "1610612747", "jersey": "4", "isActive": true, "pos": "G", "heightFeet": "6", "heightInches": "5", "heightMeters": "1.96", "weightPounds": "186", "weightKilograms": "84.4", "dateOfBirthUTC": "1994-02-28", "teamSitesOnly": {"playerCode": "alex_caruso", "posFull": "Guard", "displayAffiliation": "Texas A&M/USA", "freeAgentCode": ""}, "teams": [{"teamId": "1610612747", "seasonStart": "2017", "seasonEnd": "2019"}], "draft": {"teamId": "", "pickNum": "", "roundNum": "", "seasonYear": ""}, "nbaDebutYear": "2017", "yearsPro": "2", "collegeName": "Texas A&M", "lastAffiliation": "Texas A&M/USA", "country": "USA"}