{"firstName": "Yante", "lastName": "Maten", "temporaryDisplayName": "Maten, Yante", "personId": "1628999", "teamId": "1610612738", "jersey": "26", "isActive": true, "pos": "F", "heightFeet": "6", "heightInches": "8", "heightMeters": "2.03", "weightPounds": "240", "weightKilograms": "108.9", "dateOfBirthUTC": "1996-08-14", "teamSitesOnly": {"playerCode": "yaten_maten", "posFull": "Forward", "displayAffiliation": "Georgia/USA", "freeAgentCode": ""}, "teams": [{"teamId": "1610612748", "seasonStart": "2018", "seasonEnd": "2018"}, {"teamId": "1610612738", "seasonStart": "2019", "seasonEnd": "2019"}], "draft": {"teamId": "", "pickNum": "", "roundNum": "", "seasonYear": ""}, "nbaDebutYear": "2018", "yearsPro": "1", "collegeName": "Georgia", "lastAffiliation": "Georgia/USA", "country": "USA"}