{"firstName": "Thabo", "lastName": "Sefolosha", "temporaryDisplayName": "Sefolosha, Thabo", "personId": "200757", "teamId": "1610612745", "jersey": "18", "isActive": true, "pos": "F", "heightFeet": "6", "heightInches": "7", "heightMeters": "2.01", "weightPounds": "220", "weightKilograms": "99.8", "dateOfBirthUTC": "1984-05-02", "teamSitesOnly": {"playerCode": "thabo_sefolosha", "posFull": "Forward", "displayAffiliation": "Angelico Biella/Switzerland", "freeAgentCode": ""}, "teams": [{"teamId": "1610612741", "seasonStart": "2006", "seasonEnd": "2008"}, {"teamId": "1610612760", "seasonStart": "2008", "seasonEnd": "2013"}, {"teamId": "1610612737", "seasonStart": "2014", "seasonEnd": "2016"}, {"teamId": "1610612762", "seasonStart": "2017", "seasonEnd": "2018"}, {"teamId": "1610612745", "seasonStart": "2019", "seasonEnd": "2019"}], "draft": {"teamId": "1610612755", "pickNum": "13", "roundNum": "1", "seasonYear": "2006"}, "nbaDebutYear": "2006", "yearsPro": "13", "collegeName": " ", "lastAffiliation": "Angelico Biella/Switzerland", "country": "Switzerland"}