{"firstName": "John", "lastName": "Henson", "temporaryDisplayName": "Henson, John", "personId": "203089", "teamId": "1610612739", "jersey": "31", "isActive": true, "pos": "F-C", "heightFeet": "6", "heightInches": "11", "heightMeters": "2.11", "weightPounds": "219", "weightKilograms": "99.3", "dateOfBirthUTC": "1990-12-28", "teamSitesOnly": {"playerCode": "john_henson", "posFull": "Forward-Center", "displayAffiliation": "North Carolina/USA", "freeAgentCode": ""}, "teams": [{"teamId": "1610612749", "seasonStart": "2012", "seasonEnd": "2018"}, {"teamId": "1610612739", "seasonStart": "2018", "seasonEnd": "2019"}], "draft": {"teamId": "1610612749", "pickNum": "14", "roundNum": "1", "seasonYear": "2012"}, "nbaDebutYear": "2012", "yearsPro": "7", "collegeName": "North Carolina", "lastAffiliation": "North Carolina/USA", "country": "USA"}