{"firstName": "Edmond", "lastName": "Sumner", "temporaryDisplayName": "Sumner, Edmond", "personId": "1628410", "teamId": "1610612754", "jersey": "5", "isActive": true, "pos": "G", "heightFeet": "6", "heightInches": "6", "heightMeters": "1.98", "weightPounds": "176", "weightKilograms": "79.8", "dateOfBirthUTC": "1995-12-31", "teamSitesOnly": {"playerCode": "edmond_sumner", "posFull": "Guard", "displayAffiliation": "Xavier/USA", "freeAgentCode": ""}, "teams": [{"teamId": "1610612754", "seasonStart": "2017", "seasonEnd": "2019"}], "draft": {"teamId": "1610612740", "pickNum": "52", "roundNum": "2", "seasonYear": "2017"}, "nbaDebutYear": "2017", "yearsPro": "2", "collegeName": "Xavier", "lastAffiliation": "Xavier/USA", "country": "USA"}