[{"SEASON_ID": "22015", "Player_ID": 1626172, "Game_ID": "0021500855", "GAME_DATE": "FEB 25, 2016", "MATCHUP": "GSW @ ORL", "WL": "W", "MIN": 2, "FGM": 1, "FGA": 2, "FG_PCT": 0.5, "FG3M": 0, "FG3A": 0, "FG3_PCT": 0.0, "FTM": 0, "FTA": 0, "FT_PCT": 0.0, "OREB": 0, "DREB": 0, "REB": 0, "AST": 0, "STL": 0, "BLK": 0, "TOV": 1, "PF": 0, "PTS": 2, "PLUS_MINUS": 1, "VIDEO_AVAILABLE": 1}, {"SEASON_ID": "22015", "Player_ID": 1626172, "Game_ID": "0021500822", "GAME_DATE": "FEB 20, 2016", "MATCHUP": "GSW @ LAC", "WL": "W", "MIN": 2, "FGM": 0, "FGA": 0, "FG_PCT": 0.0, "FG3M": 0, "FG3A": 0, "FG3_PCT": 0.0, "FTM": 0, "FTA": 0, "FT_PCT": 0.0, "OREB": 0, "DREB": 0, "REB": 0, "AST": 0, "STL": 0, "BLK": 0, "TOV": 0, "PF": 1, "PTS": 0, "PLUS_MINUS": -10, "VIDEO_AVAILABLE": 1}, {"SEASON_ID": "22015", "Player_ID": 1626172, "Game_ID": "0021500815", "GAME_DATE": "FEB 19, 2016", "MATCHUP": "GSW @ POR", "WL": "L", "MIN": 9, "FGM": 1, "FGA": 2, "FG_PCT": 0.5, "FG3M": 0, "FG3A": 1, "FG3_PCT": 0.0, "FTM": 0, "FTA": 0, "FT_PCT": 0.0, "OREB": 4, "DREB": 4, "REB": 8, "AST": 0, "STL": 0, "BLK": 0, "TOV": 0, "PF": 0, "PTS": 2, "PLUS_MINUS": -5, "VIDEO_AVAILABLE": 1}, {"SEASON_ID": "22015", "Player_ID": 1626172, "Game_ID": "0021500799", "GAME_DATE": "FEB 10, 2016", "MATCHUP": "GSW @ PHX", "WL": "W", "MIN": 2, "FGM": 1, "FGA": 2, "FG_PCT": 0.5, "FG3M": 1, "FG3A": 1, "FG3_PCT": 1.0, "FTM": 0, "FTA": 0, "FT_PCT": 0.0, "OREB": 0, "DREB": 0, "REB": 0, "AST": 0, "STL": 0, "BLK": 0, "TOV": 0, "PF": 0, "PTS": 3, "PLUS_MINUS": -7, "VIDEO_AVAILABLE": 1}, {"SEASON_ID": "22015", "Player_ID": 1626172, "Game_ID": "0021500691", "GAME_DATE": "JAN 27, 2016", "MATCHUP": "GSW vs. DAL", "WL": "W", "MIN": 6, "FGM": 1, "FGA": 1, "FG_PCT": 1.0, "FG3M": 0, "FG3A": 0, "FG3_PCT": 0.0, "FTM": 0, "FTA": 0, "FT_PCT": 0.0, "OREB": 0, "DREB": 2, "REB": 2, "AST": 0, "STL": 0, "BLK": 0, "TOV": 0, "PF": 1, "PTS": 2, "PLUS_MINUS": -1, "VIDEO_AVAILABLE": 1}, {"SEASON_ID": "22017", "Player_ID": 1626172, "Game_ID": "0021701217", "GAME_DATE": "APR 10, 2018", "MATCHUP": "GSW @ UTA", "WL": "L", "MIN": 21, "FGM": 6, "FGA": 9, "FG_PCT": 0.667, "FG3M": 0, "FG3A": 0, "FG3_PCT": 0.0, "FTM": 0, "FTA": 1, "FT_PCT": 0.0, "OREB": 3, "DREB": 2, "REB": 5, "AST": 0, "STL": 2, "BLK": 0, "TOV": 1, "PF": 4, "PTS": 12, "PLUS_MINUS": -13, "VIDEO_AVAILABLE": 1}, {"SEASON_ID": "22017", "Player_ID": 1626172, "Game_ID": "0021701203", "GAME_DATE": "APR 08, 2018", "MATCHUP": "GSW @ PHX", "WL": "W", "MIN": 19, "FGM": 3, "FGA": 5, "FG_PCT": 0.6, "FG3M": 0, "FG3A": 1, "FG3_PCT": 0.0, "FTM": 0, "FTA": 0, "FT_PCT": 0.0, "OREB": 2, "DREB": 4, "REB": 6, "AST": 0, "STL": 1, "BLK": 4, "TOV": 1, "PF": 1, "PTS": 6, "PLUS_MINUS": 2, "VIDEO_AVAILABLE": 1}, {"SEASON_ID": "22017", "Player_ID": 1626172, "Game_ID": "0021701195", "GAME_DATE": "APR 07, 2018", "MATCHUP": "GSW vs. NOP", "WL": "L", "MIN": 28, "FGM": 5, "FGA": 7, "FG_PCT": 0.714, "FG3M": 0, "FG3A": 0, "FG3_PCT": 0.0, "FTM": 0, "FTA": 0, "FT_PCT": 0.0, "OREB": 2, "DREB": 4, "REB": 6, "AST": 2, "STL": 0, "BLK": 0, "TOV": 0, "PF": 4, "PTS": 10, "PLUS_MINUS": -2, "VIDEO_AVAILABLE": 1}, {"SEASON_ID": "22017", "Player_ID": 1626172, "Game_ID": "0021701175", "GAME_DATE": "APR 05, 2018", "MATCHUP": "GSW @ IND", "WL": "L", "MIN": 23, "FGM": 3, "FGA": 5, "FG_PCT": 0.6, "FG3M": 0, "FG3A": 0, "FG3_PCT": 0.0, "FTM": 0, "FTA": 0, "FT_PCT": 0.0, "OREB": 2, "DREB": 1, "REB": 3, "AST": 1, "STL": 1, "BLK": 1, "TOV": 0, "PF": 1, "PTS": 6, "PLUS_MINUS": -6, "VIDEO_AVAILABLE": 1}, {"SEASON_ID": "22017", "Player_ID": 1626172, "Game_ID": "0021701153", "GAME_DATE": "APR 01, 2018", "MATCHUP": "GSW vs. PHX", "WL": "W", "MIN": 24, "FGM": 2, "FGA": 5, "FG_PCT": 0.4, "FG3M": 0, "FG3A": 0, "FG3_PCT": 0.0, "FTM": 1, "FTA": 2, "FT_PCT": 0.5, "OREB": 1, "DREB": 3, "REB": 4, "AST": 0, "STL": 1, "BLK": 2, "TOV": 0, "PF": 3, "PTS": 5, "PLUS_MINUS": 10, "VIDEO_AVAILABLE": 1}, {"SEASON_ID": "22017", "Player_ID": 1626172, "Game_ID": "0021701142", "GAME_DATE": "MAR 31, 2018", "MATCHUP": "GSW @ SAC", "WL": "W", "MIN": 26, "FGM": 1, "FGA": 2, "FG_PCT": 0.5, "FG3M": 0, "FG3A": 0, "FG3_PCT": 0.0, "FTM": 5, "FTA": 6, "FT_PCT": 0.833, "OREB": 2, "DREB": 5, "REB": 7, "AST": 1, "STL": 0, "BLK": 2, "TOV": 1, "PF": 1, "PTS": 7, "PLUS_MINUS": 19, "VIDEO_AVAILABLE": 1}, {"SEASON_ID": "22017", "Player_ID": 1626172, "Game_ID": "0021701128", "GAME_DATE": "MAR 29, 2018", "MATCHUP": "GSW vs. MIL", "WL": "L", "MIN": 23, "FGM": 3, "FGA": 4, "FG_PCT": 0.75, "FG3M": 0, "FG3A": 1, "FG3_PCT": 0.0, "FTM": 2, "FTA": 2, "FT_PCT": 1.0, "OREB": 1, "DREB": 3, "REB": 4, "AST": 1, "STL": 1, "BLK": 3, "TOV": 0, "PF": 2, "PTS": 8, "PLUS_MINUS": -5, "VIDEO_AVAILABLE": 1}, {"SEASON_ID": "22017", "Player_ID": 1626172, "Game_ID": "0021701114", "GAME_DATE": "MAR 27, 2018", "MATCHUP": "GSW vs. IND", "WL": "L", "MIN": 28, "FGM": 3, "FGA": 5, "FG_PCT": 0.6, "FG3M": 1, "FG3A": 1, "FG3_PCT": 1.0, "FTM": 1, "FTA": 2, "FT_PCT": 0.5, "OREB": 3, "DREB": 8, "REB": 11, "AST": 2, "STL": 2, "BLK": 2, "TOV": 3, "PF": 2, "PTS": 8, "PLUS_MINUS": 0, "VIDEO_AVAILABLE": 1}, {"SEASON_ID": "22017", "Player_ID": 1626172, "Game_ID": "0021701102", "GAME_DATE": "MAR 25, 2018", "MATCHUP": "GSW vs. UTA", "WL": "L", "MIN": 24, "FGM": 2, "FGA": 6, "FG_PCT": 0.333, "FG3M": 0, "FG3A": 0, "FG3_PCT": 0.0, "FTM": 2, "FTA": 2, "FT_PCT": 1.0, "OREB": 1, "DREB": 4, "REB": 5, "AST": 2, "STL": 2, "BLK": 2, "TOV": 1, "PF": 4, "PTS": 6, "PLUS_MINUS": -17, "VIDEO_AVAILABLE": 1}, {"SEASON_ID": "22017", "Player_ID": 1626172, "Game_ID": "0021701087", "GAME_DATE": "MAR 23, 2018", "MATCHUP": "GSW vs. ATL", "WL": "W", "MIN": 24, "FGM": 2, "FGA": 5, "FG_PCT": 0.4, "FG3M": 0, "FG3A": 0, "FG3_PCT": 0.0, "FTM": 0, "FTA": 0, "FT_PCT": 0.0, "OREB": 1, "DREB": 2, "REB": 3, "AST": 3, "STL": 2, "BLK": 2, "TOV": 0, "PF": 1, "PTS": 4, "PLUS_MINUS": 6, "VIDEO_AVAILABLE": 1}, {"SEASON_ID": "22017", "Player_ID": 1626172, "Game_ID": "0021701056", "GAME_DATE": "MAR 19, 2018", "MATCHUP": "GSW @ SAS", "WL": "L", "MIN": 22, "FGM": 6, "FGA": 7, "FG_PCT": 0.857, "FG3M": 0, "FG3A": 0, "FG3_PCT": 0.0, "FTM": 0, "FTA": 0, "FT_PCT": 0.0, "OREB": 2, "DREB": 6, "REB": 8, "AST": 0, "STL": 3, "BLK": 1, "TOV": 0, "PF": 2, "PTS": 12, "PLUS_MINUS": 9, "VIDEO_AVAILABLE": 1}, {"SEASON_ID": "22017", "Player_ID": 1626172, "Game_ID": "0021701044", "GAME_DATE": "MAR 17, 2018", "MATCHUP": "GSW @ PHX", "WL": "W", "MIN": 25, "FGM": 6, "FGA": 11, "FG_PCT": 0.545, "FG3M": 0, "FG3A": 2, "FG3_PCT": 0.0, "FTM": 1, "FTA": 3, "FT_PCT": 0.333, "OREB": 0, "DREB": 2, "REB": 2, "AST": 0, "STL": 0, "BLK": 6, "TOV": 1, "PF": 2, "PTS": 13, "PLUS_MINUS": 5, "VIDEO_AVAILABLE": 1}, {"SEASON_ID": "22017", "Player_ID": 1626172, "Game_ID": "0021701033", "GAME_DATE": "MAR 16, 2018", "MATCHUP": "GSW vs. SAC", "WL": "L", "MIN": 20, "FGM": 2, "FGA": 4, "FG_PCT": 0.5, "FG3M": 0, "FG3A": 0, "FG3_PCT": 0.0, "FTM": 1, "FTA": 2, "FT_PCT": 0.5, "OREB": 1, "DREB": 3, "REB": 4, "AST": 1, "STL": 2, "BLK": 1, "TOV": 0, "PF": 0, "PTS": 5, "PLUS_MINUS": -3, "VIDEO_AVAILABLE": 1}, {"SEASON_ID": "22017", "Player_ID": 1626172, "Game_ID": "0021701019", "GAME_DATE": "MAR 14, 2018", "MATCHUP": "GSW vs. LAL", "WL": "W", "MIN": 25, "FGM": 4, "FGA": 9, "FG_PCT": 0.444, "FG3M": 0, "FG3A": 0, "FG3_PCT": 0.0, "FTM": 3, "FTA": 4, "FT_PCT": 0.75, "OREB": 2, "DREB": 3, "REB": 5, "AST": 3, "STL": 2, "BLK": 1, "TOV": 0, "PF": 4, "PTS": 11, "PLUS_MINUS": 17, "VIDEO_AVAILABLE": 1}, {"SEASON_ID": "22017", "Player_ID": 1626172, "Game_ID": "0021700994", "GAME_DATE": "MAR 11, 2018", "MATCHUP": "GSW @ MIN", "WL": "L", "MIN": 7, "FGM": 0, "FGA": 0, "FG_PCT": 0.0, "FG3M": 0, "FG3A": 0, "FG3_PCT": 0.0, "FTM": 0, "FTA": 0, "FT_PCT": 0.0, "OREB": 0, "DREB": 0, "REB": 0, "AST": 0, "STL": 0, "BLK": 0, "TOV": 0, "PF": 1, "PTS": 0, "PLUS_MINUS": 0, "VIDEO_AVAILABLE": 1}, {"SEASON_ID": "22017", "Player_ID": 1626172, "Game_ID": "0021700984", "GAME_DATE": "MAR 09, 2018", "MATCHUP": "GSW @ POR", "WL": "L", "MIN": 20, "FGM": 3, "FGA": 5, "FG_PCT": 0.6, "FG3M": 0, "FG3A": 0, "FG3_PCT": 0.0, "FTM": 2, "FTA": 4, "FT_PCT": 0.5, "OREB": 3, "DREB": 0, "REB": 3, "AST": 0, "STL": 0, "BLK": 0, "TOV": 0, "PF": 5, "PTS": 8, "PLUS_MINUS": -10, "VIDEO_AVAILABLE": 1}, {"SEASON_ID": "22017", "Player_ID": 1626172, "Game_ID": "0021700976", "GAME_DATE": "MAR 08, 2018", "MATCHUP": "GSW vs. SAS", "WL": "W", "MIN": 14, "FGM": 2, "FGA": 2, "FG_PCT": 1.0, "FG3M": 0, "FG3A": 0, "FG3_PCT": 0.0, "FTM": 0, "FTA": 0, "FT_PCT": 0.0, "OREB": 1, "DREB": 1, "REB": 2, "AST": 0, "STL": 1, "BLK": 0, "TOV": 1, "PF": 2, "PTS": 4, "PLUS_MINUS": -6, "VIDEO_AVAILABLE": 1}, {"SEASON_ID": "22017", "Player_ID": 1626172, "Game_ID": "0021700963", "GAME_DATE": "MAR 06, 2018", "MATCHUP": "GSW vs. BKN", "WL": "W", "MIN": 16, "FGM": 0, "FGA": 2, "FG_PCT": 0.0, "FG3M": 0, "FG3A": 0, "FG3_PCT": 0.0, "FTM": 0, "FTA": 0, "FT_PCT": 0.0, "OREB": 3, "DREB": 2, "REB": 5, "AST": 1, "STL": 0, "BLK": 0, "TOV": 0, "PF": 1, "PTS": 0, "PLUS_MINUS": 5, "VIDEO_AVAILABLE": 1}, {"SEASON_ID": "22017", "Player_ID": 1626172, "Game_ID": "0021700887", "GAME_DATE": "FEB 24, 2018", "MATCHUP": "GSW vs. OKC", "WL": "W", "MIN": 5, "FGM": 0, "FGA": 0, "FG_PCT": 0.0, "FG3M": 0, "FG3A": 0, "FG3_PCT": 0.0, "FTM": 0, "FTA": 0, "FT_PCT": 0.0, "OREB": 0, "DREB": 2, "REB": 2, "AST": 0, "STL": 0, "BLK": 1, "TOV": 0, "PF": 1, "PTS": 0, "PLUS_MINUS": 4, "VIDEO_AVAILABLE": 1}, {"SEASON_ID": "22017", "Player_ID": 1626172, "Game_ID": "0021700864", "GAME_DATE": "FEB 14, 2018", "MATCHUP": "GSW @ POR", "WL": "L", "MIN": 3, "FGM": 0, "FGA": 0, "FG_PCT": 0.0, "FG3M": 0, "FG3A": 0, "FG3_PCT": 0.0, "FTM": 0, "FTA": 0, "FT_PCT": 0.0, "OREB": 0, "DREB": 0, "REB": 0, "AST": 0, "STL": 0, "BLK": 0, "TOV": 0, "PF": 0, "PTS": 0, "PLUS_MINUS": -1, "VIDEO_AVAILABLE": 1}, {"SEASON_ID": "22017", "Player_ID": 1626172, "Game_ID": "0021700846", "GAME_DATE": "FEB 12, 2018", "MATCHUP": "GSW vs. PHX", "WL": "W", "MIN": 14, "FGM": 1, "FGA": 1, "FG_PCT": 1.0, "FG3M": 0, "FG3A": 0, "FG3_PCT": 0.0, "FTM": 0, "FTA": 0, "FT_PCT": 0.0, "OREB": 0, "DREB": 1, "REB": 1, "AST": 0, "STL": 3, "BLK": 2, "TOV": 1, "PF": 3, "PTS": 2, "PLUS_MINUS": 22, "VIDEO_AVAILABLE": 1}, {"SEASON_ID": "22017", "Player_ID": 1626172, "Game_ID": "0021700831", "GAME_DATE": "FEB 10, 2018", "MATCHUP": "GSW vs. SAS", "WL": "W", "MIN": 8, "FGM": 0, "FGA": 1, "FG_PCT": 0.0, "FG3M": 0, "FG3A": 0, "FG3_PCT": 0.0, "FTM": 0, "FTA": 0, "FT_PCT": 0.0, "OREB": 1, "DREB": 0, "REB": 1, "AST": 1, "STL": 1, "BLK": 0, "TOV": 0, "PF": 0, "PTS": 0, "PLUS_MINUS": -2, "VIDEO_AVAILABLE": 1}, {"SEASON_ID": "22017", "Player_ID": 1626172, "Game_ID": "0021700815", "GAME_DATE": "FEB 08, 2018", "MATCHUP": "GSW vs. DAL", "WL": "W", "MIN": 16, "FGM": 3, "FGA": 3, "FG_PCT": 1.0, "FG3M": 0, "FG3A": 0, "FG3_PCT": 0.0, "FTM": 0, "FTA": 2, "FT_PCT": 0.0, "OREB": 1, "DREB": 1, "REB": 2, "AST": 1, "STL": 0, "BLK": 0, "TOV": 0, "PF": 1, "PTS": 6, "PLUS_MINUS": 7, "VIDEO_AVAILABLE": 1}, {"SEASON_ID": "22017", "Player_ID": 1626172, "Game_ID": "0021700803", "GAME_DATE": "FEB 06, 2018", "MATCHUP": "GSW vs. OKC", "WL": "L", "MIN": 14, "FGM": 3, "FGA": 5, "FG_PCT": 0.6, "FG3M": 0, "FG3A": 0, "FG3_PCT": 0.0, "FTM": 0, "FTA": 3, "FT_PCT": 0.0, "OREB": 2, "DREB": 3, "REB": 5, "AST": 0, "STL": 0, "BLK": 0, "TOV": 1, "PF": 3, "PTS": 6, "PLUS_MINUS": -8, "VIDEO_AVAILABLE": 1}, {"SEASON_ID": "22017", "Player_ID": 1626172, "Game_ID": "0021700782", "GAME_DATE": "FEB 03, 2018", "MATCHUP": "GSW @ DEN", "WL": "L", "MIN": 8, "FGM": 1, "FGA": 4, "FG_PCT": 0.25, "FG3M": 0, "FG3A": 0, "FG3_PCT": 0.0, "FTM": 0, "FTA": 4, "FT_PCT": 0.0, "OREB": 5, "DREB": 1, "REB": 6, "AST": 1, "STL": 0, "BLK": 1, "TOV": 0, "PF": 2, "PTS": 2, "PLUS_MINUS": 0, "VIDEO_AVAILABLE": 1}, {"SEASON_ID": "22017", "Player_ID": 1626172, "Game_ID": "0021700774", "GAME_DATE": "FEB 02, 2018", "MATCHUP": "GSW @ SAC", "WL": "W", "MIN": 10, "FGM": 2, "FGA": 4, "FG_PCT": 0.5, "FG3M": 0, "FG3A": 0, "FG3_PCT": 0.0, "FTM": 0, "FTA": 0, "FT_PCT": 0.0, "OREB": 1, "DREB": 2, "REB": 3, "AST": 0, "STL": 0, "BLK": 0, "TOV": 0, "PF": 0, "PTS": 4, "PLUS_MINUS": 6, "VIDEO_AVAILABLE": 1}, {"SEASON_ID": "22017", "Player_ID": 1626172, "Game_ID": "0021700728", "GAME_DATE": "JAN 27, 2018", "MATCHUP": "GSW vs. BOS", "WL": "W", "MIN": 9, "FGM": 1, "FGA": 3, "FG_PCT": 0.333, "FG3M": 0, "FG3A": 0, "FG3_PCT": 0.0, "FTM": 0, "FTA": 0, "FT_PCT": 0.0, "OREB": 2, "DREB": 2, "REB": 4, "AST": 1, "STL": 0, "BLK": 0, "TOV": 0, "PF": 0, "PTS": 2, "PLUS_MINUS": 1, "VIDEO_AVAILABLE": 1}, {"SEASON_ID": "22017", "Player_ID": 1626172, "Game_ID": "0021700713", "GAME_DATE": "JAN 25, 2018", "MATCHUP": "GSW vs. MIN", "WL": "W", "MIN": 14, "FGM": 1, "FGA": 3, "FG_PCT": 0.333, "FG3M": 0, "FG3A": 0, "FG3_PCT": 0.0, "FTM": 0, "FTA": 0, "FT_PCT": 0.0, "OREB": 1, "DREB": 2, "REB": 3, "AST": 1, "STL": 0, "BLK": 0, "TOV": 1, "PF": 1, "PTS": 2, "PLUS_MINUS": 8, "VIDEO_AVAILABLE": 1}, {"SEASON_ID": "22017", "Player_ID": 1626172, "Game_ID": "0021700699", "GAME_DATE": "JAN 23, 2018", "MATCHUP": "GSW vs. NYK", "WL": "W", "MIN": 15, "FGM": 4, "FGA": 5, "FG_PCT": 0.8, "FG3M": 0, "FG3A": 0, "FG3_PCT": 0.0, "FTM": 0, "FTA": 0, "FT_PCT": 0.0, "OREB": 1, "DREB": 3, "REB": 4, "AST": 2, "STL": 1, "BLK": 0, "TOV": 0, "PF": 2, "PTS": 8, "PLUS_MINUS": 2, "VIDEO_AVAILABLE": 1}, {"SEASON_ID": "22017", "Player_ID": 1626172, "Game_ID": "0021700679", "GAME_DATE": "JAN 20, 2018", "MATCHUP": "GSW @ HOU", "WL": "L", "MIN": 13, "FGM": 1, "FGA": 1, "FG_PCT": 1.0, "FG3M": 0, "FG3A": 0, "FG3_PCT": 0.0, "FTM": 0, "FTA": 0, "FT_PCT": 0.0, "OREB": 1, "DREB": 2, "REB": 3, "AST": 1, "STL": 0, "BLK": 1, "TOV": 0, "PF": 2, "PTS": 2, "PLUS_MINUS": 3, "VIDEO_AVAILABLE": 2}, {"SEASON_ID": "22017", "Player_ID": 1626172, "Game_ID": "0021700657", "GAME_DATE": "JAN 17, 2018", "MATCHUP": "GSW @ CHI", "WL": "W", "MIN": 30, "FGM": 1, "FGA": 2, "FG_PCT": 0.5, "FG3M": 0, "FG3A": 0, "FG3_PCT": 0.0, "FTM": 0, "FTA": 0, "FT_PCT": 0.0, "OREB": 0, "DREB": 4, "REB": 4, "AST": 1, "STL": 0, "BLK": 0, "TOV": 1, "PF": 1, "PTS": 2, "PLUS_MINUS": 33, "VIDEO_AVAILABLE": 1}, {"SEASON_ID": "22017", "Player_ID": 1626172, "Game_ID": "0021700646", "GAME_DATE": "JAN 15, 2018", "MATCHUP": "GSW @ CLE", "WL": "W", "MIN": 12, "FGM": 1, "FGA": 1, "FG_PCT": 1.0, "FG3M": 0, "FG3A": 0, "FG3_PCT": 0.0, "FTM": 3, "FTA": 4, "FT_PCT": 0.75, "OREB": 2, "DREB": 1, "REB": 3, "AST": 0, "STL": 0, "BLK": 0, "TOV": 1, "PF": 1, "PTS": 5, "PLUS_MINUS": 3, "VIDEO_AVAILABLE": 1}, {"SEASON_ID": "22017", "Player_ID": 1626172, "Game_ID": "0021700631", "GAME_DATE": "JAN 13, 2018", "MATCHUP": "GSW @ TOR", "WL": "W", "MIN": 21, "FGM": 2, "FGA": 3, "FG_PCT": 0.667, "FG3M": 0, "FG3A": 0, "FG3_PCT": 0.0, "FTM": 1, "FTA": 2, "FT_PCT": 0.5, "OREB": 1, "DREB": 3, "REB": 4, "AST": 0, "STL": 1, "BLK": 0, "TOV": 0, "PF": 1, "PTS": 5, "PLUS_MINUS": -2, "VIDEO_AVAILABLE": 1}, {"SEASON_ID": "22017", "Player_ID": 1626172, "Game_ID": "0021700622", "GAME_DATE": "JAN 12, 2018", "MATCHUP": "GSW @ MIL", "WL": "W", "MIN": 23, "FGM": 3, "FGA": 3, "FG_PCT": 1.0, "FG3M": 0, "FG3A": 0, "FG3_PCT": 0.0, "FTM": 3, "FTA": 4, "FT_PCT": 0.75, "OREB": 6, "DREB": 2, "REB": 8, "AST": 3, "STL": 0, "BLK": 1, "TOV": 1, "PF": 1, "PTS": 9, "PLUS_MINUS": 16, "VIDEO_AVAILABLE": 1}, {"SEASON_ID": "22017", "Player_ID": 1626172, "Game_ID": "0021700613", "GAME_DATE": "JAN 10, 2018", "MATCHUP": "GSW vs. LAC", "WL": "L", "MIN": 4, "FGM": 1, "FGA": 2, "FG_PCT": 0.5, "FG3M": 0, "FG3A": 0, "FG3_PCT": 0.0, "FTM": 0, "FTA": 0, "FT_PCT": 0.0, "OREB": 1, "DREB": 1, "REB": 2, "AST": 0, "STL": 0, "BLK": 0, "TOV": 0, "PF": 0, "PTS": 2, "PLUS_MINUS": -4, "VIDEO_AVAILABLE": 1}, {"SEASON_ID": "22017", "Player_ID": 1626172, "Game_ID": "0021700578", "GAME_DATE": "JAN 06, 2018", "MATCHUP": "GSW @ LAC", "WL": "W", "MIN": 15, "FGM": 1, "FGA": 1, "FG_PCT": 1.0, "FG3M": 0, "FG3A": 0, "FG3_PCT": 0.0, "FTM": 2, "FTA": 2, "FT_PCT": 1.0, "OREB": 0, "DREB": 1, "REB": 1, "AST": 2, "STL": 0, "BLK": 4, "TOV": 1, "PF": 2, "PTS": 4, "PLUS_MINUS": -4, "VIDEO_AVAILABLE": 1}, {"SEASON_ID": "22017", "Player_ID": 1626172, "Game_ID": "0021700566", "GAME_DATE": "JAN 04, 2018", "MATCHUP": "GSW @ HOU", "WL": "W", "MIN": 15, "FGM": 3, "FGA": 4, "FG_PCT": 0.75, "FG3M": 0, "FG3A": 0, "FG3_PCT": 0.0, "FTM": 1, "FTA": 2, "FT_PCT": 0.5, "OREB": 3, "DREB": 5, "REB": 8, "AST": 0, "STL": 0, "BLK": 1, "TOV": 0, "PF": 0, "PTS": 7, "PLUS_MINUS": 2, "VIDEO_AVAILABLE": 1}, {"SEASON_ID": "22017", "Player_ID": 1626172, "Game_ID": "0021700528", "GAME_DATE": "DEC 29, 2017", "MATCHUP": "GSW vs. CHA", "WL": "L", "MIN": 1, "FGM": 1, "FGA": 1, "FG_PCT": 1.0, "FG3M": 0, "FG3A": 0, "FG3_PCT": 0.0, "FTM": 0, "FTA": 0, "FT_PCT": 0.0, "OREB": 0, "DREB": 0, "REB": 0, "AST": 0, "STL": 0, "BLK": 0, "TOV": 0, "PF": 0, "PTS": 2, "PLUS_MINUS": 2, "VIDEO_AVAILABLE": 1}, {"SEASON_ID": "22017", "Player_ID": 1626172, "Game_ID": "0021700514", "GAME_DATE": "DEC 27, 2017", "MATCHUP": "GSW vs. UTA", "WL": "W", "MIN": 6, "FGM": 0, "FGA": 0, "FG_PCT": 0.0, "FG3M": 0, "FG3A": 0, "FG3_PCT": 0.0, "FTM": 0, "FTA": 0, "FT_PCT": 0.0, "OREB": 0, "DREB": 0, "REB": 0, "AST": 0, "STL": 0, "BLK": 0, "TOV": 1, "PF": 2, "PTS": 0, "PLUS_MINUS": -3, "VIDEO_AVAILABLE": 1}, {"SEASON_ID": "22017", "Player_ID": 1626172, "Game_ID": "0021700494", "GAME_DATE": "DEC 25, 2017", "MATCHUP": "GSW vs. CLE", "WL": "W", "MIN": 3, "FGM": 1, "FGA": 1, "FG_PCT": 1.0, "FG3M": 0, "FG3A": 0, "FG3_PCT": 0.0, "FTM": 0, "FTA": 0, "FT_PCT": 0.0, "OREB": 1, "DREB": 0, "REB": 1, "AST": 1, "STL": 0, "BLK": 0, "TOV": 0, "PF": 0, "PTS": 2, "PLUS_MINUS": -1, "VIDEO_AVAILABLE": 1}, {"SEASON_ID": "22017", "Player_ID": 1626172, "Game_ID": "0021700489", "GAME_DATE": "DEC 23, 2017", "MATCHUP": "GSW vs. DEN", "WL": "L", "MIN": 6, "FGM": 0, "FGA": 0, "FG_PCT": 0.0, "FG3M": 0, "FG3A": 0, "FG3_PCT": 0.0, "FTM": 2, "FTA": 2, "FT_PCT": 1.0, "OREB": 0, "DREB": 0, "REB": 0, "AST": 1, "STL": 0, "BLK": 0, "TOV": 0, "PF": 0, "PTS": 2, "PLUS_MINUS": -1, "VIDEO_AVAILABLE": 1}, {"SEASON_ID": "22017", "Player_ID": 1626172, "Game_ID": "0021700479", "GAME_DATE": "DEC 22, 2017", "MATCHUP": "GSW vs. LAL", "WL": "W", "MIN": 8, "FGM": 0, "FGA": 0, "FG_PCT": 0.0, "FG3M": 0, "FG3A": 0, "FG3_PCT": 0.0, "FTM": 0, "FTA": 2, "FT_PCT": 0.0, "OREB": 1, "DREB": 0, "REB": 1, "AST": 0, "STL": 0, "BLK": 1, "TOV": 0, "PF": 0, "PTS": 0, "PLUS_MINUS": -5, "VIDEO_AVAILABLE": 1}, {"SEASON_ID": "22017", "Player_ID": 1626172, "Game_ID": "0021700464", "GAME_DATE": "DEC 20, 2017", "MATCHUP": "GSW vs. MEM", "WL": "W", "MIN": 13, "FGM": 0, "FGA": 1, "FG_PCT": 0.0, "FG3M": 0, "FG3A": 0, "FG3_PCT": 0.0, "FTM": 4, "FTA": 4, "FT_PCT": 1.0, "OREB": 1, "DREB": 2, "REB": 3, "AST": 0, "STL": 0, "BLK": 1, "TOV": 0, "PF": 1, "PTS": 4, "PLUS_MINUS": -3, "VIDEO_AVAILABLE": 1}, {"SEASON_ID": "22017", "Player_ID": 1626172, "Game_ID": "0021700450", "GAME_DATE": "DEC 18, 2017", "MATCHUP": "GSW @ LAL", "WL": "W", "MIN": 21, "FGM": 4, "FGA": 6, "FG_PCT": 0.667, "FG3M": 0, "FG3A": 0, "FG3_PCT": 0.0, "FTM": 0, "FTA": 0, "FT_PCT": 0.0, "OREB": 3, "DREB": 4, "REB": 7, "AST": 0, "STL": 1, "BLK": 0, "TOV": 1, "PF": 2, "PTS": 8, "PLUS_MINUS": 13, "VIDEO_AVAILABLE": 1}, {"SEASON_ID": "22017", "Player_ID": 1626172, "Game_ID": "0021700417", "GAME_DATE": "DEC 14, 2017", "MATCHUP": "GSW vs. DAL", "WL": "W", "MIN": 8, "FGM": 0, "FGA": 1, "FG_PCT": 0.0, "FG3M": 0, "FG3A": 0, "FG3_PCT": 0.0, "FTM": 0, "FTA": 0, "FT_PCT": 0.0, "OREB": 1, "DREB": 0, "REB": 1, "AST": 1, "STL": 0, "BLK": 0, "TOV": 1, "PF": 2, "PTS": 0, "PLUS_MINUS": -6, "VIDEO_AVAILABLE": 1}, {"SEASON_ID": "22017", "Player_ID": 1626172, "Game_ID": "0021700395", "GAME_DATE": "DEC 11, 2017", "MATCHUP": "GSW vs. POR", "WL": "W", "MIN": 3, "FGM": 0, "FGA": 0, "FG_PCT": 0.0, "FG3M": 0, "FG3A": 0, "FG3_PCT": 0.0, "FTM": 0, "FTA": 0, "FT_PCT": 0.0, "OREB": 0, "DREB": 0, "REB": 0, "AST": 0, "STL": 0, "BLK": 0, "TOV": 0, "PF": 1, "PTS": 0, "PLUS_MINUS": -3, "VIDEO_AVAILABLE": 1}, {"SEASON_ID": "22017", "Player_ID": 1626172, "Game_ID": "0021700368", "GAME_DATE": "DEC 08, 2017", "MATCHUP": "GSW @ DET", "WL": "W", "MIN": 4, "FGM": 0, "FGA": 0, "FG_PCT": 0.0, "FG3M": 0, "FG3A": 0, "FG3_PCT": 0.0, "FTM": 0, "FTA": 0, "FT_PCT": 0.0, "OREB": 0, "DREB": 2, "REB": 2, "AST": 0, "STL": 0, "BLK": 0, "TOV": 0, "PF": 1, "PTS": 0, "PLUS_MINUS": -3, "VIDEO_AVAILABLE": 1}, {"SEASON_ID": "22017", "Player_ID": 1626172, "Game_ID": "0021700358", "GAME_DATE": "DEC 06, 2017", "MATCHUP": "GSW @ CHA", "WL": "W", "MIN": 11, "FGM": 1, "FGA": 1, "FG_PCT": 1.0, "FG3M": 0, "FG3A": 0, "FG3_PCT": 0.0, "FTM": 0, "FTA": 0, "FT_PCT": 0.0, "OREB": 0, "DREB": 2, "REB": 2, "AST": 0, "STL": 1, "BLK": 0, "TOV": 2, "PF": 3, "PTS": 2, "PLUS_MINUS": 2, "VIDEO_AVAILABLE": 1}, {"SEASON_ID": "22017", "Player_ID": 1626172, "Game_ID": "0021700346", "GAME_DATE": "DEC 04, 2017", "MATCHUP": "GSW @ NOP", "WL": "W", "MIN": 3, "FGM": 0, "FGA": 0, "FG_PCT": 0.0, "FG3M": 0, "FG3A": 0, "FG3_PCT": 0.0, "FTM": 0, "FTA": 0, "FT_PCT": 0.0, "OREB": 0, "DREB": 1, "REB": 1, "AST": 0, "STL": 0, "BLK": 0, "TOV": 0, "PF": 0, "PTS": 0, "PLUS_MINUS": -8, "VIDEO_AVAILABLE": 1}, {"SEASON_ID": "22017", "Player_ID": 1626172, "Game_ID": "0021700335", "GAME_DATE": "DEC 03, 2017", "MATCHUP": "GSW @ MIA", "WL": "W", "MIN": 7, "FGM": 2, "FGA": 3, "FG_PCT": 0.667, "FG3M": 0, "FG3A": 0, "FG3_PCT": 0.0, "FTM": 0, "FTA": 0, "FT_PCT": 0.0, "OREB": 1, "DREB": 2, "REB": 3, "AST": 0, "STL": 0, "BLK": 1, "TOV": 0, "PF": 1, "PTS": 4, "PLUS_MINUS": -1, "VIDEO_AVAILABLE": 1}, {"SEASON_ID": "22017", "Player_ID": 1626172, "Game_ID": "0021700318", "GAME_DATE": "DEC 01, 2017", "MATCHUP": "GSW @ ORL", "WL": "W", "MIN": 2, "FGM": 0, "FGA": 1, "FG_PCT": 0.0, "FG3M": 0, "FG3A": 0, "FG3_PCT": 0.0, "FTM": 0, "FTA": 0, "FT_PCT": 0.0, "OREB": 1, "DREB": 1, "REB": 2, "AST": 0, "STL": 0, "BLK": 0, "TOV": 1, "PF": 0, "PTS": 0, "PLUS_MINUS": 1, "VIDEO_AVAILABLE": 1}, {"SEASON_ID": "22017", "Player_ID": 1626172, "Game_ID": "0021700312", "GAME_DATE": "NOV 29, 2017", "MATCHUP": "GSW @ LAL", "WL": "W", "MIN": 13, "FGM": 1, "FGA": 6, "FG_PCT": 0.167, "FG3M": 0, "FG3A": 0, "FG3_PCT": 0.0, "FTM": 0, "FTA": 0, "FT_PCT": 0.0, "OREB": 2, "DREB": 2, "REB": 4, "AST": 0, "STL": 0, "BLK": 1, "TOV": 0, "PF": 0, "PTS": 2, "PLUS_MINUS": -3, "VIDEO_AVAILABLE": 1}, {"SEASON_ID": "22017", "Player_ID": 1626172, "Game_ID": "0021700296", "GAME_DATE": "NOV 27, 2017", "MATCHUP": "GSW vs. SAC", "WL": "L", "MIN": 4, "FGM": 0, "FGA": 0, "FG_PCT": 0.0, "FG3M": 0, "FG3A": 0, "FG3_PCT": 0.0, "FTM": 0, "FTA": 0, "FT_PCT": 0.0, "OREB": 0, "DREB": 0, "REB": 0, "AST": 1, "STL": 0, "BLK": 0, "TOV": 1, "PF": 0, "PTS": 0, "PLUS_MINUS": -2, "VIDEO_AVAILABLE": 1}, {"SEASON_ID": "22017", "Player_ID": 1626172, "Game_ID": "0021700284", "GAME_DATE": "NOV 25, 2017", "MATCHUP": "GSW vs. NOP", "WL": "W", "MIN": 9, "FGM": 1, "FGA": 1, "FG_PCT": 1.0, "FG3M": 0, "FG3A": 0, "FG3_PCT": 0.0, "FTM": 1, "FTA": 2, "FT_PCT": 0.5, "OREB": 1, "DREB": 4, "REB": 5, "AST": 1, "STL": 1, "BLK": 1, "TOV": 1, "PF": 2, "PTS": 3, "PLUS_MINUS": 9, "VIDEO_AVAILABLE": 1}, {"SEASON_ID": "22017", "Player_ID": 1626172, "Game_ID": "0021700276", "GAME_DATE": "NOV 24, 2017", "MATCHUP": "GSW vs. CHI", "WL": "W", "MIN": 19, "FGM": 3, "FGA": 5, "FG_PCT": 0.6, "FG3M": 0, "FG3A": 0, "FG3_PCT": 0.0, "FTM": 1, "FTA": 1, "FT_PCT": 1.0, "OREB": 2, "DREB": 3, "REB": 5, "AST": 2, "STL": 0, "BLK": 1, "TOV": 0, "PF": 2, "PTS": 7, "PLUS_MINUS": 22, "VIDEO_AVAILABLE": 1}, {"SEASON_ID": "22017", "Player_ID": 1626172, "Game_ID": "0021700263", "GAME_DATE": "NOV 22, 2017", "MATCHUP": "GSW @ OKC", "WL": "L", "MIN": 12, "FGM": 1, "FGA": 2, "FG_PCT": 0.5, "FG3M": 0, "FG3A": 0, "FG3_PCT": 0.0, "FTM": 1, "FTA": 2, "FT_PCT": 0.5, "OREB": 1, "DREB": 1, "REB": 2, "AST": 0, "STL": 3, "BLK": 0, "TOV": 1, "PF": 2, "PTS": 3, "PLUS_MINUS": -3, "VIDEO_AVAILABLE": 2}, {"SEASON_ID": "22017", "Player_ID": 1626172, "Game_ID": "0021700236", "GAME_DATE": "NOV 19, 2017", "MATCHUP": "GSW @ BKN", "WL": "W", "MIN": 12, "FGM": 2, "FGA": 3, "FG_PCT": 0.667, "FG3M": 0, "FG3A": 0, "FG3_PCT": 0.0, "FTM": 0, "FTA": 4, "FT_PCT": 0.0, "OREB": 1, "DREB": 2, "REB": 3, "AST": 0, "STL": 0, "BLK": 3, "TOV": 0, "PF": 3, "PTS": 4, "PLUS_MINUS": 6, "VIDEO_AVAILABLE": 1}, {"SEASON_ID": "22017", "Player_ID": 1626172, "Game_ID": "0021700231", "GAME_DATE": "NOV 18, 2017", "MATCHUP": "GSW @ PHI", "WL": "W", "MIN": 10, "FGM": 1, "FGA": 3, "FG_PCT": 0.333, "FG3M": 0, "FG3A": 0, "FG3_PCT": 0.0, "FTM": 0, "FTA": 0, "FT_PCT": 0.0, "OREB": 3, "DREB": 2, "REB": 5, "AST": 2, "STL": 1, "BLK": 1, "TOV": 0, "PF": 2, "PTS": 2, "PLUS_MINUS": 19, "VIDEO_AVAILABLE": 1}, {"SEASON_ID": "22017", "Player_ID": 1626172, "Game_ID": "0021700215", "GAME_DATE": "NOV 16, 2017", "MATCHUP": "GSW @ BOS", "WL": "L", "MIN": 5, "FGM": 0, "FGA": 0, "FG_PCT": 0.0, "FG3M": 0, "FG3A": 0, "FG3_PCT": 0.0, "FTM": 0, "FTA": 0, "FT_PCT": 0.0, "OREB": 0, "DREB": 0, "REB": 0, "AST": 0, "STL": 0, "BLK": 0, "TOV": 1, "PF": 2, "PTS": 0, "PLUS_MINUS": -6, "VIDEO_AVAILABLE": 1}, {"SEASON_ID": "22017", "Player_ID": 1626172, "Game_ID": "0021700199", "GAME_DATE": "NOV 13, 2017", "MATCHUP": "GSW vs. ORL", "WL": "W", "MIN": 15, "FGM": 4, "FGA": 8, "FG_PCT": 0.5, "FG3M": 0, "FG3A": 0, "FG3_PCT": 0.0, "FTM": 0, "FTA": 0, "FT_PCT": 0.0, "OREB": 2, "DREB": 3, "REB": 5, "AST": 0, "STL": 0, "BLK": 1, "TOV": 0, "PF": 3, "PTS": 8, "PLUS_MINUS": -14, "VIDEO_AVAILABLE": 1}, {"SEASON_ID": "22017", "Player_ID": 1626172, "Game_ID": "0021700184", "GAME_DATE": "NOV 11, 2017", "MATCHUP": "GSW vs. PHI", "WL": "W", "MIN": 15, "FGM": 2, "FGA": 2, "FG_PCT": 1.0, "FG3M": 0, "FG3A": 0, "FG3_PCT": 0.0, "FTM": 0, "FTA": 0, "FT_PCT": 0.0, "OREB": 0, "DREB": 2, "REB": 2, "AST": 0, "STL": 0, "BLK": 3, "TOV": 0, "PF": 3, "PTS": 4, "PLUS_MINUS": 14, "VIDEO_AVAILABLE": 1}, {"SEASON_ID": "22017", "Player_ID": 1626172, "Game_ID": "0021700163", "GAME_DATE": "NOV 08, 2017", "MATCHUP": "GSW vs. MIN", "WL": "W", "MIN": 11, "FGM": 0, "FGA": 1, "FG_PCT": 0.0, "FG3M": 0, "FG3A": 0, "FG3_PCT": 0.0, "FTM": 0, "FTA": 0, "FT_PCT": 0.0, "OREB": 0, "DREB": 1, "REB": 1, "AST": 1, "STL": 0, "BLK": 0, "TOV": 2, "PF": 3, "PTS": 0, "PLUS_MINUS": -1, "VIDEO_AVAILABLE": 1}, {"SEASON_ID": "22017", "Player_ID": 1626172, "Game_ID": "0021700148", "GAME_DATE": "NOV 06, 2017", "MATCHUP": "GSW vs. MIA", "WL": "W", "MIN": 17, "FGM": 2, "FGA": 3, "FG_PCT": 0.667, "FG3M": 0, "FG3A": 0, "FG3_PCT": 0.0, "FTM": 1, "FTA": 2, "FT_PCT": 0.5, "OREB": 2, "DREB": 1, "REB": 3, "AST": 0, "STL": 0, "BLK": 3, "TOV": 1, "PF": 4, "PTS": 5, "PLUS_MINUS": 0, "VIDEO_AVAILABLE": 1}, {"SEASON_ID": "22017", "Player_ID": 1626172, "Game_ID": "0021700135", "GAME_DATE": "NOV 04, 2017", "MATCHUP": "GSW @ DEN", "WL": "W", "MIN": 14, "FGM": 0, "FGA": 1, "FG_PCT": 0.0, "FG3M": 0, "FG3A": 0, "FG3_PCT": 0.0, "FTM": 2, "FTA": 4, "FT_PCT": 0.5, "OREB": 1, "DREB": 2, "REB": 3, "AST": 1, "STL": 0, "BLK": 0, "TOV": 2, "PF": 1, "PTS": 2, "PLUS_MINUS": 2, "VIDEO_AVAILABLE": 1}, {"SEASON_ID": "22017", "Player_ID": 1626172, "Game_ID": "0021700075", "GAME_DATE": "OCT 27, 2017", "MATCHUP": "GSW vs. WAS", "WL": "W", "MIN": 12, "FGM": 4, "FGA": 4, "FG_PCT": 1.0, "FG3M": 0, "FG3A": 0, "FG3_PCT": 0.0, "FTM": 1, "FTA": 1, "FT_PCT": 1.0, "OREB": 1, "DREB": 4, "REB": 5, "AST": 0, "STL": 0, "BLK": 1, "TOV": 0, "PF": 3, "PTS": 9, "PLUS_MINUS": 4, "VIDEO_AVAILABLE": 1}, {"SEASON_ID": "22017", "Player_ID": 1626172, "Game_ID": "0021700002", "GAME_DATE": "OCT 17, 2017", "MATCHUP": "GSW vs. HOU", "WL": "L", "MIN": 8, "FGM": 0, "FGA": 0, "FG_PCT": 0.0, "FG3M": 0, "FG3A": 0, "FG3_PCT": 0.0, "FTM": 1, "FTA": 2, "FT_PCT": 0.5, "OREB": 0, "DREB": 2, "REB": 2, "AST": 0, "STL": 1, "BLK": 0, "TOV": 0, "PF": 2, "PTS": 1, "PLUS_MINUS": -7, "VIDEO_AVAILABLE": 1}, {"SEASON_ID": "22018", "Player_ID": 1626172, "Game_ID": "0021801225", "GAME_DATE": "APR 10, 2019", "MATCHUP": "GSW @ MEM", "WL": "L", "MIN": 16, "FGM": 3, "FGA": 8, "FG_PCT": 0.375, "FG3M": 0, "FG3A": 0, "FG3_PCT": 0.0, "FTM": 0, "FTA": 0, "FT_PCT": 0.0, "OREB": 2, "DREB": 1, "REB": 3, "AST": 3, "STL": 0, "BLK": 0, "TOV": 0, "PF": 1, "PTS": 6, "PLUS_MINUS": -7, "VIDEO_AVAILABLE": 1}, {"SEASON_ID": "22018", "Player_ID": 1626172, "Game_ID": "0021801215", "GAME_DATE": "APR 09, 2019", "MATCHUP": "GSW @ NOP", "WL": "W", "MIN": 13, "FGM": 2, "FGA": 3, "FG_PCT": 0.667, "FG3M": 0, "FG3A": 0, "FG3_PCT": 0.0, "FTM": 0, "FTA": 0, "FT_PCT": 0.0, "OREB": 2, "DREB": 2, "REB": 4, "AST": 2, "STL": 1, "BLK": 0, "TOV": 0, "PF": 3, "PTS": 4, "PLUS_MINUS": 2, "VIDEO_AVAILABLE": 1}, {"SEASON_ID": "22018", "Player_ID": 1626172, "Game_ID": "0021801205", "GAME_DATE": "APR 07, 2019", "MATCHUP": "GSW vs. LAC", "WL": "W", "MIN": 13, "FGM": 7, "FGA": 9, "FG_PCT": 0.778, "FG3M": 0, "FG3A": 0, "FG3_PCT": 0.0, "FTM": 0, "FTA": 0, "FT_PCT": 0.0, "OREB": 3, "DREB": 3, "REB": 6, "AST": 2, "STL": 2, "BLK": 0, "TOV": 0, "PF": 0, "PTS": 14, "PLUS_MINUS": 19, "VIDEO_AVAILABLE": 1}, {"SEASON_ID": "22018", "Player_ID": 1626172, "Game_ID": "0021801191", "GAME_DATE": "APR 05, 2019", "MATCHUP": "GSW vs. CLE", "WL": "W", "MIN": 10, "FGM": 2, "FGA": 3, "FG_PCT": 0.667, "FG3M": 0, "FG3A": 0, "FG3_PCT": 0.0, "FTM": 0, "FTA": 0, "FT_PCT": 0.0, "OREB": 1, "DREB": 0, "REB": 1, "AST": 0, "STL": 0, "BLK": 0, "TOV": 1, "PF": 2, "PTS": 4, "PLUS_MINUS": -3, "VIDEO_AVAILABLE": 1}, {"SEASON_ID": "22018", "Player_ID": 1626172, "Game_ID": "0021801179", "GAME_DATE": "APR 04, 2019", "MATCHUP": "GSW @ LAL", "WL": "W", "MIN": 12, "FGM": 3, "FGA": 4, "FG_PCT": 0.75, "FG3M": 0, "FG3A": 0, "FG3_PCT": 0.0, "FTM": 0, "FTA": 0, "FT_PCT": 0.0, "OREB": 3, "DREB": 0, "REB": 3, "AST": 0, "STL": 1, "BLK": 0, "TOV": 0, "PF": 0, "PTS": 6, "PLUS_MINUS": 1, "VIDEO_AVAILABLE": 1}, {"SEASON_ID": "22018", "Player_ID": 1626172, "Game_ID": "0021801164", "GAME_DATE": "APR 02, 2019", "MATCHUP": "GSW vs. DEN", "WL": "W", "MIN": 12, "FGM": 5, "FGA": 7, "FG_PCT": 0.714, "FG3M": 0, "FG3A": 0, "FG3_PCT": 0.0, "FTM": 0, "FTA": 0, "FT_PCT": 0.0, "OREB": 3, "DREB": 2, "REB": 5, "AST": 1, "STL": 2, "BLK": 2, "TOV": 2, "PF": 3, "PTS": 10, "PLUS_MINUS": -1, "VIDEO_AVAILABLE": 1}, {"SEASON_ID": "22018", "Player_ID": 1626172, "Game_ID": "0021801150", "GAME_DATE": "MAR 31, 2019", "MATCHUP": "GSW vs. CHA", "WL": "W", "MIN": 18, "FGM": 3, "FGA": 6, "FG_PCT": 0.5, "FG3M": 0, "FG3A": 0, "FG3_PCT": 0.0, "FTM": 0, "FTA": 0, "FT_PCT": 0.0, "OREB": 2, "DREB": 2, "REB": 4, "AST": 1, "STL": 0, "BLK": 0, "TOV": 0, "PF": 4, "PTS": 6, "PLUS_MINUS": 21, "VIDEO_AVAILABLE": 1}, {"SEASON_ID": "22018", "Player_ID": 1626172, "Game_ID": "0021801132", "GAME_DATE": "MAR 29, 2019", "MATCHUP": "GSW @ MIN", "WL": "L", "MIN": 10, "FGM": 1, "FGA": 3, "FG_PCT": 0.333, "FG3M": 0, "FG3A": 0, "FG3_PCT": 0.0, "FTM": 2, "FTA": 2, "FT_PCT": 1.0, "OREB": 1, "DREB": 2, "REB": 3, "AST": 1, "STL": 1, "BLK": 0, "TOV": 0, "PF": 1, "PTS": 4, "PLUS_MINUS": -5, "VIDEO_AVAILABLE": 1}, {"SEASON_ID": "22018", "Player_ID": 1626172, "Game_ID": "0021801118", "GAME_DATE": "MAR 27, 2019", "MATCHUP": "GSW @ MEM", "WL": "W", "MIN": 8, "FGM": 2, "FGA": 3, "FG_PCT": 0.667, "FG3M": 0, "FG3A": 0, "FG3_PCT": 0.0, "FTM": 0, "FTA": 0, "FT_PCT": 0.0, "OREB": 1, "DREB": 0, "REB": 1, "AST": 0, "STL": 0, "BLK": 1, "TOV": 1, "PF": 2, "PTS": 4, "PLUS_MINUS": -9, "VIDEO_AVAILABLE": 1}, {"SEASON_ID": "22018", "Player_ID": 1626172, "Game_ID": "0021801101", "GAME_DATE": "MAR 24, 2019", "MATCHUP": "GSW vs. DET", "WL": "W", "MIN": 13, "FGM": 4, "FGA": 4, "FG_PCT": 1.0, "FG3M": 0, "FG3A": 0, "FG3_PCT": 0.0, "FTM": 3, "FTA": 4, "FT_PCT": 0.75, "OREB": 1, "DREB": 1, "REB": 2, "AST": 0, "STL": 0, "BLK": 1, "TOV": 0, "PF": 3, "PTS": 11, "PLUS_MINUS": 10, "VIDEO_AVAILABLE": 1}, {"SEASON_ID": "22018", "Player_ID": 1626172, "Game_ID": "0021801092", "GAME_DATE": "MAR 23, 2019", "MATCHUP": "GSW vs. DAL", "WL": "L", "MIN": 13, "FGM": 5, "FGA": 6, "FG_PCT": 0.833, "FG3M": 0, "FG3A": 0, "FG3_PCT": 0.0, "FTM": 2, "FTA": 2, "FT_PCT": 1.0, "OREB": 3, "DREB": 0, "REB": 3, "AST": 0, "STL": 0, "BLK": 0, "TOV": 0, "PF": 0, "PTS": 12, "PLUS_MINUS": -4, "VIDEO_AVAILABLE": 1}, {"SEASON_ID": "22018", "Player_ID": 1626172, "Game_ID": "0021801079", "GAME_DATE": "MAR 21, 2019", "MATCHUP": "GSW vs. IND", "WL": "W", "MIN": 9, "FGM": 0, "FGA": 0, "FG_PCT": 0.0, "FG3M": 0, "FG3A": 0, "FG3_PCT": 0.0, "FTM": 0, "FTA": 0, "FT_PCT": 0.0, "OREB": 0, "DREB": 4, "REB": 4, "AST": 1, "STL": 0, "BLK": 0, "TOV": 0, "PF": 2, "PTS": 0, "PLUS_MINUS": 7, "VIDEO_AVAILABLE": 1}, {"SEASON_ID": "22018", "Player_ID": 1626172, "Game_ID": "0021801062", "GAME_DATE": "MAR 19, 2019", "MATCHUP": "GSW @ MIN", "WL": "W", "MIN": 15, "FGM": 1, "FGA": 2, "FG_PCT": 0.5, "FG3M": 0, "FG3A": 0, "FG3_PCT": 0.0, "FTM": 0, "FTA": 0, "FT_PCT": 0.0, "OREB": 1, "DREB": 1, "REB": 2, "AST": 1, "STL": 0, "BLK": 0, "TOV": 1, "PF": 5, "PTS": 2, "PLUS_MINUS": 13, "VIDEO_AVAILABLE": 1}, {"SEASON_ID": "22018", "Player_ID": 1626172, "Game_ID": "0021801055", "GAME_DATE": "MAR 18, 2019", "MATCHUP": "GSW @ SAS", "WL": "L", "MIN": 17, "FGM": 3, "FGA": 3, "FG_PCT": 1.0, "FG3M": 0, "FG3A": 0, "FG3_PCT": 0.0, "FTM": 0, "FTA": 0, "FT_PCT": 0.0, "OREB": 2, "DREB": 1, "REB": 3, "AST": 2, "STL": 1, "BLK": 0, "TOV": 0, "PF": 4, "PTS": 6, "PLUS_MINUS": 6, "VIDEO_AVAILABLE": 1}, {"SEASON_ID": "22018", "Player_ID": 1626172, "Game_ID": "0021801038", "GAME_DATE": "MAR 16, 2019", "MATCHUP": "GSW @ OKC", "WL": "W", "MIN": 18, "FGM": 1, "FGA": 2, "FG_PCT": 0.5, "FG3M": 0, "FG3A": 0, "FG3_PCT": 0.0, "FTM": 2, "FTA": 4, "FT_PCT": 0.5, "OREB": 1, "DREB": 1, "REB": 2, "AST": 0, "STL": 0, "BLK": 0, "TOV": 1, "PF": 4, "PTS": 4, "PLUS_MINUS": -1, "VIDEO_AVAILABLE": 1}, {"SEASON_ID": "22018", "Player_ID": 1626172, "Game_ID": "0021801018", "GAME_DATE": "MAR 13, 2019", "MATCHUP": "GSW @ HOU", "WL": "W", "MIN": 16, "FGM": 3, "FGA": 3, "FG_PCT": 1.0, "FG3M": 0, "FG3A": 0, "FG3_PCT": 0.0, "FTM": 0, "FTA": 0, "FT_PCT": 0.0, "OREB": 5, "DREB": 1, "REB": 6, "AST": 1, "STL": 1, "BLK": 1, "TOV": 1, "PF": 0, "PTS": 6, "PLUS_MINUS": -5, "VIDEO_AVAILABLE": 1}, {"SEASON_ID": "22018", "Player_ID": 1626172, "Game_ID": "0021801000", "GAME_DATE": "MAR 10, 2019", "MATCHUP": "GSW vs. PHX", "WL": "L", "MIN": 17, "FGM": 2, "FGA": 4, "FG_PCT": 0.5, "FG3M": 0, "FG3A": 0, "FG3_PCT": 0.0, "FTM": 1, "FTA": 3, "FT_PCT": 0.333, "OREB": 6, "DREB": 1, "REB": 7, "AST": 2, "STL": 1, "BLK": 1, "TOV": 1, "PF": 2, "PTS": 5, "PLUS_MINUS": 1, "VIDEO_AVAILABLE": 1}, {"SEASON_ID": "22018", "Player_ID": 1626172, "Game_ID": "0021800984", "GAME_DATE": "MAR 08, 2019", "MATCHUP": "GSW vs. DEN", "WL": "W", "MIN": 15, "FGM": 4, "FGA": 4, "FG_PCT": 1.0, "FG3M": 0, "FG3A": 0, "FG3_PCT": 0.0, "FTM": 1, "FTA": 4, "FT_PCT": 0.25, "OREB": 2, "DREB": 5, "REB": 7, "AST": 0, "STL": 1, "BLK": 0, "TOV": 1, "PF": 4, "PTS": 9, "PLUS_MINUS": 0, "VIDEO_AVAILABLE": 1}, {"SEASON_ID": "22018", "Player_ID": 1626172, "Game_ID": "0021800923", "GAME_DATE": "FEB 28, 2019", "MATCHUP": "GSW @ ORL", "WL": "L", "MIN": 8, "FGM": 0, "FGA": 2, "FG_PCT": 0.0, "FG3M": 0, "FG3A": 0, "FG3_PCT": 0.0, "FTM": 0, "FTA": 0, "FT_PCT": 0.0, "OREB": 0, "DREB": 1, "REB": 1, "AST": 0, "STL": 0, "BLK": 0, "TOV": 1, "PF": 1, "PTS": 0, "PLUS_MINUS": 6, "VIDEO_AVAILABLE": 1}, {"SEASON_ID": "22018", "Player_ID": 1626172, "Game_ID": "0021800915", "GAME_DATE": "FEB 27, 2019", "MATCHUP": "GSW @ MIA", "WL": "L", "MIN": 13, "FGM": 0, "FGA": 0, "FG_PCT": 0.0, "FG3M": 0, "FG3A": 0, "FG3_PCT": 0.0, "FTM": 0, "FTA": 0, "FT_PCT": 0.0, "OREB": 2, "DREB": 4, "REB": 6, "AST": 2, "STL": 1, "BLK": 0, "TOV": 1, "PF": 3, "PTS": 0, "PLUS_MINUS": -8, "VIDEO_AVAILABLE": 1}, {"SEASON_ID": "22018", "Player_ID": 1626172, "Game_ID": "0021800897", "GAME_DATE": "FEB 25, 2019", "MATCHUP": "GSW @ CHA", "WL": "W", "MIN": 11, "FGM": 3, "FGA": 4, "FG_PCT": 0.75, "FG3M": 0, "FG3A": 0, "FG3_PCT": 0.0, "FTM": 0, "FTA": 0, "FT_PCT": 0.0, "OREB": 3, "DREB": 1, "REB": 4, "AST": 1, "STL": 0, "BLK": 0, "TOV": 0, "PF": 3, "PTS": 6, "PLUS_MINUS": 0, "VIDEO_AVAILABLE": 1}, {"SEASON_ID": "22018", "Player_ID": 1626172, "Game_ID": "0021800892", "GAME_DATE": "FEB 23, 2019", "MATCHUP": "GSW vs. HOU", "WL": "L", "MIN": 5, "FGM": 1, "FGA": 1, "FG_PCT": 1.0, "FG3M": 0, "FG3A": 0, "FG3_PCT": 0.0, "FTM": 0, "FTA": 0, "FT_PCT": 0.0, "OREB": 0, "DREB": 1, "REB": 1, "AST": 0, "STL": 0, "BLK": 0, "TOV": 0, "PF": 0, "PTS": 2, "PLUS_MINUS": -1, "VIDEO_AVAILABLE": 1}, {"SEASON_ID": "22018", "Player_ID": 1626172, "Game_ID": "0021800871", "GAME_DATE": "FEB 21, 2019", "MATCHUP": "GSW vs. SAC", "WL": "W", "MIN": 12, "FGM": 1, "FGA": 2, "FG_PCT": 0.5, "FG3M": 0, "FG3A": 0, "FG3_PCT": 0.0, "FTM": 0, "FTA": 0, "FT_PCT": 0.0, "OREB": 2, "DREB": 3, "REB": 5, "AST": 1, "STL": 0, "BLK": 0, "TOV": 2, "PF": 4, "PTS": 2, "PLUS_MINUS": 3, "VIDEO_AVAILABLE": 1}, {"SEASON_ID": "22018", "Player_ID": 1626172, "Game_ID": "0021800862", "GAME_DATE": "FEB 13, 2019", "MATCHUP": "GSW @ POR", "WL": "L", "MIN": 24, "FGM": 1, "FGA": 5, "FG_PCT": 0.2, "FG3M": 0, "FG3A": 0, "FG3_PCT": 0.0, "FTM": 0, "FTA": 0, "FT_PCT": 0.0, "OREB": 4, "DREB": 4, "REB": 8, "AST": 3, "STL": 0, "BLK": 2, "TOV": 1, "PF": 4, "PTS": 2, "PLUS_MINUS": -12, "VIDEO_AVAILABLE": 1}, {"SEASON_ID": "22018", "Player_ID": 1626172, "Game_ID": "0021800852", "GAME_DATE": "FEB 12, 2019", "MATCHUP": "GSW vs. UTA", "WL": "W", "MIN": 12, "FGM": 0, "FGA": 0, "FG_PCT": 0.0, "FG3M": 0, "FG3A": 0, "FG3_PCT": 0.0, "FTM": 0, "FTA": 0, "FT_PCT": 0.0, "OREB": 0, "DREB": 2, "REB": 2, "AST": 1, "STL": 1, "BLK": 0, "TOV": 0, "PF": 4, "PTS": 0, "PLUS_MINUS": -1, "VIDEO_AVAILABLE": 1}, {"SEASON_ID": "22018", "Player_ID": 1626172, "Game_ID": "0021800838", "GAME_DATE": "FEB 10, 2019", "MATCHUP": "GSW vs. MIA", "WL": "W", "MIN": 21, "FGM": 1, "FGA": 2, "FG_PCT": 0.5, "FG3M": 0, "FG3A": 0, "FG3_PCT": 0.0, "FTM": 2, "FTA": 2, "FT_PCT": 1.0, "OREB": 1, "DREB": 4, "REB": 5, "AST": 0, "STL": 1, "BLK": 0, "TOV": 1, "PF": 2, "PTS": 4, "PLUS_MINUS": 14, "VIDEO_AVAILABLE": 1}, {"SEASON_ID": "22018", "Player_ID": 1626172, "Game_ID": "0021800822", "GAME_DATE": "FEB 08, 2019", "MATCHUP": "GSW @ PHX", "WL": "W", "MIN": 17, "FGM": 1, "FGA": 3, "FG_PCT": 0.333, "FG3M": 0, "FG3A": 0, "FG3_PCT": 0.0, "FTM": 2, "FTA": 4, "FT_PCT": 0.5, "OREB": 2, "DREB": 3, "REB": 5, "AST": 2, "STL": 1, "BLK": 0, "TOV": 1, "PF": 3, "PTS": 4, "PLUS_MINUS": 19, "VIDEO_AVAILABLE": 1}, {"SEASON_ID": "22018", "Player_ID": 1626172, "Game_ID": "0021800810", "GAME_DATE": "FEB 06, 2019", "MATCHUP": "GSW vs. SAS", "WL": "W", "MIN": 18, "FGM": 4, "FGA": 7, "FG_PCT": 0.571, "FG3M": 0, "FG3A": 0, "FG3_PCT": 0.0, "FTM": 2, "FTA": 3, "FT_PCT": 0.667, "OREB": 4, "DREB": 0, "REB": 4, "AST": 0, "STL": 0, "BLK": 0, "TOV": 0, "PF": 2, "PTS": 10, "PLUS_MINUS": 14, "VIDEO_AVAILABLE": 1}, {"SEASON_ID": "22018", "Player_ID": 1626172, "Game_ID": "0021800782", "GAME_DATE": "FEB 02, 2019", "MATCHUP": "GSW vs. LAL", "WL": "W", "MIN": 19, "FGM": 1, "FGA": 4, "FG_PCT": 0.25, "FG3M": 0, "FG3A": 0, "FG3_PCT": 0.0, "FTM": 0, "FTA": 0, "FT_PCT": 0.0, "OREB": 1, "DREB": 7, "REB": 8, "AST": 1, "STL": 2, "BLK": 2, "TOV": 1, "PF": 2, "PTS": 2, "PLUS_MINUS": 8, "VIDEO_AVAILABLE": 1}, {"SEASON_ID": "22018", "Player_ID": 1626172, "Game_ID": "0021800768", "GAME_DATE": "JAN 31, 2019", "MATCHUP": "GSW vs. PHI", "WL": "L", "MIN": 23, "FGM": 6, "FGA": 8, "FG_PCT": 0.75, "FG3M": 0, "FG3A": 1, "FG3_PCT": 0.0, "FTM": 2, "FTA": 4, "FT_PCT": 0.5, "OREB": 2, "DREB": 3, "REB": 5, "AST": 0, "STL": 2, "BLK": 2, "TOV": 0, "PF": 2, "PTS": 14, "PLUS_MINUS": -4, "VIDEO_AVAILABLE": 1}, {"SEASON_ID": "22018", "Player_ID": 1626172, "Game_ID": "0021800745", "GAME_DATE": "JAN 28, 2019", "MATCHUP": "GSW @ IND", "WL": "W", "MIN": 18, "FGM": 6, "FGA": 7, "FG_PCT": 0.857, "FG3M": 0, "FG3A": 0, "FG3_PCT": 0.0, "FTM": 3, "FTA": 3, "FT_PCT": 1.0, "OREB": 3, "DREB": 2, "REB": 5, "AST": 2, "STL": 1, "BLK": 1, "TOV": 1, "PF": 0, "PTS": 15, "PLUS_MINUS": 18, "VIDEO_AVAILABLE": 1}, {"SEASON_ID": "22018", "Player_ID": 1626172, "Game_ID": "0021800732", "GAME_DATE": "JAN 26, 2019", "MATCHUP": "GSW @ BOS", "WL": "W", "MIN": 20, "FGM": 3, "FGA": 5, "FG_PCT": 0.6, "FG3M": 0, "FG3A": 1, "FG3_PCT": 0.0, "FTM": 2, "FTA": 2, "FT_PCT": 1.0, "OREB": 3, "DREB": 3, "REB": 6, "AST": 1, "STL": 0, "BLK": 1, "TOV": 0, "PF": 2, "PTS": 8, "PLUS_MINUS": 13, "VIDEO_AVAILABLE": 1}, {"SEASON_ID": "22018", "Player_ID": 1626172, "Game_ID": "0021800716", "GAME_DATE": "JAN 24, 2019", "MATCHUP": "GSW @ WAS", "WL": "W", "MIN": 17, "FGM": 3, "FGA": 4, "FG_PCT": 0.75, "FG3M": 0, "FG3A": 0, "FG3_PCT": 0.0, "FTM": 2, "FTA": 2, "FT_PCT": 1.0, "OREB": 3, "DREB": 7, "REB": 10, "AST": 1, "STL": 1, "BLK": 0, "TOV": 0, "PF": 1, "PTS": 8, "PLUS_MINUS": 14, "VIDEO_AVAILABLE": 1}, {"SEASON_ID": "22018", "Player_ID": 1626172, "Game_ID": "0021800701", "GAME_DATE": "JAN 21, 2019", "MATCHUP": "GSW @ LAL", "WL": "W", "MIN": 22, "FGM": 4, "FGA": 8, "FG_PCT": 0.5, "FG3M": 0, "FG3A": 0, "FG3_PCT": 0.0, "FTM": 0, "FTA": 0, "FT_PCT": 0.0, "OREB": 4, "DREB": 4, "REB": 8, "AST": 4, "STL": 3, "BLK": 1, "TOV": 2, "PF": 4, "PTS": 8, "PLUS_MINUS": -2, "VIDEO_AVAILABLE": 1}, {"SEASON_ID": "22018", "Player_ID": 1626172, "Game_ID": "0021800676", "GAME_DATE": "JAN 18, 2019", "MATCHUP": "GSW @ LAC", "WL": "W", "MIN": 28, "FGM": 2, "FGA": 5, "FG_PCT": 0.4, "FG3M": 0, "FG3A": 0, "FG3_PCT": 0.0, "FTM": 1, "FTA": 2, "FT_PCT": 0.5, "OREB": 1, "DREB": 3, "REB": 4, "AST": 1, "STL": 0, "BLK": 2, "TOV": 0, "PF": 4, "PTS": 5, "PLUS_MINUS": 0, "VIDEO_AVAILABLE": 1}, {"SEASON_ID": "22018", "Player_ID": 1626172, "Game_ID": "0021800663", "GAME_DATE": "JAN 16, 2019", "MATCHUP": "GSW vs. NOP", "WL": "W", "MIN": 30, "FGM": 3, "FGA": 6, "FG_PCT": 0.5, "FG3M": 0, "FG3A": 0, "FG3_PCT": 0.0, "FTM": 1, "FTA": 4, "FT_PCT": 0.25, "OREB": 6, "DREB": 6, "REB": 12, "AST": 3, "STL": 2, "BLK": 2, "TOV": 1, "PF": 4, "PTS": 7, "PLUS_MINUS": 4, "VIDEO_AVAILABLE": 1}, {"SEASON_ID": "22018", "Player_ID": 1626172, "Game_ID": "0021800655", "GAME_DATE": "JAN 15, 2019", "MATCHUP": "GSW @ DEN", "WL": "W", "MIN": 24, "FGM": 3, "FGA": 6, "FG_PCT": 0.5, "FG3M": 0, "FG3A": 0, "FG3_PCT": 0.0, "FTM": 3, "FTA": 4, "FT_PCT": 0.75, "OREB": 6, "DREB": 6, "REB": 12, "AST": 4, "STL": 0, "BLK": 1, "TOV": 1, "PF": 2, "PTS": 9, "PLUS_MINUS": 8, "VIDEO_AVAILABLE": 1}, {"SEASON_ID": "22018", "Player_ID": 1626172, "Game_ID": "0021800642", "GAME_DATE": "JAN 13, 2019", "MATCHUP": "GSW @ DAL", "WL": "W", "MIN": 17, "FGM": 1, "FGA": 3, "FG_PCT": 0.333, "FG3M": 0, "FG3A": 1, "FG3_PCT": 0.0, "FTM": 0, "FTA": 0, "FT_PCT": 0.0, "OREB": 1, "DREB": 4, "REB": 5, "AST": 1, "STL": 2, "BLK": 0, "TOV": 1, "PF": 4, "PTS": 2, "PLUS_MINUS": -9, "VIDEO_AVAILABLE": 1}, {"SEASON_ID": "22018", "Player_ID": 1626172, "Game_ID": "0021800629", "GAME_DATE": "JAN 11, 2019", "MATCHUP": "GSW vs. CHI", "WL": "W", "MIN": 23, "FGM": 4, "FGA": 6, "FG_PCT": 0.667, "FG3M": 0, "FG3A": 0, "FG3_PCT": 0.0, "FTM": 0, "FTA": 1, "FT_PCT": 0.0, "OREB": 3, "DREB": 4, "REB": 7, "AST": 5, "STL": 1, "BLK": 2, "TOV": 0, "PF": 4, "PTS": 8, "PLUS_MINUS": 35, "VIDEO_AVAILABLE": 1}, {"SEASON_ID": "22018", "Player_ID": 1626172, "Game_ID": "0021800605", "GAME_DATE": "JAN 08, 2019", "MATCHUP": "GSW vs. NYK", "WL": "W", "MIN": 26, "FGM": 4, "FGA": 5, "FG_PCT": 0.8, "FG3M": 0, "FG3A": 0, "FG3_PCT": 0.0, "FTM": 0, "FTA": 0, "FT_PCT": 0.0, "OREB": 3, "DREB": 4, "REB": 7, "AST": 1, "STL": 2, "BLK": 1, "TOV": 0, "PF": 1, "PTS": 8, "PLUS_MINUS": 29, "VIDEO_AVAILABLE": 1}, {"SEASON_ID": "22018", "Player_ID": 1626172, "Game_ID": "0021800583", "GAME_DATE": "JAN 05, 2019", "MATCHUP": "GSW @ SAC", "WL": "W", "MIN": 24, "FGM": 2, "FGA": 2, "FG_PCT": 1.0, "FG3M": 0, "FG3A": 0, "FG3_PCT": 0.0, "FTM": 1, "FTA": 1, "FT_PCT": 1.0, "OREB": 4, "DREB": 3, "REB": 7, "AST": 3, "STL": 0, "BLK": 2, "TOV": 0, "PF": 3, "PTS": 5, "PLUS_MINUS": -10, "VIDEO_AVAILABLE": 1}, {"SEASON_ID": "22018", "Player_ID": 1626172, "Game_ID": "0021800565", "GAME_DATE": "JAN 03, 2019", "MATCHUP": "GSW vs. HOU", "WL": "L", "MIN": 22, "FGM": 5, "FGA": 9, "FG_PCT": 0.556, "FG3M": 0, "FG3A": 0, "FG3_PCT": 0.0, "FTM": 2, "FTA": 2, "FT_PCT": 1.0, "OREB": 5, "DREB": 2, "REB": 7, "AST": 2, "STL": 1, "BLK": 1, "TOV": 1, "PF": 4, "PTS": 12, "PLUS_MINUS": 0, "VIDEO_AVAILABLE": 1}, {"SEASON_ID": "22018", "Player_ID": 1626172, "Game_ID": "0021800548", "GAME_DATE": "DEC 31, 2018", "MATCHUP": "GSW @ PHX", "WL": "W", "MIN": 13, "FGM": 2, "FGA": 3, "FG_PCT": 0.667, "FG3M": 0, "FG3A": 0, "FG3_PCT": 0.0, "FTM": 1, "FTA": 1, "FT_PCT": 1.0, "OREB": 0, "DREB": 4, "REB": 4, "AST": 1, "STL": 1, "BLK": 0, "TOV": 0, "PF": 4, "PTS": 5, "PLUS_MINUS": 3, "VIDEO_AVAILABLE": 1}, {"SEASON_ID": "22018", "Player_ID": 1626172, "Game_ID": "0021800534", "GAME_DATE": "DEC 29, 2018", "MATCHUP": "GSW @ POR", "WL": "W", "MIN": 25, "FGM": 5, "FGA": 6, "FG_PCT": 0.833, "FG3M": 1, "FG3A": 1, "FG3_PCT": 1.0, "FTM": 1, "FTA": 2, "FT_PCT": 0.5, "OREB": 1, "DREB": 4, "REB": 5, "AST": 0, "STL": 1, "BLK": 0, "TOV": 1, "PF": 4, "PTS": 12, "PLUS_MINUS": -3, "VIDEO_AVAILABLE": 1}, {"SEASON_ID": "22018", "Player_ID": 1626172, "Game_ID": "0021800516", "GAME_DATE": "DEC 27, 2018", "MATCHUP": "GSW vs. POR", "WL": "L", "MIN": 28, "FGM": 4, "FGA": 6, "FG_PCT": 0.667, "FG3M": 0, "FG3A": 0, "FG3_PCT": 0.0, "FTM": 0, "FTA": 2, "FT_PCT": 0.0, "OREB": 3, "DREB": 7, "REB": 10, "AST": 2, "STL": 0, "BLK": 0, "TOV": 0, "PF": 4, "PTS": 8, "PLUS_MINUS": -9, "VIDEO_AVAILABLE": 1}, {"SEASON_ID": "22018", "Player_ID": 1626172, "Game_ID": "0021800500", "GAME_DATE": "DEC 25, 2018", "MATCHUP": "GSW vs. LAL", "WL": "L", "MIN": 27, "FGM": 5, "FGA": 9, "FG_PCT": 0.556, "FG3M": 0, "FG3A": 1, "FG3_PCT": 0.0, "FTM": 0, "FTA": 0, "FT_PCT": 0.0, "OREB": 2, "DREB": 3, "REB": 5, "AST": 2, "STL": 0, "BLK": 1, "TOV": 1, "PF": 1, "PTS": 10, "PLUS_MINUS": -6, "VIDEO_AVAILABLE": 1}, {"SEASON_ID": "22018", "Player_ID": 1626172, "Game_ID": "0021800494", "GAME_DATE": "DEC 23, 2018", "MATCHUP": "GSW vs. LAC", "WL": "W", "MIN": 22, "FGM": 5, "FGA": 6, "FG_PCT": 0.833, "FG3M": 0, "FG3A": 0, "FG3_PCT": 0.0, "FTM": 0, "FTA": 0, "FT_PCT": 0.0, "OREB": 3, "DREB": 4, "REB": 7, "AST": 0, "STL": 1, "BLK": 0, "TOV": 1, "PF": 2, "PTS": 10, "PLUS_MINUS": 3, "VIDEO_AVAILABLE": 1}, {"SEASON_ID": "22018", "Player_ID": 1626172, "Game_ID": "0021800484", "GAME_DATE": "DEC 22, 2018", "MATCHUP": "GSW vs. DAL", "WL": "W", "MIN": 24, "FGM": 3, "FGA": 5, "FG_PCT": 0.6, "FG3M": 0, "FG3A": 0, "FG3_PCT": 0.0, "FTM": 0, "FTA": 0, "FT_PCT": 0.0, "OREB": 3, "DREB": 6, "REB": 9, "AST": 1, "STL": 1, "BLK": 0, "TOV": 0, "PF": 2, "PTS": 6, "PLUS_MINUS": 3, "VIDEO_AVAILABLE": 1}, {"SEASON_ID": "22018", "Player_ID": 1626172, "Game_ID": "0021800464", "GAME_DATE": "DEC 19, 2018", "MATCHUP": "GSW @ UTA", "WL": "L", "MIN": 16, "FGM": 2, "FGA": 3, "FG_PCT": 0.667, "FG3M": 0, "FG3A": 1, "FG3_PCT": 0.0, "FTM": 0, "FTA": 0, "FT_PCT": 0.0, "OREB": 3, "DREB": 0, "REB": 3, "AST": 1, "STL": 0, "BLK": 1, "TOV": 1, "PF": 2, "PTS": 4, "PLUS_MINUS": 6, "VIDEO_AVAILABLE": 1}, {"SEASON_ID": "22018", "Player_ID": 1626172, "Game_ID": "0021800449", "GAME_DATE": "DEC 17, 2018", "MATCHUP": "GSW vs. MEM", "WL": "W", "MIN": 18, "FGM": 3, "FGA": 4, "FG_PCT": 0.75, "FG3M": 0, "FG3A": 0, "FG3_PCT": 0.0, "FTM": 1, "FTA": 1, "FT_PCT": 1.0, "OREB": 1, "DREB": 2, "REB": 3, "AST": 1, "STL": 0, "BLK": 0, "TOV": 0, "PF": 3, "PTS": 7, "PLUS_MINUS": 3, "VIDEO_AVAILABLE": 1}, {"SEASON_ID": "22018", "Player_ID": 1626172, "Game_ID": "0021800428", "GAME_DATE": "DEC 14, 2018", "MATCHUP": "GSW @ SAC", "WL": "W", "MIN": 28, "FGM": 5, "FGA": 5, "FG_PCT": 1.0, "FG3M": 0, "FG3A": 0, "FG3_PCT": 0.0, "FTM": 0, "FTA": 2, "FT_PCT": 0.0, "OREB": 5, "DREB": 3, "REB": 8, "AST": 3, "STL": 0, "BLK": 0, "TOV": 0, "PF": 5, "PTS": 10, "PLUS_MINUS": 19, "VIDEO_AVAILABLE": 1}, {"SEASON_ID": "22018", "Player_ID": 1626172, "Game_ID": "0021800415", "GAME_DATE": "DEC 12, 2018", "MATCHUP": "GSW vs. TOR", "WL": "L", "MIN": 20, "FGM": 2, "FGA": 6, "FG_PCT": 0.333, "FG3M": 0, "FG3A": 0, "FG3_PCT": 0.0, "FTM": 0, "FTA": 0, "FT_PCT": 0.0, "OREB": 1, "DREB": 3, "REB": 4, "AST": 2, "STL": 1, "BLK": 2, "TOV": 1, "PF": 1, "PTS": 4, "PLUS_MINUS": -10, "VIDEO_AVAILABLE": 1}, {"SEASON_ID": "22018", "Player_ID": 1626172, "Game_ID": "0021800400", "GAME_DATE": "DEC 10, 2018", "MATCHUP": "GSW vs. MIN", "WL": "W", "MIN": 23, "FGM": 1, "FGA": 4, "FG_PCT": 0.25, "FG3M": 0, "FG3A": 1, "FG3_PCT": 0.0, "FTM": 0, "FTA": 0, "FT_PCT": 0.0, "OREB": 4, "DREB": 1, "REB": 5, "AST": 2, "STL": 0, "BLK": 1, "TOV": 0, "PF": 6, "PTS": 2, "PLUS_MINUS": 5, "VIDEO_AVAILABLE": 1}, {"SEASON_ID": "22018", "Player_ID": 1626172, "Game_ID": "0021800377", "GAME_DATE": "DEC 07, 2018", "MATCHUP": "GSW @ MIL", "WL": "W", "MIN": 28, "FGM": 4, "FGA": 6, "FG_PCT": 0.667, "FG3M": 0, "FG3A": 0, "FG3_PCT": 0.0, "FTM": 0, "FTA": 1, "FT_PCT": 0.0, "OREB": 3, "DREB": 4, "REB": 7, "AST": 4, "STL": 0, "BLK": 0, "TOV": 1, "PF": 4, "PTS": 8, "PLUS_MINUS": 3, "VIDEO_AVAILABLE": 1}, {"SEASON_ID": "22018", "Player_ID": 1626172, "Game_ID": "0021800355", "GAME_DATE": "DEC 05, 2018", "MATCHUP": "GSW @ CLE", "WL": "W", "MIN": 25, "FGM": 4, "FGA": 6, "FG_PCT": 0.667, "FG3M": 0, "FG3A": 0, "FG3_PCT": 0.0, "FTM": 0, "FTA": 0, "FT_PCT": 0.0, "OREB": 3, "DREB": 3, "REB": 6, "AST": 3, "STL": 0, "BLK": 1, "TOV": 0, "PF": 3, "PTS": 8, "PLUS_MINUS": 9, "VIDEO_AVAILABLE": 1}, {"SEASON_ID": "22018", "Player_ID": 1626172, "Game_ID": "0021800344", "GAME_DATE": "DEC 03, 2018", "MATCHUP": "GSW @ ATL", "WL": "W", "MIN": 29, "FGM": 7, "FGA": 8, "FG_PCT": 0.875, "FG3M": 0, "FG3A": 0, "FG3_PCT": 0.0, "FTM": 0, "FTA": 2, "FT_PCT": 0.0, "OREB": 1, "DREB": 3, "REB": 4, "AST": 5, "STL": 2, "BLK": 2, "TOV": 1, "PF": 1, "PTS": 14, "PLUS_MINUS": 21, "VIDEO_AVAILABLE": 1}, {"SEASON_ID": "22018", "Player_ID": 1626172, "Game_ID": "0021800331", "GAME_DATE": "DEC 01, 2018", "MATCHUP": "GSW @ DET", "WL": "L", "MIN": 21, "FGM": 1, "FGA": 3, "FG_PCT": 0.333, "FG3M": 0, "FG3A": 0, "FG3_PCT": 0.0, "FTM": 0, "FTA": 0, "FT_PCT": 0.0, "OREB": 2, "DREB": 3, "REB": 5, "AST": 2, "STL": 0, "BLK": 1, "TOV": 1, "PF": 5, "PTS": 2, "PLUS_MINUS": -12, "VIDEO_AVAILABLE": 1}, {"SEASON_ID": "22018", "Player_ID": 1626172, "Game_ID": "0021800316", "GAME_DATE": "NOV 29, 2018", "MATCHUP": "GSW @ TOR", "WL": "L", "MIN": 26, "FGM": 3, "FGA": 7, "FG_PCT": 0.429, "FG3M": 0, "FG3A": 1, "FG3_PCT": 0.0, "FTM": 1, "FTA": 2, "FT_PCT": 0.5, "OREB": 6, "DREB": 4, "REB": 10, "AST": 2, "STL": 0, "BLK": 0, "TOV": 0, "PF": 3, "PTS": 7, "PLUS_MINUS": 18, "VIDEO_AVAILABLE": 1}, {"SEASON_ID": "22018", "Player_ID": 1626172, "Game_ID": "0021800300", "GAME_DATE": "NOV 26, 2018", "MATCHUP": "GSW vs. ORL", "WL": "W", "MIN": 20, "FGM": 2, "FGA": 2, "FG_PCT": 1.0, "FG3M": 0, "FG3A": 0, "FG3_PCT": 0.0, "FTM": 2, "FTA": 2, "FT_PCT": 1.0, "OREB": 3, "DREB": 3, "REB": 6, "AST": 0, "STL": 1, "BLK": 0, "TOV": 2, "PF": 1, "PTS": 6, "PLUS_MINUS": 17, "VIDEO_AVAILABLE": 1}, {"SEASON_ID": "22018", "Player_ID": 1626172, "Game_ID": "0021800285", "GAME_DATE": "NOV 24, 2018", "MATCHUP": "GSW vs. SAC", "WL": "W", "MIN": 13, "FGM": 3, "FGA": 3, "FG_PCT": 1.0, "FG3M": 0, "FG3A": 0, "FG3_PCT": 0.0, "FTM": 1, "FTA": 2, "FT_PCT": 0.5, "OREB": 2, "DREB": 2, "REB": 4, "AST": 3, "STL": 1, "BLK": 0, "TOV": 1, "PF": 4, "PTS": 7, "PLUS_MINUS": 0, "VIDEO_AVAILABLE": 1}, {"SEASON_ID": "22018", "Player_ID": 1626172, "Game_ID": "0021800277", "GAME_DATE": "NOV 23, 2018", "MATCHUP": "GSW vs. POR", "WL": "W", "MIN": 21, "FGM": 3, "FGA": 4, "FG_PCT": 0.75, "FG3M": 0, "FG3A": 0, "FG3_PCT": 0.0, "FTM": 0, "FTA": 0, "FT_PCT": 0.0, "OREB": 0, "DREB": 3, "REB": 3, "AST": 4, "STL": 0, "BLK": 1, "TOV": 1, "PF": 6, "PTS": 6, "PLUS_MINUS": 7, "VIDEO_AVAILABLE": 1}, {"SEASON_ID": "22018", "Player_ID": 1626172, "Game_ID": "0021800264", "GAME_DATE": "NOV 21, 2018", "MATCHUP": "GSW vs. OKC", "WL": "L", "MIN": 22, "FGM": 1, "FGA": 3, "FG_PCT": 0.333, "FG3M": 0, "FG3A": 1, "FG3_PCT": 0.0, "FTM": 2, "FTA": 5, "FT_PCT": 0.4, "OREB": 3, "DREB": 6, "REB": 9, "AST": 3, "STL": 1, "BLK": 2, "TOV": 0, "PF": 3, "PTS": 4, "PLUS_MINUS": -7, "VIDEO_AVAILABLE": 1}, {"SEASON_ID": "22018", "Player_ID": 1626172, "Game_ID": "0021800238", "GAME_DATE": "NOV 18, 2018", "MATCHUP": "GSW @ SAS", "WL": "L", "MIN": 19, "FGM": 2, "FGA": 6, "FG_PCT": 0.333, "FG3M": 0, "FG3A": 0, "FG3_PCT": 0.0, "FTM": 2, "FTA": 2, "FT_PCT": 1.0, "OREB": 4, "DREB": 3, "REB": 7, "AST": 2, "STL": 0, "BLK": 0, "TOV": 1, "PF": 3, "PTS": 6, "PLUS_MINUS": -9, "VIDEO_AVAILABLE": 1}, {"SEASON_ID": "22018", "Player_ID": 1626172, "Game_ID": "0021800232", "GAME_DATE": "NOV 17, 2018", "MATCHUP": "GSW @ DAL", "WL": "L", "MIN": 27, "FGM": 0, "FGA": 2, "FG_PCT": 0.0, "FG3M": 0, "FG3A": 0, "FG3_PCT": 0.0, "FTM": 0, "FTA": 0, "FT_PCT": 0.0, "OREB": 5, "DREB": 2, "REB": 7, "AST": 1, "STL": 0, "BLK": 0, "TOV": 1, "PF": 4, "PTS": 0, "PLUS_MINUS": -15, "VIDEO_AVAILABLE": 1}, {"SEASON_ID": "22018", "Player_ID": 1626172, "Game_ID": "0021800213", "GAME_DATE": "NOV 15, 2018", "MATCHUP": "GSW @ HOU", "WL": "L", "MIN": 18, "FGM": 5, "FGA": 7, "FG_PCT": 0.714, "FG3M": 0, "FG3A": 1, "FG3_PCT": 0.0, "FTM": 2, "FTA": 3, "FT_PCT": 0.667, "OREB": 5, "DREB": 0, "REB": 5, "AST": 1, "STL": 0, "BLK": 1, "TOV": 2, "PF": 0, "PTS": 12, "PLUS_MINUS": -11, "VIDEO_AVAILABLE": 1}, {"SEASON_ID": "22018", "Player_ID": 1626172, "Game_ID": "0021800201", "GAME_DATE": "NOV 13, 2018", "MATCHUP": "GSW vs. ATL", "WL": "W", "MIN": 19, "FGM": 1, "FGA": 2, "FG_PCT": 0.5, "FG3M": 0, "FG3A": 0, "FG3_PCT": 0.0, "FTM": 2, "FTA": 3, "FT_PCT": 0.667, "OREB": 2, "DREB": 1, "REB": 3, "AST": 3, "STL": 1, "BLK": 2, "TOV": 1, "PF": 3, "PTS": 4, "PLUS_MINUS": -2, "VIDEO_AVAILABLE": 1}, {"SEASON_ID": "22018", "Player_ID": 1626172, "Game_ID": "0021800198", "GAME_DATE": "NOV 12, 2018", "MATCHUP": "GSW @ LAC", "WL": "L", "MIN": 26, "FGM": 4, "FGA": 7, "FG_PCT": 0.571, "FG3M": 0, "FG3A": 0, "FG3_PCT": 0.0, "FTM": 1, "FTA": 2, "FT_PCT": 0.5, "OREB": 2, "DREB": 2, "REB": 4, "AST": 2, "STL": 0, "BLK": 2, "TOV": 0, "PF": 4, "PTS": 9, "PLUS_MINUS": 5, "VIDEO_AVAILABLE": 1}, {"SEASON_ID": "22018", "Player_ID": 1626172, "Game_ID": "0021800182", "GAME_DATE": "NOV 10, 2018", "MATCHUP": "GSW vs. BKN", "WL": "W", "MIN": 13, "FGM": 1, "FGA": 2, "FG_PCT": 0.5, "FG3M": 0, "FG3A": 0, "FG3_PCT": 0.0, "FTM": 0, "FTA": 0, "FT_PCT": 0.0, "OREB": 0, "DREB": 3, "REB": 3, "AST": 0, "STL": 0, "BLK": 2, "TOV": 1, "PF": 5, "PTS": 2, "PLUS_MINUS": 10, "VIDEO_AVAILABLE": 1}, {"SEASON_ID": "22018", "Player_ID": 1626172, "Game_ID": "0021800166", "GAME_DATE": "NOV 08, 2018", "MATCHUP": "GSW vs. MIL", "WL": "L", "MIN": 21, "FGM": 2, "FGA": 3, "FG_PCT": 0.667, "FG3M": 0, "FG3A": 0, "FG3_PCT": 0.0, "FTM": 4, "FTA": 4, "FT_PCT": 1.0, "OREB": 0, "DREB": 5, "REB": 5, "AST": 2, "STL": 0, "BLK": 1, "TOV": 1, "PF": 3, "PTS": 8, "PLUS_MINUS": -14, "VIDEO_AVAILABLE": 1}, {"SEASON_ID": "22018", "Player_ID": 1626172, "Game_ID": "0021800147", "GAME_DATE": "NOV 05, 2018", "MATCHUP": "GSW vs. MEM", "WL": "W", "MIN": 20, "FGM": 4, "FGA": 5, "FG_PCT": 0.8, "FG3M": 0, "FG3A": 0, "FG3_PCT": 0.0, "FTM": 1, "FTA": 2, "FT_PCT": 0.5, "OREB": 3, "DREB": 6, "REB": 9, "AST": 1, "STL": 0, "BLK": 0, "TOV": 1, "PF": 4, "PTS": 9, "PLUS_MINUS": 26, "VIDEO_AVAILABLE": 1}, {"SEASON_ID": "22018", "Player_ID": 1626172, "Game_ID": "0021800124", "GAME_DATE": "NOV 02, 2018", "MATCHUP": "GSW vs. MIN", "WL": "W", "MIN": 15, "FGM": 0, "FGA": 1, "FG_PCT": 0.0, "FG3M": 0, "FG3A": 0, "FG3_PCT": 0.0, "FTM": 1, "FTA": 2, "FT_PCT": 0.5, "OREB": 2, "DREB": 4, "REB": 6, "AST": 0, "STL": 0, "BLK": 2, "TOV": 0, "PF": 0, "PTS": 1, "PLUS_MINUS": -3, "VIDEO_AVAILABLE": 1}, {"SEASON_ID": "22018", "Player_ID": 1626172, "Game_ID": "0021800108", "GAME_DATE": "OCT 31, 2018", "MATCHUP": "GSW vs. NOP", "WL": "W", "MIN": 21, "FGM": 2, "FGA": 3, "FG_PCT": 0.667, "FG3M": 0, "FG3A": 0, "FG3_PCT": 0.0, "FTM": 0, "FTA": 2, "FT_PCT": 0.0, "OREB": 4, "DREB": 2, "REB": 6, "AST": 3, "STL": 1, "BLK": 0, "TOV": 0, "PF": 2, "PTS": 4, "PLUS_MINUS": 16, "VIDEO_AVAILABLE": 1}, {"SEASON_ID": "22018", "Player_ID": 1626172, "Game_ID": "0021800091", "GAME_DATE": "OCT 29, 2018", "MATCHUP": "GSW @ CHI", "WL": "W", "MIN": 17, "FGM": 3, "FGA": 5, "FG_PCT": 0.6, "FG3M": 0, "FG3A": 0, "FG3_PCT": 0.0, "FTM": 1, "FTA": 2, "FT_PCT": 0.5, "OREB": 0, "DREB": 5, "REB": 5, "AST": 0, "STL": 0, "BLK": 0, "TOV": 0, "PF": 0, "PTS": 7, "PLUS_MINUS": -6, "VIDEO_AVAILABLE": 1}, {"SEASON_ID": "22018", "Player_ID": 1626172, "Game_ID": "0021800083", "GAME_DATE": "OCT 28, 2018", "MATCHUP": "GSW @ BKN", "WL": "W", "MIN": 12, "FGM": 2, "FGA": 3, "FG_PCT": 0.667, "FG3M": 0, "FG3A": 0, "FG3_PCT": 0.0, "FTM": 0, "FTA": 0, "FT_PCT": 0.0, "OREB": 2, "DREB": 1, "REB": 3, "AST": 0, "STL": 0, "BLK": 0, "TOV": 2, "PF": 1, "PTS": 4, "PLUS_MINUS": 11, "VIDEO_AVAILABLE": 1}, {"SEASON_ID": "22018", "Player_ID": 1626172, "Game_ID": "0021800068", "GAME_DATE": "OCT 26, 2018", "MATCHUP": "GSW @ NYK", "WL": "W", "MIN": 15, "FGM": 3, "FGA": 3, "FG_PCT": 1.0, "FG3M": 0, "FG3A": 0, "FG3_PCT": 0.0, "FTM": 3, "FTA": 3, "FT_PCT": 1.0, "OREB": 1, "DREB": 1, "REB": 2, "AST": 2, "STL": 0, "BLK": 0, "TOV": 1, "PF": 1, "PTS": 9, "PLUS_MINUS": 12, "VIDEO_AVAILABLE": 1}, {"SEASON_ID": "22018", "Player_ID": 1626172, "Game_ID": "0021800062", "GAME_DATE": "OCT 24, 2018", "MATCHUP": "GSW vs. WAS", "WL": "W", "MIN": 14, "FGM": 0, "FGA": 1, "FG_PCT": 0.0, "FG3M": 0, "FG3A": 0, "FG3_PCT": 0.0, "FTM": 2, "FTA": 2, "FT_PCT": 1.0, "OREB": 1, "DREB": 4, "REB": 5, "AST": 3, "STL": 0, "BLK": 1, "TOV": 0, "PF": 3, "PTS": 2, "PLUS_MINUS": 14, "VIDEO_AVAILABLE": 1}, {"SEASON_ID": "22018", "Player_ID": 1626172, "Game_ID": "0021800047", "GAME_DATE": "OCT 22, 2018", "MATCHUP": "GSW vs. PHX", "WL": "W", "MIN": 16, "FGM": 2, "FGA": 2, "FG_PCT": 1.0, "FG3M": 0, "FG3A": 0, "FG3_PCT": 0.0, "FTM": 1, "FTA": 1, "FT_PCT": 1.0, "OREB": 1, "DREB": 1, "REB": 2, "AST": 2, "STL": 0, "BLK": 0, "TOV": 1, "PF": 3, "PTS": 5, "PLUS_MINUS": 9, "VIDEO_AVAILABLE": 1}, {"SEASON_ID": "22018", "Player_ID": 1626172, "Game_ID": "0021800038", "GAME_DATE": "OCT 21, 2018", "MATCHUP": "GSW @ DEN", "WL": "L", "MIN": 19, "FGM": 4, "FGA": 4, "FG_PCT": 1.0, "FG3M": 0, "FG3A": 0, "FG3_PCT": 0.0, "FTM": 2, "FTA": 2, "FT_PCT": 1.0, "OREB": 3, "DREB": 3, "REB": 6, "AST": 1, "STL": 0, "BLK": 2, "TOV": 2, "PF": 3, "PTS": 10, "PLUS_MINUS": -8, "VIDEO_AVAILABLE": 1}, {"SEASON_ID": "22018", "Player_ID": 1626172, "Game_ID": "0021800024", "GAME_DATE": "OCT 19, 2018", "MATCHUP": "GSW @ UTA", "WL": "W", "MIN": 19, "FGM": 2, "FGA": 3, "FG_PCT": 0.667, "FG3M": 0, "FG3A": 0, "FG3_PCT": 0.0, "FTM": 0, "FTA": 0, "FT_PCT": 0.0, "OREB": 0, "DREB": 2, "REB": 2, "AST": 1, "STL": 1, "BLK": 0, "TOV": 0, "PF": 1, "PTS": 4, "PLUS_MINUS": -4, "VIDEO_AVAILABLE": 1}, {"SEASON_ID": "22018", "Player_ID": 1626172, "Game_ID": "0021800002", "GAME_DATE": "OCT 16, 2018", "MATCHUP": "GSW vs. OKC", "WL": "W", "MIN": 18, "FGM": 5, "FGA": 11, "FG_PCT": 0.455, "FG3M": 0, "FG3A": 0, "FG3_PCT": 0.0, "FTM": 0, "FTA": 0, "FT_PCT": 0.0, "OREB": 8, "DREB": 2, "REB": 10, "AST": 2, "STL": 1, "BLK": 2, "TOV": 1, "PF": 4, "PTS": 10, "PLUS_MINUS": 23, "VIDEO_AVAILABLE": 1}, {"SEASON_ID": "22016", "Player_ID": 1626172, "Game_ID": "0021601162", "GAME_DATE": "APR 04, 2017", "MATCHUP": "GSW vs. MIN", "WL": "W", "MIN": 4, "FGM": 1, "FGA": 2, "FG_PCT": 0.5, "FG3M": 0, "FG3A": 0, "FG3_PCT": 0.0, "FTM": 0, "FTA": 0, "FT_PCT": 0.0, "OREB": 2, "DREB": 1, "REB": 3, "AST": 0, "STL": 0, "BLK": 0, "TOV": 1, "PF": 0, "PTS": 2, "PLUS_MINUS": -2, "VIDEO_AVAILABLE": 1}, {"SEASON_ID": "22016", "Player_ID": 1626172, "Game_ID": "0021601081", "GAME_DATE": "MAR 24, 2017", "MATCHUP": "GSW vs. SAC", "WL": "W", "MIN": 2, "FGM": 0, "FGA": 0, "FG_PCT": 0.0, "FG3M": 0, "FG3A": 0, "FG3_PCT": 0.0, "FTM": 0, "FTA": 0, "FT_PCT": 0.0, "OREB": 0, "DREB": 1, "REB": 1, "AST": 1, "STL": 0, "BLK": 0, "TOV": 1, "PF": 0, "PTS": 0, "PLUS_MINUS": -4, "VIDEO_AVAILABLE": 1}, {"SEASON_ID": "22016", "Player_ID": 1626172, "Game_ID": "0021601055", "GAME_DATE": "MAR 21, 2017", "MATCHUP": "GSW @ DAL", "WL": "W", "MIN": 4, "FGM": 0, "FGA": 1, "FG_PCT": 0.0, "FG3M": 0, "FG3A": 0, "FG3_PCT": 0.0, "FTM": 0, "FTA": 0, "FT_PCT": 0.0, "OREB": 0, "DREB": 0, "REB": 0, "AST": 0, "STL": 0, "BLK": 1, "TOV": 0, "PF": 1, "PTS": 0, "PLUS_MINUS": 2, "VIDEO_AVAILABLE": 1}, {"SEASON_ID": "22016", "Player_ID": 1626172, "Game_ID": "0021601049", "GAME_DATE": "MAR 20, 2017", "MATCHUP": "GSW @ OKC", "WL": "W", "MIN": 5, "FGM": 1, "FGA": 2, "FG_PCT": 0.5, "FG3M": 0, "FG3A": 0, "FG3_PCT": 0.0, "FTM": 0, "FTA": 0, "FT_PCT": 0.0, "OREB": 1, "DREB": 1, "REB": 2, "AST": 0, "STL": 0, "BLK": 0, "TOV": 0, "PF": 0, "PTS": 2, "PLUS_MINUS": -7, "VIDEO_AVAILABLE": 1}, {"SEASON_ID": "22016", "Player_ID": 1626172, "Game_ID": "0021601019", "GAME_DATE": "MAR 16, 2017", "MATCHUP": "GSW vs. ORL", "WL": "W", "MIN": 7, "FGM": 1, "FGA": 3, "FG_PCT": 0.333, "FG3M": 0, "FG3A": 0, "FG3_PCT": 0.0, "FTM": 0, "FTA": 0, "FT_PCT": 0.0, "OREB": 0, "DREB": 2, "REB": 2, "AST": 1, "STL": 1, "BLK": 0, "TOV": 0, "PF": 0, "PTS": 2, "PLUS_MINUS": -6, "VIDEO_AVAILABLE": 1}, {"SEASON_ID": "22016", "Player_ID": 1626172, "Game_ID": "0021600980", "GAME_DATE": "MAR 11, 2017", "MATCHUP": "GSW @ SAS", "WL": "L", "MIN": 17, "FGM": 1, "FGA": 8, "FG_PCT": 0.125, "FG3M": 0, "FG3A": 1, "FG3_PCT": 0.0, "FTM": 0, "FTA": 0, "FT_PCT": 0.0, "OREB": 4, "DREB": 0, "REB": 4, "AST": 2, "STL": 0, "BLK": 0, "TOV": 1, "PF": 1, "PTS": 2, "PLUS_MINUS": -13, "VIDEO_AVAILABLE": 1}, {"SEASON_ID": "22016", "Player_ID": 1626172, "Game_ID": "0021600968", "GAME_DATE": "MAR 10, 2017", "MATCHUP": "GSW @ MIN", "WL": "L", "MIN": 2, "FGM": 0, "FGA": 0, "FG_PCT": 0.0, "FG3M": 0, "FG3A": 0, "FG3_PCT": 0.0, "FTM": 0, "FTA": 0, "FT_PCT": 0.0, "OREB": 0, "DREB": 1, "REB": 1, "AST": 0, "STL": 0, "BLK": 0, "TOV": 1, "PF": 0, "PTS": 0, "PLUS_MINUS": -4, "VIDEO_AVAILABLE": 1}, {"SEASON_ID": "22016", "Player_ID": 1626172, "Game_ID": "0021600959", "GAME_DATE": "MAR 08, 2017", "MATCHUP": "GSW vs. BOS", "WL": "L", "MIN": 2, "FGM": 0, "FGA": 1, "FG_PCT": 0.0, "FG3M": 0, "FG3A": 0, "FG3_PCT": 0.0, "FTM": 0, "FTA": 2, "FT_PCT": 0.0, "OREB": 1, "DREB": 0, "REB": 1, "AST": 0, "STL": 0, "BLK": 0, "TOV": 0, "PF": 0, "PTS": 0, "PLUS_MINUS": 0, "VIDEO_AVAILABLE": 1}, {"SEASON_ID": "22016", "Player_ID": 1626172, "Game_ID": "0021600883", "GAME_DATE": "FEB 27, 2017", "MATCHUP": "GSW @ PHI", "WL": "W", "MIN": 1, "FGM": 1, "FGA": 1, "FG_PCT": 1.0, "FG3M": 0, "FG3A": 0, "FG3_PCT": 0.0, "FTM": 0, "FTA": 0, "FT_PCT": 0.0, "OREB": 0, "DREB": 0, "REB": 0, "AST": 0, "STL": 0, "BLK": 0, "TOV": 0, "PF": 0, "PTS": 2, "PLUS_MINUS": -2, "VIDEO_AVAILABLE": 1}, {"SEASON_ID": "22016", "Player_ID": 1626172, "Game_ID": "0021600873", "GAME_DATE": "FEB 25, 2017", "MATCHUP": "GSW vs. BKN", "WL": "W", "MIN": 2, "FGM": 0, "FGA": 0, "FG_PCT": 0.0, "FG3M": 0, "FG3A": 0, "FG3_PCT": 0.0, "FTM": 0, "FTA": 0, "FT_PCT": 0.0, "OREB": 0, "DREB": 0, "REB": 0, "AST": 0, "STL": 0, "BLK": 0, "TOV": 0, "PF": 0, "PTS": 0, "PLUS_MINUS": -2, "VIDEO_AVAILABLE": 2}, {"SEASON_ID": "22016", "Player_ID": 1626172, "Game_ID": "0021600847", "GAME_DATE": "FEB 15, 2017", "MATCHUP": "GSW vs. SAC", "WL": "W", "MIN": 16, "FGM": 2, "FGA": 4, "FG_PCT": 0.5, "FG3M": 0, "FG3A": 1, "FG3_PCT": 0.0, "FTM": 1, "FTA": 2, "FT_PCT": 0.5, "OREB": 0, "DREB": 2, "REB": 2, "AST": 1, "STL": 4, "BLK": 0, "TOV": 0, "PF": 1, "PTS": 5, "PLUS_MINUS": -11, "VIDEO_AVAILABLE": 1}, {"SEASON_ID": "22016", "Player_ID": 1626172, "Game_ID": "0021600827", "GAME_DATE": "FEB 13, 2017", "MATCHUP": "GSW @ DEN", "WL": "L", "MIN": 16, "FGM": 1, "FGA": 3, "FG_PCT": 0.333, "FG3M": 1, "FG3A": 1, "FG3_PCT": 1.0, "FTM": 0, "FTA": 0, "FT_PCT": 0.0, "OREB": 2, "DREB": 4, "REB": 6, "AST": 1, "STL": 0, "BLK": 0, "TOV": 0, "PF": 0, "PTS": 3, "PLUS_MINUS": 5, "VIDEO_AVAILABLE": 1}, {"SEASON_ID": "22016", "Player_ID": 1626172, "Game_ID": "0021600813", "GAME_DATE": "FEB 11, 2017", "MATCHUP": "GSW @ OKC", "WL": "W", "MIN": 11, "FGM": 1, "FGA": 2, "FG_PCT": 0.5, "FG3M": 0, "FG3A": 0, "FG3_PCT": 0.0, "FTM": 2, "FTA": 2, "FT_PCT": 1.0, "OREB": 0, "DREB": 0, "REB": 0, "AST": 0, "STL": 0, "BLK": 0, "TOV": 0, "PF": 1, "PTS": 4, "PLUS_MINUS": 5, "VIDEO_AVAILABLE": 1}, {"SEASON_ID": "22016", "Player_ID": 1626172, "Game_ID": "0021600803", "GAME_DATE": "FEB 10, 2017", "MATCHUP": "GSW @ MEM", "WL": "W", "MIN": 12, "FGM": 0, "FGA": 1, "FG_PCT": 0.0, "FG3M": 0, "FG3A": 0, "FG3_PCT": 0.0, "FTM": 0, "FTA": 0, "FT_PCT": 0.0, "OREB": 0, "DREB": 2, "REB": 2, "AST": 0, "STL": 0, "BLK": 1, "TOV": 0, "PF": 2, "PTS": 0, "PLUS_MINUS": 4, "VIDEO_AVAILABLE": 1}, {"SEASON_ID": "22016", "Player_ID": 1626172, "Game_ID": "0021600792", "GAME_DATE": "FEB 08, 2017", "MATCHUP": "GSW vs. CHI", "WL": "W", "MIN": 14, "FGM": 5, "FGA": 6, "FG_PCT": 0.833, "FG3M": 0, "FG3A": 0, "FG3_PCT": 0.0, "FTM": 0, "FTA": 1, "FT_PCT": 0.0, "OREB": 0, "DREB": 4, "REB": 4, "AST": 0, "STL": 0, "BLK": 0, "TOV": 1, "PF": 1, "PTS": 10, "PLUS_MINUS": 12, "VIDEO_AVAILABLE": 1}, {"SEASON_ID": "22016", "Player_ID": 1626172, "Game_ID": "0021600764", "GAME_DATE": "FEB 04, 2017", "MATCHUP": "GSW @ SAC", "WL": "L", "MIN": 12, "FGM": 1, "FGA": 1, "FG_PCT": 1.0, "FG3M": 0, "FG3A": 0, "FG3_PCT": 0.0, "FTM": 2, "FTA": 2, "FT_PCT": 1.0, "OREB": 0, "DREB": 2, "REB": 2, "AST": 1, "STL": 1, "BLK": 1, "TOV": 1, "PF": 5, "PTS": 4, "PLUS_MINUS": -4, "VIDEO_AVAILABLE": 1}, {"SEASON_ID": "22016", "Player_ID": 1626172, "Game_ID": "0021600745", "GAME_DATE": "FEB 02, 2017", "MATCHUP": "GSW @ LAC", "WL": "W", "MIN": 13, "FGM": 1, "FGA": 1, "FG_PCT": 1.0, "FG3M": 0, "FG3A": 0, "FG3_PCT": 0.0, "FTM": 2, "FTA": 2, "FT_PCT": 1.0, "OREB": 2, "DREB": 1, "REB": 3, "AST": 1, "STL": 0, "BLK": 0, "TOV": 0, "PF": 3, "PTS": 4, "PLUS_MINUS": 2, "VIDEO_AVAILABLE": 1}, {"SEASON_ID": "22016", "Player_ID": 1626172, "Game_ID": "0021600741", "GAME_DATE": "FEB 01, 2017", "MATCHUP": "GSW vs. CHA", "WL": "W", "MIN": 9, "FGM": 1, "FGA": 2, "FG_PCT": 0.5, "FG3M": 0, "FG3A": 1, "FG3_PCT": 0.0, "FTM": 0, "FTA": 1, "FT_PCT": 0.0, "OREB": 0, "DREB": 1, "REB": 1, "AST": 0, "STL": 0, "BLK": 0, "TOV": 1, "PF": 2, "PTS": 2, "PLUS_MINUS": -9, "VIDEO_AVAILABLE": 1}, {"SEASON_ID": "22016", "Player_ID": 1626172, "Game_ID": "0021600707", "GAME_DATE": "JAN 28, 2017", "MATCHUP": "GSW vs. LAC", "WL": "W", "MIN": 12, "FGM": 2, "FGA": 4, "FG_PCT": 0.5, "FG3M": 0, "FG3A": 1, "FG3_PCT": 0.0, "FTM": 0, "FTA": 0, "FT_PCT": 0.0, "OREB": 1, "DREB": 3, "REB": 4, "AST": 2, "STL": 1, "BLK": 0, "TOV": 1, "PF": 1, "PTS": 4, "PLUS_MINUS": 3, "VIDEO_AVAILABLE": 1}, {"SEASON_ID": "22016", "Player_ID": 1626172, "Game_ID": "0021600661", "GAME_DATE": "JAN 22, 2017", "MATCHUP": "GSW @ ORL", "WL": "W", "MIN": 6, "FGM": 0, "FGA": 1, "FG_PCT": 0.0, "FG3M": 0, "FG3A": 0, "FG3_PCT": 0.0, "FTM": 0, "FTA": 0, "FT_PCT": 0.0, "OREB": 0, "DREB": 3, "REB": 3, "AST": 0, "STL": 0, "BLK": 0, "TOV": 0, "PF": 2, "PTS": 0, "PLUS_MINUS": -13, "VIDEO_AVAILABLE": 1}, {"SEASON_ID": "22016", "Player_ID": 1626172, "Game_ID": "0021600646", "GAME_DATE": "JAN 20, 2017", "MATCHUP": "GSW @ HOU", "WL": "W", "MIN": 11, "FGM": 1, "FGA": 1, "FG_PCT": 1.0, "FG3M": 0, "FG3A": 0, "FG3_PCT": 0.0, "FTM": 1, "FTA": 1, "FT_PCT": 1.0, "OREB": 2, "DREB": 1, "REB": 3, "AST": 2, "STL": 0, "BLK": 0, "TOV": 0, "PF": 2, "PTS": 3, "PLUS_MINUS": -5, "VIDEO_AVAILABLE": 1}, {"SEASON_ID": "22016", "Player_ID": 1626172, "Game_ID": "0021600634", "GAME_DATE": "JAN 18, 2017", "MATCHUP": "GSW vs. OKC", "WL": "W", "MIN": 4, "FGM": 0, "FGA": 1, "FG_PCT": 0.0, "FG3M": 0, "FG3A": 0, "FG3_PCT": 0.0, "FTM": 0, "FTA": 0, "FT_PCT": 0.0, "OREB": 0, "DREB": 0, "REB": 0, "AST": 0, "STL": 0, "BLK": 0, "TOV": 0, "PF": 0, "PTS": 0, "PLUS_MINUS": 2, "VIDEO_AVAILABLE": 1}, {"SEASON_ID": "22016", "Player_ID": 1626172, "Game_ID": "0021600619", "GAME_DATE": "JAN 16, 2017", "MATCHUP": "GSW vs. CLE", "WL": "W", "MIN": 9, "FGM": 0, "FGA": 2, "FG_PCT": 0.0, "FG3M": 0, "FG3A": 0, "FG3_PCT": 0.0, "FTM": 3, "FTA": 4, "FT_PCT": 0.75, "OREB": 4, "DREB": 1, "REB": 5, "AST": 0, "STL": 0, "BLK": 0, "TOV": 1, "PF": 1, "PTS": 3, "PLUS_MINUS": -10, "VIDEO_AVAILABLE": 1}, {"SEASON_ID": "22016", "Player_ID": 1626172, "Game_ID": "0021600590", "GAME_DATE": "JAN 12, 2017", "MATCHUP": "GSW vs. DET", "WL": "W", "MIN": 4, "FGM": 1, "FGA": 1, "FG_PCT": 1.0, "FG3M": 0, "FG3A": 0, "FG3_PCT": 0.0, "FTM": 0, "FTA": 0, "FT_PCT": 0.0, "OREB": 0, "DREB": 2, "REB": 2, "AST": 0, "STL": 1, "BLK": 0, "TOV": 0, "PF": 0, "PTS": 2, "PLUS_MINUS": -4, "VIDEO_AVAILABLE": 1}, {"SEASON_ID": "22016", "Player_ID": 1626172, "Game_ID": "0021600534", "GAME_DATE": "JAN 04, 2017", "MATCHUP": "GSW vs. POR", "WL": "W", "MIN": 4, "FGM": 0, "FGA": 1, "FG_PCT": 0.0, "FG3M": 0, "FG3A": 0, "FG3_PCT": 0.0, "FTM": 0, "FTA": 0, "FT_PCT": 0.0, "OREB": 0, "DREB": 0, "REB": 0, "AST": 0, "STL": 0, "BLK": 0, "TOV": 0, "PF": 2, "PTS": 0, "PLUS_MINUS": -3, "VIDEO_AVAILABLE": 1}, {"SEASON_ID": "22016", "Player_ID": 1626172, "Game_ID": "0021600501", "GAME_DATE": "DEC 30, 2016", "MATCHUP": "GSW vs. DAL", "WL": "W", "MIN": 4, "FGM": 0, "FGA": 1, "FG_PCT": 0.0, "FG3M": 0, "FG3A": 0, "FG3_PCT": 0.0, "FTM": 0, "FTA": 0, "FT_PCT": 0.0, "OREB": 0, "DREB": 0, "REB": 0, "AST": 0, "STL": 0, "BLK": 0, "TOV": 1, "PF": 0, "PTS": 0, "PLUS_MINUS": -7, "VIDEO_AVAILABLE": 1}, {"SEASON_ID": "22016", "Player_ID": 1626172, "Game_ID": "0021600457", "GAME_DATE": "DEC 25, 2016", "MATCHUP": "GSW @ CLE", "WL": "L", "MIN": 5, "FGM": 0, "FGA": 0, "FG_PCT": 0.0, "FG3M": 0, "FG3A": 0, "FG3_PCT": 0.0, "FTM": 0, "FTA": 0, "FT_PCT": 0.0, "OREB": 0, "DREB": 1, "REB": 1, "AST": 0, "STL": 0, "BLK": 0, "TOV": 0, "PF": 1, "PTS": 0, "PLUS_MINUS": 1, "VIDEO_AVAILABLE": 1}, {"SEASON_ID": "22016", "Player_ID": 1626172, "Game_ID": "0021600437", "GAME_DATE": "DEC 22, 2016", "MATCHUP": "GSW @ BKN", "WL": "W", "MIN": 18, "FGM": 2, "FGA": 5, "FG_PCT": 0.4, "FG3M": 0, "FG3A": 0, "FG3_PCT": 0.0, "FTM": 0, "FTA": 0, "FT_PCT": 0.0, "OREB": 2, "DREB": 4, "REB": 6, "AST": 5, "STL": 1, "BLK": 1, "TOV": 0, "PF": 2, "PTS": 4, "PLUS_MINUS": 14, "VIDEO_AVAILABLE": 1}, {"SEASON_ID": "22016", "Player_ID": 1626172, "Game_ID": "0021600427", "GAME_DATE": "DEC 20, 2016", "MATCHUP": "GSW vs. UTA", "WL": "W", "MIN": 9, "FGM": 0, "FGA": 2, "FG_PCT": 0.0, "FG3M": 0, "FG3A": 1, "FG3_PCT": 0.0, "FTM": 0, "FTA": 0, "FT_PCT": 0.0, "OREB": 0, "DREB": 4, "REB": 4, "AST": 1, "STL": 0, "BLK": 1, "TOV": 1, "PF": 1, "PTS": 0, "PLUS_MINUS": -4, "VIDEO_AVAILABLE": 1}, {"SEASON_ID": "22016", "Player_ID": 1626172, "Game_ID": "0021600405", "GAME_DATE": "DEC 17, 2016", "MATCHUP": "GSW vs. POR", "WL": "W", "MIN": 12, "FGM": 2, "FGA": 6, "FG_PCT": 0.333, "FG3M": 0, "FG3A": 0, "FG3_PCT": 0.0, "FTM": 0, "FTA": 0, "FT_PCT": 0.0, "OREB": 2, "DREB": 3, "REB": 5, "AST": 1, "STL": 0, "BLK": 0, "TOV": 0, "PF": 1, "PTS": 4, "PLUS_MINUS": 9, "VIDEO_AVAILABLE": 1}, {"SEASON_ID": "22016", "Player_ID": 1626172, "Game_ID": "0021600388", "GAME_DATE": "DEC 15, 2016", "MATCHUP": "GSW vs. NYK", "WL": "W", "MIN": 15, "FGM": 2, "FGA": 2, "FG_PCT": 1.0, "FG3M": 0, "FG3A": 0, "FG3_PCT": 0.0, "FTM": 1, "FTA": 2, "FT_PCT": 0.5, "OREB": 2, "DREB": 2, "REB": 4, "AST": 0, "STL": 1, "BLK": 1, "TOV": 0, "PF": 2, "PTS": 5, "PLUS_MINUS": -2, "VIDEO_AVAILABLE": 1}, {"SEASON_ID": "22016", "Player_ID": 1626172, "Game_ID": "0021600371", "GAME_DATE": "DEC 13, 2016", "MATCHUP": "GSW @ NOP", "WL": "W", "MIN": 4, "FGM": 0, "FGA": 0, "FG_PCT": 0.0, "FG3M": 0, "FG3A": 0, "FG3_PCT": 0.0, "FTM": 0, "FTA": 0, "FT_PCT": 0.0, "OREB": 1, "DREB": 0, "REB": 1, "AST": 0, "STL": 0, "BLK": 0, "TOV": 1, "PF": 0, "PTS": 0, "PLUS_MINUS": -2, "VIDEO_AVAILABLE": 1}, {"SEASON_ID": "22016", "Player_ID": 1626172, "Game_ID": "0021600358", "GAME_DATE": "DEC 11, 2016", "MATCHUP": "GSW @ MIN", "WL": "W", "MIN": 18, "FGM": 2, "FGA": 2, "FG_PCT": 1.0, "FG3M": 0, "FG3A": 0, "FG3_PCT": 0.0, "FTM": 0, "FTA": 0, "FT_PCT": 0.0, "OREB": 1, "DREB": 2, "REB": 3, "AST": 0, "STL": 1, "BLK": 0, "TOV": 2, "PF": 4, "PTS": 4, "PLUS_MINUS": 3, "VIDEO_AVAILABLE": 1}, {"SEASON_ID": "22016", "Player_ID": 1626172, "Game_ID": "0021600335", "GAME_DATE": "DEC 08, 2016", "MATCHUP": "GSW @ UTA", "WL": "W", "MIN": 3, "FGM": 2, "FGA": 2, "FG_PCT": 1.0, "FG3M": 0, "FG3A": 0, "FG3_PCT": 0.0, "FTM": 0, "FTA": 0, "FT_PCT": 0.0, "OREB": 0, "DREB": 0, "REB": 0, "AST": 0, "STL": 0, "BLK": 1, "TOV": 0, "PF": 0, "PTS": 4, "PLUS_MINUS": 2, "VIDEO_AVAILABLE": 1}, {"SEASON_ID": "22016", "Player_ID": 1626172, "Game_ID": "0021600330", "GAME_DATE": "DEC 07, 2016", "MATCHUP": "GSW @ LAC", "WL": "W", "MIN": 5, "FGM": 1, "FGA": 1, "FG_PCT": 1.0, "FG3M": 0, "FG3A": 0, "FG3_PCT": 0.0, "FTM": 0, "FTA": 0, "FT_PCT": 0.0, "OREB": 2, "DREB": 0, "REB": 2, "AST": 0, "STL": 0, "BLK": 1, "TOV": 0, "PF": 4, "PTS": 2, "PLUS_MINUS": -4, "VIDEO_AVAILABLE": 1}, {"SEASON_ID": "22016", "Player_ID": 1626172, "Game_ID": "0021600314", "GAME_DATE": "DEC 05, 2016", "MATCHUP": "GSW vs. IND", "WL": "W", "MIN": 14, "FGM": 1, "FGA": 4, "FG_PCT": 0.25, "FG3M": 0, "FG3A": 1, "FG3_PCT": 0.0, "FTM": 0, "FTA": 0, "FT_PCT": 0.0, "OREB": 2, "DREB": 3, "REB": 5, "AST": 0, "STL": 0, "BLK": 1, "TOV": 0, "PF": 2, "PTS": 2, "PLUS_MINUS": 7, "VIDEO_AVAILABLE": 1}, {"SEASON_ID": "22016", "Player_ID": 1626172, "Game_ID": "0021600299", "GAME_DATE": "DEC 03, 2016", "MATCHUP": "GSW vs. PHX", "WL": "W", "MIN": 7, "FGM": 2, "FGA": 3, "FG_PCT": 0.667, "FG3M": 0, "FG3A": 1, "FG3_PCT": 0.0, "FTM": 0, "FTA": 0, "FT_PCT": 0.0, "OREB": 0, "DREB": 2, "REB": 2, "AST": 0, "STL": 0, "BLK": 0, "TOV": 0, "PF": 1, "PTS": 4, "PLUS_MINUS": 5, "VIDEO_AVAILABLE": 1}, {"SEASON_ID": "22016", "Player_ID": 1626172, "Game_ID": "0021600281", "GAME_DATE": "DEC 01, 2016", "MATCHUP": "GSW vs. HOU", "WL": "L", "MIN": 1, "FGM": 0, "FGA": 0, "FG_PCT": 0.0, "FG3M": 0, "FG3A": 0, "FG3_PCT": 0.0, "FTM": 0, "FTA": 0, "FT_PCT": 0.0, "OREB": 0, "DREB": 0, "REB": 0, "AST": 0, "STL": 0, "BLK": 1, "TOV": 0, "PF": 0, "PTS": 0, "PLUS_MINUS": -1, "VIDEO_AVAILABLE": 1}, {"SEASON_ID": "22016", "Player_ID": 1626172, "Game_ID": "0021600244", "GAME_DATE": "NOV 26, 2016", "MATCHUP": "GSW vs. MIN", "WL": "W", "MIN": 18, "FGM": 2, "FGA": 3, "FG_PCT": 0.667, "FG3M": 0, "FG3A": 0, "FG3_PCT": 0.0, "FTM": 2, "FTA": 2, "FT_PCT": 1.0, "OREB": 1, "DREB": 2, "REB": 3, "AST": 2, "STL": 2, "BLK": 0, "TOV": 0, "PF": 1, "PTS": 6, "PLUS_MINUS": 8, "VIDEO_AVAILABLE": 1}, {"SEASON_ID": "22016", "Player_ID": 1626172, "Game_ID": "0021600238", "GAME_DATE": "NOV 25, 2016", "MATCHUP": "GSW @ LAL", "WL": "W", "MIN": 13, "FGM": 3, "FGA": 3, "FG_PCT": 1.0, "FG3M": 0, "FG3A": 0, "FG3_PCT": 0.0, "FTM": 0, "FTA": 0, "FT_PCT": 0.0, "OREB": 0, "DREB": 1, "REB": 1, "AST": 0, "STL": 1, "BLK": 2, "TOV": 0, "PF": 1, "PTS": 6, "PLUS_MINUS": 7, "VIDEO_AVAILABLE": 1}, {"SEASON_ID": "22016", "Player_ID": 1626172, "Game_ID": "0021600223", "GAME_DATE": "NOV 23, 2016", "MATCHUP": "GSW vs. LAL", "WL": "W", "MIN": 7, "FGM": 2, "FGA": 2, "FG_PCT": 1.0, "FG3M": 1, "FG3A": 1, "FG3_PCT": 1.0, "FTM": 0, "FTA": 0, "FT_PCT": 0.0, "OREB": 1, "DREB": 4, "REB": 5, "AST": 0, "STL": 0, "BLK": 0, "TOV": 0, "PF": 1, "PTS": 5, "PLUS_MINUS": 16, "VIDEO_AVAILABLE": 1}, {"SEASON_ID": "22016", "Player_ID": 1626172, "Game_ID": "0021600202", "GAME_DATE": "NOV 21, 2016", "MATCHUP": "GSW @ IND", "WL": "W", "MIN": 10, "FGM": 0, "FGA": 1, "FG_PCT": 0.0, "FG3M": 0, "FG3A": 0, "FG3_PCT": 0.0, "FTM": 1, "FTA": 2, "FT_PCT": 0.5, "OREB": 1, "DREB": 6, "REB": 7, "AST": 1, "STL": 0, "BLK": 2, "TOV": 0, "PF": 1, "PTS": 1, "PLUS_MINUS": 7, "VIDEO_AVAILABLE": 1}, {"SEASON_ID": "22016", "Player_ID": 1626172, "Game_ID": "0021600191", "GAME_DATE": "NOV 19, 2016", "MATCHUP": "GSW @ MIL", "WL": "W", "MIN": 4, "FGM": 0, "FGA": 3, "FG_PCT": 0.0, "FG3M": 0, "FG3A": 0, "FG3_PCT": 0.0, "FTM": 0, "FTA": 0, "FT_PCT": 0.0, "OREB": 1, "DREB": 1, "REB": 2, "AST": 0, "STL": 0, "BLK": 0, "TOV": 0, "PF": 2, "PTS": 0, "PLUS_MINUS": -16, "VIDEO_AVAILABLE": 1}, {"SEASON_ID": "22016", "Player_ID": 1626172, "Game_ID": "0021600143", "GAME_DATE": "NOV 13, 2016", "MATCHUP": "GSW vs. PHX", "WL": "W", "MIN": 7, "FGM": 1, "FGA": 1, "FG_PCT": 1.0, "FG3M": 0, "FG3A": 0, "FG3_PCT": 0.0, "FTM": 0, "FTA": 1, "FT_PCT": 0.0, "OREB": 1, "DREB": 1, "REB": 2, "AST": 1, "STL": 0, "BLK": 0, "TOV": 0, "PF": 3, "PTS": 2, "PLUS_MINUS": 6, "VIDEO_AVAILABLE": 1}, {"SEASON_ID": "22016", "Player_ID": 1626172, "Game_ID": "0021600119", "GAME_DATE": "NOV 10, 2016", "MATCHUP": "GSW @ DEN", "WL": "W", "MIN": 6, "FGM": 1, "FGA": 1, "FG_PCT": 1.0, "FG3M": 0, "FG3A": 0, "FG3_PCT": 0.0, "FTM": 0, "FTA": 0, "FT_PCT": 0.0, "OREB": 1, "DREB": 1, "REB": 2, "AST": 1, "STL": 0, "BLK": 1, "TOV": 0, "PF": 0, "PTS": 2, "PLUS_MINUS": -2, "VIDEO_AVAILABLE": 1}, {"SEASON_ID": "22016", "Player_ID": 1626172, "Game_ID": "0021600116", "GAME_DATE": "NOV 09, 2016", "MATCHUP": "GSW vs. DAL", "WL": "W", "MIN": 11, "FGM": 1, "FGA": 1, "FG_PCT": 1.0, "FG3M": 0, "FG3A": 0, "FG3_PCT": 0.0, "FTM": 3, "FTA": 5, "FT_PCT": 0.6, "OREB": 0, "DREB": 0, "REB": 0, "AST": 1, "STL": 0, "BLK": 1, "TOV": 0, "PF": 1, "PTS": 5, "PLUS_MINUS": 4, "VIDEO_AVAILABLE": 1}, {"SEASON_ID": "22016", "Player_ID": 1626172, "Game_ID": "0021600099", "GAME_DATE": "NOV 07, 2016", "MATCHUP": "GSW vs. NOP", "WL": "W", "MIN": 9, "FGM": 1, "FGA": 2, "FG_PCT": 0.5, "FG3M": 0, "FG3A": 0, "FG3_PCT": 0.0, "FTM": 0, "FTA": 0, "FT_PCT": 0.0, "OREB": 0, "DREB": 0, "REB": 0, "AST": 0, "STL": 0, "BLK": 0, "TOV": 0, "PF": 4, "PTS": 2, "PLUS_MINUS": 3, "VIDEO_AVAILABLE": 1}, {"SEASON_ID": "22016", "Player_ID": 1626172, "Game_ID": "0021600078", "GAME_DATE": "NOV 04, 2016", "MATCHUP": "GSW @ LAL", "WL": "L", "MIN": 13, "FGM": 5, "FGA": 5, "FG_PCT": 1.0, "FG3M": 0, "FG3A": 0, "FG3_PCT": 0.0, "FTM": 1, "FTA": 2, "FT_PCT": 0.5, "OREB": 2, "DREB": 3, "REB": 5, "AST": 0, "STL": 0, "BLK": 0, "TOV": 1, "PF": 1, "PTS": 11, "PLUS_MINUS": -2, "VIDEO_AVAILABLE": 1}, {"SEASON_ID": "22016", "Player_ID": 1626172, "Game_ID": "0021600069", "GAME_DATE": "NOV 03, 2016", "MATCHUP": "GSW vs. OKC", "WL": "W", "MIN": 11, "FGM": 2, "FGA": 2, "FG_PCT": 1.0, "FG3M": 0, "FG3A": 0, "FG3_PCT": 0.0, "FTM": 0, "FTA": 0, "FT_PCT": 0.0, "OREB": 2, "DREB": 4, "REB": 6, "AST": 1, "STL": 1, "BLK": 1, "TOV": 0, "PF": 0, "PTS": 4, "PLUS_MINUS": 0, "VIDEO_AVAILABLE": 1}, {"SEASON_ID": "22016", "Player_ID": 1626172, "Game_ID": "0021600054", "GAME_DATE": "NOV 01, 2016", "MATCHUP": "GSW @ POR", "WL": "W", "MIN": 8, "FGM": 1, "FGA": 3, "FG_PCT": 0.333, "FG3M": 0, "FG3A": 0, "FG3_PCT": 0.0, "FTM": 0, "FTA": 0, "FT_PCT": 0.0, "OREB": 2, "DREB": 2, "REB": 4, "AST": 1, "STL": 0, "BLK": 0, "TOV": 1, "PF": 2, "PTS": 2, "PLUS_MINUS": -10, "VIDEO_AVAILABLE": 1}, {"SEASON_ID": "22016", "Player_ID": 1626172, "Game_ID": "0021600036", "GAME_DATE": "OCT 30, 2016", "MATCHUP": "GSW @ PHX", "WL": "W", "MIN": 3, "FGM": 1, "FGA": 2, "FG_PCT": 0.5, "FG3M": 0, "FG3A": 0, "FG3_PCT": 0.0, "FTM": 0, "FTA": 1, "FT_PCT": 0.0, "OREB": 0, "DREB": 0, "REB": 0, "AST": 0, "STL": 0, "BLK": 0, "TOV": 1, "PF": 2, "PTS": 2, "PLUS_MINUS": -4, "VIDEO_AVAILABLE": 1}, {"SEASON_ID": "22016", "Player_ID": 1626172, "Game_ID": "0021600025", "GAME_DATE": "OCT 28, 2016", "MATCHUP": "GSW @ NOP", "WL": "W", "MIN": 7, "FGM": 1, "FGA": 1, "FG_PCT": 1.0, "FG3M": 0, "FG3A": 0, "FG3_PCT": 0.0, "FTM": 2, "FTA": 2, "FT_PCT": 1.0, "OREB": 1, "DREB": 2, "REB": 3, "AST": 2, "STL": 0, "BLK": 0, "TOV": 0, "PF": 2, "PTS": 4, "PLUS_MINUS": 13, "VIDEO_AVAILABLE": 1}, {"SEASON_ID": "22016", "Player_ID": 1626172, "Game_ID": "0021600003", "GAME_DATE": "OCT 25, 2016", "MATCHUP": "GSW vs. SAS", "WL": "L", "MIN": 4, "FGM": 0, "FGA": 0, "FG_PCT": 0.0, "FG3M": 0, "FG3A": 0, "FG3_PCT": 0.0, "FTM": 0, "FTA": 0, "FT_PCT": 0.0, "OREB": 0, "DREB": 0, "REB": 0, "AST": 0, "STL": 0, "BLK": 0, "TOV": 0, "PF": 0, "PTS": 0, "PLUS_MINUS": -6, "VIDEO_AVAILABLE": 1}]