{"firstName": "Kevon", "lastName": "Looney", "temporaryDisplayName": "Looney, Kevon", "personId": "1626172", "teamId": "1610612744", "jersey": "5", "isActive": true, "pos": "F", "heightFeet": "6", "heightInches": "9", "heightMeters": "2.06", "weightPounds": "220", "weightKilograms": "99.8", "dateOfBirthUTC": "1996-02-06", "teamSitesOnly": {"playerCode": "kevon_looney", "posFull": "Forward", "displayAffiliation": "UCLA/USA", "freeAgentCode": ""}, "teams": [{"teamId": "1610612744", "seasonStart": "2015", "seasonEnd": "2019"}], "draft": {"teamId": "1610612744", "pickNum": "30", "roundNum": "1", "seasonYear": "2015"}, "nbaDebutYear": "2015", "yearsPro": "4", "collegeName": "UCLA", "lastAffiliation": "UCLA/USA", "country": "USA"}