{"firstName": "Devonte'", "lastName": "Graham", "temporaryDisplayName": "Graham, Devonte'", "personId": "1628984", "teamId": "1610612766", "jersey": "4", "isActive": true, "pos": "G", "heightFeet": "6", "heightInches": "2", "heightMeters": "1.88", "weightPounds": "185", "weightKilograms": "83.9", "dateOfBirthUTC": "1995-02-22", "teamSitesOnly": {"playerCode": "devonte_graham", "posFull": "Guard", "displayAffiliation": "Kansas/USA", "freeAgentCode": ""}, "teams": [{"teamId": "1610612766", "seasonStart": "2018", "seasonEnd": "2019"}], "draft": {"teamId": "1610612737", "pickNum": "34", "roundNum": "2", "seasonYear": "2018"}, "nbaDebutYear": "2018", "yearsPro": "1", "collegeName": "Kansas", "lastAffiliation": "University of Kansas/USA", "country": "USA"}