{"firstName": "Eric", "lastName": "Paschall", "temporaryDisplayName": "Paschall, Eric", "personId": "1629672", "teamId": "1610612744", "jersey": "7", "isActive": true, "pos": "F", "heightFeet": "6", "heightInches": "9", "heightMeters": "2.06", "weightPounds": "255", "weightKilograms": "115.7", "dateOfBirthUTC": "1996-11-04", "teamSitesOnly": {"playerCode": "eric_paschall", "posFull": "Forward", "displayAffiliation": "Villanova/USA", "freeAgentCode": ""}, "teams": [{"teamId": "1610612744", "seasonStart": "2019", "seasonEnd": "2019"}], "draft": {"teamId": "1610612744", "pickNum": "41", "roundNum": "2", "seasonYear": "2019"}, "nbaDebutYear": "", "yearsPro": "0", "collegeName": "Villanova", "lastAffiliation": "Villanova University/USA", "country": "USA"}