[{"SEASON_ID": "22018", "Player_ID": 1628417, "Game_ID": "0021800826", "GAME_DATE": "FEB 09, 2019", "MATCHUP": "CLE @ IND", "WL": "L", "MIN": 15, "FGM": 1, "FGA": 6, "FG_PCT": 0.167, "FG3M": 0, "FG3A": 5, "FG3_PCT": 0.0, "FTM": 0, "FTA": 0, "FT_PCT": 0.0, "OREB": 0, "DREB": 2, "REB": 2, "AST": 0, "STL": 0, "BLK": 0, "TOV": 0, "PF": 0, "PTS": 2, "PLUS_MINUS": 2, "VIDEO_AVAILABLE": 1}, {"SEASON_ID": "22018", "Player_ID": 1628417, "Game_ID": "0021800797", "GAME_DATE": "FEB 05, 2019", "MATCHUP": "CLE vs. BOS", "WL": "L", "MIN": 18, "FGM": 2, "FGA": 5, "FG_PCT": 0.4, "FG3M": 0, "FG3A": 2, "FG3_PCT": 0.0, "FTM": 0, "FTA": 0, "FT_PCT": 0.0, "OREB": 1, "DREB": 3, "REB": 4, "AST": 2, "STL": 0, "BLK": 0, "TOV": 0, "PF": 0, "PTS": 4, "PLUS_MINUS": -7, "VIDEO_AVAILABLE": 1}, {"SEASON_ID": "22018", "Player_ID": 1628417, "Game_ID": "0021800780", "GAME_DATE": "FEB 02, 2019", "MATCHUP": "CLE vs. DAL", "WL": "L", "MIN": 2, "FGM": 0, "FGA": 1, "FG_PCT": 0.0, "FG3M": 0, "FG3A": 0, "FG3_PCT": 0.0, "FTM": 0, "FTA": 0, "FT_PCT": 0.0, "OREB": 0, "DREB": 1, "REB": 1, "AST": 0, "STL": 0, "BLK": 0, "TOV": 0, "PF": 0, "PTS": 0, "PLUS_MINUS": 3, "VIDEO_AVAILABLE": 1}, {"SEASON_ID": "22018", "Player_ID": 1628417, "Game_ID": "0021800722", "GAME_DATE": "JAN 25, 2019", "MATCHUP": "CLE vs. MIA", "WL": "L", "MIN": 3, "FGM": 0, "FGA": 1, "FG_PCT": 0.0, "FG3M": 0, "FG3A": 0, "FG3_PCT": 0.0, "FTM": 0, "FTA": 0, "FT_PCT": 0.0, "OREB": 0, "DREB": 1, "REB": 1, "AST": 0, "STL": 0, "BLK": 0, "TOV": 0, "PF": 0, "PTS": 0, "PLUS_MINUS": 2, "VIDEO_AVAILABLE": 1}, {"SEASON_ID": "22018", "Player_ID": 1628417, "Game_ID": "0021800707", "GAME_DATE": "JAN 23, 2019", "MATCHUP": "CLE @ BOS", "WL": "L", "MIN": 22, "FGM": 2, "FGA": 4, "FG_PCT": 0.5, "FG3M": 1, "FG3A": 2, "FG3_PCT": 0.5, "FTM": 0, "FTA": 0, "FT_PCT": 0.0, "OREB": 1, "DREB": 2, "REB": 3, "AST": 0, "STL": 0, "BLK": 1, "TOV": 2, "PF": 1, "PTS": 5, "PLUS_MINUS": -20, "VIDEO_AVAILABLE": 1}, {"SEASON_ID": "22018", "Player_ID": 1628417, "Game_ID": "0021800692", "GAME_DATE": "JAN 21, 2019", "MATCHUP": "CLE vs. CHI", "WL": "L", "MIN": 17, "FGM": 3, "FGA": 8, "FG_PCT": 0.375, "FG3M": 0, "FG3A": 0, "FG3_PCT": 0.0, "FTM": 1, "FTA": 2, "FT_PCT": 0.5, "OREB": 4, "DREB": 2, "REB": 6, "AST": 0, "STL": 0, "BLK": 1, "TOV": 0, "PF": 1, "PTS": 7, "PLUS_MINUS": 8, "VIDEO_AVAILABLE": 1}, {"SEASON_ID": "22018", "Player_ID": 1628417, "Game_ID": "0021800687", "GAME_DATE": "JAN 19, 2019", "MATCHUP": "CLE @ DEN", "WL": "L", "MIN": 19, "FGM": 1, "FGA": 3, "FG_PCT": 0.333, "FG3M": 0, "FG3A": 1, "FG3_PCT": 0.0, "FTM": 0, "FTA": 0, "FT_PCT": 0.0, "OREB": 0, "DREB": 1, "REB": 1, "AST": 2, "STL": 1, "BLK": 0, "TOV": 1, "PF": 1, "PTS": 2, "PLUS_MINUS": -11, "VIDEO_AVAILABLE": 1}, {"SEASON_ID": "22018", "Player_ID": 1628417, "Game_ID": "0021800675", "GAME_DATE": "JAN 18, 2019", "MATCHUP": "CLE @ UTA", "WL": "L", "MIN": 24, "FGM": 4, "FGA": 4, "FG_PCT": 1.0, "FG3M": 0, "FG3A": 0, "FG3_PCT": 0.0, "FTM": 3, "FTA": 4, "FT_PCT": 0.75, "OREB": 1, "DREB": 4, "REB": 5, "AST": 0, "STL": 0, "BLK": 0, "TOV": 0, "PF": 4, "PTS": 11, "PLUS_MINUS": 7, "VIDEO_AVAILABLE": 1}, {"SEASON_ID": "22018", "Player_ID": 1628417, "Game_ID": "0021800662", "GAME_DATE": "JAN 16, 2019", "MATCHUP": "CLE @ POR", "WL": "L", "MIN": 29, "FGM": 4, "FGA": 8, "FG_PCT": 0.5, "FG3M": 0, "FG3A": 2, "FG3_PCT": 0.0, "FTM": 0, "FTA": 0, "FT_PCT": 0.0, "OREB": 0, "DREB": 10, "REB": 10, "AST": 1, "STL": 0, "BLK": 2, "TOV": 0, "PF": 2, "PTS": 8, "PLUS_MINUS": -1, "VIDEO_AVAILABLE": 1}, {"SEASON_ID": "22018", "Player_ID": 1628417, "Game_ID": "0021800644", "GAME_DATE": "JAN 13, 2019", "MATCHUP": "CLE @ LAL", "WL": "W", "MIN": 9, "FGM": 1, "FGA": 3, "FG_PCT": 0.333, "FG3M": 0, "FG3A": 0, "FG3_PCT": 0.0, "FTM": 0, "FTA": 0, "FT_PCT": 0.0, "OREB": 2, "DREB": 1, "REB": 3, "AST": 0, "STL": 0, "BLK": 0, "TOV": 0, "PF": 2, "PTS": 2, "PLUS_MINUS": -4, "VIDEO_AVAILABLE": 1}, {"SEASON_ID": "22018", "Player_ID": 1628417, "Game_ID": "0021800625", "GAME_DATE": "JAN 11, 2019", "MATCHUP": "CLE @ HOU", "WL": "L", "MIN": 5, "FGM": 1, "FGA": 1, "FG_PCT": 1.0, "FG3M": 0, "FG3A": 0, "FG3_PCT": 0.0, "FTM": 0, "FTA": 0, "FT_PCT": 0.0, "OREB": 0, "DREB": 1, "REB": 1, "AST": 0, "STL": 0, "BLK": 0, "TOV": 0, "PF": 0, "PTS": 2, "PLUS_MINUS": 14, "VIDEO_AVAILABLE": 1}, {"SEASON_ID": "22018", "Player_ID": 1628417, "Game_ID": "0021800612", "GAME_DATE": "JAN 09, 2019", "MATCHUP": "CLE @ NOP", "WL": "L", "MIN": 5, "FGM": 3, "FGA": 3, "FG_PCT": 1.0, "FG3M": 0, "FG3A": 0, "FG3_PCT": 0.0, "FTM": 0, "FTA": 0, "FT_PCT": 0.0, "OREB": 1, "DREB": 0, "REB": 1, "AST": 0, "STL": 0, "BLK": 0, "TOV": 0, "PF": 0, "PTS": 6, "PLUS_MINUS": 2, "VIDEO_AVAILABLE": 1}, {"SEASON_ID": "22018", "Player_ID": 1628417, "Game_ID": "0021800555", "GAME_DATE": "JAN 02, 2019", "MATCHUP": "CLE vs. MIA", "WL": "L", "MIN": 3, "FGM": 0, "FGA": 0, "FG_PCT": 0.0, "FG3M": 0, "FG3A": 0, "FG3_PCT": 0.0, "FTM": 0, "FTA": 0, "FT_PCT": 0.0, "OREB": 0, "DREB": 2, "REB": 2, "AST": 0, "STL": 0, "BLK": 0, "TOV": 1, "PF": 0, "PTS": 0, "PLUS_MINUS": -1, "VIDEO_AVAILABLE": 1}, {"SEASON_ID": "22018", "Player_ID": 1628417, "Game_ID": "0021800529", "GAME_DATE": "DEC 29, 2018", "MATCHUP": "CLE @ ATL", "WL": "L", "MIN": 23, "FGM": 1, "FGA": 5, "FG_PCT": 0.2, "FG3M": 0, "FG3A": 2, "FG3_PCT": 0.0, "FTM": 0, "FTA": 0, "FT_PCT": 0.0, "OREB": 1, "DREB": 1, "REB": 2, "AST": 0, "STL": 0, "BLK": 0, "TOV": 2, "PF": 0, "PTS": 2, "PLUS_MINUS": -9, "VIDEO_AVAILABLE": 1}, {"SEASON_ID": "22018", "Player_ID": 1628417, "Game_ID": "0021800521", "GAME_DATE": "DEC 28, 2018", "MATCHUP": "CLE @ MIA", "WL": "L", "MIN": 33, "FGM": 2, "FGA": 10, "FG_PCT": 0.2, "FG3M": 1, "FG3A": 4, "FG3_PCT": 0.25, "FTM": 2, "FTA": 2, "FT_PCT": 1.0, "OREB": 2, "DREB": 8, "REB": 10, "AST": 0, "STL": 2, "BLK": 1, "TOV": 0, "PF": 0, "PTS": 7, "PLUS_MINUS": -13, "VIDEO_AVAILABLE": 1}, {"SEASON_ID": "22018", "Player_ID": 1628417, "Game_ID": "0021800508", "GAME_DATE": "DEC 26, 2018", "MATCHUP": "CLE @ MEM", "WL": "L", "MIN": 19, "FGM": 2, "FGA": 5, "FG_PCT": 0.4, "FG3M": 1, "FG3A": 2, "FG3_PCT": 0.5, "FTM": 0, "FTA": 0, "FT_PCT": 0.0, "OREB": 3, "DREB": 1, "REB": 4, "AST": 1, "STL": 0, "BLK": 0, "TOV": 0, "PF": 2, "PTS": 5, "PLUS_MINUS": 0, "VIDEO_AVAILABLE": 1}, {"SEASON_ID": "22018", "Player_ID": 1628417, "Game_ID": "0021800490", "GAME_DATE": "DEC 23, 2018", "MATCHUP": "CLE vs. CHI", "WL": "L", "MIN": 22, "FGM": 0, "FGA": 2, "FG_PCT": 0.0, "FG3M": 0, "FG3A": 1, "FG3_PCT": 0.0, "FTM": 0, "FTA": 0, "FT_PCT": 0.0, "OREB": 0, "DREB": 2, "REB": 2, "AST": 0, "STL": 1, "BLK": 0, "TOV": 1, "PF": 1, "PTS": 0, "PLUS_MINUS": -11, "VIDEO_AVAILABLE": 1}, {"SEASON_ID": "22018", "Player_ID": 1628417, "Game_ID": "0021800470", "GAME_DATE": "DEC 21, 2018", "MATCHUP": "CLE @ TOR", "WL": "L", "MIN": 30, "FGM": 2, "FGA": 4, "FG_PCT": 0.5, "FG3M": 1, "FG3A": 2, "FG3_PCT": 0.5, "FTM": 0, "FTA": 0, "FT_PCT": 0.0, "OREB": 1, "DREB": 1, "REB": 2, "AST": 0, "STL": 1, "BLK": 1, "TOV": 2, "PF": 0, "PTS": 5, "PLUS_MINUS": -10, "VIDEO_AVAILABLE": 1}, {"SEASON_ID": "22018", "Player_ID": 1628417, "Game_ID": "0021800455", "GAME_DATE": "DEC 19, 2018", "MATCHUP": "CLE @ CHA", "WL": "L", "MIN": 23, "FGM": 6, "FGA": 7, "FG_PCT": 0.857, "FG3M": 3, "FG3A": 4, "FG3_PCT": 0.75, "FTM": 0, "FTA": 0, "FT_PCT": 0.0, "OREB": 1, "DREB": 0, "REB": 1, "AST": 2, "STL": 0, "BLK": 0, "TOV": 1, "PF": 0, "PTS": 15, "PLUS_MINUS": -8, "VIDEO_AVAILABLE": 1}, {"SEASON_ID": "22018", "Player_ID": 1628417, "Game_ID": "0021800451", "GAME_DATE": "DEC 18, 2018", "MATCHUP": "CLE @ IND", "WL": "W", "MIN": 23, "FGM": 3, "FGA": 6, "FG_PCT": 0.5, "FG3M": 0, "FG3A": 3, "FG3_PCT": 0.0, "FTM": 1, "FTA": 2, "FT_PCT": 0.5, "OREB": 2, "DREB": 6, "REB": 8, "AST": 1, "STL": 1, "BLK": 1, "TOV": 0, "PF": 2, "PTS": 7, "PLUS_MINUS": 12, "VIDEO_AVAILABLE": 1}, {"SEASON_ID": "22018", "Player_ID": 1628417, "Game_ID": "0021800437", "GAME_DATE": "DEC 16, 2018", "MATCHUP": "CLE vs. PHI", "WL": "L", "MIN": 9, "FGM": 0, "FGA": 2, "FG_PCT": 0.0, "FG3M": 0, "FG3A": 0, "FG3_PCT": 0.0, "FTM": 0, "FTA": 0, "FT_PCT": 0.0, "OREB": 1, "DREB": 3, "REB": 4, "AST": 1, "STL": 0, "BLK": 0, "TOV": 0, "PF": 2, "PTS": 0, "PLUS_MINUS": -5, "VIDEO_AVAILABLE": 1}, {"SEASON_ID": "22018", "Player_ID": 1628417, "Game_ID": "0021800423", "GAME_DATE": "DEC 14, 2018", "MATCHUP": "CLE vs. MIL", "WL": "L", "MIN": 11, "FGM": 0, "FGA": 2, "FG_PCT": 0.0, "FG3M": 0, "FG3A": 1, "FG3_PCT": 0.0, "FTM": 0, "FTA": 0, "FT_PCT": 0.0, "OREB": 1, "DREB": 4, "REB": 5, "AST": 1, "STL": 0, "BLK": 0, "TOV": 0, "PF": 0, "PTS": 0, "PLUS_MINUS": 0, "VIDEO_AVAILABLE": 1}, {"SEASON_ID": "22018", "Player_ID": 1628417, "Game_ID": "0021800406", "GAME_DATE": "DEC 12, 2018", "MATCHUP": "CLE vs. NYK", "WL": "W", "MIN": 11, "FGM": 2, "FGA": 2, "FG_PCT": 1.0, "FG3M": 0, "FG3A": 0, "FG3_PCT": 0.0, "FTM": 1, "FTA": 1, "FT_PCT": 1.0, "OREB": 0, "DREB": 3, "REB": 3, "AST": 0, "STL": 1, "BLK": 0, "TOV": 0, "PF": 0, "PTS": 5, "PLUS_MINUS": -1, "VIDEO_AVAILABLE": 1}, {"SEASON_ID": "22018", "Player_ID": 1628417, "Game_ID": "0021800395", "GAME_DATE": "DEC 10, 2018", "MATCHUP": "CLE @ MIL", "WL": "L", "MIN": 26, "FGM": 3, "FGA": 5, "FG_PCT": 0.6, "FG3M": 3, "FG3A": 5, "FG3_PCT": 0.6, "FTM": 2, "FTA": 2, "FT_PCT": 1.0, "OREB": 1, "DREB": 9, "REB": 10, "AST": 2, "STL": 0, "BLK": 1, "TOV": 0, "PF": 0, "PTS": 11, "PLUS_MINUS": 3, "VIDEO_AVAILABLE": 1}, {"SEASON_ID": "22018", "Player_ID": 1628417, "Game_ID": "0021800381", "GAME_DATE": "DEC 08, 2018", "MATCHUP": "CLE vs. WAS", "WL": "W", "MIN": 20, "FGM": 3, "FGA": 5, "FG_PCT": 0.6, "FG3M": 0, "FG3A": 1, "FG3_PCT": 0.0, "FTM": 0, "FTA": 0, "FT_PCT": 0.0, "OREB": 3, "DREB": 3, "REB": 6, "AST": 0, "STL": 0, "BLK": 0, "TOV": 0, "PF": 2, "PTS": 6, "PLUS_MINUS": 7, "VIDEO_AVAILABLE": 1}, {"SEASON_ID": "22018", "Player_ID": 1628417, "Game_ID": "0021800372", "GAME_DATE": "DEC 07, 2018", "MATCHUP": "CLE vs. SAC", "WL": "L", "MIN": 17, "FGM": 1, "FGA": 3, "FG_PCT": 0.333, "FG3M": 0, "FG3A": 1, "FG3_PCT": 0.0, "FTM": 0, "FTA": 0, "FT_PCT": 0.0, "OREB": 0, "DREB": 0, "REB": 0, "AST": 0, "STL": 0, "BLK": 0, "TOV": 1, "PF": 0, "PTS": 2, "PLUS_MINUS": -2, "VIDEO_AVAILABLE": 1}, {"SEASON_ID": "22018", "Player_ID": 1628417, "Game_ID": "0021800355", "GAME_DATE": "DEC 05, 2018", "MATCHUP": "CLE vs. GSW", "WL": "L", "MIN": 3, "FGM": 0, "FGA": 1, "FG_PCT": 0.0, "FG3M": 0, "FG3A": 1, "FG3_PCT": 0.0, "FTM": 0, "FTA": 0, "FT_PCT": 0.0, "OREB": 0, "DREB": 1, "REB": 1, "AST": 0, "STL": 0, "BLK": 0, "TOV": 0, "PF": 0, "PTS": 0, "PLUS_MINUS": 0, "VIDEO_AVAILABLE": 1}]