{"firstName": "Jaron", "lastName": "Blossomgame", "temporaryDisplayName": "Blossomgame, Jaron", "personId": "1628417", "teamId": "1610612745", "jersey": "7", "isActive": true, "pos": "F", "heightFeet": "6", "heightInches": "7", "heightMeters": "2.01", "weightPounds": "220", "weightKilograms": "99.8", "dateOfBirthUTC": "1993-09-16", "teamSitesOnly": {"playerCode": "jaron_blossomgame", "posFull": "Forward", "displayAffiliation": "Clemson/USA", "freeAgentCode": ""}, "teams": [{"teamId": "1610612739", "seasonStart": "2018", "seasonEnd": "2018"}, {"teamId": "1610612745", "seasonStart": "2019", "seasonEnd": "2019"}], "draft": {"teamId": "1610612759", "pickNum": "59", "roundNum": "2", "seasonYear": "2017"}, "nbaDebutYear": "2018", "yearsPro": "1", "collegeName": "Clemson", "lastAffiliation": "Clemson/USA", "country": "USA"}