{"firstName": "Mason", "lastName": "Plumlee", "temporaryDisplayName": "Plumlee, Mason", "personId": "203486", "teamId": "1610612743", "jersey": "24", "isActive": true, "pos": "F-C", "heightFeet": "6", "heightInches": "11", "heightMeters": "2.11", "weightPounds": "235", "weightKilograms": "106.6", "dateOfBirthUTC": "1990-03-05", "teamSitesOnly": {"playerCode": "mason_plumlee", "posFull": "Forward-Center", "displayAffiliation": "Duke/USA", "freeAgentCode": ""}, "teams": [{"teamId": "1610612751", "seasonStart": "2013", "seasonEnd": "2014"}, {"teamId": "1610612757", "seasonStart": "2015", "seasonEnd": "2016"}, {"teamId": "1610612743", "seasonStart": "2016", "seasonEnd": "2019"}], "draft": {"teamId": "1610612751", "pickNum": "22", "roundNum": "1", "seasonYear": "2013"}, "nbaDebutYear": "2013", "yearsPro": "6", "collegeName": "Duke", "lastAffiliation": "Duke/USA", "country": "USA"}