{"firstName": "Abdel", "lastName": "Nader", "temporaryDisplayName": "Nader, Abdel", "personId": "1627846", "teamId": "1610612760", "jersey": "11", "isActive": true, "pos": "F", "heightFeet": "6", "heightInches": "6", "heightMeters": "1.98", "weightPounds": "225", "weightKilograms": "102.1", "dateOfBirthUTC": "1993-09-25", "teamSitesOnly": {"playerCode": "abdel_nader", "posFull": "Forward", "displayAffiliation": "Iowa State/Egypt", "freeAgentCode": ""}, "teams": [{"teamId": "1610612738", "seasonStart": "2017", "seasonEnd": "2017"}, {"teamId": "1610612760", "seasonStart": "2018", "seasonEnd": "2019"}], "draft": {"teamId": "1610612738", "pickNum": "58", "roundNum": "2", "seasonYear": "2016"}, "nbaDebutYear": "2017", "yearsPro": "2", "collegeName": "Iowa State", "lastAffiliation": "Egypt/Egypt", "country": "Egypt"}