{"firstName": "Bismack", "lastName": "Biyombo", "temporaryDisplayName": "Biyombo, Bismack", "personId": "202687", "teamId": "1610612766", "jersey": "8", "isActive": true, "pos": "C", "heightFeet": "6", "heightInches": "9", "heightMeters": "2.06", "weightPounds": "255", "weightKilograms": "115.7", "dateOfBirthUTC": "1992-08-28", "teamSitesOnly": {"playerCode": "bismack_biyombo", "posFull": "Center", "displayAffiliation": "Baloncesto Fuenlabrada/DRC", "freeAgentCode": ""}, "teams": [{"teamId": "1610612766", "seasonStart": "2011", "seasonEnd": "2014"}, {"teamId": "1610612761", "seasonStart": "2015", "seasonEnd": "2015"}, {"teamId": "1610612753", "seasonStart": "2016", "seasonEnd": "2017"}, {"teamId": "1610612766", "seasonStart": "2018", "seasonEnd": "2019"}], "draft": {"teamId": "1610612758", "pickNum": "7", "roundNum": "1", "seasonYear": "2011"}, "nbaDebutYear": "2011", "yearsPro": "8", "collegeName": " ", "lastAffiliation": "Baloncesto Fuenlabrada/Democratic Republic of Cong", "country": "Democratic Republic of the Congo"}