{"firstName": "Caleb", "lastName": "Swanigan", "temporaryDisplayName": "Swanigan, Caleb", "personId": "1628403", "teamId": "1610612758", "jersey": "50", "isActive": true, "pos": "F", "heightFeet": "6", "heightInches": "9", "heightMeters": "2.06", "weightPounds": "260", "weightKilograms": "117.9", "dateOfBirthUTC": "1997-04-18", "teamSitesOnly": {"playerCode": "caleb_swanigan", "posFull": "Forward", "displayAffiliation": "Purdue/USA", "freeAgentCode": ""}, "teams": [{"teamId": "1610612757", "seasonStart": "2017", "seasonEnd": "2018"}, {"teamId": "1610612758", "seasonStart": "2018", "seasonEnd": "2019"}], "draft": {"teamId": "1610612757", "pickNum": "26", "roundNum": "1", "seasonYear": "2017"}, "nbaDebutYear": "2017", "yearsPro": "2", "collegeName": "Purdue", "lastAffiliation": "Purdue/USA", "country": "USA"}