[{"SEASON_ID": "22018", "Player_ID": 1628421, "Game_ID": "0021801211", "GAME_DATE": "APR 09, 2019", "MATCHUP": "WAS vs. BOS", "WL": "L", "MIN": 30, "FGM": 7, "FGA": 10, "FG_PCT": 0.7, "FG3M": 0, "FG3A": 1, "FG3_PCT": 0.0, "FTM": 0, "FTA": 0, "FT_PCT": 0.0, "OREB": 3, "DREB": 2, "REB": 5, "AST": 3, "STL": 0, "BLK": 1, "TOV": 2, "PF": 4, "PTS": 14, "PLUS_MINUS": -6, "VIDEO_AVAILABLE": 1}, {"SEASON_ID": "22018", "Player_ID": 1628421, "Game_ID": "0021801204", "GAME_DATE": "APR 07, 2019", "MATCHUP": "WAS @ NYK", "WL": "L", "MIN": 18, "FGM": 3, "FGA": 7, "FG_PCT": 0.429, "FG3M": 0, "FG3A": 1, "FG3_PCT": 0.0, "FTM": 4, "FTA": 6, "FT_PCT": 0.667, "OREB": 0, "DREB": 3, "REB": 3, "AST": 0, "STL": 1, "BLK": 2, "TOV": 0, "PF": 2, "PTS": 10, "PLUS_MINUS": -8, "VIDEO_AVAILABLE": 1}, {"SEASON_ID": "22018", "Player_ID": 1628421, "Game_ID": "0021801182", "GAME_DATE": "APR 05, 2019", "MATCHUP": "WAS vs. SAS", "WL": "L", "MIN": 14, "FGM": 1, "FGA": 2, "FG_PCT": 0.5, "FG3M": 0, "FG3A": 0, "FG3_PCT": 0.0, "FTM": 2, "FTA": 2, "FT_PCT": 1.0, "OREB": 1, "DREB": 4, "REB": 5, "AST": 1, "STL": 0, "BLK": 2, "TOV": 0, "PF": 3, "PTS": 4, "PLUS_MINUS": 0, "VIDEO_AVAILABLE": 1}, {"SEASON_ID": "22018", "Player_ID": 1628421, "Game_ID": "0021800608", "GAME_DATE": "JAN 09, 2019", "MATCHUP": "WAS vs. PHI", "WL": "W", "MIN": 3, "FGM": 1, "FGA": 2, "FG_PCT": 0.5, "FG3M": 0, "FG3A": 0, "FG3_PCT": 0.0, "FTM": 0, "FTA": 0, "FT_PCT": 0.0, "OREB": 0, "DREB": 0, "REB": 0, "AST": 1, "STL": 0, "BLK": 0, "TOV": 0, "PF": 0, "PTS": 2, "PLUS_MINUS": -4, "VIDEO_AVAILABLE": 1}, {"SEASON_ID": "22018", "Player_ID": 1628421, "Game_ID": "0021800600", "GAME_DATE": "JAN 08, 2019", "MATCHUP": "WAS @ PHI", "WL": "L", "MIN": 11, "FGM": 3, "FGA": 4, "FG_PCT": 0.75, "FG3M": 0, "FG3A": 0, "FG3_PCT": 0.0, "FTM": 1, "FTA": 3, "FT_PCT": 0.333, "OREB": 0, "DREB": 1, "REB": 1, "AST": 0, "STL": 1, "BLK": 0, "TOV": 0, "PF": 0, "PTS": 7, "PLUS_MINUS": 9, "VIDEO_AVAILABLE": 1}, {"SEASON_ID": "22018", "Player_ID": 1628421, "Game_ID": "0021800322", "GAME_DATE": "NOV 30, 2018", "MATCHUP": "WAS @ PHI", "WL": "L", "MIN": 15, "FGM": 3, "FGA": 6, "FG_PCT": 0.5, "FG3M": 0, "FG3A": 0, "FG3_PCT": 0.0, "FTM": 2, "FTA": 2, "FT_PCT": 1.0, "OREB": 2, "DREB": 4, "REB": 6, "AST": 0, "STL": 1, "BLK": 1, "TOV": 0, "PF": 2, "PTS": 8, "PLUS_MINUS": 4, "VIDEO_AVAILABLE": 1}, {"SEASON_ID": "22018", "Player_ID": 1628421, "Game_ID": "0021800312", "GAME_DATE": "NOV 28, 2018", "MATCHUP": "WAS @ NOP", "WL": "L", "MIN": 4, "FGM": 1, "FGA": 1, "FG_PCT": 1.0, "FG3M": 0, "FG3A": 0, "FG3_PCT": 0.0, "FTM": 0, "FTA": 1, "FT_PCT": 0.0, "OREB": 0, "DREB": 0, "REB": 0, "AST": 1, "STL": 1, "BLK": 0, "TOV": 0, "PF": 0, "PTS": 2, "PLUS_MINUS": -4, "VIDEO_AVAILABLE": 1}, {"SEASON_ID": "22017", "Player_ID": 1628421, "Game_ID": "0021701222", "GAME_DATE": "APR 11, 2018", "MATCHUP": "WAS @ ORL", "WL": "L", "MIN": 13, "FGM": 1, "FGA": 3, "FG_PCT": 0.333, "FG3M": 0, "FG3A": 0, "FG3_PCT": 0.0, "FTM": 0, "FTA": 0, "FT_PCT": 0.0, "OREB": 2, "DREB": 3, "REB": 5, "AST": 0, "STL": 1, "BLK": 0, "TOV": 0, "PF": 2, "PTS": 2, "PLUS_MINUS": 10, "VIDEO_AVAILABLE": 1}]