{"firstName": "Devin", "lastName": "Robinson", "temporaryDisplayName": "Robinson, Devin", "personId": "1628421", "teamId": "1610612761", "jersey": "11", "isActive": true, "pos": "F", "heightFeet": "6", "heightInches": "8", "heightMeters": "2.03", "weightPounds": "200", "weightKilograms": "90.7", "dateOfBirthUTC": "1995-03-07", "teamSitesOnly": {"playerCode": "devin_robinson", "posFull": "Forward", "displayAffiliation": "Florida/USA", "freeAgentCode": ""}, "teams": [{"teamId": "1610612764", "seasonStart": "2017", "seasonEnd": "2018"}, {"teamId": "1610612761", "seasonStart": "2019", "seasonEnd": "2019"}], "draft": {"teamId": "", "pickNum": "", "roundNum": "", "seasonYear": ""}, "nbaDebutYear": "2017", "yearsPro": "2", "collegeName": "Florida", "lastAffiliation": "Florida/USA", "country": "USA"}