{"firstName": "Naz", "lastName": "Mitrou-Long", "temporaryDisplayName": "Mitrou-Long, Naz", "personId": "1628513", "teamId": "1610612754", "jersey": "15", "isActive": true, "pos": "G", "heightFeet": "6", "heightInches": "4", "heightMeters": "1.93", "weightPounds": "218", "weightKilograms": "98.9", "dateOfBirthUTC": "1993-08-03", "teamSitesOnly": {"playerCode": "naz_mitrou-long", "posFull": "Guard", "displayAffiliation": "Iowa State/Canada", "freeAgentCode": ""}, "teams": [{"teamId": "1610612762", "seasonStart": "2017", "seasonEnd": "2018"}, {"teamId": "1610612754", "seasonStart": "2019", "seasonEnd": "2019"}], "draft": {"teamId": "", "pickNum": "", "roundNum": "", "seasonYear": ""}, "nbaDebutYear": "2017", "yearsPro": "2", "collegeName": "Iowa State", "lastAffiliation": "Iowa State/Canada", "country": "Canada"}