{"firstName": "Derrick", "lastName": "Walton Jr.", "temporaryDisplayName": "Walton Jr., Derrick", "personId": "1628476", "teamId": "1610612746", "jersey": "10", "isActive": true, "pos": "G", "heightFeet": "6", "heightInches": "1", "heightMeters": "1.85", "weightPounds": "189", "weightKilograms": "85.7", "dateOfBirthUTC": "1995-04-03", "teamSitesOnly": {"playerCode": "derrick_walton jr.", "posFull": "Guard", "displayAffiliation": "Michigan/USA", "freeAgentCode": ""}, "teams": [{"teamId": "1610612748", "seasonStart": "2017", "seasonEnd": "2017"}, {"teamId": "1610612746", "seasonStart": "2019", "seasonEnd": "2019"}], "draft": {"teamId": "", "pickNum": "", "roundNum": "", "seasonYear": ""}, "nbaDebutYear": "2017", "yearsPro": "1", "collegeName": "Michigan", "lastAffiliation": "Michigan/USA", "country": "USA"}