[{"SEASON_ID": "22017", "Player_ID": 1627982, "Game_ID": "0021700846", "GAME_DATE": "FEB 12, 2018", "MATCHUP": "PHX @ GSW", "WL": "L", "MIN": 17, "FGM": 2, "FGA": 11, "FG_PCT": 0.182, "FG3M": 0, "FG3A": 3, "FG3_PCT": 0.0, "FTM": 1, "FTA": 2, "FT_PCT": 0.5, "OREB": 0, "DREB": 0, "REB": 0, "AST": 0, "STL": 0, "BLK": 0, "TOV": 2, "PF": 0, "PTS": 5, "PLUS_MINUS": -24, "VIDEO_AVAILABLE": 1}, {"SEASON_ID": "22017", "Player_ID": 1627982, "Game_ID": "0021700832", "GAME_DATE": "FEB 10, 2018", "MATCHUP": "PHX vs. DEN", "WL": "L", "MIN": 13, "FGM": 0, "FGA": 4, "FG_PCT": 0.0, "FG3M": 0, "FG3A": 1, "FG3_PCT": 0.0, "FTM": 3, "FTA": 4, "FT_PCT": 0.75, "OREB": 0, "DREB": 3, "REB": 3, "AST": 2, "STL": 3, "BLK": 1, "TOV": 2, "PF": 0, "PTS": 3, "PLUS_MINUS": -7, "VIDEO_AVAILABLE": 1}, {"SEASON_ID": "22017", "Player_ID": 1627982, "Game_ID": "0021700810", "GAME_DATE": "FEB 07, 2018", "MATCHUP": "PHX vs. SAS", "WL": "L", "MIN": 31, "FGM": 4, "FGA": 16, "FG_PCT": 0.25, "FG3M": 0, "FG3A": 5, "FG3_PCT": 0.0, "FTM": 1, "FTA": 2, "FT_PCT": 0.5, "OREB": 1, "DREB": 3, "REB": 4, "AST": 7, "STL": 4, "BLK": 0, "TOV": 1, "PF": 5, "PTS": 9, "PLUS_MINUS": -19, "VIDEO_AVAILABLE": 1}, {"SEASON_ID": "22017", "Player_ID": 1627982, "Game_ID": "0021700804", "GAME_DATE": "FEB 06, 2018", "MATCHUP": "PHX @ LAL", "WL": "L", "MIN": 17, "FGM": 3, "FGA": 7, "FG_PCT": 0.429, "FG3M": 2, "FG3A": 3, "FG3_PCT": 0.667, "FTM": 0, "FTA": 0, "FT_PCT": 0.0, "OREB": 1, "DREB": 1, "REB": 2, "AST": 2, "STL": 0, "BLK": 0, "TOV": 2, "PF": 2, "PTS": 8, "PLUS_MINUS": -15, "VIDEO_AVAILABLE": 1}, {"SEASON_ID": "22017", "Player_ID": 1627982, "Game_ID": "0021700773", "GAME_DATE": "FEB 02, 2018", "MATCHUP": "PHX vs. UTA", "WL": "L", "MIN": 9, "FGM": 2, "FGA": 3, "FG_PCT": 0.667, "FG3M": 1, "FG3A": 1, "FG3_PCT": 1.0, "FTM": 2, "FTA": 3, "FT_PCT": 0.667, "OREB": 0, "DREB": 1, "REB": 1, "AST": 1, "STL": 1, "BLK": 1, "TOV": 0, "PF": 1, "PTS": 7, "PLUS_MINUS": -4, "VIDEO_AVAILABLE": 1}]