{"firstName": "Josh", "lastName": "Gray", "temporaryDisplayName": "Gray, Josh", "personId": "1627982", "teamId": "1610612740", "jersey": "5", "isActive": true, "pos": "G", "heightFeet": "6", "heightInches": "1", "heightMeters": "1.85", "weightPounds": "180", "weightKilograms": "81.6", "dateOfBirthUTC": "1993-09-09", "teamSitesOnly": {"playerCode": "josh_gray", "posFull": "Guard", "displayAffiliation": "Louisiana State/USA", "freeAgentCode": ""}, "teams": [{"teamId": "1610612756", "seasonStart": "2017", "seasonEnd": "2017"}, {"teamId": "1610612740", "seasonStart": "2019", "seasonEnd": "2019"}], "draft": {"teamId": "", "pickNum": "", "roundNum": "", "seasonYear": ""}, "nbaDebutYear": "2017", "yearsPro": "1", "collegeName": "Louisiana State", "lastAffiliation": "Louisiana State/USA", "country": "USA"}