{"firstName": "Ish", "lastName": "Smith", "temporaryDisplayName": "Smith, Ish", "personId": "202397", "teamId": "1610612764", "jersey": "14", "isActive": true, "pos": "G", "heightFeet": "6", "heightInches": "0", "heightMeters": "1.83", "weightPounds": "175", "weightKilograms": "79.4", "dateOfBirthUTC": "1988-07-05", "teamSitesOnly": {"playerCode": "ish_smith", "posFull": "Guard", "displayAffiliation": "Wake Forest/USA", "freeAgentCode": ""}, "teams": [{"teamId": "1610612745", "seasonStart": "2010", "seasonEnd": "2010"}, {"teamId": "1610612763", "seasonStart": "2010", "seasonEnd": "2010"}, {"teamId": "1610612744", "seasonStart": "2011", "seasonEnd": "2011"}, {"teamId": "1610612753", "seasonStart": "2011", "seasonEnd": "2012"}, {"teamId": "1610612749", "seasonStart": "2012", "seasonEnd": "2012"}, {"teamId": "1610612756", "seasonStart": "2013", "seasonEnd": "2013"}, {"teamId": "1610612755", "seasonStart": "2014", "seasonEnd": "2014"}, {"teamId": "1610612760", "seasonStart": "2014", "seasonEnd": "2014"}, {"teamId": "1610612740", "seasonStart": "2015", "seasonEnd": "2015"}, {"teamId": "1610612755", "seasonStart": "2015", "seasonEnd": "2015"}, {"teamId": "1610612765", "seasonStart": "2016", "seasonEnd": "2018"}, {"teamId": "1610612764", "seasonStart": "2019", "seasonEnd": "2019"}], "draft": {"teamId": "", "pickNum": "", "roundNum": "", "seasonYear": ""}, "nbaDebutYear": "2010", "yearsPro": "9", "collegeName": "Wake Forest", "lastAffiliation": "Wake Forest/USA", "country": "USA"}