{"firstName": "Rui", "lastName": "Hachimura", "temporaryDisplayName": "Hachimura, Rui", "personId": "1629060", "teamId": "1610612764", "jersey": "8", "isActive": true, "pos": "F", "heightFeet": "6", "heightInches": "8", "heightMeters": "2.03", "weightPounds": "230", "weightKilograms": "104.3", "dateOfBirthUTC": "1998-02-08", "teamSitesOnly": {"playerCode": "rui_hachimura", "posFull": "Forward", "displayAffiliation": "Gonzaga/Japan", "freeAgentCode": ""}, "teams": [{"teamId": "1610612764", "seasonStart": "2019", "seasonEnd": "2019"}], "draft": {"teamId": "1610612764", "pickNum": "9", "roundNum": "1", "seasonYear": "2019"}, "nbaDebutYear": "", "yearsPro": "0", "collegeName": "Gonzaga", "lastAffiliation": " Japan/Japan", "country": "Japan"}