{"firstName": "Jared", "lastName": "Harper", "temporaryDisplayName": "Harper, Jared", "personId": "1629607", "teamId": "1610612756", "jersey": "12", "isActive": true, "pos": "G", "heightFeet": "5", "heightInches": "11", "heightMeters": "1.8", "weightPounds": "175", "weightKilograms": "79.4", "dateOfBirthUTC": "1997-09-14", "teamSitesOnly": {"playerCode": "jared_harper", "posFull": "Guard", "displayAffiliation": "Auburn/USA", "freeAgentCode": ""}, "teams": [{"teamId": "1610612756", "seasonStart": "2019", "seasonEnd": "2019"}], "draft": {"teamId": "", "pickNum": "", "roundNum": "", "seasonYear": ""}, "nbaDebutYear": "", "yearsPro": "0", "collegeName": "Auburn", "lastAffiliation": "Auburn University/USA", "country": "USA"}