[{"SEASON_ID": "22018", "Player_ID": 1629015, "Game_ID": "0021801224", "GAME_DATE": "APR 10, 2019", "MATCHUP": "PHI vs. CHI", "WL": "W", "MIN": 32, "FGM": 7, "FGA": 13, "FG_PCT": 0.538, "FG3M": 2, "FG3A": 5, "FG3_PCT": 0.4, "FTM": 1, "FTA": 2, "FT_PCT": 0.5, "OREB": 2, "DREB": 2, "REB": 4, "AST": 5, "STL": 0, "BLK": 0, "TOV": 1, "PF": 0, "PTS": 17, "PLUS_MINUS": 15, "VIDEO_AVAILABLE": 1}, {"SEASON_ID": "22018", "Player_ID": 1629015, "Game_ID": "0021801212", "GAME_DATE": "APR 09, 2019", "MATCHUP": "PHI @ MIA", "WL": "L", "MIN": 30, "FGM": 4, "FGA": 8, "FG_PCT": 0.5, "FG3M": 1, "FG3A": 3, "FG3_PCT": 0.333, "FTM": 2, "FTA": 2, "FT_PCT": 1.0, "OREB": 0, "DREB": 2, "REB": 2, "AST": 2, "STL": 0, "BLK": 0, "TOV": 2, "PF": 3, "PTS": 11, "PLUS_MINUS": -22, "VIDEO_AVAILABLE": 1}, {"SEASON_ID": "22018", "Player_ID": 1629015, "Game_ID": "0021801194", "GAME_DATE": "APR 06, 2019", "MATCHUP": "PHI @ CHI", "WL": "W", "MIN": 16, "FGM": 1, "FGA": 6, "FG_PCT": 0.167, "FG3M": 1, "FG3A": 5, "FG3_PCT": 0.2, "FTM": 0, "FTA": 0, "FT_PCT": 0.0, "OREB": 1, "DREB": 2, "REB": 3, "AST": 1, "STL": 0, "BLK": 0, "TOV": 1, "PF": 0, "PTS": 3, "PLUS_MINUS": 13, "VIDEO_AVAILABLE": 1}, {"SEASON_ID": "22018", "Player_ID": 1629015, "Game_ID": "0021801177", "GAME_DATE": "APR 04, 2019", "MATCHUP": "PHI vs. MIL", "WL": "L", "MIN": 18, "FGM": 1, "FGA": 5, "FG_PCT": 0.2, "FG3M": 1, "FG3A": 2, "FG3_PCT": 0.5, "FTM": 3, "FTA": 4, "FT_PCT": 0.75, "OREB": 0, "DREB": 3, "REB": 3, "AST": 1, "STL": 1, "BLK": 1, "TOV": 2, "PF": 4, "PTS": 6, "PLUS_MINUS": 6, "VIDEO_AVAILABLE": 1}, {"SEASON_ID": "22018", "Player_ID": 1629015, "Game_ID": "0021801158", "GAME_DATE": "APR 01, 2019", "MATCHUP": "PHI @ DAL", "WL": "L", "MIN": 10, "FGM": 0, "FGA": 1, "FG_PCT": 0.0, "FG3M": 0, "FG3A": 0, "FG3_PCT": 0.0, "FTM": 0, "FTA": 0, "FT_PCT": 0.0, "OREB": 0, "DREB": 0, "REB": 0, "AST": 1, "STL": 0, "BLK": 1, "TOV": 0, "PF": 1, "PTS": 0, "PLUS_MINUS": -1, "VIDEO_AVAILABLE": 1}, {"SEASON_ID": "22018", "Player_ID": 1629015, "Game_ID": "0021801103", "GAME_DATE": "MAR 25, 2019", "MATCHUP": "PHI @ ORL", "WL": "L", "MIN": 6, "FGM": 1, "FGA": 1, "FG_PCT": 1.0, "FG3M": 1, "FG3A": 1, "FG3_PCT": 1.0, "FTM": 0, "FTA": 0, "FT_PCT": 0.0, "OREB": 0, "DREB": 1, "REB": 1, "AST": 0, "STL": 1, "BLK": 0, "TOV": 0, "PF": 0, "PTS": 3, "PLUS_MINUS": 3, "VIDEO_AVAILABLE": 1}]