{"firstName": "Zhaire", "lastName": "Smith", "temporaryDisplayName": "Smith, Zhaire", "personId": "1629015", "teamId": "1610612755", "jersey": "8", "isActive": true, "pos": "G", "heightFeet": "6", "heightInches": "4", "heightMeters": "1.93", "weightPounds": "199", "weightKilograms": "90.3", "dateOfBirthUTC": "1999-06-04", "teamSitesOnly": {"playerCode": "zhaire_smith", "posFull": "Guard", "displayAffiliation": "Texas Tech/USA", "freeAgentCode": ""}, "teams": [{"teamId": "1610612755", "seasonStart": "2018", "seasonEnd": "2019"}], "draft": {"teamId": "1610612756", "pickNum": "16", "roundNum": "1", "seasonYear": "2018"}, "nbaDebutYear": "2018", "yearsPro": "1", "collegeName": "Texas Tech", "lastAffiliation": "Texas Tech University/USA", "country": "USA"}