{"firstName": "Terry", "lastName": "Rozier", "temporaryDisplayName": "Rozier, Terry", "personId": "1626179", "teamId": "1610612766", "jersey": "3", "isActive": true, "pos": "G", "heightFeet": "6", "heightInches": "1", "heightMeters": "1.85", "weightPounds": "190", "weightKilograms": "86.2", "dateOfBirthUTC": "1994-03-17", "teamSitesOnly": {"playerCode": "terry_rozier", "posFull": "Guard", "displayAffiliation": "Louisville/USA", "freeAgentCode": ""}, "teams": [{"teamId": "1610612738", "seasonStart": "2015", "seasonEnd": "2018"}, {"teamId": "1610612766", "seasonStart": "2019", "seasonEnd": "2019"}], "draft": {"teamId": "1610612738", "pickNum": "16", "roundNum": "1", "seasonYear": "2015"}, "nbaDebutYear": "2015", "yearsPro": "4", "collegeName": "Louisville", "lastAffiliation": "Louisville/USA", "country": "USA"}