{"firstName": "Tyler", "lastName": "Cook", "temporaryDisplayName": "Cook, Tyler", "personId": "1629076", "teamId": "1610612743", "jersey": "34", "isActive": true, "pos": "C", "heightFeet": "6", "heightInches": "9", "heightMeters": "2.06", "weightPounds": "255", "weightKilograms": "115.7", "dateOfBirthUTC": "1997-09-23", "teamSitesOnly": {"playerCode": "tyler_cook", "posFull": "Center", "displayAffiliation": "Iowa/USA", "freeAgentCode": ""}, "teams": [{"teamId": "1610612743", "seasonStart": "2019", "seasonEnd": "2019"}], "draft": {"teamId": "", "pickNum": "", "roundNum": "", "seasonYear": ""}, "nbaDebutYear": "", "yearsPro": "0", "collegeName": "Iowa", "lastAffiliation": "University of Iowa/USA", "country": "USA"}