{"firstName": "Joe", "lastName": "Johnson", "temporaryDisplayName": "Johnson, Joe", "personId": "2207", "teamId": "1610612765", "jersey": "24", "isActive": true, "pos": "G-F", "heightFeet": "6", "heightInches": "7", "heightMeters": "2.01", "weightPounds": "240", "weightKilograms": "108.9", "dateOfBirthUTC": "1981-06-29", "teamSitesOnly": {"playerCode": "joe_johnson", "posFull": "Guard-Forward", "displayAffiliation": "Arkansas/USA", "freeAgentCode": "(FA)"}, "teams": [{"teamId": "1610612738", "seasonStart": "2001", "seasonEnd": "2001"}, {"teamId": "1610612756", "seasonStart": "2001", "seasonEnd": "2004"}, {"teamId": "1610612737", "seasonStart": "2005", "seasonEnd": "2011"}, {"teamId": "1610612751", "seasonStart": "2012", "seasonEnd": "2015"}, {"teamId": "1610612748", "seasonStart": "2015", "seasonEnd": "2015"}, {"teamId": "1610612762", "seasonStart": "2016", "seasonEnd": "2017"}, {"teamId": "1610612745", "seasonStart": "2017", "seasonEnd": "2017"}, {"teamId": "1610612765", "seasonStart": "2019", "seasonEnd": "2019"}], "draft": {"teamId": "1610612738", "pickNum": "10", "roundNum": "1", "seasonYear": "2001"}, "nbaDebutYear": "2001", "yearsPro": "17", "collegeName": "Arkansas", "lastAffiliation": "Arkansas/USA", "country": "USA"}