[{"SEASON_ID": "22018", "Player_ID": 1629019, "Game_ID": "0021801053", "GAME_DATE": "MAR 18, 2019", "MATCHUP": "NYK @ TOR", "WL": "L", "MIN": 31, "FGM": 8, "FGA": 14, "FG_PCT": 0.571, "FG3M": 1, "FG3A": 2, "FG3_PCT": 0.5, "FTM": 5, "FTA": 6, "FT_PCT": 0.833, "OREB": 2, "DREB": 2, "REB": 4, "AST": 3, "STL": 0, "BLK": 0, "TOV": 0, "PF": 2, "PTS": 22, "PLUS_MINUS": -12, "VIDEO_AVAILABLE": 1}, {"SEASON_ID": "22018", "Player_ID": 1629019, "Game_ID": "0021801042", "GAME_DATE": "MAR 17, 2019", "MATCHUP": "NYK vs. LAL", "WL": "W", "MIN": 16, "FGM": 2, "FGA": 5, "FG_PCT": 0.4, "FG3M": 0, "FG3A": 2, "FG3_PCT": 0.0, "FTM": 0, "FTA": 2, "FT_PCT": 0.0, "OREB": 0, "DREB": 1, "REB": 1, "AST": 3, "STL": 0, "BLK": 0, "TOV": 3, "PF": 6, "PTS": 4, "PLUS_MINUS": -8, "VIDEO_AVAILABLE": 2}, {"SEASON_ID": "22018", "Player_ID": 1629019, "Game_ID": "0021801032", "GAME_DATE": "MAR 15, 2019", "MATCHUP": "NYK @ SAS", "WL": "L", "MIN": 18, "FGM": 2, "FGA": 10, "FG_PCT": 0.2, "FG3M": 0, "FG3A": 2, "FG3_PCT": 0.0, "FTM": 0, "FTA": 0, "FT_PCT": 0.0, "OREB": 0, "DREB": 4, "REB": 4, "AST": 1, "STL": 0, "BLK": 0, "TOV": 2, "PF": 1, "PTS": 4, "PLUS_MINUS": -13, "VIDEO_AVAILABLE": 2}, {"SEASON_ID": "22018", "Player_ID": 1629019, "Game_ID": "0021801007", "GAME_DATE": "MAR 12, 2019", "MATCHUP": "NYK @ IND", "WL": "L", "MIN": 23, "FGM": 3, "FGA": 12, "FG_PCT": 0.25, "FG3M": 1, "FG3A": 5, "FG3_PCT": 0.2, "FTM": 0, "FTA": 0, "FT_PCT": 0.0, "OREB": 1, "DREB": 2, "REB": 3, "AST": 0, "STL": 0, "BLK": 0, "TOV": 4, "PF": 1, "PTS": 7, "PLUS_MINUS": -4, "VIDEO_AVAILABLE": 1}, {"SEASON_ID": "22018", "Player_ID": 1629019, "Game_ID": "0021800998", "GAME_DATE": "MAR 10, 2019", "MATCHUP": "NYK @ MIN", "WL": "L", "MIN": 24, "FGM": 5, "FGA": 11, "FG_PCT": 0.455, "FG3M": 4, "FG3A": 5, "FG3_PCT": 0.8, "FTM": 1, "FTA": 3, "FT_PCT": 0.333, "OREB": 0, "DREB": 2, "REB": 2, "AST": 2, "STL": 0, "BLK": 0, "TOV": 2, "PF": 2, "PTS": 15, "PLUS_MINUS": 4, "VIDEO_AVAILABLE": 1}, {"SEASON_ID": "22018", "Player_ID": 1629019, "Game_ID": "0021800986", "GAME_DATE": "MAR 09, 2019", "MATCHUP": "NYK vs. SAC", "WL": "L", "MIN": 24, "FGM": 3, "FGA": 10, "FG_PCT": 0.3, "FG3M": 0, "FG3A": 5, "FG3_PCT": 0.0, "FTM": 4, "FTA": 8, "FT_PCT": 0.5, "OREB": 0, "DREB": 3, "REB": 3, "AST": 0, "STL": 1, "BLK": 0, "TOV": 1, "PF": 2, "PTS": 10, "PLUS_MINUS": -11, "VIDEO_AVAILABLE": 1}, {"SEASON_ID": "22018", "Player_ID": 1629019, "Game_ID": "0021800972", "GAME_DATE": "MAR 06, 2019", "MATCHUP": "NYK @ PHX", "WL": "L", "MIN": 32, "FGM": 3, "FGA": 9, "FG_PCT": 0.333, "FG3M": 1, "FG3A": 3, "FG3_PCT": 0.333, "FTM": 5, "FTA": 6, "FT_PCT": 0.833, "OREB": 0, "DREB": 4, "REB": 4, "AST": 2, "STL": 0, "BLK": 0, "TOV": 3, "PF": 3, "PTS": 12, "PLUS_MINUS": -3, "VIDEO_AVAILABLE": 1}, {"SEASON_ID": "22018", "Player_ID": 1629019, "Game_ID": "0021800957", "GAME_DATE": "MAR 04, 2019", "MATCHUP": "NYK @ SAC", "WL": "L", "MIN": 30, "FGM": 8, "FGA": 16, "FG_PCT": 0.5, "FG3M": 3, "FG3A": 4, "FG3_PCT": 0.75, "FTM": 10, "FTA": 15, "FT_PCT": 0.667, "OREB": 1, "DREB": 7, "REB": 8, "AST": 0, "STL": 2, "BLK": 0, "TOV": 0, "PF": 3, "PTS": 29, "PLUS_MINUS": 0, "VIDEO_AVAILABLE": 1}, {"SEASON_ID": "22018", "Player_ID": 1629019, "Game_ID": "0021800947", "GAME_DATE": "MAR 03, 2019", "MATCHUP": "NYK @ LAC", "WL": "L", "MIN": 25, "FGM": 5, "FGA": 7, "FG_PCT": 0.714, "FG3M": 3, "FG3A": 3, "FG3_PCT": 1.0, "FTM": 3, "FTA": 4, "FT_PCT": 0.75, "OREB": 0, "DREB": 1, "REB": 1, "AST": 4, "STL": 0, "BLK": 0, "TOV": 3, "PF": 1, "PTS": 16, "PLUS_MINUS": -15, "VIDEO_AVAILABLE": 1}, {"SEASON_ID": "22018", "Player_ID": 1629019, "Game_ID": "0021800924", "GAME_DATE": "FEB 28, 2019", "MATCHUP": "NYK vs. CLE", "WL": "L", "MIN": 32, "FGM": 8, "FGA": 15, "FG_PCT": 0.533, "FG3M": 2, "FG3A": 4, "FG3_PCT": 0.5, "FTM": 4, "FTA": 5, "FT_PCT": 0.8, "OREB": 2, "DREB": 2, "REB": 4, "AST": 1, "STL": 0, "BLK": 0, "TOV": 1, "PF": 3, "PTS": 22, "PLUS_MINUS": -7, "VIDEO_AVAILABLE": 1}, {"SEASON_ID": "22018", "Player_ID": 1629019, "Game_ID": "0021800908", "GAME_DATE": "FEB 26, 2019", "MATCHUP": "NYK vs. ORL", "WL": "W", "MIN": 21, "FGM": 4, "FGA": 5, "FG_PCT": 0.8, "FG3M": 1, "FG3A": 1, "FG3_PCT": 1.0, "FTM": 9, "FTA": 10, "FT_PCT": 0.9, "OREB": 0, "DREB": 5, "REB": 5, "AST": 2, "STL": 3, "BLK": 0, "TOV": 1, "PF": 3, "PTS": 18, "PLUS_MINUS": 21, "VIDEO_AVAILABLE": 1}, {"SEASON_ID": "22018", "Player_ID": 1629019, "Game_ID": "0021800896", "GAME_DATE": "FEB 24, 2019", "MATCHUP": "NYK vs. SAS", "WL": "W", "MIN": 28, "FGM": 3, "FGA": 10, "FG_PCT": 0.3, "FG3M": 0, "FG3A": 5, "FG3_PCT": 0.0, "FTM": 3, "FTA": 3, "FT_PCT": 1.0, "OREB": 1, "DREB": 2, "REB": 3, "AST": 1, "STL": 0, "BLK": 0, "TOV": 0, "PF": 2, "PTS": 9, "PLUS_MINUS": 7, "VIDEO_AVAILABLE": 1}, {"SEASON_ID": "22018", "Player_ID": 1629019, "Game_ID": "0021800878", "GAME_DATE": "FEB 22, 2019", "MATCHUP": "NYK vs. MIN", "WL": "L", "MIN": 30, "FGM": 7, "FGA": 11, "FG_PCT": 0.636, "FG3M": 1, "FG3A": 1, "FG3_PCT": 1.0, "FTM": 5, "FTA": 5, "FT_PCT": 1.0, "OREB": 0, "DREB": 3, "REB": 3, "AST": 1, "STL": 1, "BLK": 0, "TOV": 4, "PF": 4, "PTS": 20, "PLUS_MINUS": -6, "VIDEO_AVAILABLE": 1}, {"SEASON_ID": "22018", "Player_ID": 1629019, "Game_ID": "0021800865", "GAME_DATE": "FEB 14, 2019", "MATCHUP": "NYK @ ATL", "WL": "W", "MIN": 19, "FGM": 2, "FGA": 2, "FG_PCT": 1.0, "FG3M": 1, "FG3A": 1, "FG3_PCT": 1.0, "FTM": 1, "FTA": 2, "FT_PCT": 0.5, "OREB": 0, "DREB": 1, "REB": 1, "AST": 0, "STL": 0, "BLK": 0, "TOV": 1, "PF": 2, "PTS": 6, "PLUS_MINUS": 5, "VIDEO_AVAILABLE": 1}, {"SEASON_ID": "22018", "Player_ID": 1629019, "Game_ID": "0021800856", "GAME_DATE": "FEB 13, 2019", "MATCHUP": "NYK vs. PHI", "WL": "L", "MIN": 27, "FGM": 5, "FGA": 9, "FG_PCT": 0.556, "FG3M": 3, "FG3A": 4, "FG3_PCT": 0.75, "FTM": 6, "FTA": 6, "FT_PCT": 1.0, "OREB": 0, "DREB": 4, "REB": 4, "AST": 4, "STL": 0, "BLK": 0, "TOV": 3, "PF": 2, "PTS": 19, "PLUS_MINUS": 9, "VIDEO_AVAILABLE": 1}, {"SEASON_ID": "22018", "Player_ID": 1629019, "Game_ID": "0021800839", "GAME_DATE": "FEB 11, 2019", "MATCHUP": "NYK @ CLE", "WL": "L", "MIN": 17, "FGM": 1, "FGA": 5, "FG_PCT": 0.2, "FG3M": 0, "FG3A": 1, "FG3_PCT": 0.0, "FTM": 2, "FTA": 4, "FT_PCT": 0.5, "OREB": 0, "DREB": 2, "REB": 2, "AST": 2, "STL": 0, "BLK": 0, "TOV": 1, "PF": 1, "PTS": 4, "PLUS_MINUS": 0, "VIDEO_AVAILABLE": 1}, {"SEASON_ID": "22018", "Player_ID": 1629019, "Game_ID": "0021800828", "GAME_DATE": "FEB 09, 2019", "MATCHUP": "NYK vs. TOR", "WL": "L", "MIN": 24, "FGM": 3, "FGA": 7, "FG_PCT": 0.429, "FG3M": 1, "FG3A": 3, "FG3_PCT": 0.333, "FTM": 0, "FTA": 0, "FT_PCT": 0.0, "OREB": 0, "DREB": 4, "REB": 4, "AST": 0, "STL": 0, "BLK": 0, "TOV": 1, "PF": 3, "PTS": 7, "PLUS_MINUS": -2, "VIDEO_AVAILABLE": 1}, {"SEASON_ID": "22018", "Player_ID": 1629019, "Game_ID": "0021800817", "GAME_DATE": "FEB 08, 2019", "MATCHUP": "NYK @ DET", "WL": "L", "MIN": 30, "FGM": 3, "FGA": 9, "FG_PCT": 0.333, "FG3M": 1, "FG3A": 3, "FG3_PCT": 0.333, "FTM": 0, "FTA": 0, "FT_PCT": 0.0, "OREB": 0, "DREB": 3, "REB": 3, "AST": 2, "STL": 1, "BLK": 0, "TOV": 2, "PF": 1, "PTS": 7, "PLUS_MINUS": -1, "VIDEO_AVAILABLE": 1}, {"SEASON_ID": "22018", "Player_ID": 1629019, "Game_ID": "0021800799", "GAME_DATE": "FEB 05, 2019", "MATCHUP": "NYK vs. DET", "WL": "L", "MIN": 14, "FGM": 2, "FGA": 6, "FG_PCT": 0.333, "FG3M": 0, "FG3A": 2, "FG3_PCT": 0.0, "FTM": 0, "FTA": 0, "FT_PCT": 0.0, "OREB": 0, "DREB": 3, "REB": 3, "AST": 0, "STL": 0, "BLK": 0, "TOV": 0, "PF": 1, "PTS": 4, "PLUS_MINUS": 1, "VIDEO_AVAILABLE": 1}, {"SEASON_ID": "22018", "Player_ID": 1629019, "Game_ID": "0021800787", "GAME_DATE": "FEB 03, 2019", "MATCHUP": "NYK vs. MEM", "WL": "L", "MIN": 15, "FGM": 1, "FGA": 3, "FG_PCT": 0.333, "FG3M": 1, "FG3A": 1, "FG3_PCT": 1.0, "FTM": 0, "FTA": 0, "FT_PCT": 0.0, "OREB": 0, "DREB": 4, "REB": 4, "AST": 1, "STL": 0, "BLK": 0, "TOV": 4, "PF": 2, "PTS": 3, "PLUS_MINUS": 0, "VIDEO_AVAILABLE": 1}, {"SEASON_ID": "22018", "Player_ID": 1629019, "Game_ID": "0021800771", "GAME_DATE": "FEB 01, 2019", "MATCHUP": "NYK vs. BOS", "WL": "L", "MIN": 26, "FGM": 3, "FGA": 4, "FG_PCT": 0.75, "FG3M": 1, "FG3A": 2, "FG3_PCT": 0.5, "FTM": 0, "FTA": 0, "FT_PCT": 0.0, "OREB": 0, "DREB": 2, "REB": 2, "AST": 4, "STL": 0, "BLK": 1, "TOV": 3, "PF": 3, "PTS": 7, "PLUS_MINUS": -12, "VIDEO_AVAILABLE": 1}, {"SEASON_ID": "22018", "Player_ID": 1629019, "Game_ID": "0021800758", "GAME_DATE": "JAN 30, 2019", "MATCHUP": "NYK vs. DAL", "WL": "L", "MIN": 19, "FGM": 3, "FGA": 5, "FG_PCT": 0.6, "FG3M": 0, "FG3A": 1, "FG3_PCT": 0.0, "FTM": 5, "FTA": 5, "FT_PCT": 1.0, "OREB": 0, "DREB": 4, "REB": 4, "AST": 2, "STL": 1, "BLK": 0, "TOV": 3, "PF": 0, "PTS": 11, "PLUS_MINUS": 5, "VIDEO_AVAILABLE": 1}, {"SEASON_ID": "22018", "Player_ID": 1629019, "Game_ID": "0021800744", "GAME_DATE": "JAN 28, 2019", "MATCHUP": "NYK @ CHA", "WL": "L", "MIN": 21, "FGM": 0, "FGA": 7, "FG_PCT": 0.0, "FG3M": 0, "FG3A": 3, "FG3_PCT": 0.0, "FTM": 7, "FTA": 8, "FT_PCT": 0.875, "OREB": 1, "DREB": 3, "REB": 4, "AST": 3, "STL": 0, "BLK": 0, "TOV": 1, "PF": 1, "PTS": 7, "PLUS_MINUS": -21, "VIDEO_AVAILABLE": 1}, {"SEASON_ID": "22018", "Player_ID": 1629019, "Game_ID": "0021800741", "GAME_DATE": "JAN 27, 2019", "MATCHUP": "NYK vs. MIA", "WL": "L", "MIN": 20, "FGM": 3, "FGA": 8, "FG_PCT": 0.375, "FG3M": 1, "FG3A": 2, "FG3_PCT": 0.5, "FTM": 4, "FTA": 4, "FT_PCT": 1.0, "OREB": 0, "DREB": 2, "REB": 2, "AST": 2, "STL": 0, "BLK": 0, "TOV": 1, "PF": 1, "PTS": 11, "PLUS_MINUS": -2, "VIDEO_AVAILABLE": 1}, {"SEASON_ID": "22018", "Player_ID": 1629019, "Game_ID": "0021800721", "GAME_DATE": "JAN 25, 2019", "MATCHUP": "NYK @ BKN", "WL": "L", "MIN": 24, "FGM": 4, "FGA": 6, "FG_PCT": 0.667, "FG3M": 2, "FG3A": 2, "FG3_PCT": 1.0, "FTM": 3, "FTA": 4, "FT_PCT": 0.75, "OREB": 0, "DREB": 1, "REB": 1, "AST": 2, "STL": 2, "BLK": 0, "TOV": 2, "PF": 3, "PTS": 13, "PLUS_MINUS": 5, "VIDEO_AVAILABLE": 1}, {"SEASON_ID": "22018", "Player_ID": 1629019, "Game_ID": "0021800710", "GAME_DATE": "JAN 23, 2019", "MATCHUP": "NYK vs. HOU", "WL": "L", "MIN": 33, "FGM": 12, "FGA": 18, "FG_PCT": 0.667, "FG3M": 2, "FG3A": 4, "FG3_PCT": 0.5, "FTM": 5, "FTA": 5, "FT_PCT": 1.0, "OREB": 2, "DREB": 8, "REB": 10, "AST": 3, "STL": 1, "BLK": 0, "TOV": 3, "PF": 4, "PTS": 31, "PLUS_MINUS": 19, "VIDEO_AVAILABLE": 1}, {"SEASON_ID": "22018", "Player_ID": 1629019, "Game_ID": "0021800691", "GAME_DATE": "JAN 21, 2019", "MATCHUP": "NYK vs. OKC", "WL": "L", "MIN": 30, "FGM": 3, "FGA": 8, "FG_PCT": 0.375, "FG3M": 0, "FG3A": 1, "FG3_PCT": 0.0, "FTM": 10, "FTA": 10, "FT_PCT": 1.0, "OREB": 4, "DREB": 2, "REB": 6, "AST": 8, "STL": 2, "BLK": 0, "TOV": 4, "PF": 2, "PTS": 16, "PLUS_MINUS": -7, "VIDEO_AVAILABLE": 1}, {"SEASON_ID": "22018", "Player_ID": 1629019, "Game_ID": "0021800665", "GAME_DATE": "JAN 17, 2019", "MATCHUP": "NYK @ WAS", "WL": "L", "MIN": 23, "FGM": 5, "FGA": 8, "FG_PCT": 0.625, "FG3M": 1, "FG3A": 2, "FG3_PCT": 0.5, "FTM": 2, "FTA": 2, "FT_PCT": 1.0, "OREB": 0, "DREB": 2, "REB": 2, "AST": 3, "STL": 1, "BLK": 0, "TOV": 2, "PF": 2, "PTS": 13, "PLUS_MINUS": 4, "VIDEO_AVAILABLE": 1}, {"SEASON_ID": "22018", "Player_ID": 1629019, "Game_ID": "0021800638", "GAME_DATE": "JAN 13, 2019", "MATCHUP": "NYK vs. PHI", "WL": "L", "MIN": 12, "FGM": 0, "FGA": 4, "FG_PCT": 0.0, "FG3M": 0, "FG3A": 2, "FG3_PCT": 0.0, "FTM": 0, "FTA": 0, "FT_PCT": 0.0, "OREB": 0, "DREB": 2, "REB": 2, "AST": 0, "STL": 0, "BLK": 1, "TOV": 0, "PF": 1, "PTS": 0, "PLUS_MINUS": -10, "VIDEO_AVAILABLE": 1}, {"SEASON_ID": "22018", "Player_ID": 1629019, "Game_ID": "0021800623", "GAME_DATE": "JAN 11, 2019", "MATCHUP": "NYK vs. IND", "WL": "L", "MIN": 16, "FGM": 2, "FGA": 2, "FG_PCT": 1.0, "FG3M": 0, "FG3A": 0, "FG3_PCT": 0.0, "FTM": 1, "FTA": 1, "FT_PCT": 1.0, "OREB": 0, "DREB": 1, "REB": 1, "AST": 2, "STL": 0, "BLK": 1, "TOV": 1, "PF": 2, "PTS": 5, "PLUS_MINUS": -3, "VIDEO_AVAILABLE": 1}, {"SEASON_ID": "22018", "Player_ID": 1629019, "Game_ID": "0021800605", "GAME_DATE": "JAN 08, 2019", "MATCHUP": "NYK @ GSW", "WL": "L", "MIN": 29, "FGM": 5, "FGA": 13, "FG_PCT": 0.385, "FG3M": 1, "FG3A": 4, "FG3_PCT": 0.25, "FTM": 0, "FTA": 0, "FT_PCT": 0.0, "OREB": 1, "DREB": 2, "REB": 3, "AST": 2, "STL": 1, "BLK": 0, "TOV": 2, "PF": 0, "PTS": 11, "PLUS_MINUS": -6, "VIDEO_AVAILABLE": 1}, {"SEASON_ID": "22018", "Player_ID": 1629019, "Game_ID": "0021800597", "GAME_DATE": "JAN 07, 2019", "MATCHUP": "NYK @ POR", "WL": "L", "MIN": 13, "FGM": 1, "FGA": 2, "FG_PCT": 0.5, "FG3M": 0, "FG3A": 0, "FG3_PCT": 0.0, "FTM": 0, "FTA": 0, "FT_PCT": 0.0, "OREB": 0, "DREB": 1, "REB": 1, "AST": 0, "STL": 0, "BLK": 0, "TOV": 1, "PF": 0, "PTS": 2, "PLUS_MINUS": 3, "VIDEO_AVAILABLE": 1}, {"SEASON_ID": "22018", "Player_ID": 1629019, "Game_ID": "0021800574", "GAME_DATE": "JAN 04, 2019", "MATCHUP": "NYK @ LAL", "WL": "W", "MIN": 9, "FGM": 0, "FGA": 1, "FG_PCT": 0.0, "FG3M": 0, "FG3A": 0, "FG3_PCT": 0.0, "FTM": 2, "FTA": 2, "FT_PCT": 1.0, "OREB": 0, "DREB": 2, "REB": 2, "AST": 1, "STL": 0, "BLK": 0, "TOV": 2, "PF": 3, "PTS": 2, "PLUS_MINUS": 4, "VIDEO_AVAILABLE": 1}, {"SEASON_ID": "22018", "Player_ID": 1629019, "Game_ID": "0021800551", "GAME_DATE": "JAN 01, 2019", "MATCHUP": "NYK @ DEN", "WL": "L", "MIN": 19, "FGM": 3, "FGA": 9, "FG_PCT": 0.333, "FG3M": 1, "FG3A": 1, "FG3_PCT": 1.0, "FTM": 0, "FTA": 0, "FT_PCT": 0.0, "OREB": 0, "DREB": 2, "REB": 2, "AST": 2, "STL": 0, "BLK": 0, "TOV": 0, "PF": 1, "PTS": 7, "PLUS_MINUS": 1, "VIDEO_AVAILABLE": 1}, {"SEASON_ID": "22018", "Player_ID": 1629019, "Game_ID": "0021800532", "GAME_DATE": "DEC 29, 2018", "MATCHUP": "NYK @ UTA", "WL": "L", "MIN": 22, "FGM": 1, "FGA": 8, "FG_PCT": 0.125, "FG3M": 0, "FG3A": 1, "FG3_PCT": 0.0, "FTM": 0, "FTA": 1, "FT_PCT": 0.0, "OREB": 0, "DREB": 1, "REB": 1, "AST": 2, "STL": 1, "BLK": 0, "TOV": 2, "PF": 2, "PTS": 2, "PLUS_MINUS": -18, "VIDEO_AVAILABLE": 1}, {"SEASON_ID": "22018", "Player_ID": 1629019, "Game_ID": "0021800513", "GAME_DATE": "DEC 27, 2018", "MATCHUP": "NYK @ MIL", "WL": "L", "MIN": 19, "FGM": 2, "FGA": 10, "FG_PCT": 0.2, "FG3M": 1, "FG3A": 2, "FG3_PCT": 0.5, "FTM": 2, "FTA": 2, "FT_PCT": 1.0, "OREB": 0, "DREB": 2, "REB": 2, "AST": 4, "STL": 0, "BLK": 1, "TOV": 1, "PF": 2, "PTS": 7, "PLUS_MINUS": -14, "VIDEO_AVAILABLE": 1}, {"SEASON_ID": "22018", "Player_ID": 1629019, "Game_ID": "0021800497", "GAME_DATE": "DEC 25, 2018", "MATCHUP": "NYK vs. MIL", "WL": "L", "MIN": 18, "FGM": 4, "FGA": 10, "FG_PCT": 0.4, "FG3M": 0, "FG3A": 2, "FG3_PCT": 0.0, "FTM": 0, "FTA": 2, "FT_PCT": 0.0, "OREB": 0, "DREB": 2, "REB": 2, "AST": 0, "STL": 0, "BLK": 0, "TOV": 1, "PF": 2, "PTS": 8, "PLUS_MINUS": -8, "VIDEO_AVAILABLE": 1}, {"SEASON_ID": "22018", "Player_ID": 1629019, "Game_ID": "0021800382", "GAME_DATE": "DEC 08, 2018", "MATCHUP": "NYK vs. BKN", "WL": "L", "MIN": 27, "FGM": 5, "FGA": 11, "FG_PCT": 0.455, "FG3M": 0, "FG3A": 2, "FG3_PCT": 0.0, "FTM": 5, "FTA": 6, "FT_PCT": 0.833, "OREB": 0, "DREB": 2, "REB": 2, "AST": 0, "STL": 0, "BLK": 0, "TOV": 3, "PF": 0, "PTS": 15, "PLUS_MINUS": 5, "VIDEO_AVAILABLE": 1}, {"SEASON_ID": "22018", "Player_ID": 1629019, "Game_ID": "0021800365", "GAME_DATE": "DEC 06, 2018", "MATCHUP": "NYK @ BOS", "WL": "L", "MIN": 18, "FGM": 2, "FGA": 5, "FG_PCT": 0.4, "FG3M": 0, "FG3A": 0, "FG3_PCT": 0.0, "FTM": 2, "FTA": 2, "FT_PCT": 1.0, "OREB": 0, "DREB": 2, "REB": 2, "AST": 2, "STL": 0, "BLK": 0, "TOV": 2, "PF": 3, "PTS": 6, "PLUS_MINUS": -12, "VIDEO_AVAILABLE": 1}, {"SEASON_ID": "22018", "Player_ID": 1629019, "Game_ID": "0021800346", "GAME_DATE": "DEC 03, 2018", "MATCHUP": "NYK vs. WAS", "WL": "L", "MIN": 15, "FGM": 0, "FGA": 4, "FG_PCT": 0.0, "FG3M": 0, "FG3A": 3, "FG3_PCT": 0.0, "FTM": 2, "FTA": 4, "FT_PCT": 0.5, "OREB": 0, "DREB": 0, "REB": 0, "AST": 1, "STL": 0, "BLK": 0, "TOV": 0, "PF": 1, "PTS": 2, "PLUS_MINUS": -12, "VIDEO_AVAILABLE": 1}, {"SEASON_ID": "22018", "Player_ID": 1629019, "Game_ID": "0021800330", "GAME_DATE": "DEC 01, 2018", "MATCHUP": "NYK vs. MIL", "WL": "W", "MIN": 17, "FGM": 3, "FGA": 8, "FG_PCT": 0.375, "FG3M": 0, "FG3A": 1, "FG3_PCT": 0.0, "FTM": 3, "FTA": 3, "FT_PCT": 1.0, "OREB": 0, "DREB": 6, "REB": 6, "AST": 5, "STL": 0, "BLK": 0, "TOV": 2, "PF": 0, "PTS": 9, "PLUS_MINUS": 1, "VIDEO_AVAILABLE": 1}, {"SEASON_ID": "22018", "Player_ID": 1629019, "Game_ID": "0021800307", "GAME_DATE": "NOV 28, 2018", "MATCHUP": "NYK @ PHI", "WL": "L", "MIN": 22, "FGM": 3, "FGA": 11, "FG_PCT": 0.273, "FG3M": 0, "FG3A": 1, "FG3_PCT": 0.0, "FTM": 2, "FTA": 2, "FT_PCT": 1.0, "OREB": 0, "DREB": 3, "REB": 3, "AST": 1, "STL": 0, "BLK": 0, "TOV": 3, "PF": 2, "PTS": 8, "PLUS_MINUS": -25, "VIDEO_AVAILABLE": 1}, {"SEASON_ID": "22018", "Player_ID": 1629019, "Game_ID": "0021800301", "GAME_DATE": "NOV 27, 2018", "MATCHUP": "NYK @ DET", "WL": "L", "MIN": 31, "FGM": 7, "FGA": 11, "FG_PCT": 0.636, "FG3M": 1, "FG3A": 2, "FG3_PCT": 0.5, "FTM": 9, "FTA": 12, "FT_PCT": 0.75, "OREB": 2, "DREB": 8, "REB": 10, "AST": 7, "STL": 0, "BLK": 0, "TOV": 3, "PF": 1, "PTS": 24, "PLUS_MINUS": -6, "VIDEO_AVAILABLE": 1}, {"SEASON_ID": "22018", "Player_ID": 1629019, "Game_ID": "0021800291", "GAME_DATE": "NOV 25, 2018", "MATCHUP": "NYK @ MEM", "WL": "W", "MIN": 23, "FGM": 5, "FGA": 12, "FG_PCT": 0.417, "FG3M": 0, "FG3A": 1, "FG3_PCT": 0.0, "FTM": 0, "FTA": 2, "FT_PCT": 0.0, "OREB": 2, "DREB": 2, "REB": 4, "AST": 1, "STL": 0, "BLK": 1, "TOV": 1, "PF": 2, "PTS": 10, "PLUS_MINUS": -3, "VIDEO_AVAILABLE": 1}, {"SEASON_ID": "22018", "Player_ID": 1629019, "Game_ID": "0021800269", "GAME_DATE": "NOV 23, 2018", "MATCHUP": "NYK vs. NOP", "WL": "W", "MIN": 34, "FGM": 9, "FGA": 12, "FG_PCT": 0.75, "FG3M": 3, "FG3A": 3, "FG3_PCT": 1.0, "FTM": 4, "FTA": 6, "FT_PCT": 0.667, "OREB": 0, "DREB": 8, "REB": 8, "AST": 4, "STL": 0, "BLK": 0, "TOV": 0, "PF": 4, "PTS": 25, "PLUS_MINUS": 13, "VIDEO_AVAILABLE": 1}, {"SEASON_ID": "22018", "Player_ID": 1629019, "Game_ID": "0021800255", "GAME_DATE": "NOV 21, 2018", "MATCHUP": "NYK @ BOS", "WL": "W", "MIN": 15, "FGM": 3, "FGA": 4, "FG_PCT": 0.75, "FG3M": 1, "FG3A": 2, "FG3_PCT": 0.5, "FTM": 1, "FTA": 2, "FT_PCT": 0.5, "OREB": 0, "DREB": 1, "REB": 1, "AST": 3, "STL": 0, "BLK": 0, "TOV": 2, "PF": 2, "PTS": 8, "PLUS_MINUS": 14, "VIDEO_AVAILABLE": 1}, {"SEASON_ID": "22018", "Player_ID": 1629019, "Game_ID": "0021800251", "GAME_DATE": "NOV 20, 2018", "MATCHUP": "NYK vs. POR", "WL": "L", "MIN": 15, "FGM": 3, "FGA": 5, "FG_PCT": 0.6, "FG3M": 1, "FG3A": 1, "FG3_PCT": 1.0, "FTM": 2, "FTA": 2, "FT_PCT": 1.0, "OREB": 0, "DREB": 0, "REB": 0, "AST": 0, "STL": 0, "BLK": 0, "TOV": 3, "PF": 0, "PTS": 9, "PLUS_MINUS": -11, "VIDEO_AVAILABLE": 1}, {"SEASON_ID": "22018", "Player_ID": 1629019, "Game_ID": "0021800236", "GAME_DATE": "NOV 18, 2018", "MATCHUP": "NYK @ ORL", "WL": "L", "MIN": 13, "FGM": 2, "FGA": 5, "FG_PCT": 0.4, "FG3M": 1, "FG3A": 1, "FG3_PCT": 1.0, "FTM": 2, "FTA": 2, "FT_PCT": 1.0, "OREB": 1, "DREB": 1, "REB": 2, "AST": 0, "STL": 0, "BLK": 0, "TOV": 0, "PF": 0, "PTS": 7, "PLUS_MINUS": -11, "VIDEO_AVAILABLE": 1}, {"SEASON_ID": "22018", "Player_ID": 1629019, "Game_ID": "0021800222", "GAME_DATE": "NOV 16, 2018", "MATCHUP": "NYK @ NOP", "WL": "L", "MIN": 32, "FGM": 4, "FGA": 11, "FG_PCT": 0.364, "FG3M": 1, "FG3A": 4, "FG3_PCT": 0.25, "FTM": 2, "FTA": 2, "FT_PCT": 1.0, "OREB": 1, "DREB": 1, "REB": 2, "AST": 5, "STL": 0, "BLK": 1, "TOV": 1, "PF": 2, "PTS": 11, "PLUS_MINUS": -9, "VIDEO_AVAILABLE": 1}, {"SEASON_ID": "22018", "Player_ID": 1629019, "Game_ID": "0021800209", "GAME_DATE": "NOV 14, 2018", "MATCHUP": "NYK @ OKC", "WL": "L", "MIN": 32, "FGM": 4, "FGA": 10, "FG_PCT": 0.4, "FG3M": 1, "FG3A": 2, "FG3_PCT": 0.5, "FTM": 2, "FTA": 3, "FT_PCT": 0.667, "OREB": 1, "DREB": 4, "REB": 5, "AST": 1, "STL": 3, "BLK": 0, "TOV": 4, "PF": 2, "PTS": 11, "PLUS_MINUS": -12, "VIDEO_AVAILABLE": 1}, {"SEASON_ID": "22018", "Player_ID": 1629019, "Game_ID": "0021800186", "GAME_DATE": "NOV 11, 2018", "MATCHUP": "NYK vs. ORL", "WL": "L", "MIN": 22, "FGM": 3, "FGA": 8, "FG_PCT": 0.375, "FG3M": 0, "FG3A": 2, "FG3_PCT": 0.0, "FTM": 3, "FTA": 3, "FT_PCT": 1.0, "OREB": 1, "DREB": 4, "REB": 5, "AST": 4, "STL": 1, "BLK": 3, "TOV": 4, "PF": 4, "PTS": 9, "PLUS_MINUS": -8, "VIDEO_AVAILABLE": 1}, {"SEASON_ID": "22018", "Player_ID": 1629019, "Game_ID": "0021800174", "GAME_DATE": "NOV 10, 2018", "MATCHUP": "NYK @ TOR", "WL": "L", "MIN": 18, "FGM": 2, "FGA": 6, "FG_PCT": 0.333, "FG3M": 0, "FG3A": 1, "FG3_PCT": 0.0, "FTM": 3, "FTA": 3, "FT_PCT": 1.0, "OREB": 1, "DREB": 0, "REB": 1, "AST": 3, "STL": 2, "BLK": 1, "TOV": 1, "PF": 1, "PTS": 7, "PLUS_MINUS": -16, "VIDEO_AVAILABLE": 1}, {"SEASON_ID": "22018", "Player_ID": 1629019, "Game_ID": "0021800155", "GAME_DATE": "NOV 07, 2018", "MATCHUP": "NYK @ ATL", "WL": "W", "MIN": 36, "FGM": 5, "FGA": 9, "FG_PCT": 0.556, "FG3M": 1, "FG3A": 2, "FG3_PCT": 0.5, "FTM": 5, "FTA": 7, "FT_PCT": 0.714, "OREB": 1, "DREB": 3, "REB": 4, "AST": 1, "STL": 1, "BLK": 0, "TOV": 2, "PF": 4, "PTS": 16, "PLUS_MINUS": -7, "VIDEO_AVAILABLE": 1}, {"SEASON_ID": "22018", "Player_ID": 1629019, "Game_ID": "0021800143", "GAME_DATE": "NOV 05, 2018", "MATCHUP": "NYK vs. CHI", "WL": "L", "MIN": 42, "FGM": 5, "FGA": 15, "FG_PCT": 0.333, "FG3M": 2, "FG3A": 4, "FG3_PCT": 0.5, "FTM": 9, "FTA": 9, "FT_PCT": 1.0, "OREB": 0, "DREB": 3, "REB": 3, "AST": 1, "STL": 2, "BLK": 1, "TOV": 2, "PF": 3, "PTS": 21, "PLUS_MINUS": -1, "VIDEO_AVAILABLE": 1}, {"SEASON_ID": "22018", "Player_ID": 1629019, "Game_ID": "0021800135", "GAME_DATE": "NOV 04, 2018", "MATCHUP": "NYK @ WAS", "WL": "L", "MIN": 22, "FGM": 4, "FGA": 8, "FG_PCT": 0.5, "FG3M": 0, "FG3A": 0, "FG3_PCT": 0.0, "FTM": 1, "FTA": 2, "FT_PCT": 0.5, "OREB": 0, "DREB": 2, "REB": 2, "AST": 0, "STL": 0, "BLK": 0, "TOV": 3, "PF": 4, "PTS": 9, "PLUS_MINUS": -4, "VIDEO_AVAILABLE": 1}, {"SEASON_ID": "22018", "Player_ID": 1629019, "Game_ID": "0021800121", "GAME_DATE": "NOV 02, 2018", "MATCHUP": "NYK @ DAL", "WL": "W", "MIN": 24, "FGM": 8, "FGA": 10, "FG_PCT": 0.8, "FG3M": 1, "FG3A": 3, "FG3_PCT": 0.333, "FTM": 6, "FTA": 7, "FT_PCT": 0.857, "OREB": 1, "DREB": 1, "REB": 2, "AST": 1, "STL": 0, "BLK": 0, "TOV": 3, "PF": 2, "PTS": 23, "PLUS_MINUS": 1, "VIDEO_AVAILABLE": 1}, {"SEASON_ID": "22018", "Player_ID": 1629019, "Game_ID": "0021800105", "GAME_DATE": "OCT 31, 2018", "MATCHUP": "NYK vs. IND", "WL": "L", "MIN": 23, "FGM": 6, "FGA": 7, "FG_PCT": 0.857, "FG3M": 2, "FG3A": 2, "FG3_PCT": 1.0, "FTM": 0, "FTA": 0, "FT_PCT": 0.0, "OREB": 1, "DREB": 2, "REB": 3, "AST": 1, "STL": 0, "BLK": 1, "TOV": 0, "PF": 2, "PTS": 14, "PLUS_MINUS": -2, "VIDEO_AVAILABLE": 1}, {"SEASON_ID": "22018", "Player_ID": 1629019, "Game_ID": "0021800090", "GAME_DATE": "OCT 29, 2018", "MATCHUP": "NYK vs. BKN", "WL": "W", "MIN": 25, "FGM": 5, "FGA": 7, "FG_PCT": 0.714, "FG3M": 0, "FG3A": 1, "FG3_PCT": 0.0, "FTM": 2, "FTA": 2, "FT_PCT": 1.0, "OREB": 1, "DREB": 4, "REB": 5, "AST": 2, "STL": 0, "BLK": 0, "TOV": 0, "PF": 1, "PTS": 12, "PLUS_MINUS": 2, "VIDEO_AVAILABLE": 1}, {"SEASON_ID": "22018", "Player_ID": 1629019, "Game_ID": "0021800068", "GAME_DATE": "OCT 26, 2018", "MATCHUP": "NYK vs. GSW", "WL": "L", "MIN": 16, "FGM": 1, "FGA": 3, "FG_PCT": 0.333, "FG3M": 0, "FG3A": 0, "FG3_PCT": 0.0, "FTM": 0, "FTA": 0, "FT_PCT": 0.0, "OREB": 0, "DREB": 0, "REB": 0, "AST": 0, "STL": 0, "BLK": 0, "TOV": 3, "PF": 0, "PTS": 2, "PLUS_MINUS": -19, "VIDEO_AVAILABLE": 1}, {"SEASON_ID": "22018", "Player_ID": 1629019, "Game_ID": "0021800054", "GAME_DATE": "OCT 24, 2018", "MATCHUP": "NYK @ MIA", "WL": "L", "MIN": 21, "FGM": 2, "FGA": 8, "FG_PCT": 0.25, "FG3M": 0, "FG3A": 1, "FG3_PCT": 0.0, "FTM": 0, "FTA": 0, "FT_PCT": 0.0, "OREB": 1, "DREB": 4, "REB": 5, "AST": 2, "STL": 0, "BLK": 0, "TOV": 2, "PF": 1, "PTS": 4, "PLUS_MINUS": -9, "VIDEO_AVAILABLE": 1}, {"SEASON_ID": "22018", "Player_ID": 1629019, "Game_ID": "0021800042", "GAME_DATE": "OCT 22, 2018", "MATCHUP": "NYK @ MIL", "WL": "L", "MIN": 17, "FGM": 1, "FGA": 3, "FG_PCT": 0.333, "FG3M": 0, "FG3A": 0, "FG3_PCT": 0.0, "FTM": 2, "FTA": 2, "FT_PCT": 1.0, "OREB": 0, "DREB": 1, "REB": 1, "AST": 4, "STL": 1, "BLK": 0, "TOV": 0, "PF": 1, "PTS": 4, "PLUS_MINUS": 9, "VIDEO_AVAILABLE": 1}, {"SEASON_ID": "22018", "Player_ID": 1629019, "Game_ID": "0021800028", "GAME_DATE": "OCT 20, 2018", "MATCHUP": "NYK vs. BOS", "WL": "L", "MIN": 25, "FGM": 4, "FGA": 9, "FG_PCT": 0.444, "FG3M": 2, "FG3A": 3, "FG3_PCT": 0.667, "FTM": 5, "FTA": 7, "FT_PCT": 0.714, "OREB": 1, "DREB": 0, "REB": 1, "AST": 1, "STL": 0, "BLK": 0, "TOV": 3, "PF": 1, "PTS": 15, "PLUS_MINUS": 4, "VIDEO_AVAILABLE": 1}, {"SEASON_ID": "22018", "Player_ID": 1629019, "Game_ID": "0021800018", "GAME_DATE": "OCT 19, 2018", "MATCHUP": "NYK @ BKN", "WL": "L", "MIN": 16, "FGM": 2, "FGA": 8, "FG_PCT": 0.25, "FG3M": 0, "FG3A": 1, "FG3_PCT": 0.0, "FTM": 4, "FTA": 4, "FT_PCT": 1.0, "OREB": 1, "DREB": 2, "REB": 3, "AST": 0, "STL": 1, "BLK": 0, "TOV": 1, "PF": 0, "PTS": 8, "PLUS_MINUS": -1, "VIDEO_AVAILABLE": 1}, {"SEASON_ID": "22018", "Player_ID": 1629019, "Game_ID": "0021800007", "GAME_DATE": "OCT 17, 2018", "MATCHUP": "NYK vs. ATL", "WL": "W", "MIN": 26, "FGM": 5, "FGA": 9, "FG_PCT": 0.556, "FG3M": 1, "FG3A": 3, "FG3_PCT": 0.333, "FTM": 4, "FTA": 4, "FT_PCT": 1.0, "OREB": 0, "DREB": 4, "REB": 4, "AST": 0, "STL": 0, "BLK": 2, "TOV": 3, "PF": 0, "PTS": 15, "PLUS_MINUS": 9, "VIDEO_AVAILABLE": 1}]