{"firstName": "Allonzo", "lastName": "Trier", "temporaryDisplayName": "Trier, Allonzo", "personId": "1629019", "teamId": "1610612752", "jersey": "14", "isActive": true, "pos": "G", "heightFeet": "6", "heightInches": "5", "heightMeters": "1.96", "weightPounds": "200", "weightKilograms": "90.7", "dateOfBirthUTC": "1996-01-17", "teamSitesOnly": {"playerCode": "allonzo_trier", "posFull": "Guard", "displayAffiliation": "Arizona/USA", "freeAgentCode": ""}, "teams": [{"teamId": "1610612752", "seasonStart": "2018", "seasonEnd": "2019"}], "draft": {"teamId": "", "pickNum": "", "roundNum": "", "seasonYear": ""}, "nbaDebutYear": "2018", "yearsPro": "1", "collegeName": "Arizona", "lastAffiliation": "University of Arizona/USA", "country": "USA"}