{"firstName": "Myles", "lastName": "Turner", "temporaryDisplayName": "Turner, Myles", "personId": "1626167", "teamId": "1610612754", "jersey": "33", "isActive": true, "pos": "C-F", "heightFeet": "6", "heightInches": "11", "heightMeters": "2.11", "weightPounds": "250", "weightKilograms": "113.4", "dateOfBirthUTC": "1996-03-24", "teamSitesOnly": {"playerCode": "myles_turner", "posFull": "Center-Forward", "displayAffiliation": "Texas/USA", "freeAgentCode": ""}, "teams": [{"teamId": "1610612754", "seasonStart": "2015", "seasonEnd": "2019"}], "draft": {"teamId": "1610612754", "pickNum": "11", "roundNum": "1", "seasonYear": "2015"}, "nbaDebutYear": "2015", "yearsPro": "4", "collegeName": "Texas", "lastAffiliation": "Texas/USA", "country": "USA"}