{"firstName": "Gordon", "lastName": "Hayward", "temporaryDisplayName": "Hayward, Gordon", "personId": "202330", "teamId": "1610612738", "jersey": "20", "isActive": true, "pos": "F", "heightFeet": "6", "heightInches": "8", "heightMeters": "2.03", "weightPounds": "225", "weightKilograms": "102.1", "dateOfBirthUTC": "1990-03-23", "teamSitesOnly": {"playerCode": "gordon_hayward", "posFull": "Forward", "displayAffiliation": "Butler/USA", "freeAgentCode": ""}, "teams": [{"teamId": "1610612762", "seasonStart": "2010", "seasonEnd": "2016"}, {"teamId": "1610612738", "seasonStart": "2017", "seasonEnd": "2019"}], "draft": {"teamId": "1610612762", "pickNum": "9", "roundNum": "1", "seasonYear": "2010"}, "nbaDebutYear": "2010", "yearsPro": "9", "collegeName": "Butler", "lastAffiliation": "Butler/USA", "country": "USA"}