{"firstName": "Kyle", "lastName": "Korver", "temporaryDisplayName": "Korver, Kyle", "personId": "2594", "teamId": "1610612749", "jersey": "26", "isActive": true, "pos": "G-F", "heightFeet": "6", "heightInches": "7", "heightMeters": "2.01", "weightPounds": "212", "weightKilograms": "96.2", "dateOfBirthUTC": "1981-03-17", "teamSitesOnly": {"playerCode": "kyle_korver", "posFull": "Guard-Forward", "displayAffiliation": "Creighton/USA", "freeAgentCode": ""}, "teams": [{"teamId": "1610612755", "seasonStart": "2003", "seasonEnd": "2007"}, {"teamId": "1610612762", "seasonStart": "2007", "seasonEnd": "2009"}, {"teamId": "1610612741", "seasonStart": "2010", "seasonEnd": "2011"}, {"teamId": "1610612737", "seasonStart": "2012", "seasonEnd": "2016"}, {"teamId": "1610612739", "seasonStart": "2016", "seasonEnd": "2018"}, {"teamId": "1610612762", "seasonStart": "2018", "seasonEnd": "2018"}, {"teamId": "1610612749", "seasonStart": "2019", "seasonEnd": "2019"}], "draft": {"teamId": "1610612751", "pickNum": "51", "roundNum": "2", "seasonYear": "2003"}, "nbaDebutYear": "2003", "yearsPro": "16", "collegeName": "Creighton", "lastAffiliation": "Creighton/USA", "country": "USA"}