{"firstName": "Yudai", "lastName": "Baba", "temporaryDisplayName": "Baba, Yudai", "personId": "1629819", "teamId": "1610612742", "jersey": "18", "isActive": true, "pos": "G", "heightFeet": "6", "heightInches": "6", "heightMeters": "1.98", "weightPounds": "198", "weightKilograms": "89.8", "dateOfBirthUTC": "1995-11-07", "teamSitesOnly": {"playerCode": "yudai_baba", "posFull": "Guard", "displayAffiliation": "Japan", "freeAgentCode": ""}, "teams": [{"teamId": "1610612742", "seasonStart": "2019", "seasonEnd": "2019"}], "draft": {"teamId": "", "pickNum": "", "roundNum": "", "seasonYear": ""}, "nbaDebutYear": "", "yearsPro": "0", "collegeName": "", "lastAffiliation": "", "country": ""}