{"firstName": "Tyson", "lastName": "Chandler", "temporaryDisplayName": "Chandler, Tyson", "personId": "2199", "teamId": "1610612745", "jersey": "19", "isActive": true, "pos": "C", "heightFeet": "7", "heightInches": "1", "heightMeters": "2.16", "weightPounds": "240", "weightKilograms": "108.9", "dateOfBirthUTC": "1982-10-02", "teamSitesOnly": {"playerCode": "tyson_chandler", "posFull": "Center", "displayAffiliation": "Dominguez HS (CA)/USA", "freeAgentCode": ""}, "teams": [{"teamId": "1610612741", "seasonStart": "2001", "seasonEnd": "2005"}, {"teamId": "1610612740", "seasonStart": "2006", "seasonEnd": "2008"}, {"teamId": "1610612766", "seasonStart": "2009", "seasonEnd": "2009"}, {"teamId": "1610612742", "seasonStart": "2010", "seasonEnd": "2010"}, {"teamId": "1610612752", "seasonStart": "2011", "seasonEnd": "2013"}, {"teamId": "1610612742", "seasonStart": "2013", "seasonEnd": "2014"}, {"teamId": "1610612756", "seasonStart": "2015", "seasonEnd": "2018"}, {"teamId": "1610612747", "seasonStart": "2018", "seasonEnd": "2018"}, {"teamId": "1610612745", "seasonStart": "2019", "seasonEnd": "2019"}], "draft": {"teamId": "1610612746", "pickNum": "2", "roundNum": "1", "seasonYear": "2001"}, "nbaDebutYear": "2001", "yearsPro": "18", "collegeName": "No College", "lastAffiliation": "Dominguez HS (CA)/USA", "country": "USA"}