{"firstName": "Gerald", "lastName": "Green", "temporaryDisplayName": "Green, Gerald", "personId": "101123", "teamId": "1610612745", "jersey": "14", "isActive": true, "pos": "G-F", "heightFeet": "6", "heightInches": "7", "heightMeters": "2.01", "weightPounds": "205", "weightKilograms": "93.0", "dateOfBirthUTC": "1986-01-26", "teamSitesOnly": {"playerCode": "gerald_green", "posFull": "Guard-Forward", "displayAffiliation": "Gulf Shores Academy (TX)/USA", "freeAgentCode": ""}, "teams": [{"teamId": "1610612738", "seasonStart": "2005", "seasonEnd": "2006"}, {"teamId": "1610612750", "seasonStart": "2007", "seasonEnd": "2007"}, {"teamId": "1610612745", "seasonStart": "2007", "seasonEnd": "2007"}, {"teamId": "1610612742", "seasonStart": "2008", "seasonEnd": "2008"}, {"teamId": "1610612751", "seasonStart": "2011", "seasonEnd": "2011"}, {"teamId": "1610612754", "seasonStart": "2012", "seasonEnd": "2012"}, {"teamId": "1610612756", "seasonStart": "2013", "seasonEnd": "2014"}, {"teamId": "1610612748", "seasonStart": "2015", "seasonEnd": "2015"}, {"teamId": "1610612738", "seasonStart": "2016", "seasonEnd": "2016"}, {"teamId": "1610612745", "seasonStart": "2017", "seasonEnd": "2019"}], "draft": {"teamId": "1610612738", "pickNum": "18", "roundNum": "1", "seasonYear": "2005"}, "nbaDebutYear": "2005", "yearsPro": "12", "collegeName": "No College", "lastAffiliation": "Gulf Shores Academy (TX)/USA", "country": "USA"}