[{"SEASON_ID": "22016", "Player_ID": 1627739, "Game_ID": "0021601224", "GAME_DATE": "APR 12, 2017", "MATCHUP": "MIN @ HOU", "WL": "L", "MIN": 32, "FGM": 5, "FGA": 13, "FG_PCT": 0.385, "FG3M": 0, "FG3A": 2, "FG3_PCT": 0.0, "FTM": 0, "FTA": 0, "FT_PCT": 0.0, "OREB": 0, "DREB": 2, "REB": 2, "AST": 16, "STL": 1, "BLK": 2, "TOV": 3, "PF": 4, "PTS": 10, "PLUS_MINUS": 3, "VIDEO_AVAILABLE": 1}, {"SEASON_ID": "22016", "Player_ID": 1627739, "Game_ID": "0021601213", "GAME_DATE": "APR 11, 2017", "MATCHUP": "MIN vs. OKC", "WL": "L", "MIN": 17, "FGM": 1, "FGA": 3, "FG_PCT": 0.333, "FG3M": 0, "FG3A": 0, "FG3_PCT": 0.0, "FTM": 0, "FTA": 0, "FT_PCT": 0.0, "OREB": 0, "DREB": 0, "REB": 0, "AST": 1, "STL": 2, "BLK": 0, "TOV": 1, "PF": 2, "PTS": 2, "PLUS_MINUS": 1, "VIDEO_AVAILABLE": 1}, {"SEASON_ID": "22016", "Player_ID": 1627739, "Game_ID": "0021601202", "GAME_DATE": "APR 09, 2017", "MATCHUP": "MIN @ LAL", "WL": "L", "MIN": 15, "FGM": 0, "FGA": 1, "FG_PCT": 0.0, "FG3M": 0, "FG3A": 0, "FG3_PCT": 0.0, "FTM": 0, "FTA": 0, "FT_PCT": 0.0, "OREB": 1, "DREB": 3, "REB": 4, "AST": 3, "STL": 0, "BLK": 0, "TOV": 1, "PF": 3, "PTS": 0, "PLUS_MINUS": -11, "VIDEO_AVAILABLE": 1}, {"SEASON_ID": "22016", "Player_ID": 1627739, "Game_ID": "0021601185", "GAME_DATE": "APR 07, 2017", "MATCHUP": "MIN @ UTA", "WL": "L", "MIN": 11, "FGM": 1, "FGA": 3, "FG_PCT": 0.333, "FG3M": 1, "FG3A": 1, "FG3_PCT": 1.0, "FTM": 0, "FTA": 0, "FT_PCT": 0.0, "OREB": 0, "DREB": 0, "REB": 0, "AST": 3, "STL": 1, "BLK": 0, "TOV": 0, "PF": 3, "PTS": 3, "PLUS_MINUS": 8, "VIDEO_AVAILABLE": 1}, {"SEASON_ID": "22016", "Player_ID": 1627739, "Game_ID": "0021601178", "GAME_DATE": "APR 06, 2017", "MATCHUP": "MIN @ POR", "WL": "L", "MIN": 9, "FGM": 0, "FGA": 2, "FG_PCT": 0.0, "FG3M": 0, "FG3A": 0, "FG3_PCT": 0.0, "FTM": 0, "FTA": 0, "FT_PCT": 0.0, "OREB": 0, "DREB": 1, "REB": 1, "AST": 0, "STL": 0, "BLK": 0, "TOV": 0, "PF": 0, "PTS": 0, "PLUS_MINUS": -14, "VIDEO_AVAILABLE": 1}, {"SEASON_ID": "22016", "Player_ID": 1627739, "Game_ID": "0021601162", "GAME_DATE": "APR 04, 2017", "MATCHUP": "MIN @ GSW", "WL": "L", "MIN": 20, "FGM": 0, "FGA": 4, "FG_PCT": 0.0, "FG3M": 0, "FG3A": 0, "FG3_PCT": 0.0, "FTM": 0, "FTA": 0, "FT_PCT": 0.0, "OREB": 0, "DREB": 1, "REB": 1, "AST": 1, "STL": 2, "BLK": 0, "TOV": 2, "PF": 5, "PTS": 0, "PLUS_MINUS": 1, "VIDEO_AVAILABLE": 1}, {"SEASON_ID": "22016", "Player_ID": 1627739, "Game_ID": "0021600940", "GAME_DATE": "APR 03, 2017", "MATCHUP": "MIN vs. POR", "WL": "W", "MIN": 6, "FGM": 0, "FGA": 1, "FG_PCT": 0.0, "FG3M": 0, "FG3A": 0, "FG3_PCT": 0.0, "FTM": 0, "FTA": 0, "FT_PCT": 0.0, "OREB": 0, "DREB": 0, "REB": 0, "AST": 1, "STL": 0, "BLK": 0, "TOV": 0, "PF": 2, "PTS": 0, "PLUS_MINUS": -3, "VIDEO_AVAILABLE": 1}, {"SEASON_ID": "22016", "Player_ID": 1627739, "Game_ID": "0021601140", "GAME_DATE": "APR 01, 2017", "MATCHUP": "MIN vs. SAC", "WL": "L", "MIN": 19, "FGM": 2, "FGA": 7, "FG_PCT": 0.286, "FG3M": 0, "FG3A": 2, "FG3_PCT": 0.0, "FTM": 0, "FTA": 0, "FT_PCT": 0.0, "OREB": 1, "DREB": 2, "REB": 3, "AST": 3, "STL": 1, "BLK": 0, "TOV": 0, "PF": 6, "PTS": 4, "PLUS_MINUS": -20, "VIDEO_AVAILABLE": 1}, {"SEASON_ID": "22016", "Player_ID": 1627739, "Game_ID": "0021601123", "GAME_DATE": "MAR 30, 2017", "MATCHUP": "MIN vs. LAL", "WL": "W", "MIN": 30, "FGM": 1, "FGA": 4, "FG_PCT": 0.25, "FG3M": 0, "FG3A": 2, "FG3_PCT": 0.0, "FTM": 0, "FTA": 0, "FT_PCT": 0.0, "OREB": 1, "DREB": 5, "REB": 6, "AST": 5, "STL": 3, "BLK": 0, "TOV": 1, "PF": 2, "PTS": 2, "PLUS_MINUS": 5, "VIDEO_AVAILABLE": 1}, {"SEASON_ID": "22016", "Player_ID": 1627739, "Game_ID": "0021601104", "GAME_DATE": "MAR 28, 2017", "MATCHUP": "MIN @ IND", "WL": "W", "MIN": 26, "FGM": 3, "FGA": 3, "FG_PCT": 1.0, "FG3M": 0, "FG3A": 0, "FG3_PCT": 0.0, "FTM": 3, "FTA": 4, "FT_PCT": 0.75, "OREB": 0, "DREB": 2, "REB": 2, "AST": 1, "STL": 4, "BLK": 3, "TOV": 1, "PF": 2, "PTS": 9, "PLUS_MINUS": 6, "VIDEO_AVAILABLE": 1}, {"SEASON_ID": "22016", "Player_ID": 1627739, "Game_ID": "0021601086", "GAME_DATE": "MAR 25, 2017", "MATCHUP": "MIN @ POR", "WL": "L", "MIN": 29, "FGM": 8, "FGA": 13, "FG_PCT": 0.615, "FG3M": 1, "FG3A": 2, "FG3_PCT": 0.5, "FTM": 0, "FTA": 0, "FT_PCT": 0.0, "OREB": 1, "DREB": 3, "REB": 4, "AST": 1, "STL": 2, "BLK": 0, "TOV": 0, "PF": 4, "PTS": 17, "PLUS_MINUS": -11, "VIDEO_AVAILABLE": 1}, {"SEASON_ID": "22016", "Player_ID": 1627739, "Game_ID": "0021601080", "GAME_DATE": "MAR 24, 2017", "MATCHUP": "MIN @ LAL", "WL": "L", "MIN": 35, "FGM": 5, "FGA": 12, "FG_PCT": 0.417, "FG3M": 1, "FG3A": 5, "FG3_PCT": 0.2, "FTM": 0, "FTA": 0, "FT_PCT": 0.0, "OREB": 0, "DREB": 7, "REB": 7, "AST": 2, "STL": 3, "BLK": 2, "TOV": 0, "PF": 3, "PTS": 11, "PLUS_MINUS": -18, "VIDEO_AVAILABLE": 1}, {"SEASON_ID": "22016", "Player_ID": 1627739, "Game_ID": "0021601056", "GAME_DATE": "MAR 21, 2017", "MATCHUP": "MIN vs. SAS", "WL": "L", "MIN": 24, "FGM": 2, "FGA": 3, "FG_PCT": 0.667, "FG3M": 1, "FG3A": 2, "FG3_PCT": 0.5, "FTM": 0, "FTA": 0, "FT_PCT": 0.0, "OREB": 0, "DREB": 2, "REB": 2, "AST": 0, "STL": 2, "BLK": 0, "TOV": 2, "PF": 5, "PTS": 5, "PLUS_MINUS": 9, "VIDEO_AVAILABLE": 1}, {"SEASON_ID": "22016", "Player_ID": 1627739, "Game_ID": "0021601039", "GAME_DATE": "MAR 19, 2017", "MATCHUP": "MIN @ NOP", "WL": "L", "MIN": 13, "FGM": 1, "FGA": 3, "FG_PCT": 0.333, "FG3M": 0, "FG3A": 1, "FG3_PCT": 0.0, "FTM": 0, "FTA": 0, "FT_PCT": 0.0, "OREB": 0, "DREB": 1, "REB": 1, "AST": 1, "STL": 1, "BLK": 2, "TOV": 1, "PF": 2, "PTS": 2, "PLUS_MINUS": 1, "VIDEO_AVAILABLE": 1}, {"SEASON_ID": "22016", "Player_ID": 1627739, "Game_ID": "0021601025", "GAME_DATE": "MAR 17, 2017", "MATCHUP": "MIN @ MIA", "WL": "L", "MIN": 14, "FGM": 1, "FGA": 2, "FG_PCT": 0.5, "FG3M": 0, "FG3A": 0, "FG3_PCT": 0.0, "FTM": 0, "FTA": 0, "FT_PCT": 0.0, "OREB": 1, "DREB": 1, "REB": 2, "AST": 1, "STL": 2, "BLK": 0, "TOV": 1, "PF": 2, "PTS": 2, "PLUS_MINUS": -7, "VIDEO_AVAILABLE": 1}, {"SEASON_ID": "22016", "Player_ID": 1627739, "Game_ID": "0021601006", "GAME_DATE": "MAR 15, 2017", "MATCHUP": "MIN @ BOS", "WL": "L", "MIN": 16, "FGM": 2, "FGA": 6, "FG_PCT": 0.333, "FG3M": 0, "FG3A": 0, "FG3_PCT": 0.0, "FTM": 0, "FTA": 0, "FT_PCT": 0.0, "OREB": 0, "DREB": 1, "REB": 1, "AST": 2, "STL": 1, "BLK": 0, "TOV": 0, "PF": 2, "PTS": 4, "PLUS_MINUS": -3, "VIDEO_AVAILABLE": 1}, {"SEASON_ID": "22016", "Player_ID": 1627739, "Game_ID": "0021600995", "GAME_DATE": "MAR 13, 2017", "MATCHUP": "MIN vs. WAS", "WL": "W", "MIN": 9, "FGM": 0, "FGA": 1, "FG_PCT": 0.0, "FG3M": 0, "FG3A": 0, "FG3_PCT": 0.0, "FTM": 0, "FTA": 0, "FT_PCT": 0.0, "OREB": 0, "DREB": 0, "REB": 0, "AST": 0, "STL": 1, "BLK": 1, "TOV": 2, "PF": 2, "PTS": 0, "PLUS_MINUS": -5, "VIDEO_AVAILABLE": 1}, {"SEASON_ID": "22016", "Player_ID": 1627739, "Game_ID": "0021600978", "GAME_DATE": "MAR 11, 2017", "MATCHUP": "MIN @ MIL", "WL": "L", "MIN": 20, "FGM": 1, "FGA": 6, "FG_PCT": 0.167, "FG3M": 0, "FG3A": 2, "FG3_PCT": 0.0, "FTM": 2, "FTA": 2, "FT_PCT": 1.0, "OREB": 0, "DREB": 3, "REB": 3, "AST": 3, "STL": 1, "BLK": 0, "TOV": 2, "PF": 4, "PTS": 4, "PLUS_MINUS": -2, "VIDEO_AVAILABLE": 1}, {"SEASON_ID": "22016", "Player_ID": 1627739, "Game_ID": "0021600968", "GAME_DATE": "MAR 10, 2017", "MATCHUP": "MIN vs. GSW", "WL": "W", "MIN": 12, "FGM": 1, "FGA": 4, "FG_PCT": 0.25, "FG3M": 0, "FG3A": 0, "FG3_PCT": 0.0, "FTM": 0, "FTA": 0, "FT_PCT": 0.0, "OREB": 0, "DREB": 2, "REB": 2, "AST": 0, "STL": 1, "BLK": 0, "TOV": 1, "PF": 1, "PTS": 2, "PLUS_MINUS": -4, "VIDEO_AVAILABLE": 1}, {"SEASON_ID": "22016", "Player_ID": 1627739, "Game_ID": "0021600955", "GAME_DATE": "MAR 08, 2017", "MATCHUP": "MIN vs. LAC", "WL": "W", "MIN": 15, "FGM": 3, "FGA": 5, "FG_PCT": 0.6, "FG3M": 2, "FG3A": 2, "FG3_PCT": 1.0, "FTM": 0, "FTA": 0, "FT_PCT": 0.0, "OREB": 0, "DREB": 1, "REB": 1, "AST": 2, "STL": 1, "BLK": 1, "TOV": 0, "PF": 5, "PTS": 8, "PLUS_MINUS": 2, "VIDEO_AVAILABLE": 1}, {"SEASON_ID": "22016", "Player_ID": 1627739, "Game_ID": "0021600925", "GAME_DATE": "MAR 04, 2017", "MATCHUP": "MIN @ SAS", "WL": "L", "MIN": 10, "FGM": 0, "FGA": 1, "FG_PCT": 0.0, "FG3M": 0, "FG3A": 0, "FG3_PCT": 0.0, "FTM": 0, "FTA": 0, "FT_PCT": 0.0, "OREB": 0, "DREB": 1, "REB": 1, "AST": 1, "STL": 0, "BLK": 0, "TOV": 0, "PF": 1, "PTS": 0, "PLUS_MINUS": -7, "VIDEO_AVAILABLE": 1}, {"SEASON_ID": "22016", "Player_ID": 1627739, "Game_ID": "0021600903", "GAME_DATE": "MAR 01, 2017", "MATCHUP": "MIN @ UTA", "WL": "W", "MIN": 20, "FGM": 1, "FGA": 2, "FG_PCT": 0.5, "FG3M": 1, "FG3A": 2, "FG3_PCT": 0.5, "FTM": 1, "FTA": 2, "FT_PCT": 0.5, "OREB": 0, "DREB": 1, "REB": 1, "AST": 0, "STL": 1, "BLK": 0, "TOV": 0, "PF": 1, "PTS": 4, "PLUS_MINUS": -2, "VIDEO_AVAILABLE": 1}, {"SEASON_ID": "22016", "Player_ID": 1627739, "Game_ID": "0021600888", "GAME_DATE": "FEB 27, 2017", "MATCHUP": "MIN @ SAC", "WL": "W", "MIN": 17, "FGM": 2, "FGA": 3, "FG_PCT": 0.667, "FG3M": 0, "FG3A": 0, "FG3_PCT": 0.0, "FTM": 0, "FTA": 0, "FT_PCT": 0.0, "OREB": 1, "DREB": 0, "REB": 1, "AST": 2, "STL": 1, "BLK": 1, "TOV": 0, "PF": 2, "PTS": 4, "PLUS_MINUS": 4, "VIDEO_AVAILABLE": 1}, {"SEASON_ID": "22016", "Player_ID": 1627739, "Game_ID": "0021600872", "GAME_DATE": "FEB 25, 2017", "MATCHUP": "MIN @ HOU", "WL": "L", "MIN": 18, "FGM": 2, "FGA": 4, "FG_PCT": 0.5, "FG3M": 1, "FG3A": 1, "FG3_PCT": 1.0, "FTM": 1, "FTA": 1, "FT_PCT": 1.0, "OREB": 2, "DREB": 3, "REB": 5, "AST": 2, "STL": 0, "BLK": 0, "TOV": 0, "PF": 5, "PTS": 6, "PLUS_MINUS": -5, "VIDEO_AVAILABLE": 2}, {"SEASON_ID": "22016", "Player_ID": 1627739, "Game_ID": "0021600862", "GAME_DATE": "FEB 24, 2017", "MATCHUP": "MIN vs. DAL", "WL": "W", "MIN": 13, "FGM": 2, "FGA": 3, "FG_PCT": 0.667, "FG3M": 0, "FG3A": 0, "FG3_PCT": 0.0, "FTM": 0, "FTA": 0, "FT_PCT": 0.0, "OREB": 0, "DREB": 1, "REB": 1, "AST": 2, "STL": 0, "BLK": 0, "TOV": 0, "PF": 0, "PTS": 4, "PLUS_MINUS": -2, "VIDEO_AVAILABLE": 1}, {"SEASON_ID": "22016", "Player_ID": 1627739, "Game_ID": "0021600842", "GAME_DATE": "FEB 15, 2017", "MATCHUP": "MIN @ DEN", "WL": "W", "MIN": 20, "FGM": 1, "FGA": 4, "FG_PCT": 0.25, "FG3M": 0, "FG3A": 0, "FG3_PCT": 0.0, "FTM": 0, "FTA": 0, "FT_PCT": 0.0, "OREB": 0, "DREB": 4, "REB": 4, "AST": 5, "STL": 1, "BLK": 2, "TOV": 0, "PF": 0, "PTS": 2, "PLUS_MINUS": 5, "VIDEO_AVAILABLE": 1}, {"SEASON_ID": "22016", "Player_ID": 1627739, "Game_ID": "0021600832", "GAME_DATE": "FEB 14, 2017", "MATCHUP": "MIN vs. CLE", "WL": "L", "MIN": 9, "FGM": 1, "FGA": 3, "FG_PCT": 0.333, "FG3M": 0, "FG3A": 0, "FG3_PCT": 0.0, "FTM": 0, "FTA": 0, "FT_PCT": 0.0, "OREB": 0, "DREB": 1, "REB": 1, "AST": 3, "STL": 0, "BLK": 0, "TOV": 1, "PF": 1, "PTS": 2, "PLUS_MINUS": -9, "VIDEO_AVAILABLE": 1}, {"SEASON_ID": "22016", "Player_ID": 1627739, "Game_ID": "0021600816", "GAME_DATE": "FEB 12, 2017", "MATCHUP": "MIN vs. CHI", "WL": "W", "MIN": 12, "FGM": 0, "FGA": 2, "FG_PCT": 0.0, "FG3M": 0, "FG3A": 1, "FG3_PCT": 0.0, "FTM": 0, "FTA": 0, "FT_PCT": 0.0, "OREB": 0, "DREB": 1, "REB": 1, "AST": 1, "STL": 0, "BLK": 0, "TOV": 3, "PF": 0, "PTS": 0, "PLUS_MINUS": 1, "VIDEO_AVAILABLE": 1}, {"SEASON_ID": "22016", "Player_ID": 1627739, "Game_ID": "0021600804", "GAME_DATE": "FEB 10, 2017", "MATCHUP": "MIN vs. NOP", "WL": "L", "MIN": 9, "FGM": 0, "FGA": 2, "FG_PCT": 0.0, "FG3M": 0, "FG3A": 2, "FG3_PCT": 0.0, "FTM": 0, "FTA": 0, "FT_PCT": 0.0, "OREB": 0, "DREB": 0, "REB": 0, "AST": 1, "STL": 1, "BLK": 0, "TOV": 0, "PF": 4, "PTS": 0, "PLUS_MINUS": -2, "VIDEO_AVAILABLE": 1}, {"SEASON_ID": "22016", "Player_ID": 1627739, "Game_ID": "0021600731", "GAME_DATE": "FEB 01, 2017", "MATCHUP": "MIN @ CLE", "WL": "L", "MIN": 10, "FGM": 0, "FGA": 0, "FG_PCT": 0.0, "FG3M": 0, "FG3A": 0, "FG3_PCT": 0.0, "FTM": 0, "FTA": 0, "FT_PCT": 0.0, "OREB": 0, "DREB": 0, "REB": 0, "AST": 0, "STL": 0, "BLK": 0, "TOV": 3, "PF": 1, "PTS": 0, "PLUS_MINUS": -13, "VIDEO_AVAILABLE": 1}, {"SEASON_ID": "22016", "Player_ID": 1627739, "Game_ID": "0021600720", "GAME_DATE": "JAN 30, 2017", "MATCHUP": "MIN vs. ORL", "WL": "W", "MIN": 17, "FGM": 2, "FGA": 5, "FG_PCT": 0.4, "FG3M": 0, "FG3A": 2, "FG3_PCT": 0.0, "FTM": 0, "FTA": 0, "FT_PCT": 0.0, "OREB": 0, "DREB": 1, "REB": 1, "AST": 4, "STL": 0, "BLK": 2, "TOV": 1, "PF": 1, "PTS": 4, "PLUS_MINUS": 11, "VIDEO_AVAILABLE": 1}, {"SEASON_ID": "22016", "Player_ID": 1627739, "Game_ID": "0021600710", "GAME_DATE": "JAN 28, 2017", "MATCHUP": "MIN vs. BKN", "WL": "W", "MIN": 26, "FGM": 1, "FGA": 2, "FG_PCT": 0.5, "FG3M": 0, "FG3A": 1, "FG3_PCT": 0.0, "FTM": 0, "FTA": 0, "FT_PCT": 0.0, "OREB": 0, "DREB": 5, "REB": 5, "AST": 7, "STL": 1, "BLK": 1, "TOV": 1, "PF": 0, "PTS": 2, "PLUS_MINUS": 12, "VIDEO_AVAILABLE": 1}, {"SEASON_ID": "22016", "Player_ID": 1627739, "Game_ID": "0021600691", "GAME_DATE": "JAN 26, 2017", "MATCHUP": "MIN vs. IND", "WL": "L", "MIN": 15, "FGM": 1, "FGA": 1, "FG_PCT": 1.0, "FG3M": 1, "FG3A": 1, "FG3_PCT": 1.0, "FTM": 0, "FTA": 2, "FT_PCT": 0.0, "OREB": 0, "DREB": 0, "REB": 0, "AST": 3, "STL": 0, "BLK": 0, "TOV": 0, "PF": 2, "PTS": 3, "PLUS_MINUS": -1, "VIDEO_AVAILABLE": 1}, {"SEASON_ID": "22016", "Player_ID": 1627739, "Game_ID": "0021600679", "GAME_DATE": "JAN 24, 2017", "MATCHUP": "MIN @ PHX", "WL": "W", "MIN": 14, "FGM": 1, "FGA": 7, "FG_PCT": 0.143, "FG3M": 0, "FG3A": 3, "FG3_PCT": 0.0, "FTM": 0, "FTA": 0, "FT_PCT": 0.0, "OREB": 0, "DREB": 3, "REB": 3, "AST": 2, "STL": 0, "BLK": 0, "TOV": 5, "PF": 2, "PTS": 2, "PLUS_MINUS": 4, "VIDEO_AVAILABLE": 1}, {"SEASON_ID": "22016", "Player_ID": 1627739, "Game_ID": "0021600664", "GAME_DATE": "JAN 22, 2017", "MATCHUP": "MIN vs. DEN", "WL": "W", "MIN": 34, "FGM": 3, "FGA": 8, "FG_PCT": 0.375, "FG3M": 2, "FG3A": 2, "FG3_PCT": 1.0, "FTM": 2, "FTA": 4, "FT_PCT": 0.5, "OREB": 1, "DREB": 7, "REB": 8, "AST": 9, "STL": 3, "BLK": 1, "TOV": 1, "PF": 4, "PTS": 10, "PLUS_MINUS": 14, "VIDEO_AVAILABLE": 1}, {"SEASON_ID": "22016", "Player_ID": 1627739, "Game_ID": "0021600640", "GAME_DATE": "JAN 19, 2017", "MATCHUP": "MIN @ LAC", "WL": "W", "MIN": 25, "FGM": 2, "FGA": 4, "FG_PCT": 0.5, "FG3M": 0, "FG3A": 1, "FG3_PCT": 0.0, "FTM": 1, "FTA": 2, "FT_PCT": 0.5, "OREB": 1, "DREB": 3, "REB": 4, "AST": 4, "STL": 1, "BLK": 1, "TOV": 3, "PF": 5, "PTS": 5, "PLUS_MINUS": 7, "VIDEO_AVAILABLE": 1}, {"SEASON_ID": "22016", "Player_ID": 1627739, "Game_ID": "0021600625", "GAME_DATE": "JAN 17, 2017", "MATCHUP": "MIN @ SAS", "WL": "L", "MIN": 9, "FGM": 0, "FGA": 2, "FG_PCT": 0.0, "FG3M": 0, "FG3A": 0, "FG3_PCT": 0.0, "FTM": 0, "FTA": 0, "FT_PCT": 0.0, "OREB": 0, "DREB": 0, "REB": 0, "AST": 1, "STL": 0, "BLK": 0, "TOV": 1, "PF": 3, "PTS": 0, "PLUS_MINUS": -6, "VIDEO_AVAILABLE": 1}, {"SEASON_ID": "22016", "Player_ID": 1627739, "Game_ID": "0021600608", "GAME_DATE": "JAN 15, 2017", "MATCHUP": "MIN @ DAL", "WL": "L", "MIN": 13, "FGM": 0, "FGA": 3, "FG_PCT": 0.0, "FG3M": 0, "FG3A": 2, "FG3_PCT": 0.0, "FTM": 0, "FTA": 0, "FT_PCT": 0.0, "OREB": 0, "DREB": 1, "REB": 1, "AST": 1, "STL": 0, "BLK": 0, "TOV": 1, "PF": 3, "PTS": 0, "PLUS_MINUS": -17, "VIDEO_AVAILABLE": 1}, {"SEASON_ID": "22016", "Player_ID": 1627739, "Game_ID": "0021600596", "GAME_DATE": "JAN 13, 2017", "MATCHUP": "MIN vs. OKC", "WL": "W", "MIN": 12, "FGM": 2, "FGA": 4, "FG_PCT": 0.5, "FG3M": 0, "FG3A": 0, "FG3_PCT": 0.0, "FTM": 0, "FTA": 0, "FT_PCT": 0.0, "OREB": 1, "DREB": 1, "REB": 2, "AST": 0, "STL": 1, "BLK": 0, "TOV": 1, "PF": 2, "PTS": 4, "PLUS_MINUS": -1, "VIDEO_AVAILABLE": 1}, {"SEASON_ID": "22016", "Player_ID": 1627739, "Game_ID": "0021600582", "GAME_DATE": "JAN 11, 2017", "MATCHUP": "MIN vs. HOU", "WL": "W", "MIN": 13, "FGM": 3, "FGA": 7, "FG_PCT": 0.429, "FG3M": 0, "FG3A": 0, "FG3_PCT": 0.0, "FTM": 0, "FTA": 0, "FT_PCT": 0.0, "OREB": 1, "DREB": 2, "REB": 3, "AST": 0, "STL": 2, "BLK": 1, "TOV": 2, "PF": 1, "PTS": 6, "PLUS_MINUS": 2, "VIDEO_AVAILABLE": 1}, {"SEASON_ID": "22016", "Player_ID": 1627739, "Game_ID": "0021600570", "GAME_DATE": "JAN 09, 2017", "MATCHUP": "MIN vs. DAL", "WL": "W", "MIN": 18, "FGM": 1, "FGA": 3, "FG_PCT": 0.333, "FG3M": 0, "FG3A": 1, "FG3_PCT": 0.0, "FTM": 1, "FTA": 2, "FT_PCT": 0.5, "OREB": 0, "DREB": 1, "REB": 1, "AST": 3, "STL": 2, "BLK": 1, "TOV": 4, "PF": 2, "PTS": 3, "PLUS_MINUS": 0, "VIDEO_AVAILABLE": 1}, {"SEASON_ID": "22016", "Player_ID": 1627739, "Game_ID": "0021600556", "GAME_DATE": "JAN 07, 2017", "MATCHUP": "MIN vs. UTA", "WL": "L", "MIN": 14, "FGM": 1, "FGA": 3, "FG_PCT": 0.333, "FG3M": 0, "FG3A": 1, "FG3_PCT": 0.0, "FTM": 0, "FTA": 0, "FT_PCT": 0.0, "OREB": 0, "DREB": 2, "REB": 2, "AST": 1, "STL": 1, "BLK": 1, "TOV": 1, "PF": 1, "PTS": 2, "PLUS_MINUS": -2, "VIDEO_AVAILABLE": 1}, {"SEASON_ID": "22016", "Player_ID": 1627739, "Game_ID": "0021600544", "GAME_DATE": "JAN 06, 2017", "MATCHUP": "MIN @ WAS", "WL": "L", "MIN": 13, "FGM": 0, "FGA": 1, "FG_PCT": 0.0, "FG3M": 0, "FG3A": 0, "FG3_PCT": 0.0, "FTM": 0, "FTA": 0, "FT_PCT": 0.0, "OREB": 0, "DREB": 0, "REB": 0, "AST": 3, "STL": 0, "BLK": 0, "TOV": 0, "PF": 2, "PTS": 0, "PLUS_MINUS": -4, "VIDEO_AVAILABLE": 1}, {"SEASON_ID": "22016", "Player_ID": 1627739, "Game_ID": "0021600521", "GAME_DATE": "JAN 03, 2017", "MATCHUP": "MIN @ PHI", "WL": "L", "MIN": 18, "FGM": 0, "FGA": 2, "FG_PCT": 0.0, "FG3M": 0, "FG3A": 0, "FG3_PCT": 0.0, "FTM": 0, "FTA": 0, "FT_PCT": 0.0, "OREB": 0, "DREB": 2, "REB": 2, "AST": 3, "STL": 0, "BLK": 0, "TOV": 1, "PF": 5, "PTS": 0, "PLUS_MINUS": 0, "VIDEO_AVAILABLE": 1}, {"SEASON_ID": "22016", "Player_ID": 1627739, "Game_ID": "0021600511", "GAME_DATE": "JAN 01, 2017", "MATCHUP": "MIN vs. POR", "WL": "L", "MIN": 21, "FGM": 5, "FGA": 7, "FG_PCT": 0.714, "FG3M": 1, "FG3A": 1, "FG3_PCT": 1.0, "FTM": 0, "FTA": 0, "FT_PCT": 0.0, "OREB": 0, "DREB": 3, "REB": 3, "AST": 4, "STL": 1, "BLK": 3, "TOV": 2, "PF": 3, "PTS": 11, "PLUS_MINUS": 12, "VIDEO_AVAILABLE": 1}, {"SEASON_ID": "22016", "Player_ID": 1627739, "Game_ID": "0021600497", "GAME_DATE": "DEC 30, 2016", "MATCHUP": "MIN vs. MIL", "WL": "W", "MIN": 13, "FGM": 0, "FGA": 1, "FG_PCT": 0.0, "FG3M": 0, "FG3A": 0, "FG3_PCT": 0.0, "FTM": 0, "FTA": 0, "FT_PCT": 0.0, "OREB": 0, "DREB": 1, "REB": 1, "AST": 4, "STL": 0, "BLK": 0, "TOV": 0, "PF": 2, "PTS": 0, "PLUS_MINUS": -10, "VIDEO_AVAILABLE": 1}, {"SEASON_ID": "22016", "Player_ID": 1627739, "Game_ID": "0021600483", "GAME_DATE": "DEC 28, 2016", "MATCHUP": "MIN @ DEN", "WL": "L", "MIN": 14, "FGM": 1, "FGA": 5, "FG_PCT": 0.2, "FG3M": 0, "FG3A": 1, "FG3_PCT": 0.0, "FTM": 0, "FTA": 0, "FT_PCT": 0.0, "OREB": 0, "DREB": 0, "REB": 0, "AST": 3, "STL": 0, "BLK": 0, "TOV": 0, "PF": 0, "PTS": 2, "PLUS_MINUS": -1, "VIDEO_AVAILABLE": 1}, {"SEASON_ID": "22016", "Player_ID": 1627739, "Game_ID": "0021600468", "GAME_DATE": "DEC 26, 2016", "MATCHUP": "MIN vs. ATL", "WL": "W", "MIN": 24, "FGM": 1, "FGA": 4, "FG_PCT": 0.25, "FG3M": 0, "FG3A": 1, "FG3_PCT": 0.0, "FTM": 1, "FTA": 2, "FT_PCT": 0.5, "OREB": 0, "DREB": 6, "REB": 6, "AST": 1, "STL": 2, "BLK": 0, "TOV": 1, "PF": 1, "PTS": 3, "PLUS_MINUS": -3, "VIDEO_AVAILABLE": 1}, {"SEASON_ID": "22016", "Player_ID": 1627739, "Game_ID": "0021600459", "GAME_DATE": "DEC 25, 2016", "MATCHUP": "MIN @ OKC", "WL": "L", "MIN": 18, "FGM": 1, "FGA": 2, "FG_PCT": 0.5, "FG3M": 1, "FG3A": 2, "FG3_PCT": 0.5, "FTM": 0, "FTA": 0, "FT_PCT": 0.0, "OREB": 0, "DREB": 2, "REB": 2, "AST": 3, "STL": 2, "BLK": 1, "TOV": 1, "PF": 3, "PTS": 3, "PLUS_MINUS": 2, "VIDEO_AVAILABLE": 1}, {"SEASON_ID": "22016", "Player_ID": 1627739, "Game_ID": "0021600450", "GAME_DATE": "DEC 23, 2016", "MATCHUP": "MIN vs. SAC", "WL": "L", "MIN": 14, "FGM": 1, "FGA": 4, "FG_PCT": 0.25, "FG3M": 0, "FG3A": 1, "FG3_PCT": 0.0, "FTM": 1, "FTA": 3, "FT_PCT": 0.333, "OREB": 1, "DREB": 2, "REB": 3, "AST": 1, "STL": 0, "BLK": 1, "TOV": 2, "PF": 2, "PTS": 3, "PLUS_MINUS": -6, "VIDEO_AVAILABLE": 1}, {"SEASON_ID": "22016", "Player_ID": 1627739, "Game_ID": "0021600430", "GAME_DATE": "DEC 21, 2016", "MATCHUP": "MIN @ ATL", "WL": "W", "MIN": 15, "FGM": 2, "FGA": 5, "FG_PCT": 0.4, "FG3M": 1, "FG3A": 3, "FG3_PCT": 0.333, "FTM": 1, "FTA": 1, "FT_PCT": 1.0, "OREB": 0, "DREB": 1, "REB": 1, "AST": 0, "STL": 0, "BLK": 0, "TOV": 0, "PF": 2, "PTS": 6, "PLUS_MINUS": 7, "VIDEO_AVAILABLE": 1}, {"SEASON_ID": "22016", "Player_ID": 1627739, "Game_ID": "0021600416", "GAME_DATE": "DEC 19, 2016", "MATCHUP": "MIN vs. PHX", "WL": "W", "MIN": 11, "FGM": 3, "FGA": 6, "FG_PCT": 0.5, "FG3M": 1, "FG3A": 1, "FG3_PCT": 1.0, "FTM": 1, "FTA": 1, "FT_PCT": 1.0, "OREB": 0, "DREB": 3, "REB": 3, "AST": 1, "STL": 1, "BLK": 2, "TOV": 3, "PF": 1, "PTS": 8, "PLUS_MINUS": 0, "VIDEO_AVAILABLE": 1}, {"SEASON_ID": "22016", "Player_ID": 1627739, "Game_ID": "0021600403", "GAME_DATE": "DEC 17, 2016", "MATCHUP": "MIN vs. HOU", "WL": "L", "MIN": 13, "FGM": 1, "FGA": 6, "FG_PCT": 0.167, "FG3M": 0, "FG3A": 2, "FG3_PCT": 0.0, "FTM": 0, "FTA": 0, "FT_PCT": 0.0, "OREB": 1, "DREB": 1, "REB": 2, "AST": 2, "STL": 1, "BLK": 0, "TOV": 0, "PF": 2, "PTS": 2, "PLUS_MINUS": 3, "VIDEO_AVAILABLE": 1}, {"SEASON_ID": "22016", "Player_ID": 1627739, "Game_ID": "0021600370", "GAME_DATE": "DEC 13, 2016", "MATCHUP": "MIN @ CHI", "WL": "W", "MIN": 13, "FGM": 1, "FGA": 3, "FG_PCT": 0.333, "FG3M": 0, "FG3A": 1, "FG3_PCT": 0.0, "FTM": 0, "FTA": 0, "FT_PCT": 0.0, "OREB": 1, "DREB": 1, "REB": 2, "AST": 1, "STL": 0, "BLK": 0, "TOV": 3, "PF": 1, "PTS": 2, "PLUS_MINUS": -6, "VIDEO_AVAILABLE": 1}, {"SEASON_ID": "22016", "Player_ID": 1627739, "Game_ID": "0021600358", "GAME_DATE": "DEC 11, 2016", "MATCHUP": "MIN vs. GSW", "WL": "L", "MIN": 16, "FGM": 2, "FGA": 4, "FG_PCT": 0.5, "FG3M": 0, "FG3A": 0, "FG3_PCT": 0.0, "FTM": 1, "FTA": 2, "FT_PCT": 0.5, "OREB": 0, "DREB": 2, "REB": 2, "AST": 1, "STL": 0, "BLK": 0, "TOV": 0, "PF": 1, "PTS": 5, "PLUS_MINUS": -11, "VIDEO_AVAILABLE": 1}, {"SEASON_ID": "22016", "Player_ID": 1627739, "Game_ID": "0021600342", "GAME_DATE": "DEC 09, 2016", "MATCHUP": "MIN vs. DET", "WL": "L", "MIN": 20, "FGM": 4, "FGA": 10, "FG_PCT": 0.4, "FG3M": 0, "FG3A": 4, "FG3_PCT": 0.0, "FTM": 0, "FTA": 0, "FT_PCT": 0.0, "OREB": 1, "DREB": 4, "REB": 5, "AST": 0, "STL": 1, "BLK": 0, "TOV": 0, "PF": 2, "PTS": 8, "PLUS_MINUS": -21, "VIDEO_AVAILABLE": 1}, {"SEASON_ID": "22016", "Player_ID": 1627739, "Game_ID": "0021600331", "GAME_DATE": "DEC 08, 2016", "MATCHUP": "MIN @ TOR", "WL": "L", "MIN": 19, "FGM": 2, "FGA": 5, "FG_PCT": 0.4, "FG3M": 0, "FG3A": 0, "FG3_PCT": 0.0, "FTM": 0, "FTA": 0, "FT_PCT": 0.0, "OREB": 0, "DREB": 1, "REB": 1, "AST": 5, "STL": 0, "BLK": 0, "TOV": 2, "PF": 4, "PTS": 4, "PLUS_MINUS": -3, "VIDEO_AVAILABLE": 1}, {"SEASON_ID": "22016", "Player_ID": 1627739, "Game_ID": "0021600319", "GAME_DATE": "DEC 06, 2016", "MATCHUP": "MIN vs. SAS", "WL": "L", "MIN": 17, "FGM": 6, "FGA": 7, "FG_PCT": 0.857, "FG3M": 1, "FG3A": 1, "FG3_PCT": 1.0, "FTM": 2, "FTA": 2, "FT_PCT": 1.0, "OREB": 1, "DREB": 0, "REB": 1, "AST": 2, "STL": 0, "BLK": 0, "TOV": 2, "PF": 3, "PTS": 15, "PLUS_MINUS": -9, "VIDEO_AVAILABLE": 1}, {"SEASON_ID": "22016", "Player_ID": 1627739, "Game_ID": "0021600292", "GAME_DATE": "DEC 03, 2016", "MATCHUP": "MIN @ CHA", "WL": "W", "MIN": 16, "FGM": 3, "FGA": 5, "FG_PCT": 0.6, "FG3M": 1, "FG3A": 1, "FG3_PCT": 1.0, "FTM": 1, "FTA": 2, "FT_PCT": 0.5, "OREB": 1, "DREB": 1, "REB": 2, "AST": 6, "STL": 1, "BLK": 1, "TOV": 1, "PF": 2, "PTS": 8, "PLUS_MINUS": 8, "VIDEO_AVAILABLE": 1}, {"SEASON_ID": "22016", "Player_ID": 1627739, "Game_ID": "0021600285", "GAME_DATE": "DEC 02, 2016", "MATCHUP": "MIN @ NYK", "WL": "L", "MIN": 18, "FGM": 2, "FGA": 3, "FG_PCT": 0.667, "FG3M": 0, "FG3A": 0, "FG3_PCT": 0.0, "FTM": 2, "FTA": 2, "FT_PCT": 1.0, "OREB": 0, "DREB": 1, "REB": 1, "AST": 5, "STL": 1, "BLK": 0, "TOV": 1, "PF": 3, "PTS": 6, "PLUS_MINUS": 2, "VIDEO_AVAILABLE": 1}, {"SEASON_ID": "22016", "Player_ID": 1627739, "Game_ID": "0021600271", "GAME_DATE": "NOV 30, 2016", "MATCHUP": "MIN vs. NYK", "WL": "L", "MIN": 10, "FGM": 0, "FGA": 1, "FG_PCT": 0.0, "FG3M": 0, "FG3A": 1, "FG3_PCT": 0.0, "FTM": 0, "FTA": 0, "FT_PCT": 0.0, "OREB": 0, "DREB": 0, "REB": 0, "AST": 0, "STL": 1, "BLK": 1, "TOV": 3, "PF": 2, "PTS": 0, "PLUS_MINUS": -11, "VIDEO_AVAILABLE": 1}, {"SEASON_ID": "22016", "Player_ID": 1627739, "Game_ID": "0021600258", "GAME_DATE": "NOV 28, 2016", "MATCHUP": "MIN vs. UTA", "WL": "L", "MIN": 9, "FGM": 0, "FGA": 2, "FG_PCT": 0.0, "FG3M": 0, "FG3A": 0, "FG3_PCT": 0.0, "FTM": 0, "FTA": 0, "FT_PCT": 0.0, "OREB": 0, "DREB": 0, "REB": 0, "AST": 1, "STL": 1, "BLK": 0, "TOV": 1, "PF": 1, "PTS": 0, "PLUS_MINUS": -3, "VIDEO_AVAILABLE": 1}, {"SEASON_ID": "22016", "Player_ID": 1627739, "Game_ID": "0021600244", "GAME_DATE": "NOV 26, 2016", "MATCHUP": "MIN @ GSW", "WL": "L", "MIN": 10, "FGM": 1, "FGA": 2, "FG_PCT": 0.5, "FG3M": 0, "FG3A": 0, "FG3_PCT": 0.0, "FTM": 0, "FTA": 0, "FT_PCT": 0.0, "OREB": 0, "DREB": 2, "REB": 2, "AST": 0, "STL": 1, "BLK": 0, "TOV": 0, "PF": 1, "PTS": 2, "PLUS_MINUS": -2, "VIDEO_AVAILABLE": 1}, {"SEASON_ID": "22016", "Player_ID": 1627739, "Game_ID": "0021600236", "GAME_DATE": "NOV 25, 2016", "MATCHUP": "MIN @ PHX", "WL": "W", "MIN": 11, "FGM": 1, "FGA": 4, "FG_PCT": 0.25, "FG3M": 1, "FG3A": 1, "FG3_PCT": 1.0, "FTM": 0, "FTA": 0, "FT_PCT": 0.0, "OREB": 0, "DREB": 0, "REB": 0, "AST": 0, "STL": 0, "BLK": 1, "TOV": 1, "PF": 2, "PTS": 3, "PLUS_MINUS": -5, "VIDEO_AVAILABLE": 1}, {"SEASON_ID": "22016", "Player_ID": 1627739, "Game_ID": "0021600222", "GAME_DATE": "NOV 23, 2016", "MATCHUP": "MIN @ NOP", "WL": "L", "MIN": 26, "FGM": 2, "FGA": 4, "FG_PCT": 0.5, "FG3M": 0, "FG3A": 0, "FG3_PCT": 0.0, "FTM": 2, "FTA": 2, "FT_PCT": 1.0, "OREB": 0, "DREB": 4, "REB": 4, "AST": 2, "STL": 4, "BLK": 1, "TOV": 2, "PF": 3, "PTS": 6, "PLUS_MINUS": 10, "VIDEO_AVAILABLE": 1}, {"SEASON_ID": "22016", "Player_ID": 1627739, "Game_ID": "0021600205", "GAME_DATE": "NOV 21, 2016", "MATCHUP": "MIN vs. BOS", "WL": "L", "MIN": 10, "FGM": 0, "FGA": 2, "FG_PCT": 0.0, "FG3M": 0, "FG3A": 0, "FG3_PCT": 0.0, "FTM": 0, "FTA": 0, "FT_PCT": 0.0, "OREB": 0, "DREB": 1, "REB": 1, "AST": 2, "STL": 1, "BLK": 0, "TOV": 1, "PF": 1, "PTS": 0, "PLUS_MINUS": 2, "VIDEO_AVAILABLE": 1}, {"SEASON_ID": "22016", "Player_ID": 1627739, "Game_ID": "0021600190", "GAME_DATE": "NOV 19, 2016", "MATCHUP": "MIN @ MEM", "WL": "L", "MIN": 18, "FGM": 0, "FGA": 4, "FG_PCT": 0.0, "FG3M": 0, "FG3A": 2, "FG3_PCT": 0.0, "FTM": 0, "FTA": 0, "FT_PCT": 0.0, "OREB": 0, "DREB": 1, "REB": 1, "AST": 1, "STL": 0, "BLK": 0, "TOV": 0, "PF": 6, "PTS": 0, "PLUS_MINUS": -15, "VIDEO_AVAILABLE": 1}, {"SEASON_ID": "22016", "Player_ID": 1627739, "Game_ID": "0021600172", "GAME_DATE": "NOV 17, 2016", "MATCHUP": "MIN vs. PHI", "WL": "W", "MIN": 23, "FGM": 1, "FGA": 3, "FG_PCT": 0.333, "FG3M": 0, "FG3A": 1, "FG3_PCT": 0.0, "FTM": 0, "FTA": 0, "FT_PCT": 0.0, "OREB": 0, "DREB": 3, "REB": 3, "AST": 2, "STL": 1, "BLK": 0, "TOV": 2, "PF": 2, "PTS": 2, "PLUS_MINUS": 3, "VIDEO_AVAILABLE": 1}, {"SEASON_ID": "22016", "Player_ID": 1627739, "Game_ID": "0021600155", "GAME_DATE": "NOV 15, 2016", "MATCHUP": "MIN vs. CHA", "WL": "L", "MIN": 13, "FGM": 2, "FGA": 3, "FG_PCT": 0.667, "FG3M": 0, "FG3A": 0, "FG3_PCT": 0.0, "FTM": 0, "FTA": 0, "FT_PCT": 0.0, "OREB": 1, "DREB": 1, "REB": 2, "AST": 3, "STL": 1, "BLK": 1, "TOV": 1, "PF": 1, "PTS": 4, "PLUS_MINUS": 12, "VIDEO_AVAILABLE": 1}, {"SEASON_ID": "22016", "Player_ID": 1627739, "Game_ID": "0021600142", "GAME_DATE": "NOV 13, 2016", "MATCHUP": "MIN vs. LAL", "WL": "W", "MIN": 14, "FGM": 1, "FGA": 2, "FG_PCT": 0.5, "FG3M": 0, "FG3A": 0, "FG3_PCT": 0.0, "FTM": 3, "FTA": 5, "FT_PCT": 0.6, "OREB": 0, "DREB": 2, "REB": 2, "AST": 2, "STL": 1, "BLK": 0, "TOV": 0, "PF": 1, "PTS": 5, "PLUS_MINUS": 0, "VIDEO_AVAILABLE": 1}, {"SEASON_ID": "22016", "Player_ID": 1627739, "Game_ID": "0021600135", "GAME_DATE": "NOV 12, 2016", "MATCHUP": "MIN vs. LAC", "WL": "L", "MIN": 19, "FGM": 0, "FGA": 4, "FG_PCT": 0.0, "FG3M": 0, "FG3A": 1, "FG3_PCT": 0.0, "FTM": 3, "FTA": 4, "FT_PCT": 0.75, "OREB": 0, "DREB": 4, "REB": 4, "AST": 4, "STL": 2, "BLK": 0, "TOV": 1, "PF": 1, "PTS": 3, "PLUS_MINUS": -3, "VIDEO_AVAILABLE": 1}, {"SEASON_ID": "22016", "Player_ID": 1627739, "Game_ID": "0021600109", "GAME_DATE": "NOV 09, 2016", "MATCHUP": "MIN @ ORL", "WL": "W", "MIN": 17, "FGM": 1, "FGA": 3, "FG_PCT": 0.333, "FG3M": 0, "FG3A": 0, "FG3_PCT": 0.0, "FTM": 0, "FTA": 0, "FT_PCT": 0.0, "OREB": 0, "DREB": 2, "REB": 2, "AST": 3, "STL": 0, "BLK": 2, "TOV": 1, "PF": 1, "PTS": 2, "PLUS_MINUS": -3, "VIDEO_AVAILABLE": 1}, {"SEASON_ID": "22016", "Player_ID": 1627739, "Game_ID": "0021600101", "GAME_DATE": "NOV 08, 2016", "MATCHUP": "MIN @ BKN", "WL": "L", "MIN": 16, "FGM": 0, "FGA": 1, "FG_PCT": 0.0, "FG3M": 0, "FG3A": 1, "FG3_PCT": 0.0, "FTM": 0, "FTA": 0, "FT_PCT": 0.0, "OREB": 0, "DREB": 3, "REB": 3, "AST": 2, "STL": 1, "BLK": 0, "TOV": 1, "PF": 2, "PTS": 0, "PLUS_MINUS": -10, "VIDEO_AVAILABLE": 1}, {"SEASON_ID": "22016", "Player_ID": 1627739, "Game_ID": "0021600079", "GAME_DATE": "NOV 05, 2016", "MATCHUP": "MIN @ OKC", "WL": "L", "MIN": 28, "FGM": 2, "FGA": 8, "FG_PCT": 0.25, "FG3M": 0, "FG3A": 0, "FG3_PCT": 0.0, "FTM": 3, "FTA": 6, "FT_PCT": 0.5, "OREB": 2, "DREB": 2, "REB": 4, "AST": 3, "STL": 1, "BLK": 0, "TOV": 1, "PF": 4, "PTS": 7, "PLUS_MINUS": -23, "VIDEO_AVAILABLE": 1}, {"SEASON_ID": "22016", "Player_ID": 1627739, "Game_ID": "0021600067", "GAME_DATE": "NOV 03, 2016", "MATCHUP": "MIN vs. DEN", "WL": "L", "MIN": 30, "FGM": 1, "FGA": 6, "FG_PCT": 0.167, "FG3M": 0, "FG3A": 1, "FG3_PCT": 0.0, "FTM": 1, "FTA": 2, "FT_PCT": 0.5, "OREB": 1, "DREB": 4, "REB": 5, "AST": 9, "STL": 3, "BLK": 0, "TOV": 4, "PF": 3, "PTS": 3, "PLUS_MINUS": -3, "VIDEO_AVAILABLE": 1}, {"SEASON_ID": "22016", "Player_ID": 1627739, "Game_ID": "0021600052", "GAME_DATE": "NOV 01, 2016", "MATCHUP": "MIN vs. MEM", "WL": "W", "MIN": 29, "FGM": 3, "FGA": 7, "FG_PCT": 0.429, "FG3M": 2, "FG3A": 3, "FG3_PCT": 0.667, "FTM": 2, "FTA": 2, "FT_PCT": 1.0, "OREB": 1, "DREB": 3, "REB": 4, "AST": 6, "STL": 5, "BLK": 0, "TOV": 3, "PF": 3, "PTS": 10, "PLUS_MINUS": 26, "VIDEO_AVAILABLE": 1}, {"SEASON_ID": "22016", "Player_ID": 1627739, "Game_ID": "0021600034", "GAME_DATE": "OCT 29, 2016", "MATCHUP": "MIN @ SAC", "WL": "L", "MIN": 20, "FGM": 1, "FGA": 2, "FG_PCT": 0.5, "FG3M": 1, "FG3A": 1, "FG3_PCT": 1.0, "FTM": 1, "FTA": 4, "FT_PCT": 0.25, "OREB": 0, "DREB": 1, "REB": 1, "AST": 4, "STL": 0, "BLK": 0, "TOV": 1, "PF": 2, "PTS": 4, "PLUS_MINUS": 7, "VIDEO_AVAILABLE": 1}, {"SEASON_ID": "22016", "Player_ID": 1627739, "Game_ID": "0021600009", "GAME_DATE": "OCT 26, 2016", "MATCHUP": "MIN @ MEM", "WL": "L", "MIN": 15, "FGM": 4, "FGA": 6, "FG_PCT": 0.667, "FG3M": 0, "FG3A": 1, "FG3_PCT": 0.0, "FTM": 0, "FTA": 0, "FT_PCT": 0.0, "OREB": 1, "DREB": 3, "REB": 4, "AST": 1, "STL": 1, "BLK": 0, "TOV": 1, "PF": 3, "PTS": 8, "PLUS_MINUS": -6, "VIDEO_AVAILABLE": 1}, {"SEASON_ID": "22018", "Player_ID": 1627739, "Game_ID": "0021801090", "GAME_DATE": "MAR 23, 2019", "MATCHUP": "CHI vs. UTA", "WL": "L", "MIN": 21, "FGM": 1, "FGA": 8, "FG_PCT": 0.125, "FG3M": 0, "FG3A": 0, "FG3_PCT": 0.0, "FTM": 2, "FTA": 2, "FT_PCT": 1.0, "OREB": 1, "DREB": 2, "REB": 3, "AST": 5, "STL": 1, "BLK": 0, "TOV": 0, "PF": 2, "PTS": 4, "PLUS_MINUS": -17, "VIDEO_AVAILABLE": 1}, {"SEASON_ID": "22018", "Player_ID": 1627739, "Game_ID": "0021801069", "GAME_DATE": "MAR 20, 2019", "MATCHUP": "CHI vs. WAS", "WL": "W", "MIN": 39, "FGM": 10, "FGA": 24, "FG_PCT": 0.417, "FG3M": 3, "FG3A": 7, "FG3_PCT": 0.429, "FTM": 3, "FTA": 5, "FT_PCT": 0.6, "OREB": 0, "DREB": 6, "REB": 6, "AST": 13, "STL": 2, "BLK": 0, "TOV": 2, "PF": 5, "PTS": 26, "PLUS_MINUS": 9, "VIDEO_AVAILABLE": 1}, {"SEASON_ID": "22018", "Player_ID": 1627739, "Game_ID": "0021801057", "GAME_DATE": "MAR 18, 2019", "MATCHUP": "CHI @ PHX", "WL": "W", "MIN": 27, "FGM": 5, "FGA": 10, "FG_PCT": 0.5, "FG3M": 1, "FG3A": 2, "FG3_PCT": 0.5, "FTM": 3, "FTA": 3, "FT_PCT": 1.0, "OREB": 0, "DREB": 2, "REB": 2, "AST": 3, "STL": 2, "BLK": 1, "TOV": 1, "PF": 4, "PTS": 14, "PLUS_MINUS": 13, "VIDEO_AVAILABLE": 1}, {"SEASON_ID": "22018", "Player_ID": 1627739, "Game_ID": "0021801047", "GAME_DATE": "MAR 17, 2019", "MATCHUP": "CHI @ SAC", "WL": "L", "MIN": 20, "FGM": 4, "FGA": 11, "FG_PCT": 0.364, "FG3M": 0, "FG3A": 3, "FG3_PCT": 0.0, "FTM": 0, "FTA": 0, "FT_PCT": 0.0, "OREB": 0, "DREB": 1, "REB": 1, "AST": 5, "STL": 1, "BLK": 0, "TOV": 2, "PF": 1, "PTS": 8, "PLUS_MINUS": -19, "VIDEO_AVAILABLE": 1}, {"SEASON_ID": "22018", "Player_ID": 1627739, "Game_ID": "0021801033", "GAME_DATE": "MAR 15, 2019", "MATCHUP": "CHI @ LAC", "WL": "L", "MIN": 28, "FGM": 5, "FGA": 12, "FG_PCT": 0.417, "FG3M": 1, "FG3A": 2, "FG3_PCT": 0.5, "FTM": 3, "FTA": 3, "FT_PCT": 1.0, "OREB": 1, "DREB": 4, "REB": 5, "AST": 3, "STL": 0, "BLK": 1, "TOV": 4, "PF": 6, "PTS": 14, "PLUS_MINUS": -5, "VIDEO_AVAILABLE": 2}, {"SEASON_ID": "22018", "Player_ID": 1627739, "Game_ID": "0021801009", "GAME_DATE": "MAR 12, 2019", "MATCHUP": "CHI vs. LAL", "WL": "L", "MIN": 33, "FGM": 8, "FGA": 16, "FG_PCT": 0.5, "FG3M": 2, "FG3A": 3, "FG3_PCT": 0.667, "FTM": 0, "FTA": 0, "FT_PCT": 0.0, "OREB": 2, "DREB": 5, "REB": 7, "AST": 9, "STL": 2, "BLK": 0, "TOV": 4, "PF": 4, "PTS": 18, "PLUS_MINUS": -5, "VIDEO_AVAILABLE": 1}, {"SEASON_ID": "22018", "Player_ID": 1627739, "Game_ID": "0021800992", "GAME_DATE": "MAR 10, 2019", "MATCHUP": "CHI @ DET", "WL": "L", "MIN": 22, "FGM": 3, "FGA": 7, "FG_PCT": 0.429, "FG3M": 1, "FG3A": 2, "FG3_PCT": 0.5, "FTM": 0, "FTA": 0, "FT_PCT": 0.0, "OREB": 0, "DREB": 0, "REB": 0, "AST": 4, "STL": 2, "BLK": 0, "TOV": 2, "PF": 3, "PTS": 7, "PLUS_MINUS": -13, "VIDEO_AVAILABLE": 1}, {"SEASON_ID": "22018", "Player_ID": 1627739, "Game_ID": "0021800980", "GAME_DATE": "MAR 08, 2019", "MATCHUP": "CHI vs. DET", "WL": "L", "MIN": 28, "FGM": 3, "FGA": 6, "FG_PCT": 0.5, "FG3M": 1, "FG3A": 2, "FG3_PCT": 0.5, "FTM": 0, "FTA": 0, "FT_PCT": 0.0, "OREB": 1, "DREB": 6, "REB": 7, "AST": 3, "STL": 2, "BLK": 1, "TOV": 2, "PF": 3, "PTS": 7, "PLUS_MINUS": 5, "VIDEO_AVAILABLE": 1}, {"SEASON_ID": "22018", "Player_ID": 1627739, "Game_ID": "0021800970", "GAME_DATE": "MAR 06, 2019", "MATCHUP": "CHI vs. PHI", "WL": "W", "MIN": 26, "FGM": 2, "FGA": 6, "FG_PCT": 0.333, "FG3M": 0, "FG3A": 2, "FG3_PCT": 0.0, "FTM": 0, "FTA": 0, "FT_PCT": 0.0, "OREB": 1, "DREB": 4, "REB": 5, "AST": 4, "STL": 2, "BLK": 1, "TOV": 0, "PF": 2, "PTS": 4, "PLUS_MINUS": 3, "VIDEO_AVAILABLE": 1}, {"SEASON_ID": "22018", "Player_ID": 1627739, "Game_ID": "0021800959", "GAME_DATE": "MAR 05, 2019", "MATCHUP": "CHI @ IND", "WL": "L", "MIN": 31, "FGM": 2, "FGA": 9, "FG_PCT": 0.222, "FG3M": 0, "FG3A": 2, "FG3_PCT": 0.0, "FTM": 1, "FTA": 1, "FT_PCT": 1.0, "OREB": 1, "DREB": 6, "REB": 7, "AST": 5, "STL": 2, "BLK": 0, "TOV": 1, "PF": 5, "PTS": 5, "PLUS_MINUS": -2, "VIDEO_AVAILABLE": 1}, {"SEASON_ID": "22018", "Player_ID": 1627739, "Game_ID": "0021800946", "GAME_DATE": "MAR 03, 2019", "MATCHUP": "CHI vs. ATL", "WL": "L", "MIN": 27, "FGM": 6, "FGA": 12, "FG_PCT": 0.5, "FG3M": 2, "FG3A": 5, "FG3_PCT": 0.4, "FTM": 0, "FTA": 0, "FT_PCT": 0.0, "OREB": 1, "DREB": 3, "REB": 4, "AST": 6, "STL": 2, "BLK": 0, "TOV": 3, "PF": 3, "PTS": 14, "PLUS_MINUS": -4, "VIDEO_AVAILABLE": 1}, {"SEASON_ID": "22018", "Player_ID": 1627739, "Game_ID": "0021800928", "GAME_DATE": "MAR 01, 2019", "MATCHUP": "CHI @ ATL", "WL": "W", "MIN": 32, "FGM": 5, "FGA": 11, "FG_PCT": 0.455, "FG3M": 3, "FG3A": 5, "FG3_PCT": 0.6, "FTM": 1, "FTA": 2, "FT_PCT": 0.5, "OREB": 0, "DREB": 1, "REB": 1, "AST": 6, "STL": 0, "BLK": 1, "TOV": 1, "PF": 6, "PTS": 14, "PLUS_MINUS": -12, "VIDEO_AVAILABLE": 1}, {"SEASON_ID": "22018", "Player_ID": 1627739, "Game_ID": "0021800916", "GAME_DATE": "FEB 27, 2019", "MATCHUP": "CHI @ MEM", "WL": "W", "MIN": 31, "FGM": 3, "FGA": 8, "FG_PCT": 0.375, "FG3M": 1, "FG3A": 1, "FG3_PCT": 1.0, "FTM": 2, "FTA": 2, "FT_PCT": 1.0, "OREB": 1, "DREB": 3, "REB": 4, "AST": 4, "STL": 3, "BLK": 0, "TOV": 0, "PF": 5, "PTS": 9, "PLUS_MINUS": 8, "VIDEO_AVAILABLE": 1}, {"SEASON_ID": "22018", "Player_ID": 1627739, "Game_ID": "0021800889", "GAME_DATE": "FEB 23, 2019", "MATCHUP": "CHI vs. BOS", "WL": "W", "MIN": 25, "FGM": 2, "FGA": 7, "FG_PCT": 0.286, "FG3M": 0, "FG3A": 2, "FG3_PCT": 0.0, "FTM": 0, "FTA": 0, "FT_PCT": 0.0, "OREB": 1, "DREB": 0, "REB": 1, "AST": 5, "STL": 0, "BLK": 0, "TOV": 1, "PF": 3, "PTS": 4, "PLUS_MINUS": -2, "VIDEO_AVAILABLE": 1}, {"SEASON_ID": "22018", "Player_ID": 1627739, "Game_ID": "0021800875", "GAME_DATE": "FEB 22, 2019", "MATCHUP": "CHI @ ORL", "WL": "W", "MIN": 29, "FGM": 4, "FGA": 9, "FG_PCT": 0.444, "FG3M": 0, "FG3A": 2, "FG3_PCT": 0.0, "FTM": 0, "FTA": 0, "FT_PCT": 0.0, "OREB": 0, "DREB": 3, "REB": 3, "AST": 2, "STL": 1, "BLK": 0, "TOV": 2, "PF": 1, "PTS": 8, "PLUS_MINUS": -1, "VIDEO_AVAILABLE": 1}, {"SEASON_ID": "22018", "Player_ID": 1627739, "Game_ID": "0021800843", "GAME_DATE": "FEB 11, 2019", "MATCHUP": "CHI vs. MIL", "WL": "L", "MIN": 33, "FGM": 1, "FGA": 9, "FG_PCT": 0.111, "FG3M": 0, "FG3A": 1, "FG3_PCT": 0.0, "FTM": 0, "FTA": 0, "FT_PCT": 0.0, "OREB": 0, "DREB": 4, "REB": 4, "AST": 6, "STL": 1, "BLK": 0, "TOV": 2, "PF": 4, "PTS": 2, "PLUS_MINUS": 1, "VIDEO_AVAILABLE": 1}, {"SEASON_ID": "22018", "Player_ID": 1627739, "Game_ID": "0021800830", "GAME_DATE": "FEB 09, 2019", "MATCHUP": "CHI vs. WAS", "WL": "L", "MIN": 33, "FGM": 3, "FGA": 6, "FG_PCT": 0.5, "FG3M": 0, "FG3A": 1, "FG3_PCT": 0.0, "FTM": 0, "FTA": 0, "FT_PCT": 0.0, "OREB": 1, "DREB": 3, "REB": 4, "AST": 8, "STL": 3, "BLK": 0, "TOV": 4, "PF": 1, "PTS": 6, "PLUS_MINUS": -10, "VIDEO_AVAILABLE": 1}, {"SEASON_ID": "22018", "Player_ID": 1627739, "Game_ID": "0021800820", "GAME_DATE": "FEB 08, 2019", "MATCHUP": "CHI @ BKN", "WL": "W", "MIN": 30, "FGM": 5, "FGA": 11, "FG_PCT": 0.455, "FG3M": 1, "FG3A": 5, "FG3_PCT": 0.2, "FTM": 3, "FTA": 4, "FT_PCT": 0.75, "OREB": 0, "DREB": 5, "REB": 5, "AST": 9, "STL": 0, "BLK": 1, "TOV": 3, "PF": 4, "PTS": 14, "PLUS_MINUS": 12, "VIDEO_AVAILABLE": 1}, {"SEASON_ID": "22018", "Player_ID": 1627739, "Game_ID": "0021800805", "GAME_DATE": "FEB 06, 2019", "MATCHUP": "CHI vs. NOP", "WL": "L", "MIN": 38, "FGM": 8, "FGA": 13, "FG_PCT": 0.615, "FG3M": 2, "FG3A": 4, "FG3_PCT": 0.5, "FTM": 0, "FTA": 0, "FT_PCT": 0.0, "OREB": 1, "DREB": 3, "REB": 4, "AST": 8, "STL": 2, "BLK": 1, "TOV": 2, "PF": 3, "PTS": 18, "PLUS_MINUS": -8, "VIDEO_AVAILABLE": 1}, {"SEASON_ID": "22018", "Player_ID": 1627739, "Game_ID": "0021800776", "GAME_DATE": "FEB 02, 2019", "MATCHUP": "CHI @ CHA", "WL": "L", "MIN": 32, "FGM": 3, "FGA": 11, "FG_PCT": 0.273, "FG3M": 1, "FG3A": 2, "FG3_PCT": 0.5, "FTM": 0, "FTA": 0, "FT_PCT": 0.0, "OREB": 1, "DREB": 4, "REB": 5, "AST": 4, "STL": 0, "BLK": 1, "TOV": 1, "PF": 4, "PTS": 7, "PLUS_MINUS": -8, "VIDEO_AVAILABLE": 1}, {"SEASON_ID": "22018", "Player_ID": 1627739, "Game_ID": "0021800757", "GAME_DATE": "JAN 30, 2019", "MATCHUP": "CHI @ MIA", "WL": "W", "MIN": 34, "FGM": 6, "FGA": 14, "FG_PCT": 0.429, "FG3M": 1, "FG3A": 1, "FG3_PCT": 1.0, "FTM": 1, "FTA": 3, "FT_PCT": 0.333, "OREB": 1, "DREB": 4, "REB": 5, "AST": 8, "STL": 2, "BLK": 0, "TOV": 3, "PF": 3, "PTS": 14, "PLUS_MINUS": 8, "VIDEO_AVAILABLE": 1}, {"SEASON_ID": "22018", "Player_ID": 1627739, "Game_ID": "0021800752", "GAME_DATE": "JAN 29, 2019", "MATCHUP": "CHI @ BKN", "WL": "L", "MIN": 31, "FGM": 6, "FGA": 10, "FG_PCT": 0.6, "FG3M": 2, "FG3A": 3, "FG3_PCT": 0.667, "FTM": 1, "FTA": 1, "FT_PCT": 1.0, "OREB": 0, "DREB": 3, "REB": 3, "AST": 0, "STL": 0, "BLK": 2, "TOV": 6, "PF": 4, "PTS": 15, "PLUS_MINUS": -1, "VIDEO_AVAILABLE": 1}, {"SEASON_ID": "22018", "Player_ID": 1627739, "Game_ID": "0021800735", "GAME_DATE": "JAN 27, 2019", "MATCHUP": "CHI vs. CLE", "WL": "L", "MIN": 35, "FGM": 2, "FGA": 8, "FG_PCT": 0.25, "FG3M": 0, "FG3A": 3, "FG3_PCT": 0.0, "FTM": 2, "FTA": 2, "FT_PCT": 1.0, "OREB": 0, "DREB": 2, "REB": 2, "AST": 7, "STL": 2, "BLK": 2, "TOV": 2, "PF": 5, "PTS": 6, "PLUS_MINUS": 8, "VIDEO_AVAILABLE": 1}, {"SEASON_ID": "22018", "Player_ID": 1627739, "Game_ID": "0021800723", "GAME_DATE": "JAN 25, 2019", "MATCHUP": "CHI vs. LAC", "WL": "L", "MIN": 36, "FGM": 4, "FGA": 14, "FG_PCT": 0.286, "FG3M": 1, "FG3A": 5, "FG3_PCT": 0.2, "FTM": 0, "FTA": 0, "FT_PCT": 0.0, "OREB": 0, "DREB": 4, "REB": 4, "AST": 10, "STL": 4, "BLK": 0, "TOV": 3, "PF": 5, "PTS": 9, "PLUS_MINUS": 0, "VIDEO_AVAILABLE": 1}, {"SEASON_ID": "22018", "Player_ID": 1627739, "Game_ID": "0021800712", "GAME_DATE": "JAN 23, 2019", "MATCHUP": "CHI vs. ATL", "WL": "L", "MIN": 27, "FGM": 5, "FGA": 11, "FG_PCT": 0.455, "FG3M": 1, "FG3A": 2, "FG3_PCT": 0.5, "FTM": 5, "FTA": 6, "FT_PCT": 0.833, "OREB": 1, "DREB": 3, "REB": 4, "AST": 3, "STL": 2, "BLK": 2, "TOV": 1, "PF": 2, "PTS": 16, "PLUS_MINUS": -20, "VIDEO_AVAILABLE": 1}, {"SEASON_ID": "22018", "Player_ID": 1627739, "Game_ID": "0021800692", "GAME_DATE": "JAN 21, 2019", "MATCHUP": "CHI @ CLE", "WL": "W", "MIN": 31, "FGM": 5, "FGA": 10, "FG_PCT": 0.5, "FG3M": 1, "FG3A": 1, "FG3_PCT": 1.0, "FTM": 2, "FTA": 2, "FT_PCT": 1.0, "OREB": 0, "DREB": 4, "REB": 4, "AST": 9, "STL": 2, "BLK": 0, "TOV": 3, "PF": 4, "PTS": 13, "PLUS_MINUS": 18, "VIDEO_AVAILABLE": 1}, {"SEASON_ID": "22018", "Player_ID": 1627739, "Game_ID": "0021800685", "GAME_DATE": "JAN 19, 2019", "MATCHUP": "CHI vs. MIA", "WL": "L", "MIN": 33, "FGM": 3, "FGA": 14, "FG_PCT": 0.214, "FG3M": 0, "FG3A": 1, "FG3_PCT": 0.0, "FTM": 0, "FTA": 0, "FT_PCT": 0.0, "OREB": 1, "DREB": 3, "REB": 4, "AST": 5, "STL": 2, "BLK": 0, "TOV": 2, "PF": 1, "PTS": 6, "PLUS_MINUS": -17, "VIDEO_AVAILABLE": 1}, {"SEASON_ID": "22018", "Player_ID": 1627739, "Game_ID": "0021800669", "GAME_DATE": "JAN 17, 2019", "MATCHUP": "CHI @ DEN", "WL": "L", "MIN": 30, "FGM": 3, "FGA": 8, "FG_PCT": 0.375, "FG3M": 0, "FG3A": 0, "FG3_PCT": 0.0, "FTM": 0, "FTA": 0, "FT_PCT": 0.0, "OREB": 1, "DREB": 0, "REB": 1, "AST": 3, "STL": 0, "BLK": 0, "TOV": 1, "PF": 2, "PTS": 6, "PLUS_MINUS": -26, "VIDEO_AVAILABLE": 1}, {"SEASON_ID": "22018", "Player_ID": 1627739, "Game_ID": "0021800656", "GAME_DATE": "JAN 15, 2019", "MATCHUP": "CHI @ LAL", "WL": "L", "MIN": 31, "FGM": 2, "FGA": 7, "FG_PCT": 0.286, "FG3M": 0, "FG3A": 1, "FG3_PCT": 0.0, "FTM": 2, "FTA": 2, "FT_PCT": 1.0, "OREB": 0, "DREB": 5, "REB": 5, "AST": 4, "STL": 1, "BLK": 2, "TOV": 5, "PF": 3, "PTS": 6, "PLUS_MINUS": -25, "VIDEO_AVAILABLE": 1}, {"SEASON_ID": "22018", "Player_ID": 1627739, "Game_ID": "0021800637", "GAME_DATE": "JAN 12, 2019", "MATCHUP": "CHI @ UTA", "WL": "L", "MIN": 30, "FGM": 4, "FGA": 11, "FG_PCT": 0.364, "FG3M": 0, "FG3A": 1, "FG3_PCT": 0.0, "FTM": 2, "FTA": 2, "FT_PCT": 1.0, "OREB": 1, "DREB": 4, "REB": 5, "AST": 8, "STL": 3, "BLK": 2, "TOV": 2, "PF": 6, "PTS": 10, "PLUS_MINUS": -9, "VIDEO_AVAILABLE": 1}, {"SEASON_ID": "22018", "Player_ID": 1627739, "Game_ID": "0021800629", "GAME_DATE": "JAN 11, 2019", "MATCHUP": "CHI @ GSW", "WL": "L", "MIN": 25, "FGM": 2, "FGA": 9, "FG_PCT": 0.222, "FG3M": 1, "FG3A": 1, "FG3_PCT": 1.0, "FTM": 1, "FTA": 2, "FT_PCT": 0.5, "OREB": 0, "DREB": 0, "REB": 0, "AST": 5, "STL": 2, "BLK": 0, "TOV": 1, "PF": 5, "PTS": 6, "PLUS_MINUS": -45, "VIDEO_AVAILABLE": 1}, {"SEASON_ID": "22018", "Player_ID": 1627739, "Game_ID": "0021800615", "GAME_DATE": "JAN 09, 2019", "MATCHUP": "CHI @ POR", "WL": "L", "MIN": 30, "FGM": 7, "FGA": 14, "FG_PCT": 0.5, "FG3M": 1, "FG3A": 2, "FG3_PCT": 0.5, "FTM": 0, "FTA": 0, "FT_PCT": 0.0, "OREB": 0, "DREB": 5, "REB": 5, "AST": 7, "STL": 2, "BLK": 0, "TOV": 3, "PF": 4, "PTS": 15, "PLUS_MINUS": -8, "VIDEO_AVAILABLE": 1}, {"SEASON_ID": "22018", "Player_ID": 1627739, "Game_ID": "0021800584", "GAME_DATE": "JAN 06, 2019", "MATCHUP": "CHI vs. BKN", "WL": "L", "MIN": 34, "FGM": 8, "FGA": 15, "FG_PCT": 0.533, "FG3M": 0, "FG3A": 2, "FG3_PCT": 0.0, "FTM": 0, "FTA": 0, "FT_PCT": 0.0, "OREB": 0, "DREB": 4, "REB": 4, "AST": 7, "STL": 2, "BLK": 0, "TOV": 3, "PF": 2, "PTS": 16, "PLUS_MINUS": -17, "VIDEO_AVAILABLE": 1}, {"SEASON_ID": "22018", "Player_ID": 1627739, "Game_ID": "0021800569", "GAME_DATE": "JAN 04, 2019", "MATCHUP": "CHI vs. IND", "WL": "L", "MIN": 40, "FGM": 6, "FGA": 9, "FG_PCT": 0.667, "FG3M": 2, "FG3A": 2, "FG3_PCT": 1.0, "FTM": 2, "FTA": 3, "FT_PCT": 0.667, "OREB": 0, "DREB": 5, "REB": 5, "AST": 17, "STL": 0, "BLK": 0, "TOV": 2, "PF": 4, "PTS": 16, "PLUS_MINUS": 6, "VIDEO_AVAILABLE": 1}, {"SEASON_ID": "22018", "Player_ID": 1627739, "Game_ID": "0021800559", "GAME_DATE": "JAN 02, 2019", "MATCHUP": "CHI vs. ORL", "WL": "L", "MIN": 28, "FGM": 6, "FGA": 12, "FG_PCT": 0.5, "FG3M": 1, "FG3A": 2, "FG3_PCT": 0.5, "FTM": 1, "FTA": 1, "FT_PCT": 1.0, "OREB": 0, "DREB": 3, "REB": 3, "AST": 4, "STL": 3, "BLK": 0, "TOV": 2, "PF": 2, "PTS": 14, "PLUS_MINUS": -19, "VIDEO_AVAILABLE": 1}, {"SEASON_ID": "22018", "Player_ID": 1627739, "Game_ID": "0021800538", "GAME_DATE": "DEC 30, 2018", "MATCHUP": "CHI @ TOR", "WL": "L", "MIN": 31, "FGM": 6, "FGA": 15, "FG_PCT": 0.4, "FG3M": 0, "FG3A": 1, "FG3_PCT": 0.0, "FTM": 2, "FTA": 2, "FT_PCT": 1.0, "OREB": 0, "DREB": 3, "REB": 3, "AST": 8, "STL": 0, "BLK": 2, "TOV": 4, "PF": 3, "PTS": 14, "PLUS_MINUS": 9, "VIDEO_AVAILABLE": 1}, {"SEASON_ID": "22018", "Player_ID": 1627739, "Game_ID": "0021800520", "GAME_DATE": "DEC 28, 2018", "MATCHUP": "CHI @ WAS", "WL": "W", "MIN": 32, "FGM": 5, "FGA": 12, "FG_PCT": 0.417, "FG3M": 1, "FG3A": 2, "FG3_PCT": 0.5, "FTM": 2, "FTA": 2, "FT_PCT": 1.0, "OREB": 0, "DREB": 4, "REB": 4, "AST": 8, "STL": 2, "BLK": 0, "TOV": 1, "PF": 1, "PTS": 13, "PLUS_MINUS": 1, "VIDEO_AVAILABLE": 1}, {"SEASON_ID": "22018", "Player_ID": 1627739, "Game_ID": "0021800507", "GAME_DATE": "DEC 26, 2018", "MATCHUP": "CHI vs. MIN", "WL": "L", "MIN": 30, "FGM": 4, "FGA": 11, "FG_PCT": 0.364, "FG3M": 0, "FG3A": 0, "FG3_PCT": 0.0, "FTM": 1, "FTA": 3, "FT_PCT": 0.333, "OREB": 0, "DREB": 8, "REB": 8, "AST": 7, "STL": 2, "BLK": 0, "TOV": 2, "PF": 6, "PTS": 9, "PLUS_MINUS": -23, "VIDEO_AVAILABLE": 1}, {"SEASON_ID": "22018", "Player_ID": 1627739, "Game_ID": "0021800490", "GAME_DATE": "DEC 23, 2018", "MATCHUP": "CHI @ CLE", "WL": "W", "MIN": 29, "FGM": 8, "FGA": 11, "FG_PCT": 0.727, "FG3M": 0, "FG3A": 0, "FG3_PCT": 0.0, "FTM": 1, "FTA": 1, "FT_PCT": 1.0, "OREB": 0, "DREB": 8, "REB": 8, "AST": 7, "STL": 1, "BLK": 1, "TOV": 1, "PF": 5, "PTS": 17, "PLUS_MINUS": 21, "VIDEO_AVAILABLE": 1}, {"SEASON_ID": "22018", "Player_ID": 1627739, "Game_ID": "0021800474", "GAME_DATE": "DEC 21, 2018", "MATCHUP": "CHI vs. ORL", "WL": "W", "MIN": 36, "FGM": 4, "FGA": 14, "FG_PCT": 0.286, "FG3M": 0, "FG3A": 1, "FG3_PCT": 0.0, "FTM": 4, "FTA": 6, "FT_PCT": 0.667, "OREB": 0, "DREB": 8, "REB": 8, "AST": 7, "STL": 2, "BLK": 0, "TOV": 2, "PF": 3, "PTS": 12, "PLUS_MINUS": -4, "VIDEO_AVAILABLE": 1}, {"SEASON_ID": "22018", "Player_ID": 1627739, "Game_ID": "0021800460", "GAME_DATE": "DEC 19, 2018", "MATCHUP": "CHI vs. BKN", "WL": "L", "MIN": 34, "FGM": 11, "FGA": 21, "FG_PCT": 0.524, "FG3M": 1, "FG3A": 3, "FG3_PCT": 0.333, "FTM": 1, "FTA": 2, "FT_PCT": 0.5, "OREB": 0, "DREB": 4, "REB": 4, "AST": 6, "STL": 2, "BLK": 0, "TOV": 3, "PF": 5, "PTS": 24, "PLUS_MINUS": 1, "VIDEO_AVAILABLE": 1}, {"SEASON_ID": "22018", "Player_ID": 1627739, "Game_ID": "0021800447", "GAME_DATE": "DEC 17, 2018", "MATCHUP": "CHI @ OKC", "WL": "L", "MIN": 26, "FGM": 5, "FGA": 8, "FG_PCT": 0.625, "FG3M": 0, "FG3A": 0, "FG3_PCT": 0.0, "FTM": 2, "FTA": 2, "FT_PCT": 1.0, "OREB": 0, "DREB": 2, "REB": 2, "AST": 7, "STL": 1, "BLK": 0, "TOV": 4, "PF": 3, "PTS": 12, "PLUS_MINUS": -17, "VIDEO_AVAILABLE": 1}, {"SEASON_ID": "22018", "Player_ID": 1627739, "Game_ID": "0021800433", "GAME_DATE": "DEC 15, 2018", "MATCHUP": "CHI @ SAS", "WL": "W", "MIN": 36, "FGM": 11, "FGA": 19, "FG_PCT": 0.579, "FG3M": 0, "FG3A": 2, "FG3_PCT": 0.0, "FTM": 2, "FTA": 2, "FT_PCT": 1.0, "OREB": 0, "DREB": 7, "REB": 7, "AST": 3, "STL": 2, "BLK": 0, "TOV": 1, "PF": 5, "PTS": 24, "PLUS_MINUS": 3, "VIDEO_AVAILABLE": 1}, {"SEASON_ID": "22018", "Player_ID": 1627739, "Game_ID": "0021800418", "GAME_DATE": "DEC 13, 2018", "MATCHUP": "CHI @ ORL", "WL": "L", "MIN": 26, "FGM": 2, "FGA": 5, "FG_PCT": 0.4, "FG3M": 1, "FG3A": 1, "FG3_PCT": 1.0, "FTM": 0, "FTA": 0, "FT_PCT": 0.0, "OREB": 0, "DREB": 4, "REB": 4, "AST": 2, "STL": 1, "BLK": 0, "TOV": 4, "PF": 4, "PTS": 5, "PLUS_MINUS": -2, "VIDEO_AVAILABLE": 1}, {"SEASON_ID": "22018", "Player_ID": 1627739, "Game_ID": "0021800394", "GAME_DATE": "DEC 10, 2018", "MATCHUP": "CHI vs. SAC", "WL": "L", "MIN": 20, "FGM": 3, "FGA": 5, "FG_PCT": 0.6, "FG3M": 0, "FG3A": 2, "FG3_PCT": 0.0, "FTM": 3, "FTA": 3, "FT_PCT": 1.0, "OREB": 1, "DREB": 2, "REB": 3, "AST": 6, "STL": 0, "BLK": 0, "TOV": 2, "PF": 4, "PTS": 9, "PLUS_MINUS": -9, "VIDEO_AVAILABLE": 1}, {"SEASON_ID": "22018", "Player_ID": 1627739, "Game_ID": "0021800044", "GAME_DATE": "OCT 22, 2018", "MATCHUP": "CHI @ DAL", "WL": "L", "MIN": 30, "FGM": 4, "FGA": 13, "FG_PCT": 0.308, "FG3M": 1, "FG3A": 4, "FG3_PCT": 0.25, "FTM": 0, "FTA": 0, "FT_PCT": 0.0, "OREB": 0, "DREB": 4, "REB": 4, "AST": 7, "STL": 0, "BLK": 0, "TOV": 4, "PF": 6, "PTS": 9, "PLUS_MINUS": -1, "VIDEO_AVAILABLE": 1}, {"SEASON_ID": "22017", "Player_ID": 1627739, "Game_ID": "0021701024", "GAME_DATE": "MAR 15, 2018", "MATCHUP": "CHI @ MEM", "WL": "W", "MIN": 25, "FGM": 3, "FGA": 7, "FG_PCT": 0.429, "FG3M": 0, "FG3A": 3, "FG3_PCT": 0.0, "FTM": 0, "FTA": 0, "FT_PCT": 0.0, "OREB": 0, "DREB": 2, "REB": 2, "AST": 4, "STL": 2, "BLK": 0, "TOV": 2, "PF": 2, "PTS": 6, "PLUS_MINUS": -7, "VIDEO_AVAILABLE": 1}, {"SEASON_ID": "22017", "Player_ID": 1627739, "Game_ID": "0021701010", "GAME_DATE": "MAR 13, 2018", "MATCHUP": "CHI vs. LAC", "WL": "L", "MIN": 26, "FGM": 6, "FGA": 9, "FG_PCT": 0.667, "FG3M": 0, "FG3A": 2, "FG3_PCT": 0.0, "FTM": 6, "FTA": 6, "FT_PCT": 1.0, "OREB": 0, "DREB": 1, "REB": 1, "AST": 6, "STL": 2, "BLK": 0, "TOV": 2, "PF": 5, "PTS": 18, "PLUS_MINUS": -1, "VIDEO_AVAILABLE": 1}, {"SEASON_ID": "22017", "Player_ID": 1627739, "Game_ID": "0021700993", "GAME_DATE": "MAR 11, 2018", "MATCHUP": "CHI @ ATL", "WL": "W", "MIN": 31, "FGM": 5, "FGA": 13, "FG_PCT": 0.385, "FG3M": 2, "FG3A": 4, "FG3_PCT": 0.5, "FTM": 1, "FTA": 2, "FT_PCT": 0.5, "OREB": 1, "DREB": 1, "REB": 2, "AST": 5, "STL": 3, "BLK": 0, "TOV": 1, "PF": 4, "PTS": 13, "PLUS_MINUS": -17, "VIDEO_AVAILABLE": 1}, {"SEASON_ID": "22017", "Player_ID": 1627739, "Game_ID": "0021700977", "GAME_DATE": "MAR 09, 2018", "MATCHUP": "CHI @ DET", "WL": "L", "MIN": 25, "FGM": 6, "FGA": 12, "FG_PCT": 0.5, "FG3M": 1, "FG3A": 2, "FG3_PCT": 0.5, "FTM": 0, "FTA": 0, "FT_PCT": 0.0, "OREB": 0, "DREB": 1, "REB": 1, "AST": 4, "STL": 3, "BLK": 0, "TOV": 0, "PF": 3, "PTS": 13, "PLUS_MINUS": -12, "VIDEO_AVAILABLE": 1}, {"SEASON_ID": "22017", "Player_ID": 1627739, "Game_ID": "0021700967", "GAME_DATE": "MAR 07, 2018", "MATCHUP": "CHI vs. MEM", "WL": "W", "MIN": 32, "FGM": 6, "FGA": 11, "FG_PCT": 0.545, "FG3M": 1, "FG3A": 3, "FG3_PCT": 0.333, "FTM": 8, "FTA": 10, "FT_PCT": 0.8, "OREB": 1, "DREB": 2, "REB": 3, "AST": 9, "STL": 3, "BLK": 1, "TOV": 6, "PF": 5, "PTS": 21, "PLUS_MINUS": 12, "VIDEO_AVAILABLE": 1}, {"SEASON_ID": "22017", "Player_ID": 1627739, "Game_ID": "0021700953", "GAME_DATE": "MAR 05, 2018", "MATCHUP": "CHI vs. BOS", "WL": "L", "MIN": 28, "FGM": 3, "FGA": 10, "FG_PCT": 0.3, "FG3M": 1, "FG3A": 3, "FG3_PCT": 0.333, "FTM": 0, "FTA": 0, "FT_PCT": 0.0, "OREB": 0, "DREB": 4, "REB": 4, "AST": 4, "STL": 1, "BLK": 0, "TOV": 3, "PF": 3, "PTS": 7, "PLUS_MINUS": -26, "VIDEO_AVAILABLE": 1}, {"SEASON_ID": "22017", "Player_ID": 1627739, "Game_ID": "0021700930", "GAME_DATE": "MAR 02, 2018", "MATCHUP": "CHI vs. DAL", "WL": "W", "MIN": 34, "FGM": 6, "FGA": 12, "FG_PCT": 0.5, "FG3M": 3, "FG3A": 4, "FG3_PCT": 0.75, "FTM": 3, "FTA": 4, "FT_PCT": 0.75, "OREB": 0, "DREB": 7, "REB": 7, "AST": 7, "STL": 1, "BLK": 1, "TOV": 2, "PF": 5, "PTS": 18, "PLUS_MINUS": 9, "VIDEO_AVAILABLE": 1}, {"SEASON_ID": "22017", "Player_ID": 1627739, "Game_ID": "0021700907", "GAME_DATE": "FEB 27, 2018", "MATCHUP": "CHI @ CHA", "WL": "L", "MIN": 30, "FGM": 2, "FGA": 11, "FG_PCT": 0.182, "FG3M": 0, "FG3A": 3, "FG3_PCT": 0.0, "FTM": 6, "FTA": 8, "FT_PCT": 0.75, "OREB": 0, "DREB": 2, "REB": 2, "AST": 3, "STL": 0, "BLK": 2, "TOV": 7, "PF": 4, "PTS": 10, "PLUS_MINUS": -18, "VIDEO_AVAILABLE": 1}, {"SEASON_ID": "22017", "Player_ID": 1627739, "Game_ID": "0021700899", "GAME_DATE": "FEB 26, 2018", "MATCHUP": "CHI @ BKN", "WL": "L", "MIN": 30, "FGM": 9, "FGA": 15, "FG_PCT": 0.6, "FG3M": 1, "FG3A": 1, "FG3_PCT": 1.0, "FTM": 4, "FTA": 5, "FT_PCT": 0.8, "OREB": 0, "DREB": 3, "REB": 3, "AST": 4, "STL": 2, "BLK": 2, "TOV": 4, "PF": 2, "PTS": 23, "PLUS_MINUS": -23, "VIDEO_AVAILABLE": 1}, {"SEASON_ID": "22017", "Player_ID": 1627739, "Game_ID": "0021700888", "GAME_DATE": "FEB 24, 2018", "MATCHUP": "CHI @ MIN", "WL": "L", "MIN": 29, "FGM": 4, "FGA": 12, "FG_PCT": 0.333, "FG3M": 1, "FG3A": 4, "FG3_PCT": 0.25, "FTM": 1, "FTA": 2, "FT_PCT": 0.5, "OREB": 0, "DREB": 5, "REB": 5, "AST": 2, "STL": 2, "BLK": 3, "TOV": 4, "PF": 5, "PTS": 10, "PLUS_MINUS": -11, "VIDEO_AVAILABLE": 1}, {"SEASON_ID": "22017", "Player_ID": 1627739, "Game_ID": "0021700870", "GAME_DATE": "FEB 22, 2018", "MATCHUP": "CHI vs. PHI", "WL": "L", "MIN": 28, "FGM": 2, "FGA": 11, "FG_PCT": 0.182, "FG3M": 0, "FG3A": 1, "FG3_PCT": 0.0, "FTM": 1, "FTA": 2, "FT_PCT": 0.5, "OREB": 0, "DREB": 4, "REB": 4, "AST": 5, "STL": 2, "BLK": 0, "TOV": 1, "PF": 3, "PTS": 5, "PLUS_MINUS": -18, "VIDEO_AVAILABLE": 1}, {"SEASON_ID": "22017", "Player_ID": 1627739, "Game_ID": "0021700859", "GAME_DATE": "FEB 14, 2018", "MATCHUP": "CHI vs. TOR", "WL": "L", "MIN": 20, "FGM": 3, "FGA": 9, "FG_PCT": 0.333, "FG3M": 0, "FG3A": 2, "FG3_PCT": 0.0, "FTM": 2, "FTA": 2, "FT_PCT": 1.0, "OREB": 0, "DREB": 3, "REB": 3, "AST": 3, "STL": 1, "BLK": 0, "TOV": 0, "PF": 2, "PTS": 8, "PLUS_MINUS": -21, "VIDEO_AVAILABLE": 1}, {"SEASON_ID": "22017", "Player_ID": 1627739, "Game_ID": "0021700657", "GAME_DATE": "JAN 17, 2018", "MATCHUP": "CHI vs. GSW", "WL": "L", "MIN": 30, "FGM": 7, "FGA": 17, "FG_PCT": 0.412, "FG3M": 1, "FG3A": 4, "FG3_PCT": 0.25, "FTM": 1, "FTA": 1, "FT_PCT": 1.0, "OREB": 0, "DREB": 5, "REB": 5, "AST": 4, "STL": 3, "BLK": 0, "TOV": 1, "PF": 3, "PTS": 16, "PLUS_MINUS": -3, "VIDEO_AVAILABLE": 1}, {"SEASON_ID": "22017", "Player_ID": 1627739, "Game_ID": "0021700644", "GAME_DATE": "JAN 15, 2018", "MATCHUP": "CHI vs. MIA", "WL": "W", "MIN": 33, "FGM": 3, "FGA": 11, "FG_PCT": 0.273, "FG3M": 0, "FG3A": 1, "FG3_PCT": 0.0, "FTM": 0, "FTA": 0, "FT_PCT": 0.0, "OREB": 0, "DREB": 2, "REB": 2, "AST": 10, "STL": 1, "BLK": 0, "TOV": 2, "PF": 4, "PTS": 6, "PLUS_MINUS": 21, "VIDEO_AVAILABLE": 1}, {"SEASON_ID": "22017", "Player_ID": 1627739, "Game_ID": "0021700632", "GAME_DATE": "JAN 13, 2018", "MATCHUP": "CHI vs. DET", "WL": "W", "MIN": 31, "FGM": 7, "FGA": 13, "FG_PCT": 0.538, "FG3M": 1, "FG3A": 5, "FG3_PCT": 0.2, "FTM": 3, "FTA": 4, "FT_PCT": 0.75, "OREB": 0, "DREB": 8, "REB": 8, "AST": 8, "STL": 3, "BLK": 3, "TOV": 2, "PF": 2, "PTS": 18, "PLUS_MINUS": 5, "VIDEO_AVAILABLE": 1}, {"SEASON_ID": "22017", "Player_ID": 1627739, "Game_ID": "0021700607", "GAME_DATE": "JAN 10, 2018", "MATCHUP": "CHI @ NYK", "WL": "W", "MIN": 46, "FGM": 4, "FGA": 18, "FG_PCT": 0.222, "FG3M": 1, "FG3A": 3, "FG3_PCT": 0.333, "FTM": 0, "FTA": 0, "FT_PCT": 0.0, "OREB": 0, "DREB": 2, "REB": 2, "AST": 8, "STL": 5, "BLK": 1, "TOV": 2, "PF": 3, "PTS": 9, "PLUS_MINUS": 3, "VIDEO_AVAILABLE": 1}, {"SEASON_ID": "22017", "Player_ID": 1627739, "Game_ID": "0021700593", "GAME_DATE": "JAN 08, 2018", "MATCHUP": "CHI vs. HOU", "WL": "L", "MIN": 30, "FGM": 9, "FGA": 20, "FG_PCT": 0.45, "FG3M": 1, "FG3A": 2, "FG3_PCT": 0.5, "FTM": 0, "FTA": 0, "FT_PCT": 0.0, "OREB": 0, "DREB": 4, "REB": 4, "AST": 8, "STL": 3, "BLK": 1, "TOV": 1, "PF": 4, "PTS": 19, "PLUS_MINUS": -16, "VIDEO_AVAILABLE": 1}, {"SEASON_ID": "22017", "Player_ID": 1627739, "Game_ID": "0021700581", "GAME_DATE": "JAN 06, 2018", "MATCHUP": "CHI @ IND", "WL": "L", "MIN": 28, "FGM": 4, "FGA": 10, "FG_PCT": 0.4, "FG3M": 0, "FG3A": 2, "FG3_PCT": 0.0, "FTM": 0, "FTA": 0, "FT_PCT": 0.0, "OREB": 1, "DREB": 3, "REB": 4, "AST": 8, "STL": 0, "BLK": 0, "TOV": 4, "PF": 2, "PTS": 8, "PLUS_MINUS": -28, "VIDEO_AVAILABLE": 1}, {"SEASON_ID": "22017", "Player_ID": 1627739, "Game_ID": "0021700572", "GAME_DATE": "JAN 05, 2018", "MATCHUP": "CHI @ DAL", "WL": "W", "MIN": 32, "FGM": 12, "FGA": 17, "FG_PCT": 0.706, "FG3M": 4, "FG3A": 5, "FG3_PCT": 0.8, "FTM": 4, "FTA": 5, "FT_PCT": 0.8, "OREB": 1, "DREB": 1, "REB": 2, "AST": 9, "STL": 4, "BLK": 0, "TOV": 4, "PF": 3, "PTS": 32, "PLUS_MINUS": -2, "VIDEO_AVAILABLE": 1}, {"SEASON_ID": "22017", "Player_ID": 1627739, "Game_ID": "0021700560", "GAME_DATE": "JAN 03, 2018", "MATCHUP": "CHI vs. TOR", "WL": "L", "MIN": 29, "FGM": 1, "FGA": 6, "FG_PCT": 0.167, "FG3M": 0, "FG3A": 3, "FG3_PCT": 0.0, "FTM": 0, "FTA": 0, "FT_PCT": 0.0, "OREB": 0, "DREB": 5, "REB": 5, "AST": 8, "STL": 2, "BLK": 1, "TOV": 3, "PF": 4, "PTS": 2, "PLUS_MINUS": -3, "VIDEO_AVAILABLE": 1}, {"SEASON_ID": "22017", "Player_ID": 1627739, "Game_ID": "0021700547", "GAME_DATE": "JAN 01, 2018", "MATCHUP": "CHI vs. POR", "WL": "L", "MIN": 35, "FGM": 9, "FGA": 20, "FG_PCT": 0.45, "FG3M": 1, "FG3A": 2, "FG3_PCT": 0.5, "FTM": 3, "FTA": 3, "FT_PCT": 1.0, "OREB": 1, "DREB": 6, "REB": 7, "AST": 4, "STL": 1, "BLK": 1, "TOV": 8, "PF": 4, "PTS": 22, "PLUS_MINUS": -8, "VIDEO_AVAILABLE": 1}, {"SEASON_ID": "22017", "Player_ID": 1627739, "Game_ID": "0021700537", "GAME_DATE": "DEC 31, 2017", "MATCHUP": "CHI @ WAS", "WL": "L", "MIN": 32, "FGM": 8, "FGA": 17, "FG_PCT": 0.471, "FG3M": 1, "FG3A": 5, "FG3_PCT": 0.2, "FTM": 2, "FTA": 2, "FT_PCT": 1.0, "OREB": 0, "DREB": 7, "REB": 7, "AST": 11, "STL": 0, "BLK": 0, "TOV": 3, "PF": 5, "PTS": 19, "PLUS_MINUS": 6, "VIDEO_AVAILABLE": 1}, {"SEASON_ID": "22017", "Player_ID": 1627739, "Game_ID": "0021700509", "GAME_DATE": "DEC 27, 2017", "MATCHUP": "CHI vs. NYK", "WL": "W", "MIN": 32, "FGM": 6, "FGA": 18, "FG_PCT": 0.333, "FG3M": 1, "FG3A": 4, "FG3_PCT": 0.25, "FTM": 4, "FTA": 4, "FT_PCT": 1.0, "OREB": 0, "DREB": 5, "REB": 5, "AST": 5, "STL": 2, "BLK": 1, "TOV": 2, "PF": 3, "PTS": 17, "PLUS_MINUS": -1, "VIDEO_AVAILABLE": 1}, {"SEASON_ID": "22017", "Player_ID": 1627739, "Game_ID": "0021700501", "GAME_DATE": "DEC 26, 2017", "MATCHUP": "CHI @ MIL", "WL": "W", "MIN": 34, "FGM": 9, "FGA": 17, "FG_PCT": 0.529, "FG3M": 0, "FG3A": 3, "FG3_PCT": 0.0, "FTM": 2, "FTA": 4, "FT_PCT": 0.5, "OREB": 0, "DREB": 2, "REB": 2, "AST": 12, "STL": 4, "BLK": 2, "TOV": 4, "PF": 5, "PTS": 20, "PLUS_MINUS": -2, "VIDEO_AVAILABLE": 1}, {"SEASON_ID": "22017", "Player_ID": 1627739, "Game_ID": "0021700485", "GAME_DATE": "DEC 23, 2017", "MATCHUP": "CHI @ BOS", "WL": "L", "MIN": 25, "FGM": 1, "FGA": 12, "FG_PCT": 0.083, "FG3M": 0, "FG3A": 1, "FG3_PCT": 0.0, "FTM": 0, "FTA": 0, "FT_PCT": 0.0, "OREB": 1, "DREB": 1, "REB": 2, "AST": 7, "STL": 0, "BLK": 0, "TOV": 2, "PF": 1, "PTS": 2, "PLUS_MINUS": -29, "VIDEO_AVAILABLE": 1}, {"SEASON_ID": "22017", "Player_ID": 1627739, "Game_ID": "0021700466", "GAME_DATE": "DEC 21, 2017", "MATCHUP": "CHI @ CLE", "WL": "L", "MIN": 35, "FGM": 5, "FGA": 11, "FG_PCT": 0.455, "FG3M": 0, "FG3A": 2, "FG3_PCT": 0.0, "FTM": 0, "FTA": 0, "FT_PCT": 0.0, "OREB": 0, "DREB": 5, "REB": 5, "AST": 14, "STL": 1, "BLK": 0, "TOV": 4, "PF": 2, "PTS": 10, "PLUS_MINUS": 4, "VIDEO_AVAILABLE": 1}, {"SEASON_ID": "22017", "Player_ID": 1627739, "Game_ID": "0021700458", "GAME_DATE": "DEC 20, 2017", "MATCHUP": "CHI vs. ORL", "WL": "W", "MIN": 24, "FGM": 6, "FGA": 11, "FG_PCT": 0.545, "FG3M": 0, "FG3A": 3, "FG3_PCT": 0.0, "FTM": 3, "FTA": 3, "FT_PCT": 1.0, "OREB": 1, "DREB": 5, "REB": 6, "AST": 7, "STL": 3, "BLK": 1, "TOV": 2, "PF": 3, "PTS": 15, "PLUS_MINUS": 16, "VIDEO_AVAILABLE": 1}, {"SEASON_ID": "22017", "Player_ID": 1627739, "Game_ID": "0021700444", "GAME_DATE": "DEC 18, 2017", "MATCHUP": "CHI vs. PHI", "WL": "W", "MIN": 34, "FGM": 9, "FGA": 14, "FG_PCT": 0.643, "FG3M": 2, "FG3A": 2, "FG3_PCT": 1.0, "FTM": 2, "FTA": 2, "FT_PCT": 1.0, "OREB": 0, "DREB": 4, "REB": 4, "AST": 6, "STL": 2, "BLK": 0, "TOV": 5, "PF": 2, "PTS": 22, "PLUS_MINUS": 7, "VIDEO_AVAILABLE": 1}, {"SEASON_ID": "22017", "Player_ID": 1627739, "Game_ID": "0021700426", "GAME_DATE": "DEC 15, 2017", "MATCHUP": "CHI @ MIL", "WL": "W", "MIN": 25, "FGM": 7, "FGA": 12, "FG_PCT": 0.583, "FG3M": 0, "FG3A": 1, "FG3_PCT": 0.0, "FTM": 3, "FTA": 5, "FT_PCT": 0.6, "OREB": 0, "DREB": 0, "REB": 0, "AST": 7, "STL": 2, "BLK": 0, "TOV": 2, "PF": 6, "PTS": 17, "PLUS_MINUS": 8, "VIDEO_AVAILABLE": 2}, {"SEASON_ID": "22017", "Player_ID": 1627739, "Game_ID": "0021700409", "GAME_DATE": "DEC 13, 2017", "MATCHUP": "CHI vs. UTA", "WL": "W", "MIN": 34, "FGM": 6, "FGA": 18, "FG_PCT": 0.333, "FG3M": 0, "FG3A": 2, "FG3_PCT": 0.0, "FTM": 1, "FTA": 2, "FT_PCT": 0.5, "OREB": 0, "DREB": 7, "REB": 7, "AST": 8, "STL": 4, "BLK": 0, "TOV": 1, "PF": 4, "PTS": 13, "PLUS_MINUS": 3, "VIDEO_AVAILABLE": 1}, {"SEASON_ID": "22017", "Player_ID": 1627739, "Game_ID": "0021700391", "GAME_DATE": "DEC 11, 2017", "MATCHUP": "CHI vs. BOS", "WL": "W", "MIN": 25, "FGM": 6, "FGA": 14, "FG_PCT": 0.429, "FG3M": 0, "FG3A": 4, "FG3_PCT": 0.0, "FTM": 0, "FTA": 0, "FT_PCT": 0.0, "OREB": 1, "DREB": 3, "REB": 4, "AST": 3, "STL": 0, "BLK": 1, "TOV": 1, "PF": 3, "PTS": 12, "PLUS_MINUS": 0, "VIDEO_AVAILABLE": 1}, {"SEASON_ID": "22017", "Player_ID": 1627739, "Game_ID": "0021700380", "GAME_DATE": "DEC 09, 2017", "MATCHUP": "CHI vs. NYK", "WL": "W", "MIN": 30, "FGM": 6, "FGA": 11, "FG_PCT": 0.545, "FG3M": 0, "FG3A": 1, "FG3_PCT": 0.0, "FTM": 5, "FTA": 6, "FT_PCT": 0.833, "OREB": 2, "DREB": 5, "REB": 7, "AST": 9, "STL": 3, "BLK": 0, "TOV": 3, "PF": 3, "PTS": 17, "PLUS_MINUS": -2, "VIDEO_AVAILABLE": 1}, {"SEASON_ID": "22017", "Player_ID": 1627739, "Game_ID": "0021700367", "GAME_DATE": "DEC 08, 2017", "MATCHUP": "CHI @ CHA", "WL": "W", "MIN": 41, "FGM": 8, "FGA": 24, "FG_PCT": 0.333, "FG3M": 0, "FG3A": 2, "FG3_PCT": 0.0, "FTM": 4, "FTA": 6, "FT_PCT": 0.667, "OREB": 0, "DREB": 6, "REB": 6, "AST": 12, "STL": 3, "BLK": 0, "TOV": 1, "PF": 5, "PTS": 20, "PLUS_MINUS": 3, "VIDEO_AVAILABLE": 1}, {"SEASON_ID": "22017", "Player_ID": 1627739, "Game_ID": "0021700354", "GAME_DATE": "DEC 06, 2017", "MATCHUP": "CHI @ IND", "WL": "L", "MIN": 34, "FGM": 8, "FGA": 14, "FG_PCT": 0.571, "FG3M": 1, "FG3A": 1, "FG3_PCT": 1.0, "FTM": 1, "FTA": 3, "FT_PCT": 0.333, "OREB": 1, "DREB": 5, "REB": 6, "AST": 6, "STL": 1, "BLK": 1, "TOV": 4, "PF": 4, "PTS": 18, "PLUS_MINUS": -9, "VIDEO_AVAILABLE": 1}, {"SEASON_ID": "22017", "Player_ID": 1627739, "Game_ID": "0021700344", "GAME_DATE": "DEC 04, 2017", "MATCHUP": "CHI vs. CLE", "WL": "L", "MIN": 31, "FGM": 6, "FGA": 13, "FG_PCT": 0.462, "FG3M": 2, "FG3A": 4, "FG3_PCT": 0.5, "FTM": 1, "FTA": 3, "FT_PCT": 0.333, "OREB": 1, "DREB": 5, "REB": 6, "AST": 5, "STL": 0, "BLK": 1, "TOV": 3, "PF": 3, "PTS": 15, "PLUS_MINUS": -14, "VIDEO_AVAILABLE": 1}, {"SEASON_ID": "22017", "Player_ID": 1627739, "Game_ID": "0021700322", "GAME_DATE": "DEC 01, 2017", "MATCHUP": "CHI vs. SAC", "WL": "L", "MIN": 28, "FGM": 2, "FGA": 9, "FG_PCT": 0.222, "FG3M": 1, "FG3A": 3, "FG3_PCT": 0.333, "FTM": 1, "FTA": 1, "FT_PCT": 1.0, "OREB": 0, "DREB": 2, "REB": 2, "AST": 8, "STL": 3, "BLK": 0, "TOV": 2, "PF": 1, "PTS": 6, "PLUS_MINUS": -16, "VIDEO_AVAILABLE": 1}, {"SEASON_ID": "22017", "Player_ID": 1627739, "Game_ID": "0021700315", "GAME_DATE": "NOV 30, 2017", "MATCHUP": "CHI @ DEN", "WL": "L", "MIN": 27, "FGM": 9, "FGA": 11, "FG_PCT": 0.818, "FG3M": 1, "FG3A": 1, "FG3_PCT": 1.0, "FTM": 0, "FTA": 3, "FT_PCT": 0.0, "OREB": 0, "DREB": 5, "REB": 5, "AST": 5, "STL": 1, "BLK": 0, "TOV": 1, "PF": 4, "PTS": 19, "PLUS_MINUS": 1, "VIDEO_AVAILABLE": 1}, {"SEASON_ID": "22017", "Player_ID": 1627739, "Game_ID": "0021700299", "GAME_DATE": "NOV 28, 2017", "MATCHUP": "CHI vs. PHX", "WL": "L", "MIN": 33, "FGM": 10, "FGA": 16, "FG_PCT": 0.625, "FG3M": 4, "FG3A": 5, "FG3_PCT": 0.8, "FTM": 0, "FTA": 0, "FT_PCT": 0.0, "OREB": 1, "DREB": 4, "REB": 5, "AST": 8, "STL": 4, "BLK": 0, "TOV": 5, "PF": 4, "PTS": 24, "PLUS_MINUS": 2, "VIDEO_AVAILABLE": 1}, {"SEASON_ID": "22017", "Player_ID": 1627739, "Game_ID": "0021700287", "GAME_DATE": "NOV 26, 2017", "MATCHUP": "CHI vs. MIA", "WL": "L", "MIN": 24, "FGM": 0, "FGA": 6, "FG_PCT": 0.0, "FG3M": 0, "FG3A": 0, "FG3_PCT": 0.0, "FTM": 2, "FTA": 2, "FT_PCT": 1.0, "OREB": 0, "DREB": 4, "REB": 4, "AST": 3, "STL": 3, "BLK": 0, "TOV": 3, "PF": 2, "PTS": 2, "PLUS_MINUS": -6, "VIDEO_AVAILABLE": 1}, {"SEASON_ID": "22017", "Player_ID": 1627739, "Game_ID": "0021700276", "GAME_DATE": "NOV 24, 2017", "MATCHUP": "CHI @ GSW", "WL": "L", "MIN": 25, "FGM": 2, "FGA": 11, "FG_PCT": 0.182, "FG3M": 0, "FG3A": 2, "FG3_PCT": 0.0, "FTM": 2, "FTA": 2, "FT_PCT": 1.0, "OREB": 0, "DREB": 1, "REB": 1, "AST": 4, "STL": 0, "BLK": 0, "TOV": 4, "PF": 2, "PTS": 6, "PLUS_MINUS": -34, "VIDEO_AVAILABLE": 1}, {"SEASON_ID": "22017", "Player_ID": 1627739, "Game_ID": "0021700265", "GAME_DATE": "NOV 22, 2017", "MATCHUP": "CHI @ UTA", "WL": "L", "MIN": 28, "FGM": 4, "FGA": 9, "FG_PCT": 0.444, "FG3M": 1, "FG3A": 1, "FG3_PCT": 1.0, "FTM": 3, "FTA": 4, "FT_PCT": 0.75, "OREB": 1, "DREB": 8, "REB": 9, "AST": 1, "STL": 2, "BLK": 0, "TOV": 4, "PF": 2, "PTS": 12, "PLUS_MINUS": -23, "VIDEO_AVAILABLE": 2}, {"SEASON_ID": "22017", "Player_ID": 1627739, "Game_ID": "0021700252", "GAME_DATE": "NOV 21, 2017", "MATCHUP": "CHI @ LAL", "WL": "L", "MIN": 32, "FGM": 5, "FGA": 14, "FG_PCT": 0.357, "FG3M": 1, "FG3A": 3, "FG3_PCT": 0.333, "FTM": 1, "FTA": 2, "FT_PCT": 0.5, "OREB": 3, "DREB": 2, "REB": 5, "AST": 6, "STL": 1, "BLK": 1, "TOV": 4, "PF": 5, "PTS": 12, "PLUS_MINUS": -2, "VIDEO_AVAILABLE": 1}, {"SEASON_ID": "22017", "Player_ID": 1627739, "Game_ID": "0021700239", "GAME_DATE": "NOV 19, 2017", "MATCHUP": "CHI @ PHX", "WL": "L", "MIN": 27, "FGM": 8, "FGA": 16, "FG_PCT": 0.5, "FG3M": 1, "FG3A": 2, "FG3_PCT": 0.5, "FTM": 0, "FTA": 0, "FT_PCT": 0.0, "OREB": 1, "DREB": 5, "REB": 6, "AST": 6, "STL": 2, "BLK": 0, "TOV": 4, "PF": 3, "PTS": 17, "PLUS_MINUS": 7, "VIDEO_AVAILABLE": 1}, {"SEASON_ID": "22017", "Player_ID": 1627739, "Game_ID": "0021700222", "GAME_DATE": "NOV 17, 2017", "MATCHUP": "CHI vs. CHA", "WL": "W", "MIN": 26, "FGM": 10, "FGA": 16, "FG_PCT": 0.625, "FG3M": 2, "FG3A": 2, "FG3_PCT": 1.0, "FTM": 0, "FTA": 0, "FT_PCT": 0.0, "OREB": 0, "DREB": 5, "REB": 5, "AST": 7, "STL": 3, "BLK": 0, "TOV": 1, "PF": 5, "PTS": 22, "PLUS_MINUS": 8, "VIDEO_AVAILABLE": 2}, {"SEASON_ID": "22017", "Player_ID": 1627739, "Game_ID": "0021700212", "GAME_DATE": "NOV 15, 2017", "MATCHUP": "CHI @ OKC", "WL": "L", "MIN": 29, "FGM": 1, "FGA": 11, "FG_PCT": 0.091, "FG3M": 1, "FG3A": 3, "FG3_PCT": 0.333, "FTM": 0, "FTA": 0, "FT_PCT": 0.0, "OREB": 1, "DREB": 5, "REB": 6, "AST": 3, "STL": 1, "BLK": 0, "TOV": 2, "PF": 3, "PTS": 3, "PLUS_MINUS": -9, "VIDEO_AVAILABLE": 1}, {"SEASON_ID": "22017", "Player_ID": 1627739, "Game_ID": "0021700183", "GAME_DATE": "NOV 11, 2017", "MATCHUP": "CHI @ SAS", "WL": "L", "MIN": 26, "FGM": 7, "FGA": 15, "FG_PCT": 0.467, "FG3M": 1, "FG3A": 3, "FG3_PCT": 0.333, "FTM": 0, "FTA": 0, "FT_PCT": 0.0, "OREB": 0, "DREB": 3, "REB": 3, "AST": 2, "STL": 2, "BLK": 0, "TOV": 1, "PF": 2, "PTS": 15, "PLUS_MINUS": -15, "VIDEO_AVAILABLE": 1}, {"SEASON_ID": "22017", "Player_ID": 1627739, "Game_ID": "0021700171", "GAME_DATE": "NOV 10, 2017", "MATCHUP": "CHI vs. IND", "WL": "L", "MIN": 34, "FGM": 8, "FGA": 14, "FG_PCT": 0.571, "FG3M": 0, "FG3A": 1, "FG3_PCT": 0.0, "FTM": 0, "FTA": 0, "FT_PCT": 0.0, "OREB": 2, "DREB": 2, "REB": 4, "AST": 5, "STL": 3, "BLK": 0, "TOV": 4, "PF": 2, "PTS": 16, "PLUS_MINUS": 0, "VIDEO_AVAILABLE": 1}, {"SEASON_ID": "22017", "Player_ID": 1627739, "Game_ID": "0021700153", "GAME_DATE": "NOV 07, 2017", "MATCHUP": "CHI @ TOR", "WL": "L", "MIN": 26, "FGM": 3, "FGA": 6, "FG_PCT": 0.5, "FG3M": 1, "FG3A": 2, "FG3_PCT": 0.5, "FTM": 3, "FTA": 4, "FT_PCT": 0.75, "OREB": 0, "DREB": 6, "REB": 6, "AST": 4, "STL": 4, "BLK": 0, "TOV": 2, "PF": 3, "PTS": 10, "PLUS_MINUS": 7, "VIDEO_AVAILABLE": 1}, {"SEASON_ID": "22017", "Player_ID": 1627739, "Game_ID": "0021700133", "GAME_DATE": "NOV 04, 2017", "MATCHUP": "CHI vs. NOP", "WL": "L", "MIN": 17, "FGM": 2, "FGA": 9, "FG_PCT": 0.222, "FG3M": 0, "FG3A": 4, "FG3_PCT": 0.0, "FTM": 0, "FTA": 0, "FT_PCT": 0.0, "OREB": 1, "DREB": 3, "REB": 4, "AST": 3, "STL": 3, "BLK": 0, "TOV": 4, "PF": 2, "PTS": 4, "PLUS_MINUS": -10, "VIDEO_AVAILABLE": 1}, {"SEASON_ID": "22017", "Player_ID": 1627739, "Game_ID": "0021700120", "GAME_DATE": "NOV 03, 2017", "MATCHUP": "CHI @ ORL", "WL": "W", "MIN": 24, "FGM": 4, "FGA": 9, "FG_PCT": 0.444, "FG3M": 3, "FG3A": 5, "FG3_PCT": 0.6, "FTM": 0, "FTA": 0, "FT_PCT": 0.0, "OREB": 0, "DREB": 2, "REB": 2, "AST": 2, "STL": 0, "BLK": 0, "TOV": 4, "PF": 3, "PTS": 11, "PLUS_MINUS": 5, "VIDEO_AVAILABLE": 1}, {"SEASON_ID": "22017", "Player_ID": 1627739, "Game_ID": "0021700110", "GAME_DATE": "NOV 01, 2017", "MATCHUP": "CHI @ MIA", "WL": "L", "MIN": 29, "FGM": 5, "FGA": 15, "FG_PCT": 0.333, "FG3M": 0, "FG3A": 3, "FG3_PCT": 0.0, "FTM": 1, "FTA": 2, "FT_PCT": 0.5, "OREB": 1, "DREB": 6, "REB": 7, "AST": 5, "STL": 0, "BLK": 2, "TOV": 5, "PF": 5, "PTS": 11, "PLUS_MINUS": -7, "VIDEO_AVAILABLE": 2}, {"SEASON_ID": "22017", "Player_ID": 1627739, "Game_ID": "0021700079", "GAME_DATE": "OCT 28, 2017", "MATCHUP": "CHI vs. OKC", "WL": "L", "MIN": 22, "FGM": 4, "FGA": 9, "FG_PCT": 0.444, "FG3M": 0, "FG3A": 0, "FG3_PCT": 0.0, "FTM": 0, "FTA": 0, "FT_PCT": 0.0, "OREB": 1, "DREB": 3, "REB": 4, "AST": 3, "STL": 3, "BLK": 1, "TOV": 4, "PF": 5, "PTS": 8, "PLUS_MINUS": -8, "VIDEO_AVAILABLE": 1}]