{"firstName": "Kris", "lastName": "Dunn", "temporaryDisplayName": "Dunn, Kris", "personId": "1627739", "teamId": "1610612741", "jersey": "32", "isActive": true, "pos": "G", "heightFeet": "6", "heightInches": "4", "heightMeters": "1.93", "weightPounds": "208", "weightKilograms": "94.3", "dateOfBirthUTC": "1994-03-18", "teamSitesOnly": {"playerCode": "kris_dunn", "posFull": "Guard", "displayAffiliation": "Providence/USA", "freeAgentCode": ""}, "teams": [{"teamId": "1610612750", "seasonStart": "2016", "seasonEnd": "2016"}, {"teamId": "1610612741", "seasonStart": "2017", "seasonEnd": "2019"}], "draft": {"teamId": "1610612750", "pickNum": "5", "roundNum": "1", "seasonYear": "2016"}, "nbaDebutYear": "2016", "yearsPro": "3", "collegeName": "Providence", "lastAffiliation": "Providence/USA", "country": "USA"}