{"firstName": "Derrick", "lastName": "Favors", "temporaryDisplayName": "Favors, Derrick", "personId": "202324", "teamId": "1610612740", "jersey": "22", "isActive": true, "pos": "F-C", "heightFeet": "6", "heightInches": "10", "heightMeters": "2.08", "weightPounds": "265", "weightKilograms": "120.2", "dateOfBirthUTC": "1991-07-15", "teamSitesOnly": {"playerCode": "derrick_favors", "posFull": "Forward-Center", "displayAffiliation": "Georgia Tech/USA", "freeAgentCode": ""}, "teams": [{"teamId": "1610612751", "seasonStart": "2010", "seasonEnd": "2010"}, {"teamId": "1610612762", "seasonStart": "2010", "seasonEnd": "2018"}, {"teamId": "1610612740", "seasonStart": "2019", "seasonEnd": "2019"}], "draft": {"teamId": "1610612751", "pickNum": "3", "roundNum": "1", "seasonYear": "2010"}, "nbaDebutYear": "2010", "yearsPro": "9", "collegeName": "Georgia Tech", "lastAffiliation": "Georgia Tech/USA", "country": "USA"}