{"firstName": "Avery", "lastName": "Bradley", "temporaryDisplayName": "Bradley, Avery", "personId": "202340", "teamId": "1610612747", "jersey": "11", "isActive": true, "pos": "G", "heightFeet": "6", "heightInches": "2", "heightMeters": "1.88", "weightPounds": "180", "weightKilograms": "81.6", "dateOfBirthUTC": "1990-11-26", "teamSitesOnly": {"playerCode": "avery_bradley", "posFull": "Guard", "displayAffiliation": "Texas/USA", "freeAgentCode": ""}, "teams": [{"teamId": "1610612738", "seasonStart": "2010", "seasonEnd": "2016"}, {"teamId": "1610612765", "seasonStart": "2017", "seasonEnd": "2017"}, {"teamId": "1610612746", "seasonStart": "2017", "seasonEnd": "2018"}, {"teamId": "1610612763", "seasonStart": "2018", "seasonEnd": "2018"}, {"teamId": "1610612747", "seasonStart": "2019", "seasonEnd": "2019"}], "draft": {"teamId": "1610612738", "pickNum": "19", "roundNum": "1", "seasonYear": "2010"}, "nbaDebutYear": "2010", "yearsPro": "9", "collegeName": "Texas", "lastAffiliation": "Texas/USA", "country": "USA"}