{"firstName": "Jeff", "lastName": "Teague", "temporaryDisplayName": "Teague, Jeff", "personId": "201952", "teamId": "1610612750", "jersey": "0", "isActive": true, "pos": "G", "heightFeet": "6", "heightInches": "2", "heightMeters": "1.88", "weightPounds": "195", "weightKilograms": "88.5", "dateOfBirthUTC": "1988-06-10", "teamSitesOnly": {"playerCode": "jeff_teague", "posFull": "Guard", "displayAffiliation": "Wake Forest/USA", "freeAgentCode": ""}, "teams": [{"teamId": "1610612737", "seasonStart": "2009", "seasonEnd": "2015"}, {"teamId": "1610612754", "seasonStart": "2016", "seasonEnd": "2016"}, {"teamId": "1610612750", "seasonStart": "2017", "seasonEnd": "2019"}], "draft": {"teamId": "1610612737", "pickNum": "19", "roundNum": "1", "seasonYear": "2009"}, "nbaDebutYear": "2009", "yearsPro": "10", "collegeName": "Wake Forest", "lastAffiliation": "Wake Forest/USA", "country": "USA"}