[{"SEASON_ID": "22017", "Player_ID": 203526, "Game_ID": "0021701229", "GAME_DATE": "APR 11, 2018", "MATCHUP": "UTA @ POR", "WL": "L", "MIN": 11, "FGM": 0, "FGA": 1, "FG_PCT": 0.0, "FG3M": 0, "FG3A": 1, "FG3_PCT": 0.0, "FTM": 0, "FTA": 2, "FT_PCT": 0.0, "OREB": 0, "DREB": 1, "REB": 1, "AST": 2, "STL": 1, "BLK": 0, "TOV": 0, "PF": 0, "PTS": 0, "PLUS_MINUS": 8, "VIDEO_AVAILABLE": 1}, {"SEASON_ID": "22017", "Player_ID": 203526, "Game_ID": "0021701217", "GAME_DATE": "APR 10, 2018", "MATCHUP": "UTA vs. GSW", "WL": "W", "MIN": 10, "FGM": 2, "FGA": 3, "FG_PCT": 0.667, "FG3M": 0, "FG3A": 0, "FG3_PCT": 0.0, "FTM": 0, "FTA": 0, "FT_PCT": 0.0, "OREB": 0, "DREB": 1, "REB": 1, "AST": 1, "STL": 1, "BLK": 0, "TOV": 4, "PF": 2, "PTS": 4, "PLUS_MINUS": -5, "VIDEO_AVAILABLE": 1}, {"SEASON_ID": "22017", "Player_ID": 203526, "Game_ID": "0021700995", "GAME_DATE": "MAR 11, 2018", "MATCHUP": "UTA @ NOP", "WL": "W", "MIN": 5, "FGM": 3, "FGA": 3, "FG_PCT": 1.0, "FG3M": 0, "FG3A": 0, "FG3_PCT": 0.0, "FTM": 0, "FTA": 0, "FT_PCT": 0.0, "OREB": 0, "DREB": 0, "REB": 0, "AST": 0, "STL": 0, "BLK": 0, "TOV": 0, "PF": 0, "PTS": 6, "PLUS_MINUS": -7, "VIDEO_AVAILABLE": 1}, {"SEASON_ID": "22017", "Player_ID": 203526, "Game_ID": "0021700980", "GAME_DATE": "MAR 09, 2018", "MATCHUP": "UTA @ MEM", "WL": "W", "MIN": 13, "FGM": 1, "FGA": 3, "FG_PCT": 0.333, "FG3M": 0, "FG3A": 0, "FG3_PCT": 0.0, "FTM": 2, "FTA": 2, "FT_PCT": 1.0, "OREB": 0, "DREB": 1, "REB": 1, "AST": 4, "STL": 0, "BLK": 0, "TOV": 0, "PF": 1, "PTS": 4, "PLUS_MINUS": 0, "VIDEO_AVAILABLE": 1}, {"SEASON_ID": "22017", "Player_ID": 203526, "Game_ID": "0021700965", "GAME_DATE": "MAR 07, 2018", "MATCHUP": "UTA @ IND", "WL": "W", "MIN": 9, "FGM": 0, "FGA": 0, "FG_PCT": 0.0, "FG3M": 0, "FG3A": 0, "FG3_PCT": 0.0, "FTM": 0, "FTA": 0, "FT_PCT": 0.0, "OREB": 0, "DREB": 1, "REB": 1, "AST": 3, "STL": 1, "BLK": 0, "TOV": 0, "PF": 2, "PTS": 0, "PLUS_MINUS": 15, "VIDEO_AVAILABLE": 1}, {"SEASON_ID": "22017", "Player_ID": 203526, "Game_ID": "0021700955", "GAME_DATE": "MAR 05, 2018", "MATCHUP": "UTA vs. ORL", "WL": "W", "MIN": 7, "FGM": 1, "FGA": 1, "FG_PCT": 1.0, "FG3M": 1, "FG3A": 1, "FG3_PCT": 1.0, "FTM": 0, "FTA": 0, "FT_PCT": 0.0, "OREB": 0, "DREB": 0, "REB": 0, "AST": 0, "STL": 0, "BLK": 0, "TOV": 0, "PF": 1, "PTS": 3, "PLUS_MINUS": -3, "VIDEO_AVAILABLE": 1}, {"SEASON_ID": "22017", "Player_ID": 203526, "Game_ID": "0021700942", "GAME_DATE": "MAR 03, 2018", "MATCHUP": "UTA @ SAC", "WL": "W", "MIN": 5, "FGM": 0, "FGA": 2, "FG_PCT": 0.0, "FG3M": 0, "FG3A": 2, "FG3_PCT": 0.0, "FTM": 0, "FTA": 0, "FT_PCT": 0.0, "OREB": 0, "DREB": 1, "REB": 1, "AST": 1, "STL": 0, "BLK": 1, "TOV": 1, "PF": 0, "PTS": 0, "PLUS_MINUS": 1, "VIDEO_AVAILABLE": 1}, {"SEASON_ID": "22017", "Player_ID": 203526, "Game_ID": "0021700934", "GAME_DATE": "MAR 02, 2018", "MATCHUP": "UTA vs. MIN", "WL": "W", "MIN": 6, "FGM": 0, "FGA": 1, "FG_PCT": 0.0, "FG3M": 0, "FG3A": 0, "FG3_PCT": 0.0, "FTM": 1, "FTA": 2, "FT_PCT": 0.5, "OREB": 0, "DREB": 0, "REB": 0, "AST": 1, "STL": 0, "BLK": 0, "TOV": 3, "PF": 0, "PTS": 1, "PLUS_MINUS": -11, "VIDEO_AVAILABLE": 1}, {"SEASON_ID": "22017", "Player_ID": 203526, "Game_ID": "0021700863", "GAME_DATE": "FEB 14, 2018", "MATCHUP": "UTA vs. PHX", "WL": "W", "MIN": 13, "FGM": 1, "FGA": 5, "FG_PCT": 0.2, "FG3M": 0, "FG3A": 2, "FG3_PCT": 0.0, "FTM": 0, "FTA": 0, "FT_PCT": 0.0, "OREB": 0, "DREB": 0, "REB": 0, "AST": 2, "STL": 0, "BLK": 0, "TOV": 1, "PF": 0, "PTS": 2, "PLUS_MINUS": 1, "VIDEO_AVAILABLE": 1}, {"SEASON_ID": "22017", "Player_ID": 203526, "Game_ID": "0021700845", "GAME_DATE": "FEB 12, 2018", "MATCHUP": "UTA vs. SAS", "WL": "W", "MIN": 18, "FGM": 1, "FGA": 5, "FG_PCT": 0.2, "FG3M": 0, "FG3A": 1, "FG3_PCT": 0.0, "FTM": 0, "FTA": 0, "FT_PCT": 0.0, "OREB": 0, "DREB": 0, "REB": 0, "AST": 2, "STL": 0, "BLK": 0, "TOV": 1, "PF": 4, "PTS": 2, "PLUS_MINUS": -4, "VIDEO_AVAILABLE": 1}, {"SEASON_ID": "22017", "Player_ID": 203526, "Game_ID": "0021700840", "GAME_DATE": "FEB 11, 2018", "MATCHUP": "UTA @ POR", "WL": "W", "MIN": 15, "FGM": 3, "FGA": 8, "FG_PCT": 0.375, "FG3M": 0, "FG3A": 0, "FG3_PCT": 0.0, "FTM": 1, "FTA": 1, "FT_PCT": 1.0, "OREB": 1, "DREB": 1, "REB": 2, "AST": 5, "STL": 0, "BLK": 0, "TOV": 0, "PF": 2, "PTS": 7, "PLUS_MINUS": 12, "VIDEO_AVAILABLE": 1}, {"SEASON_ID": "22017", "Player_ID": 203526, "Game_ID": "0021700824", "GAME_DATE": "FEB 09, 2018", "MATCHUP": "UTA vs. CHA", "WL": "W", "MIN": 16, "FGM": 1, "FGA": 2, "FG_PCT": 0.5, "FG3M": 0, "FG3A": 1, "FG3_PCT": 0.0, "FTM": 0, "FTA": 0, "FT_PCT": 0.0, "OREB": 0, "DREB": 2, "REB": 2, "AST": 4, "STL": 1, "BLK": 0, "TOV": 0, "PF": 1, "PTS": 2, "PLUS_MINUS": -7, "VIDEO_AVAILABLE": 1}, {"SEASON_ID": "22017", "Player_ID": 203526, "Game_ID": "0021700808", "GAME_DATE": "FEB 07, 2018", "MATCHUP": "UTA @ MEM", "WL": "W", "MIN": 17, "FGM": 3, "FGA": 3, "FG_PCT": 1.0, "FG3M": 1, "FG3A": 1, "FG3_PCT": 1.0, "FTM": 1, "FTA": 1, "FT_PCT": 1.0, "OREB": 1, "DREB": 2, "REB": 3, "AST": 1, "STL": 0, "BLK": 0, "TOV": 4, "PF": 1, "PTS": 8, "PLUS_MINUS": 7, "VIDEO_AVAILABLE": 1}, {"SEASON_ID": "22017", "Player_ID": 203526, "Game_ID": "0021700793", "GAME_DATE": "FEB 05, 2018", "MATCHUP": "UTA @ NOP", "WL": "W", "MIN": 13, "FGM": 2, "FGA": 3, "FG_PCT": 0.667, "FG3M": 2, "FG3A": 2, "FG3_PCT": 1.0, "FTM": 2, "FTA": 2, "FT_PCT": 1.0, "OREB": 0, "DREB": 1, "REB": 1, "AST": 1, "STL": 0, "BLK": 0, "TOV": 0, "PF": 0, "PTS": 8, "PLUS_MINUS": 13, "VIDEO_AVAILABLE": 1}, {"SEASON_ID": "22017", "Player_ID": 203526, "Game_ID": "0021700781", "GAME_DATE": "FEB 03, 2018", "MATCHUP": "UTA @ SAS", "WL": "W", "MIN": 20, "FGM": 3, "FGA": 7, "FG_PCT": 0.429, "FG3M": 0, "FG3A": 3, "FG3_PCT": 0.0, "FTM": 6, "FTA": 6, "FT_PCT": 1.0, "OREB": 0, "DREB": 1, "REB": 1, "AST": 3, "STL": 1, "BLK": 0, "TOV": 3, "PF": 1, "PTS": 12, "PLUS_MINUS": 1, "VIDEO_AVAILABLE": 1}, {"SEASON_ID": "22017", "Player_ID": 203526, "Game_ID": "0021700773", "GAME_DATE": "FEB 02, 2018", "MATCHUP": "UTA @ PHX", "WL": "W", "MIN": 10, "FGM": 2, "FGA": 5, "FG_PCT": 0.4, "FG3M": 0, "FG3A": 1, "FG3_PCT": 0.0, "FTM": 0, "FTA": 0, "FT_PCT": 0.0, "OREB": 0, "DREB": 3, "REB": 3, "AST": 1, "STL": 0, "BLK": 0, "TOV": 0, "PF": 2, "PTS": 4, "PLUS_MINUS": -5, "VIDEO_AVAILABLE": 1}, {"SEASON_ID": "22017", "Player_ID": 203526, "Game_ID": "0021700751", "GAME_DATE": "JAN 30, 2018", "MATCHUP": "UTA vs. GSW", "WL": "W", "MIN": 6, "FGM": 1, "FGA": 2, "FG_PCT": 0.5, "FG3M": 0, "FG3A": 1, "FG3_PCT": 0.0, "FTM": 0, "FTA": 0, "FT_PCT": 0.0, "OREB": 0, "DREB": 0, "REB": 0, "AST": 1, "STL": 0, "BLK": 0, "TOV": 1, "PF": 0, "PTS": 2, "PLUS_MINUS": -1, "VIDEO_AVAILABLE": 1}, {"SEASON_ID": "22017", "Player_ID": 203526, "Game_ID": "0021700716", "GAME_DATE": "JAN 26, 2018", "MATCHUP": "UTA @ TOR", "WL": "W", "MIN": 10, "FGM": 0, "FGA": 4, "FG_PCT": 0.0, "FG3M": 0, "FG3A": 0, "FG3_PCT": 0.0, "FTM": 0, "FTA": 0, "FT_PCT": 0.0, "OREB": 1, "DREB": 0, "REB": 1, "AST": 2, "STL": 0, "BLK": 0, "TOV": 1, "PF": 1, "PTS": 0, "PLUS_MINUS": -7, "VIDEO_AVAILABLE": 1}, {"SEASON_ID": "22017", "Player_ID": 203526, "Game_ID": "0021700702", "GAME_DATE": "JAN 24, 2018", "MATCHUP": "UTA @ DET", "WL": "W", "MIN": 10, "FGM": 2, "FGA": 3, "FG_PCT": 0.667, "FG3M": 2, "FG3A": 2, "FG3_PCT": 1.0, "FTM": 0, "FTA": 0, "FT_PCT": 0.0, "OREB": 0, "DREB": 2, "REB": 2, "AST": 0, "STL": 0, "BLK": 1, "TOV": 0, "PF": 1, "PTS": 6, "PLUS_MINUS": 0, "VIDEO_AVAILABLE": 1}, {"SEASON_ID": "22017", "Player_ID": 203526, "Game_ID": "0021700688", "GAME_DATE": "JAN 22, 2018", "MATCHUP": "UTA @ ATL", "WL": "L", "MIN": 15, "FGM": 4, "FGA": 8, "FG_PCT": 0.5, "FG3M": 0, "FG3A": 2, "FG3_PCT": 0.0, "FTM": 3, "FTA": 4, "FT_PCT": 0.75, "OREB": 1, "DREB": 0, "REB": 1, "AST": 1, "STL": 1, "BLK": 0, "TOV": 0, "PF": 1, "PTS": 11, "PLUS_MINUS": 1, "VIDEO_AVAILABLE": 1}, {"SEASON_ID": "22017", "Player_ID": 203526, "Game_ID": "0021700681", "GAME_DATE": "JAN 20, 2018", "MATCHUP": "UTA vs. LAC", "WL": "W", "MIN": 14, "FGM": 1, "FGA": 3, "FG_PCT": 0.333, "FG3M": 1, "FG3A": 1, "FG3_PCT": 1.0, "FTM": 0, "FTA": 0, "FT_PCT": 0.0, "OREB": 1, "DREB": 2, "REB": 3, "AST": 2, "STL": 0, "BLK": 0, "TOV": 2, "PF": 2, "PTS": 3, "PLUS_MINUS": 9, "VIDEO_AVAILABLE": 2}, {"SEASON_ID": "22017", "Player_ID": 203526, "Game_ID": "0021700672", "GAME_DATE": "JAN 19, 2018", "MATCHUP": "UTA vs. NYK", "WL": "L", "MIN": 8, "FGM": 2, "FGA": 4, "FG_PCT": 0.5, "FG3M": 0, "FG3A": 1, "FG3_PCT": 0.0, "FTM": 0, "FTA": 0, "FT_PCT": 0.0, "OREB": 0, "DREB": 2, "REB": 2, "AST": 0, "STL": 1, "BLK": 0, "TOV": 0, "PF": 1, "PTS": 4, "PLUS_MINUS": 5, "VIDEO_AVAILABLE": 1}, {"SEASON_ID": "22017", "Player_ID": 203526, "Game_ID": "0021700661", "GAME_DATE": "JAN 17, 2018", "MATCHUP": "UTA @ SAC", "WL": "W", "MIN": 12, "FGM": 2, "FGA": 3, "FG_PCT": 0.667, "FG3M": 1, "FG3A": 1, "FG3_PCT": 1.0, "FTM": 0, "FTA": 0, "FT_PCT": 0.0, "OREB": 0, "DREB": 0, "REB": 0, "AST": 2, "STL": 0, "BLK": 0, "TOV": 2, "PF": 1, "PTS": 5, "PLUS_MINUS": 4, "VIDEO_AVAILABLE": 1}, {"SEASON_ID": "22017", "Player_ID": 203526, "Game_ID": "0021700647", "GAME_DATE": "JAN 15, 2018", "MATCHUP": "UTA vs. IND", "WL": "L", "MIN": 12, "FGM": 1, "FGA": 2, "FG_PCT": 0.5, "FG3M": 1, "FG3A": 2, "FG3_PCT": 0.5, "FTM": 2, "FTA": 2, "FT_PCT": 1.0, "OREB": 0, "DREB": 0, "REB": 0, "AST": 3, "STL": 0, "BLK": 0, "TOV": 1, "PF": 0, "PTS": 5, "PLUS_MINUS": 4, "VIDEO_AVAILABLE": 1}, {"SEASON_ID": "22017", "Player_ID": 203526, "Game_ID": "0021700381", "GAME_DATE": "DEC 09, 2017", "MATCHUP": "UTA @ MIL", "WL": "L", "MIN": 2, "FGM": 0, "FGA": 2, "FG_PCT": 0.0, "FG3M": 0, "FG3A": 0, "FG3_PCT": 0.0, "FTM": 0, "FTA": 0, "FT_PCT": 0.0, "OREB": 0, "DREB": 0, "REB": 0, "AST": 0, "STL": 0, "BLK": 0, "TOV": 0, "PF": 0, "PTS": 0, "PLUS_MINUS": -1, "VIDEO_AVAILABLE": 1}, {"SEASON_ID": "22017", "Player_ID": 203526, "Game_ID": "0021700366", "GAME_DATE": "DEC 07, 2017", "MATCHUP": "UTA vs. HOU", "WL": "L", "MIN": 10, "FGM": 2, "FGA": 4, "FG_PCT": 0.5, "FG3M": 1, "FG3A": 2, "FG3_PCT": 0.5, "FTM": 0, "FTA": 1, "FT_PCT": 0.0, "OREB": 0, "DREB": 1, "REB": 1, "AST": 1, "STL": 0, "BLK": 0, "TOV": 0, "PF": 0, "PTS": 5, "PLUS_MINUS": 4, "VIDEO_AVAILABLE": 1}, {"SEASON_ID": "22017", "Player_ID": 203526, "Game_ID": "0021700349", "GAME_DATE": "DEC 04, 2017", "MATCHUP": "UTA vs. WAS", "WL": "W", "MIN": 19, "FGM": 3, "FGA": 5, "FG_PCT": 0.6, "FG3M": 1, "FG3A": 1, "FG3_PCT": 1.0, "FTM": 1, "FTA": 2, "FT_PCT": 0.5, "OREB": 0, "DREB": 4, "REB": 4, "AST": 5, "STL": 0, "BLK": 0, "TOV": 0, "PF": 0, "PTS": 8, "PLUS_MINUS": 26, "VIDEO_AVAILABLE": 1}, {"SEASON_ID": "22017", "Player_ID": 203526, "Game_ID": "0021700301", "GAME_DATE": "NOV 28, 2017", "MATCHUP": "UTA vs. DEN", "WL": "W", "MIN": 16, "FGM": 2, "FGA": 5, "FG_PCT": 0.4, "FG3M": 0, "FG3A": 1, "FG3_PCT": 0.0, "FTM": 0, "FTA": 0, "FT_PCT": 0.0, "OREB": 0, "DREB": 0, "REB": 0, "AST": 1, "STL": 0, "BLK": 0, "TOV": 2, "PF": 1, "PTS": 4, "PLUS_MINUS": 11, "VIDEO_AVAILABLE": 1}, {"SEASON_ID": "22017", "Player_ID": 203526, "Game_ID": "0021700285", "GAME_DATE": "NOV 25, 2017", "MATCHUP": "UTA vs. MIL", "WL": "W", "MIN": 19, "FGM": 2, "FGA": 6, "FG_PCT": 0.333, "FG3M": 0, "FG3A": 1, "FG3_PCT": 0.0, "FTM": 0, "FTA": 0, "FT_PCT": 0.0, "OREB": 0, "DREB": 2, "REB": 2, "AST": 3, "STL": 0, "BLK": 0, "TOV": 1, "PF": 0, "PTS": 4, "PLUS_MINUS": 12, "VIDEO_AVAILABLE": 1}, {"SEASON_ID": "22017", "Player_ID": 203526, "Game_ID": "0021700265", "GAME_DATE": "NOV 22, 2017", "MATCHUP": "UTA vs. CHI", "WL": "W", "MIN": 19, "FGM": 3, "FGA": 5, "FG_PCT": 0.6, "FG3M": 2, "FG3A": 2, "FG3_PCT": 1.0, "FTM": 0, "FTA": 0, "FT_PCT": 0.0, "OREB": 0, "DREB": 5, "REB": 5, "AST": 2, "STL": 0, "BLK": 0, "TOV": 0, "PF": 0, "PTS": 8, "PLUS_MINUS": 10, "VIDEO_AVAILABLE": 2}, {"SEASON_ID": "22017", "Player_ID": 203526, "Game_ID": "0021700244", "GAME_DATE": "NOV 20, 2017", "MATCHUP": "UTA @ PHI", "WL": "L", "MIN": 10, "FGM": 0, "FGA": 1, "FG_PCT": 0.0, "FG3M": 0, "FG3A": 1, "FG3_PCT": 0.0, "FTM": 0, "FTA": 0, "FT_PCT": 0.0, "OREB": 0, "DREB": 0, "REB": 0, "AST": 1, "STL": 0, "BLK": 0, "TOV": 0, "PF": 4, "PTS": 0, "PLUS_MINUS": -13, "VIDEO_AVAILABLE": 1}, {"SEASON_ID": "22017", "Player_ID": 203526, "Game_ID": "0021700229", "GAME_DATE": "NOV 18, 2017", "MATCHUP": "UTA @ ORL", "WL": "W", "MIN": 24, "FGM": 3, "FGA": 5, "FG_PCT": 0.6, "FG3M": 0, "FG3A": 0, "FG3_PCT": 0.0, "FTM": 3, "FTA": 3, "FT_PCT": 1.0, "OREB": 0, "DREB": 2, "REB": 2, "AST": 7, "STL": 2, "BLK": 0, "TOV": 1, "PF": 1, "PTS": 9, "PLUS_MINUS": 44, "VIDEO_AVAILABLE": 1}, {"SEASON_ID": "22017", "Player_ID": 203526, "Game_ID": "0021700219", "GAME_DATE": "NOV 17, 2017", "MATCHUP": "UTA @ BKN", "WL": "L", "MIN": 20, "FGM": 9, "FGA": 14, "FG_PCT": 0.643, "FG3M": 3, "FG3A": 6, "FG3_PCT": 0.5, "FTM": 1, "FTA": 4, "FT_PCT": 0.25, "OREB": 1, "DREB": 2, "REB": 3, "AST": 1, "STL": 1, "BLK": 1, "TOV": 1, "PF": 0, "PTS": 22, "PLUS_MINUS": -9, "VIDEO_AVAILABLE": 1}, {"SEASON_ID": "22017", "Player_ID": 203526, "Game_ID": "0021700197", "GAME_DATE": "NOV 13, 2017", "MATCHUP": "UTA vs. MIN", "WL": "L", "MIN": 17, "FGM": 2, "FGA": 4, "FG_PCT": 0.5, "FG3M": 1, "FG3A": 2, "FG3_PCT": 0.5, "FTM": 0, "FTA": 0, "FT_PCT": 0.0, "OREB": 0, "DREB": 1, "REB": 1, "AST": 6, "STL": 0, "BLK": 0, "TOV": 1, "PF": 2, "PTS": 5, "PLUS_MINUS": 10, "VIDEO_AVAILABLE": 2}, {"SEASON_ID": "22017", "Player_ID": 203526, "Game_ID": "0021700187", "GAME_DATE": "NOV 11, 2017", "MATCHUP": "UTA vs. BKN", "WL": "W", "MIN": 6, "FGM": 1, "FGA": 1, "FG_PCT": 1.0, "FG3M": 1, "FG3A": 1, "FG3_PCT": 1.0, "FTM": 0, "FTA": 0, "FT_PCT": 0.0, "OREB": 0, "DREB": 0, "REB": 0, "AST": 0, "STL": 0, "BLK": 0, "TOV": 1, "PF": 1, "PTS": 3, "PLUS_MINUS": -7, "VIDEO_AVAILABLE": 1}, {"SEASON_ID": "22017", "Player_ID": 203526, "Game_ID": "0021700156", "GAME_DATE": "NOV 07, 2017", "MATCHUP": "UTA vs. PHI", "WL": "L", "MIN": 10, "FGM": 1, "FGA": 5, "FG_PCT": 0.2, "FG3M": 0, "FG3A": 1, "FG3_PCT": 0.0, "FTM": 2, "FTA": 2, "FT_PCT": 1.0, "OREB": 0, "DREB": 0, "REB": 0, "AST": 0, "STL": 0, "BLK": 0, "TOV": 1, "PF": 0, "PTS": 4, "PLUS_MINUS": 3, "VIDEO_AVAILABLE": 1}, {"SEASON_ID": "22017", "Player_ID": 203526, "Game_ID": "0021700140", "GAME_DATE": "NOV 05, 2017", "MATCHUP": "UTA @ HOU", "WL": "L", "MIN": 11, "FGM": 1, "FGA": 4, "FG_PCT": 0.25, "FG3M": 0, "FG3A": 0, "FG3_PCT": 0.0, "FTM": 1, "FTA": 1, "FT_PCT": 1.0, "OREB": 0, "DREB": 0, "REB": 0, "AST": 3, "STL": 0, "BLK": 0, "TOV": 0, "PF": 2, "PTS": 3, "PLUS_MINUS": 5, "VIDEO_AVAILABLE": 1}, {"SEASON_ID": "22017", "Player_ID": 203526, "Game_ID": "0021700098", "GAME_DATE": "OCT 30, 2017", "MATCHUP": "UTA vs. DAL", "WL": "W", "MIN": 2, "FGM": 0, "FGA": 0, "FG_PCT": 0.0, "FG3M": 0, "FG3A": 0, "FG3_PCT": 0.0, "FTM": 0, "FTA": 0, "FT_PCT": 0.0, "OREB": 0, "DREB": 1, "REB": 1, "AST": 0, "STL": 0, "BLK": 0, "TOV": 0, "PF": 0, "PTS": 0, "PLUS_MINUS": -1, "VIDEO_AVAILABLE": 2}, {"SEASON_ID": "22017", "Player_ID": 203526, "Game_ID": "0021700062", "GAME_DATE": "OCT 25, 2017", "MATCHUP": "UTA @ PHX", "WL": "L", "MIN": 14, "FGM": 0, "FGA": 2, "FG_PCT": 0.0, "FG3M": 0, "FG3A": 2, "FG3_PCT": 0.0, "FTM": 0, "FTA": 0, "FT_PCT": 0.0, "OREB": 0, "DREB": 2, "REB": 2, "AST": 2, "STL": 0, "BLK": 1, "TOV": 2, "PF": 1, "PTS": 0, "PLUS_MINUS": -12, "VIDEO_AVAILABLE": 1}, {"SEASON_ID": "22017", "Player_ID": 203526, "Game_ID": "0021700054", "GAME_DATE": "OCT 24, 2017", "MATCHUP": "UTA @ LAC", "WL": "L", "MIN": 17, "FGM": 2, "FGA": 5, "FG_PCT": 0.4, "FG3M": 1, "FG3A": 2, "FG3_PCT": 0.5, "FTM": 0, "FTA": 0, "FT_PCT": 0.0, "OREB": 1, "DREB": 0, "REB": 1, "AST": 0, "STL": 2, "BLK": 0, "TOV": 0, "PF": 1, "PTS": 5, "PLUS_MINUS": 8, "VIDEO_AVAILABLE": 1}, {"SEASON_ID": "22017", "Player_ID": 203526, "Game_ID": "0021700036", "GAME_DATE": "OCT 21, 2017", "MATCHUP": "UTA vs. OKC", "WL": "W", "MIN": 11, "FGM": 2, "FGA": 2, "FG_PCT": 1.0, "FG3M": 0, "FG3A": 0, "FG3_PCT": 0.0, "FTM": 0, "FTA": 0, "FT_PCT": 0.0, "OREB": 0, "DREB": 1, "REB": 1, "AST": 1, "STL": 1, "BLK": 0, "TOV": 2, "PF": 1, "PTS": 4, "PLUS_MINUS": -2, "VIDEO_AVAILABLE": 1}, {"SEASON_ID": "22018", "Player_ID": 203526, "Game_ID": "0021801174", "GAME_DATE": "APR 03, 2019", "MATCHUP": "UTA @ PHX", "WL": "W", "MIN": 21, "FGM": 3, "FGA": 9, "FG_PCT": 0.333, "FG3M": 1, "FG3A": 3, "FG3_PCT": 0.333, "FTM": 3, "FTA": 4, "FT_PCT": 0.75, "OREB": 0, "DREB": 2, "REB": 2, "AST": 4, "STL": 0, "BLK": 1, "TOV": 2, "PF": 0, "PTS": 10, "PLUS_MINUS": 19, "VIDEO_AVAILABLE": 1}, {"SEASON_ID": "22018", "Player_ID": 203526, "Game_ID": "0021801159", "GAME_DATE": "APR 01, 2019", "MATCHUP": "UTA vs. CHA", "WL": "W", "MIN": 13, "FGM": 1, "FGA": 5, "FG_PCT": 0.2, "FG3M": 0, "FG3A": 1, "FG3_PCT": 0.0, "FTM": 0, "FTA": 0, "FT_PCT": 0.0, "OREB": 1, "DREB": 1, "REB": 2, "AST": 5, "STL": 0, "BLK": 0, "TOV": 2, "PF": 4, "PTS": 2, "PLUS_MINUS": -13, "VIDEO_AVAILABLE": 1}, {"SEASON_ID": "22018", "Player_ID": 203526, "Game_ID": "0021801134", "GAME_DATE": "MAR 29, 2019", "MATCHUP": "UTA vs. WAS", "WL": "W", "MIN": 7, "FGM": 1, "FGA": 1, "FG_PCT": 1.0, "FG3M": 0, "FG3A": 0, "FG3_PCT": 0.0, "FTM": 0, "FTA": 0, "FT_PCT": 0.0, "OREB": 0, "DREB": 0, "REB": 0, "AST": 0, "STL": 0, "BLK": 0, "TOV": 1, "PF": 0, "PTS": 2, "PLUS_MINUS": 7, "VIDEO_AVAILABLE": 1}, {"SEASON_ID": "22018", "Player_ID": 203526, "Game_ID": "0021801121", "GAME_DATE": "MAR 27, 2019", "MATCHUP": "UTA vs. LAL", "WL": "W", "MIN": 14, "FGM": 2, "FGA": 3, "FG_PCT": 0.667, "FG3M": 0, "FG3A": 0, "FG3_PCT": 0.0, "FTM": 0, "FTA": 0, "FT_PCT": 0.0, "OREB": 0, "DREB": 1, "REB": 1, "AST": 2, "STL": 0, "BLK": 1, "TOV": 2, "PF": 1, "PTS": 4, "PLUS_MINUS": -11, "VIDEO_AVAILABLE": 1}, {"SEASON_ID": "22018", "Player_ID": 203526, "Game_ID": "0021801105", "GAME_DATE": "MAR 25, 2019", "MATCHUP": "UTA vs. PHX", "WL": "W", "MIN": 17, "FGM": 2, "FGA": 4, "FG_PCT": 0.5, "FG3M": 0, "FG3A": 1, "FG3_PCT": 0.0, "FTM": 4, "FTA": 5, "FT_PCT": 0.8, "OREB": 1, "DREB": 4, "REB": 5, "AST": 3, "STL": 0, "BLK": 0, "TOV": 1, "PF": 3, "PTS": 8, "PLUS_MINUS": 20, "VIDEO_AVAILABLE": 1}, {"SEASON_ID": "22018", "Player_ID": 203526, "Game_ID": "0021801090", "GAME_DATE": "MAR 23, 2019", "MATCHUP": "UTA @ CHI", "WL": "W", "MIN": 15, "FGM": 3, "FGA": 5, "FG_PCT": 0.6, "FG3M": 2, "FG3A": 3, "FG3_PCT": 0.667, "FTM": 2, "FTA": 2, "FT_PCT": 1.0, "OREB": 0, "DREB": 2, "REB": 2, "AST": 2, "STL": 0, "BLK": 0, "TOV": 1, "PF": 2, "PTS": 10, "PLUS_MINUS": 17, "VIDEO_AVAILABLE": 1}, {"SEASON_ID": "22018", "Player_ID": 203526, "Game_ID": "0021801076", "GAME_DATE": "MAR 21, 2019", "MATCHUP": "UTA @ ATL", "WL": "L", "MIN": 12, "FGM": 2, "FGA": 6, "FG_PCT": 0.333, "FG3M": 1, "FG3A": 3, "FG3_PCT": 0.333, "FTM": 0, "FTA": 0, "FT_PCT": 0.0, "OREB": 1, "DREB": 1, "REB": 2, "AST": 1, "STL": 2, "BLK": 0, "TOV": 1, "PF": 1, "PTS": 5, "PLUS_MINUS": -3, "VIDEO_AVAILABLE": 1}, {"SEASON_ID": "22018", "Player_ID": 203526, "Game_ID": "0021801068", "GAME_DATE": "MAR 20, 2019", "MATCHUP": "UTA @ NYK", "WL": "W", "MIN": 16, "FGM": 3, "FGA": 5, "FG_PCT": 0.6, "FG3M": 1, "FG3A": 2, "FG3_PCT": 0.5, "FTM": 0, "FTA": 0, "FT_PCT": 0.0, "OREB": 0, "DREB": 0, "REB": 0, "AST": 6, "STL": 0, "BLK": 0, "TOV": 0, "PF": 1, "PTS": 7, "PLUS_MINUS": 7, "VIDEO_AVAILABLE": 1}, {"SEASON_ID": "22018", "Player_ID": 203526, "Game_ID": "0021801051", "GAME_DATE": "MAR 18, 2019", "MATCHUP": "UTA @ WAS", "WL": "W", "MIN": 18, "FGM": 4, "FGA": 9, "FG_PCT": 0.444, "FG3M": 1, "FG3A": 4, "FG3_PCT": 0.25, "FTM": 0, "FTA": 0, "FT_PCT": 0.0, "OREB": 0, "DREB": 0, "REB": 0, "AST": 5, "STL": 1, "BLK": 0, "TOV": 2, "PF": 3, "PTS": 9, "PLUS_MINUS": 6, "VIDEO_AVAILABLE": 1}, {"SEASON_ID": "22018", "Player_ID": 203526, "Game_ID": "0021801041", "GAME_DATE": "MAR 16, 2019", "MATCHUP": "UTA vs. BKN", "WL": "W", "MIN": 15, "FGM": 3, "FGA": 8, "FG_PCT": 0.375, "FG3M": 1, "FG3A": 4, "FG3_PCT": 0.25, "FTM": 2, "FTA": 2, "FT_PCT": 1.0, "OREB": 0, "DREB": 4, "REB": 4, "AST": 2, "STL": 0, "BLK": 0, "TOV": 1, "PF": 4, "PTS": 9, "PLUS_MINUS": 6, "VIDEO_AVAILABLE": 1}, {"SEASON_ID": "22018", "Player_ID": 203526, "Game_ID": "0021801024", "GAME_DATE": "MAR 14, 2019", "MATCHUP": "UTA vs. MIN", "WL": "W", "MIN": 13, "FGM": 3, "FGA": 7, "FG_PCT": 0.429, "FG3M": 1, "FG3A": 1, "FG3_PCT": 1.0, "FTM": 0, "FTA": 0, "FT_PCT": 0.0, "OREB": 0, "DREB": 4, "REB": 4, "AST": 1, "STL": 1, "BLK": 1, "TOV": 0, "PF": 1, "PTS": 7, "PLUS_MINUS": 7, "VIDEO_AVAILABLE": 1}, {"SEASON_ID": "22018", "Player_ID": 203526, "Game_ID": "0021801019", "GAME_DATE": "MAR 13, 2019", "MATCHUP": "UTA @ PHX", "WL": "W", "MIN": 11, "FGM": 0, "FGA": 3, "FG_PCT": 0.0, "FG3M": 0, "FG3A": 1, "FG3_PCT": 0.0, "FTM": 0, "FTA": 0, "FT_PCT": 0.0, "OREB": 0, "DREB": 0, "REB": 0, "AST": 5, "STL": 1, "BLK": 0, "TOV": 0, "PF": 0, "PTS": 0, "PLUS_MINUS": 9, "VIDEO_AVAILABLE": 1}, {"SEASON_ID": "22018", "Player_ID": 203526, "Game_ID": "0021800919", "GAME_DATE": "FEB 27, 2019", "MATCHUP": "UTA vs. LAC", "WL": "W", "MIN": 17, "FGM": 4, "FGA": 8, "FG_PCT": 0.5, "FG3M": 2, "FG3A": 4, "FG3_PCT": 0.5, "FTM": 0, "FTA": 0, "FT_PCT": 0.0, "OREB": 1, "DREB": 4, "REB": 5, "AST": 2, "STL": 0, "BLK": 0, "TOV": 1, "PF": 0, "PTS": 10, "PLUS_MINUS": 6, "VIDEO_AVAILABLE": 1}, {"SEASON_ID": "22018", "Player_ID": 203526, "Game_ID": "0021800893", "GAME_DATE": "FEB 23, 2019", "MATCHUP": "UTA vs. DAL", "WL": "W", "MIN": 8, "FGM": 0, "FGA": 3, "FG_PCT": 0.0, "FG3M": 0, "FG3A": 2, "FG3_PCT": 0.0, "FTM": 0, "FTA": 0, "FT_PCT": 0.0, "OREB": 0, "DREB": 0, "REB": 0, "AST": 3, "STL": 0, "BLK": 1, "TOV": 0, "PF": 1, "PTS": 0, "PLUS_MINUS": 2, "VIDEO_AVAILABLE": 1}, {"SEASON_ID": "22018", "Player_ID": 203526, "Game_ID": "0021800881", "GAME_DATE": "FEB 22, 2019", "MATCHUP": "UTA @ OKC", "WL": "L", "MIN": 12, "FGM": 1, "FGA": 4, "FG_PCT": 0.25, "FG3M": 0, "FG3A": 0, "FG3_PCT": 0.0, "FTM": 0, "FTA": 0, "FT_PCT": 0.0, "OREB": 0, "DREB": 4, "REB": 4, "AST": 4, "STL": 1, "BLK": 0, "TOV": 1, "PF": 3, "PTS": 2, "PLUS_MINUS": 15, "VIDEO_AVAILABLE": 1}, {"SEASON_ID": "22018", "Player_ID": 203526, "Game_ID": "0021800852", "GAME_DATE": "FEB 12, 2019", "MATCHUP": "UTA @ GSW", "WL": "L", "MIN": 9, "FGM": 3, "FGA": 4, "FG_PCT": 0.75, "FG3M": 0, "FG3A": 1, "FG3_PCT": 0.0, "FTM": 4, "FTA": 6, "FT_PCT": 0.667, "OREB": 0, "DREB": 0, "REB": 0, "AST": 2, "STL": 0, "BLK": 0, "TOV": 1, "PF": 2, "PTS": 10, "PLUS_MINUS": 3, "VIDEO_AVAILABLE": 1}, {"SEASON_ID": "22018", "Player_ID": 203526, "Game_ID": "0021800825", "GAME_DATE": "FEB 09, 2019", "MATCHUP": "UTA vs. SAS", "WL": "W", "MIN": 14, "FGM": 2, "FGA": 4, "FG_PCT": 0.5, "FG3M": 0, "FG3A": 2, "FG3_PCT": 0.0, "FTM": 0, "FTA": 0, "FT_PCT": 0.0, "OREB": 0, "DREB": 2, "REB": 2, "AST": 5, "STL": 0, "BLK": 0, "TOV": 1, "PF": 1, "PTS": 4, "PLUS_MINUS": 9, "VIDEO_AVAILABLE": 1}, {"SEASON_ID": "22018", "Player_ID": 203526, "Game_ID": "0021800808", "GAME_DATE": "FEB 06, 2019", "MATCHUP": "UTA vs. PHX", "WL": "W", "MIN": 12, "FGM": 1, "FGA": 3, "FG_PCT": 0.333, "FG3M": 1, "FG3A": 1, "FG3_PCT": 1.0, "FTM": 0, "FTA": 0, "FT_PCT": 0.0, "OREB": 0, "DREB": 0, "REB": 0, "AST": 3, "STL": 0, "BLK": 0, "TOV": 0, "PF": 1, "PTS": 3, "PLUS_MINUS": 20, "VIDEO_AVAILABLE": 1}, {"SEASON_ID": "22018", "Player_ID": 203526, "Game_ID": "0021800614", "GAME_DATE": "JAN 09, 2019", "MATCHUP": "UTA vs. ORL", "WL": "W", "MIN": 31, "FGM": 4, "FGA": 11, "FG_PCT": 0.364, "FG3M": 0, "FG3A": 5, "FG3_PCT": 0.0, "FTM": 2, "FTA": 2, "FT_PCT": 1.0, "OREB": 0, "DREB": 3, "REB": 3, "AST": 3, "STL": 1, "BLK": 0, "TOV": 2, "PF": 4, "PTS": 10, "PLUS_MINUS": 22, "VIDEO_AVAILABLE": 1}, {"SEASON_ID": "22018", "Player_ID": 203526, "Game_ID": "0021800594", "GAME_DATE": "JAN 07, 2019", "MATCHUP": "UTA @ MIL", "WL": "L", "MIN": 29, "FGM": 4, "FGA": 8, "FG_PCT": 0.5, "FG3M": 2, "FG3A": 3, "FG3_PCT": 0.667, "FTM": 0, "FTA": 0, "FT_PCT": 0.0, "OREB": 0, "DREB": 6, "REB": 6, "AST": 5, "STL": 0, "BLK": 0, "TOV": 2, "PF": 1, "PTS": 10, "PLUS_MINUS": -4, "VIDEO_AVAILABLE": 1}, {"SEASON_ID": "22018", "Player_ID": 203526, "Game_ID": "0021800577", "GAME_DATE": "JAN 05, 2019", "MATCHUP": "UTA @ DET", "WL": "W", "MIN": 12, "FGM": 2, "FGA": 3, "FG_PCT": 0.667, "FG3M": 0, "FG3A": 0, "FG3_PCT": 0.0, "FTM": 0, "FTA": 0, "FT_PCT": 0.0, "OREB": 0, "DREB": 0, "REB": 0, "AST": 0, "STL": 1, "BLK": 0, "TOV": 0, "PF": 1, "PTS": 4, "PLUS_MINUS": 5, "VIDEO_AVAILABLE": 1}, {"SEASON_ID": "22018", "Player_ID": 203526, "Game_ID": "0021800567", "GAME_DATE": "JAN 04, 2019", "MATCHUP": "UTA @ CLE", "WL": "W", "MIN": 5, "FGM": 2, "FGA": 2, "FG_PCT": 1.0, "FG3M": 1, "FG3A": 1, "FG3_PCT": 1.0, "FTM": 0, "FTA": 0, "FT_PCT": 0.0, "OREB": 0, "DREB": 0, "REB": 0, "AST": 0, "STL": 0, "BLK": 0, "TOV": 0, "PF": 1, "PTS": 5, "PLUS_MINUS": -2, "VIDEO_AVAILABLE": 1}, {"SEASON_ID": "22018", "Player_ID": 203526, "Game_ID": "0021800532", "GAME_DATE": "DEC 29, 2018", "MATCHUP": "UTA vs. NYK", "WL": "W", "MIN": 20, "FGM": 4, "FGA": 7, "FG_PCT": 0.571, "FG3M": 1, "FG3A": 2, "FG3_PCT": 0.5, "FTM": 0, "FTA": 0, "FT_PCT": 0.0, "OREB": 0, "DREB": 5, "REB": 5, "AST": 3, "STL": 0, "BLK": 0, "TOV": 2, "PF": 3, "PTS": 9, "PLUS_MINUS": 19, "VIDEO_AVAILABLE": 1}, {"SEASON_ID": "22018", "Player_ID": 203526, "Game_ID": "0021800515", "GAME_DATE": "DEC 27, 2018", "MATCHUP": "UTA vs. PHI", "WL": "L", "MIN": 2, "FGM": 0, "FGA": 0, "FG_PCT": 0.0, "FG3M": 0, "FG3A": 0, "FG3_PCT": 0.0, "FTM": 0, "FTA": 0, "FT_PCT": 0.0, "OREB": 0, "DREB": 1, "REB": 1, "AST": 0, "STL": 0, "BLK": 0, "TOV": 0, "PF": 0, "PTS": 0, "PLUS_MINUS": 1, "VIDEO_AVAILABLE": 1}, {"SEASON_ID": "22018", "Player_ID": 203526, "Game_ID": "0021800501", "GAME_DATE": "DEC 25, 2018", "MATCHUP": "UTA vs. POR", "WL": "W", "MIN": 2, "FGM": 1, "FGA": 1, "FG_PCT": 1.0, "FG3M": 1, "FG3A": 1, "FG3_PCT": 1.0, "FTM": 0, "FTA": 0, "FT_PCT": 0.0, "OREB": 0, "DREB": 1, "REB": 1, "AST": 0, "STL": 0, "BLK": 0, "TOV": 0, "PF": 0, "PTS": 3, "PLUS_MINUS": 6, "VIDEO_AVAILABLE": 1}, {"SEASON_ID": "22018", "Player_ID": 203526, "Game_ID": "0021800476", "GAME_DATE": "DEC 21, 2018", "MATCHUP": "UTA @ POR", "WL": "W", "MIN": 4, "FGM": 0, "FGA": 0, "FG_PCT": 0.0, "FG3M": 0, "FG3A": 0, "FG3_PCT": 0.0, "FTM": 2, "FTA": 2, "FT_PCT": 1.0, "OREB": 0, "DREB": 0, "REB": 0, "AST": 0, "STL": 0, "BLK": 0, "TOV": 1, "PF": 0, "PTS": 2, "PLUS_MINUS": 4, "VIDEO_AVAILABLE": 1}, {"SEASON_ID": "22018", "Player_ID": 203526, "Game_ID": "0021800396", "GAME_DATE": "DEC 10, 2018", "MATCHUP": "UTA @ OKC", "WL": "L", "MIN": 20, "FGM": 1, "FGA": 2, "FG_PCT": 0.5, "FG3M": 0, "FG3A": 1, "FG3_PCT": 0.0, "FTM": 0, "FTA": 0, "FT_PCT": 0.0, "OREB": 0, "DREB": 2, "REB": 2, "AST": 5, "STL": 1, "BLK": 0, "TOV": 2, "PF": 1, "PTS": 2, "PLUS_MINUS": 0, "VIDEO_AVAILABLE": 1}, {"SEASON_ID": "22018", "Player_ID": 203526, "Game_ID": "0021800390", "GAME_DATE": "DEC 09, 2018", "MATCHUP": "UTA @ SAS", "WL": "L", "MIN": 6, "FGM": 1, "FGA": 2, "FG_PCT": 0.5, "FG3M": 0, "FG3A": 1, "FG3_PCT": 0.0, "FTM": 2, "FTA": 2, "FT_PCT": 1.0, "OREB": 0, "DREB": 0, "REB": 0, "AST": 1, "STL": 1, "BLK": 0, "TOV": 0, "PF": 1, "PTS": 4, "PLUS_MINUS": 5, "VIDEO_AVAILABLE": 1}, {"SEASON_ID": "22018", "Player_ID": 203526, "Game_ID": "0021800367", "GAME_DATE": "DEC 06, 2018", "MATCHUP": "UTA vs. HOU", "WL": "W", "MIN": 9, "FGM": 2, "FGA": 4, "FG_PCT": 0.5, "FG3M": 0, "FG3A": 2, "FG3_PCT": 0.0, "FTM": 1, "FTA": 2, "FT_PCT": 0.5, "OREB": 1, "DREB": 0, "REB": 1, "AST": 1, "STL": 1, "BLK": 0, "TOV": 0, "PF": 1, "PTS": 5, "PLUS_MINUS": -10, "VIDEO_AVAILABLE": 1}, {"SEASON_ID": "22018", "Player_ID": 203526, "Game_ID": "0021800354", "GAME_DATE": "DEC 04, 2018", "MATCHUP": "UTA vs. SAS", "WL": "W", "MIN": 15, "FGM": 3, "FGA": 5, "FG_PCT": 0.6, "FG3M": 1, "FG3A": 2, "FG3_PCT": 0.5, "FTM": 0, "FTA": 0, "FT_PCT": 0.0, "OREB": 0, "DREB": 3, "REB": 3, "AST": 4, "STL": 0, "BLK": 0, "TOV": 0, "PF": 2, "PTS": 7, "PLUS_MINUS": 21, "VIDEO_AVAILABLE": 1}, {"SEASON_ID": "22018", "Player_ID": 203526, "Game_ID": "0021800339", "GAME_DATE": "DEC 02, 2018", "MATCHUP": "UTA @ MIA", "WL": "L", "MIN": 3, "FGM": 1, "FGA": 1, "FG_PCT": 1.0, "FG3M": 0, "FG3A": 0, "FG3_PCT": 0.0, "FTM": 0, "FTA": 0, "FT_PCT": 0.0, "OREB": 0, "DREB": 0, "REB": 0, "AST": 1, "STL": 0, "BLK": 0, "TOV": 0, "PF": 0, "PTS": 2, "PLUS_MINUS": -4, "VIDEO_AVAILABLE": 1}, {"SEASON_ID": "22018", "Player_ID": 203526, "Game_ID": "0021800320", "GAME_DATE": "NOV 30, 2018", "MATCHUP": "UTA @ CHA", "WL": "W", "MIN": 9, "FGM": 1, "FGA": 1, "FG_PCT": 1.0, "FG3M": 1, "FG3A": 1, "FG3_PCT": 1.0, "FTM": 0, "FTA": 0, "FT_PCT": 0.0, "OREB": 0, "DREB": 0, "REB": 0, "AST": 3, "STL": 0, "BLK": 0, "TOV": 2, "PF": 1, "PTS": 3, "PLUS_MINUS": -2, "VIDEO_AVAILABLE": 1}, {"SEASON_ID": "22018", "Player_ID": 203526, "Game_ID": "0021800308", "GAME_DATE": "NOV 28, 2018", "MATCHUP": "UTA @ BKN", "WL": "W", "MIN": 15, "FGM": 4, "FGA": 8, "FG_PCT": 0.5, "FG3M": 1, "FG3A": 3, "FG3_PCT": 0.333, "FTM": 2, "FTA": 2, "FT_PCT": 1.0, "OREB": 1, "DREB": 2, "REB": 3, "AST": 2, "STL": 0, "BLK": 0, "TOV": 2, "PF": 1, "PTS": 11, "PLUS_MINUS": -1, "VIDEO_AVAILABLE": 1}, {"SEASON_ID": "22018", "Player_ID": 203526, "Game_ID": "0021800299", "GAME_DATE": "NOV 26, 2018", "MATCHUP": "UTA vs. IND", "WL": "L", "MIN": 16, "FGM": 3, "FGA": 6, "FG_PCT": 0.5, "FG3M": 0, "FG3A": 2, "FG3_PCT": 0.0, "FTM": 0, "FTA": 0, "FT_PCT": 0.0, "OREB": 0, "DREB": 1, "REB": 1, "AST": 3, "STL": 1, "BLK": 0, "TOV": 2, "PF": 1, "PTS": 6, "PLUS_MINUS": -13, "VIDEO_AVAILABLE": 1}, {"SEASON_ID": "22018", "Player_ID": 203526, "Game_ID": "0021800292", "GAME_DATE": "NOV 25, 2018", "MATCHUP": "UTA @ SAC", "WL": "W", "MIN": 19, "FGM": 2, "FGA": 6, "FG_PCT": 0.333, "FG3M": 1, "FG3A": 1, "FG3_PCT": 1.0, "FTM": 4, "FTA": 4, "FT_PCT": 1.0, "OREB": 0, "DREB": 3, "REB": 3, "AST": 5, "STL": 1, "BLK": 0, "TOV": 2, "PF": 2, "PTS": 9, "PLUS_MINUS": 14, "VIDEO_AVAILABLE": 1}, {"SEASON_ID": "22018", "Player_ID": 203526, "Game_ID": "0021800263", "GAME_DATE": "NOV 21, 2018", "MATCHUP": "UTA vs. SAC", "WL": "L", "MIN": 2, "FGM": 0, "FGA": 0, "FG_PCT": 0.0, "FG3M": 0, "FG3A": 0, "FG3_PCT": 0.0, "FTM": 0, "FTA": 0, "FT_PCT": 0.0, "OREB": 0, "DREB": 0, "REB": 0, "AST": 0, "STL": 0, "BLK": 0, "TOV": 0, "PF": 1, "PTS": 0, "PLUS_MINUS": -3, "VIDEO_AVAILABLE": 1}, {"SEASON_ID": "22018", "Player_ID": 203526, "Game_ID": "0021800241", "GAME_DATE": "NOV 19, 2018", "MATCHUP": "UTA @ IND", "WL": "L", "MIN": 9, "FGM": 1, "FGA": 3, "FG_PCT": 0.333, "FG3M": 0, "FG3A": 2, "FG3_PCT": 0.0, "FTM": 0, "FTA": 0, "FT_PCT": 0.0, "OREB": 0, "DREB": 0, "REB": 0, "AST": 2, "STL": 1, "BLK": 0, "TOV": 1, "PF": 0, "PTS": 2, "PLUS_MINUS": -10, "VIDEO_AVAILABLE": 1}, {"SEASON_ID": "22015", "Player_ID": 203526, "Game_ID": "0021501228", "GAME_DATE": "APR 13, 2016", "MATCHUP": "UTA @ LAL", "WL": "L", "MIN": 19, "FGM": 4, "FGA": 7, "FG_PCT": 0.571, "FG3M": 0, "FG3A": 2, "FG3_PCT": 0.0, "FTM": 0, "FTA": 0, "FT_PCT": 0.0, "OREB": 0, "DREB": 1, "REB": 1, "AST": 4, "STL": 0, "BLK": 0, "TOV": 0, "PF": 0, "PTS": 8, "PLUS_MINUS": 5, "VIDEO_AVAILABLE": 1}, {"SEASON_ID": "22015", "Player_ID": 203526, "Game_ID": "0021501210", "GAME_DATE": "APR 11, 2016", "MATCHUP": "UTA vs. DAL", "WL": "L", "MIN": 8, "FGM": 0, "FGA": 2, "FG_PCT": 0.0, "FG3M": 0, "FG3A": 0, "FG3_PCT": 0.0, "FTM": 0, "FTA": 0, "FT_PCT": 0.0, "OREB": 0, "DREB": 2, "REB": 2, "AST": 3, "STL": 0, "BLK": 0, "TOV": 0, "PF": 0, "PTS": 0, "PLUS_MINUS": 1, "VIDEO_AVAILABLE": 1}, {"SEASON_ID": "22015", "Player_ID": 203526, "Game_ID": "0021501198", "GAME_DATE": "APR 10, 2016", "MATCHUP": "UTA @ DEN", "WL": "W", "MIN": 9, "FGM": 1, "FGA": 3, "FG_PCT": 0.333, "FG3M": 0, "FG3A": 2, "FG3_PCT": 0.0, "FTM": 2, "FTA": 2, "FT_PCT": 1.0, "OREB": 0, "DREB": 0, "REB": 0, "AST": 0, "STL": 1, "BLK": 0, "TOV": 0, "PF": 1, "PTS": 4, "PLUS_MINUS": -11, "VIDEO_AVAILABLE": 1}, {"SEASON_ID": "22015", "Player_ID": 203526, "Game_ID": "0021501187", "GAME_DATE": "APR 08, 2016", "MATCHUP": "UTA vs. LAC", "WL": "L", "MIN": 13, "FGM": 2, "FGA": 4, "FG_PCT": 0.5, "FG3M": 0, "FG3A": 1, "FG3_PCT": 0.0, "FTM": 2, "FTA": 2, "FT_PCT": 1.0, "OREB": 0, "DREB": 1, "REB": 1, "AST": 4, "STL": 2, "BLK": 0, "TOV": 2, "PF": 1, "PTS": 6, "PLUS_MINUS": 20, "VIDEO_AVAILABLE": 1}, {"SEASON_ID": "22015", "Player_ID": 203526, "Game_ID": "0021501161", "GAME_DATE": "APR 05, 2016", "MATCHUP": "UTA vs. SAS", "WL": "L", "MIN": 13, "FGM": 0, "FGA": 2, "FG_PCT": 0.0, "FG3M": 0, "FG3A": 0, "FG3_PCT": 0.0, "FTM": 0, "FTA": 0, "FT_PCT": 0.0, "OREB": 0, "DREB": 1, "REB": 1, "AST": 0, "STL": 0, "BLK": 0, "TOV": 2, "PF": 0, "PTS": 0, "PLUS_MINUS": -8, "VIDEO_AVAILABLE": 1}, {"SEASON_ID": "22015", "Player_ID": 203526, "Game_ID": "0021501149", "GAME_DATE": "APR 03, 2016", "MATCHUP": "UTA @ PHX", "WL": "W", "MIN": 13, "FGM": 0, "FGA": 2, "FG_PCT": 0.0, "FG3M": 0, "FG3A": 2, "FG3_PCT": 0.0, "FTM": 1, "FTA": 2, "FT_PCT": 0.5, "OREB": 0, "DREB": 2, "REB": 2, "AST": 3, "STL": 2, "BLK": 0, "TOV": 1, "PF": 2, "PTS": 1, "PLUS_MINUS": 5, "VIDEO_AVAILABLE": 1}, {"SEASON_ID": "22015", "Player_ID": 203526, "Game_ID": "0021501134", "GAME_DATE": "APR 01, 2016", "MATCHUP": "UTA vs. MIN", "WL": "W", "MIN": 15, "FGM": 1, "FGA": 5, "FG_PCT": 0.2, "FG3M": 1, "FG3A": 3, "FG3_PCT": 0.333, "FTM": 0, "FTA": 0, "FT_PCT": 0.0, "OREB": 1, "DREB": 2, "REB": 3, "AST": 0, "STL": 0, "BLK": 0, "TOV": 4, "PF": 1, "PTS": 3, "PLUS_MINUS": -2, "VIDEO_AVAILABLE": 1}, {"SEASON_ID": "22015", "Player_ID": 203526, "Game_ID": "0021501119", "GAME_DATE": "MAR 30, 2016", "MATCHUP": "UTA vs. GSW", "WL": "L", "MIN": 12, "FGM": 1, "FGA": 2, "FG_PCT": 0.5, "FG3M": 1, "FG3A": 1, "FG3_PCT": 1.0, "FTM": 2, "FTA": 2, "FT_PCT": 1.0, "OREB": 0, "DREB": 1, "REB": 1, "AST": 0, "STL": 0, "BLK": 0, "TOV": 1, "PF": 1, "PTS": 5, "PLUS_MINUS": 1, "VIDEO_AVAILABLE": 1}, {"SEASON_ID": "22015", "Player_ID": 203526, "Game_ID": "0021501104", "GAME_DATE": "MAR 28, 2016", "MATCHUP": "UTA vs. LAL", "WL": "W", "MIN": 19, "FGM": 1, "FGA": 4, "FG_PCT": 0.25, "FG3M": 0, "FG3A": 1, "FG3_PCT": 0.0, "FTM": 0, "FTA": 0, "FT_PCT": 0.0, "OREB": 0, "DREB": 1, "REB": 1, "AST": 2, "STL": 1, "BLK": 0, "TOV": 0, "PF": 1, "PTS": 2, "PLUS_MINUS": 0, "VIDEO_AVAILABLE": 1}, {"SEASON_ID": "22015", "Player_ID": 203526, "Game_ID": "0021501087", "GAME_DATE": "MAR 26, 2016", "MATCHUP": "UTA @ MIN", "WL": "W", "MIN": 14, "FGM": 2, "FGA": 6, "FG_PCT": 0.333, "FG3M": 1, "FG3A": 2, "FG3_PCT": 0.5, "FTM": 0, "FTA": 0, "FT_PCT": 0.0, "OREB": 1, "DREB": 5, "REB": 6, "AST": 1, "STL": 1, "BLK": 0, "TOV": 1, "PF": 1, "PTS": 5, "PLUS_MINUS": 8, "VIDEO_AVAILABLE": 1}, {"SEASON_ID": "22015", "Player_ID": 203526, "Game_ID": "0021501071", "GAME_DATE": "MAR 24, 2016", "MATCHUP": "UTA @ OKC", "WL": "L", "MIN": 21, "FGM": 2, "FGA": 2, "FG_PCT": 1.0, "FG3M": 1, "FG3A": 1, "FG3_PCT": 1.0, "FTM": 0, "FTA": 2, "FT_PCT": 0.0, "OREB": 0, "DREB": 2, "REB": 2, "AST": 2, "STL": 0, "BLK": 0, "TOV": 2, "PF": 1, "PTS": 5, "PLUS_MINUS": -2, "VIDEO_AVAILABLE": 1}, {"SEASON_ID": "22015", "Player_ID": 203526, "Game_ID": "0021501061", "GAME_DATE": "MAR 23, 2016", "MATCHUP": "UTA @ HOU", "WL": "W", "MIN": 15, "FGM": 3, "FGA": 6, "FG_PCT": 0.5, "FG3M": 3, "FG3A": 4, "FG3_PCT": 0.75, "FTM": 0, "FTA": 0, "FT_PCT": 0.0, "OREB": 1, "DREB": 2, "REB": 3, "AST": 0, "STL": 0, "BLK": 0, "TOV": 1, "PF": 1, "PTS": 9, "PLUS_MINUS": 4, "VIDEO_AVAILABLE": 1}, {"SEASON_ID": "22015", "Player_ID": 203526, "Game_ID": "0021501041", "GAME_DATE": "MAR 20, 2016", "MATCHUP": "UTA @ MIL", "WL": "W", "MIN": 10, "FGM": 1, "FGA": 5, "FG_PCT": 0.2, "FG3M": 1, "FG3A": 5, "FG3_PCT": 0.2, "FTM": 0, "FTA": 0, "FT_PCT": 0.0, "OREB": 0, "DREB": 0, "REB": 0, "AST": 0, "STL": 0, "BLK": 0, "TOV": 1, "PF": 0, "PTS": 3, "PLUS_MINUS": 2, "VIDEO_AVAILABLE": 1}, {"SEASON_ID": "22015", "Player_ID": 203526, "Game_ID": "0021501034", "GAME_DATE": "MAR 19, 2016", "MATCHUP": "UTA @ CHI", "WL": "L", "MIN": 13, "FGM": 4, "FGA": 5, "FG_PCT": 0.8, "FG3M": 1, "FG3A": 1, "FG3_PCT": 1.0, "FTM": 0, "FTA": 0, "FT_PCT": 0.0, "OREB": 0, "DREB": 1, "REB": 1, "AST": 1, "STL": 1, "BLK": 0, "TOV": 0, "PF": 1, "PTS": 9, "PLUS_MINUS": -1, "VIDEO_AVAILABLE": 1}, {"SEASON_ID": "22015", "Player_ID": 203526, "Game_ID": "0021501019", "GAME_DATE": "MAR 17, 2016", "MATCHUP": "UTA vs. PHX", "WL": "W", "MIN": 26, "FGM": 5, "FGA": 7, "FG_PCT": 0.714, "FG3M": 2, "FG3A": 3, "FG3_PCT": 0.667, "FTM": 1, "FTA": 2, "FT_PCT": 0.5, "OREB": 0, "DREB": 0, "REB": 0, "AST": 1, "STL": 1, "BLK": 0, "TOV": 3, "PF": 4, "PTS": 13, "PLUS_MINUS": 18, "VIDEO_AVAILABLE": 1}, {"SEASON_ID": "22015", "Player_ID": 203526, "Game_ID": "0021500994", "GAME_DATE": "MAR 14, 2016", "MATCHUP": "UTA vs. CLE", "WL": "W", "MIN": 17, "FGM": 3, "FGA": 4, "FG_PCT": 0.75, "FG3M": 1, "FG3A": 1, "FG3_PCT": 1.0, "FTM": 0, "FTA": 0, "FT_PCT": 0.0, "OREB": 0, "DREB": 2, "REB": 2, "AST": 3, "STL": 0, "BLK": 0, "TOV": 0, "PF": 1, "PTS": 7, "PLUS_MINUS": -1, "VIDEO_AVAILABLE": 1}, {"SEASON_ID": "22015", "Player_ID": 203526, "Game_ID": "0021500986", "GAME_DATE": "MAR 13, 2016", "MATCHUP": "UTA @ SAC", "WL": "W", "MIN": 8, "FGM": 1, "FGA": 2, "FG_PCT": 0.5, "FG3M": 0, "FG3A": 1, "FG3_PCT": 0.0, "FTM": 1, "FTA": 1, "FT_PCT": 1.0, "OREB": 0, "DREB": 0, "REB": 0, "AST": 2, "STL": 0, "BLK": 0, "TOV": 0, "PF": 0, "PTS": 3, "PLUS_MINUS": 8, "VIDEO_AVAILABLE": 1}, {"SEASON_ID": "22015", "Player_ID": 203526, "Game_ID": "0021500969", "GAME_DATE": "MAR 11, 2016", "MATCHUP": "UTA vs. WAS", "WL": "W", "MIN": 14, "FGM": 4, "FGA": 4, "FG_PCT": 1.0, "FG3M": 2, "FG3A": 2, "FG3_PCT": 1.0, "FTM": 2, "FTA": 2, "FT_PCT": 1.0, "OREB": 0, "DREB": 2, "REB": 2, "AST": 2, "STL": 0, "BLK": 0, "TOV": 5, "PF": 2, "PTS": 12, "PLUS_MINUS": 9, "VIDEO_AVAILABLE": 1}, {"SEASON_ID": "22015", "Player_ID": 203526, "Game_ID": "0021500958", "GAME_DATE": "MAR 09, 2016", "MATCHUP": "UTA @ GSW", "WL": "L", "MIN": 21, "FGM": 3, "FGA": 9, "FG_PCT": 0.333, "FG3M": 1, "FG3A": 2, "FG3_PCT": 0.5, "FTM": 1, "FTA": 2, "FT_PCT": 0.5, "OREB": 0, "DREB": 1, "REB": 1, "AST": 1, "STL": 0, "BLK": 0, "TOV": 2, "PF": 2, "PTS": 8, "PLUS_MINUS": -14, "VIDEO_AVAILABLE": 1}, {"SEASON_ID": "22015", "Player_ID": 203526, "Game_ID": "0021500947", "GAME_DATE": "MAR 08, 2016", "MATCHUP": "UTA vs. ATL", "WL": "L", "MIN": 14, "FGM": 2, "FGA": 6, "FG_PCT": 0.333, "FG3M": 0, "FG3A": 3, "FG3_PCT": 0.0, "FTM": 0, "FTA": 0, "FT_PCT": 0.0, "OREB": 0, "DREB": 1, "REB": 1, "AST": 1, "STL": 1, "BLK": 0, "TOV": 2, "PF": 0, "PTS": 4, "PLUS_MINUS": -5, "VIDEO_AVAILABLE": 1}, {"SEASON_ID": "22015", "Player_ID": 203526, "Game_ID": "0021500925", "GAME_DATE": "MAR 05, 2016", "MATCHUP": "UTA @ NOP", "WL": "W", "MIN": 16, "FGM": 1, "FGA": 3, "FG_PCT": 0.333, "FG3M": 0, "FG3A": 1, "FG3_PCT": 0.0, "FTM": 4, "FTA": 4, "FT_PCT": 1.0, "OREB": 0, "DREB": 1, "REB": 1, "AST": 1, "STL": 0, "BLK": 0, "TOV": 0, "PF": 2, "PTS": 6, "PLUS_MINUS": 10, "VIDEO_AVAILABLE": 1}, {"SEASON_ID": "22015", "Player_ID": 203526, "Game_ID": "0021500918", "GAME_DATE": "MAR 04, 2016", "MATCHUP": "UTA @ MEM", "WL": "L", "MIN": 13, "FGM": 0, "FGA": 3, "FG_PCT": 0.0, "FG3M": 0, "FG3A": 1, "FG3_PCT": 0.0, "FTM": 1, "FTA": 2, "FT_PCT": 0.5, "OREB": 0, "DREB": 1, "REB": 1, "AST": 1, "STL": 0, "BLK": 0, "TOV": 1, "PF": 1, "PTS": 1, "PLUS_MINUS": -10, "VIDEO_AVAILABLE": 1}, {"SEASON_ID": "22015", "Player_ID": 203526, "Game_ID": "0021500900", "GAME_DATE": "MAR 02, 2016", "MATCHUP": "UTA @ TOR", "WL": "L", "MIN": 23, "FGM": 4, "FGA": 6, "FG_PCT": 0.667, "FG3M": 2, "FG3A": 4, "FG3_PCT": 0.5, "FTM": 0, "FTA": 0, "FT_PCT": 0.0, "OREB": 0, "DREB": 2, "REB": 2, "AST": 2, "STL": 2, "BLK": 0, "TOV": 1, "PF": 1, "PTS": 10, "PLUS_MINUS": 5, "VIDEO_AVAILABLE": 1}, {"SEASON_ID": "22015", "Player_ID": 203526, "Game_ID": "0021500886", "GAME_DATE": "FEB 29, 2016", "MATCHUP": "UTA @ BOS", "WL": "L", "MIN": 18, "FGM": 3, "FGA": 6, "FG_PCT": 0.5, "FG3M": 1, "FG3A": 2, "FG3_PCT": 0.5, "FTM": 0, "FTA": 0, "FT_PCT": 0.0, "OREB": 0, "DREB": 0, "REB": 0, "AST": 4, "STL": 0, "BLK": 0, "TOV": 0, "PF": 0, "PTS": 7, "PLUS_MINUS": 3, "VIDEO_AVAILABLE": 1}, {"SEASON_ID": "22015", "Player_ID": 203526, "Game_ID": "0021500876", "GAME_DATE": "FEB 27, 2016", "MATCHUP": "UTA vs. BKN", "WL": "L", "MIN": 12, "FGM": 0, "FGA": 4, "FG_PCT": 0.0, "FG3M": 0, "FG3A": 2, "FG3_PCT": 0.0, "FTM": 4, "FTA": 4, "FT_PCT": 1.0, "OREB": 0, "DREB": 2, "REB": 2, "AST": 1, "STL": 3, "BLK": 0, "TOV": 1, "PF": 1, "PTS": 4, "PLUS_MINUS": -2, "VIDEO_AVAILABLE": 1}, {"SEASON_ID": "22015", "Player_ID": 203526, "Game_ID": "0021500860", "GAME_DATE": "FEB 25, 2016", "MATCHUP": "UTA vs. SAS", "WL": "L", "MIN": 12, "FGM": 1, "FGA": 3, "FG_PCT": 0.333, "FG3M": 0, "FG3A": 1, "FG3_PCT": 0.0, "FTM": 2, "FTA": 2, "FT_PCT": 1.0, "OREB": 0, "DREB": 1, "REB": 1, "AST": 0, "STL": 1, "BLK": 0, "TOV": 0, "PF": 1, "PTS": 4, "PLUS_MINUS": -6, "VIDEO_AVAILABLE": 1}, {"SEASON_ID": "22015", "Player_ID": 203526, "Game_ID": "0021500843", "GAME_DATE": "FEB 23, 2016", "MATCHUP": "UTA vs. HOU", "WL": "W", "MIN": 8, "FGM": 0, "FGA": 2, "FG_PCT": 0.0, "FG3M": 0, "FG3A": 1, "FG3_PCT": 0.0, "FTM": 0, "FTA": 0, "FT_PCT": 0.0, "OREB": 0, "DREB": 1, "REB": 1, "AST": 1, "STL": 0, "BLK": 0, "TOV": 1, "PF": 0, "PTS": 0, "PLUS_MINUS": 3, "VIDEO_AVAILABLE": 1}, {"SEASON_ID": "22015", "Player_ID": 203526, "Game_ID": "0021500832", "GAME_DATE": "FEB 21, 2016", "MATCHUP": "UTA @ POR", "WL": "L", "MIN": 10, "FGM": 2, "FGA": 3, "FG_PCT": 0.667, "FG3M": 0, "FG3A": 0, "FG3_PCT": 0.0, "FTM": 0, "FTA": 0, "FT_PCT": 0.0, "OREB": 1, "DREB": 0, "REB": 1, "AST": 0, "STL": 0, "BLK": 0, "TOV": 2, "PF": 0, "PTS": 4, "PLUS_MINUS": -13, "VIDEO_AVAILABLE": 1}, {"SEASON_ID": "22015", "Player_ID": 203526, "Game_ID": "0021500817", "GAME_DATE": "FEB 19, 2016", "MATCHUP": "UTA vs. BOS", "WL": "W", "MIN": 29, "FGM": 5, "FGA": 5, "FG_PCT": 1.0, "FG3M": 2, "FG3A": 2, "FG3_PCT": 1.0, "FTM": 3, "FTA": 4, "FT_PCT": 0.75, "OREB": 0, "DREB": 3, "REB": 3, "AST": 4, "STL": 2, "BLK": 0, "TOV": 1, "PF": 4, "PTS": 15, "PLUS_MINUS": 20, "VIDEO_AVAILABLE": 1}, {"SEASON_ID": "22015", "Player_ID": 203526, "Game_ID": "0021500654", "GAME_DATE": "FEB 18, 2016", "MATCHUP": "UTA @ WAS", "WL": "L", "MIN": 21, "FGM": 1, "FGA": 5, "FG_PCT": 0.2, "FG3M": 0, "FG3A": 0, "FG3_PCT": 0.0, "FTM": 0, "FTA": 0, "FT_PCT": 0.0, "OREB": 0, "DREB": 0, "REB": 0, "AST": 4, "STL": 0, "BLK": 0, "TOV": 4, "PF": 3, "PTS": 2, "PLUS_MINUS": -17, "VIDEO_AVAILABLE": 1}, {"SEASON_ID": "22015", "Player_ID": 203526, "Game_ID": "0021500798", "GAME_DATE": "FEB 10, 2016", "MATCHUP": "UTA @ NOP", "WL": "L", "MIN": 33, "FGM": 4, "FGA": 9, "FG_PCT": 0.444, "FG3M": 1, "FG3A": 2, "FG3_PCT": 0.5, "FTM": 0, "FTA": 0, "FT_PCT": 0.0, "OREB": 0, "DREB": 2, "REB": 2, "AST": 3, "STL": 2, "BLK": 0, "TOV": 1, "PF": 3, "PTS": 9, "PLUS_MINUS": 4, "VIDEO_AVAILABLE": 1}, {"SEASON_ID": "22015", "Player_ID": 203526, "Game_ID": "0021500787", "GAME_DATE": "FEB 09, 2016", "MATCHUP": "UTA @ DAL", "WL": "W", "MIN": 19, "FGM": 3, "FGA": 4, "FG_PCT": 0.75, "FG3M": 1, "FG3A": 2, "FG3_PCT": 0.5, "FTM": 1, "FTA": 2, "FT_PCT": 0.5, "OREB": 0, "DREB": 0, "REB": 0, "AST": 2, "STL": 1, "BLK": 0, "TOV": 1, "PF": 6, "PTS": 8, "PLUS_MINUS": 7, "VIDEO_AVAILABLE": 1}, {"SEASON_ID": "22015", "Player_ID": 203526, "Game_ID": "0021500768", "GAME_DATE": "FEB 06, 2016", "MATCHUP": "UTA @ PHX", "WL": "W", "MIN": 37, "FGM": 6, "FGA": 12, "FG_PCT": 0.5, "FG3M": 1, "FG3A": 2, "FG3_PCT": 0.5, "FTM": 0, "FTA": 0, "FT_PCT": 0.0, "OREB": 1, "DREB": 1, "REB": 2, "AST": 4, "STL": 1, "BLK": 0, "TOV": 2, "PF": 3, "PTS": 13, "PLUS_MINUS": 12, "VIDEO_AVAILABLE": 1}, {"SEASON_ID": "22015", "Player_ID": 203526, "Game_ID": "0021500758", "GAME_DATE": "FEB 05, 2016", "MATCHUP": "UTA vs. MIL", "WL": "W", "MIN": 33, "FGM": 3, "FGA": 8, "FG_PCT": 0.375, "FG3M": 1, "FG3A": 3, "FG3_PCT": 0.333, "FTM": 1, "FTA": 2, "FT_PCT": 0.5, "OREB": 0, "DREB": 3, "REB": 3, "AST": 4, "STL": 1, "BLK": 0, "TOV": 2, "PF": 2, "PTS": 8, "PLUS_MINUS": 9, "VIDEO_AVAILABLE": 1}, {"SEASON_ID": "22015", "Player_ID": 203526, "Game_ID": "0021500743", "GAME_DATE": "FEB 03, 2016", "MATCHUP": "UTA vs. DEN", "WL": "W", "MIN": 27, "FGM": 3, "FGA": 9, "FG_PCT": 0.333, "FG3M": 2, "FG3A": 4, "FG3_PCT": 0.5, "FTM": 2, "FTA": 2, "FT_PCT": 1.0, "OREB": 0, "DREB": 4, "REB": 4, "AST": 4, "STL": 0, "BLK": 0, "TOV": 2, "PF": 3, "PTS": 10, "PLUS_MINUS": 3, "VIDEO_AVAILABLE": 1}, {"SEASON_ID": "22015", "Player_ID": 203526, "Game_ID": "0021500728", "GAME_DATE": "FEB 01, 2016", "MATCHUP": "UTA vs. CHI", "WL": "W", "MIN": 32, "FGM": 6, "FGA": 8, "FG_PCT": 0.75, "FG3M": 2, "FG3A": 2, "FG3_PCT": 1.0, "FTM": 0, "FTA": 2, "FT_PCT": 0.0, "OREB": 0, "DREB": 3, "REB": 3, "AST": 2, "STL": 1, "BLK": 0, "TOV": 2, "PF": 2, "PTS": 14, "PLUS_MINUS": 18, "VIDEO_AVAILABLE": 1}, {"SEASON_ID": "22015", "Player_ID": 203526, "Game_ID": "0021500704", "GAME_DATE": "JAN 29, 2016", "MATCHUP": "UTA vs. MIN", "WL": "W", "MIN": 25, "FGM": 3, "FGA": 5, "FG_PCT": 0.6, "FG3M": 1, "FG3A": 1, "FG3_PCT": 1.0, "FTM": 2, "FTA": 2, "FT_PCT": 1.0, "OREB": 0, "DREB": 1, "REB": 1, "AST": 6, "STL": 0, "BLK": 0, "TOV": 1, "PF": 0, "PTS": 9, "PLUS_MINUS": -1, "VIDEO_AVAILABLE": 1}, {"SEASON_ID": "22015", "Player_ID": 203526, "Game_ID": "0021500690", "GAME_DATE": "JAN 27, 2016", "MATCHUP": "UTA vs. CHA", "WL": "W", "MIN": 20, "FGM": 0, "FGA": 7, "FG_PCT": 0.0, "FG3M": 0, "FG3A": 4, "FG3_PCT": 0.0, "FTM": 0, "FTA": 0, "FT_PCT": 0.0, "OREB": 0, "DREB": 1, "REB": 1, "AST": 2, "STL": 0, "BLK": 0, "TOV": 1, "PF": 3, "PTS": 0, "PLUS_MINUS": -6, "VIDEO_AVAILABLE": 1}, {"SEASON_ID": "22015", "Player_ID": 203526, "Game_ID": "0021500673", "GAME_DATE": "JAN 25, 2016", "MATCHUP": "UTA vs. DET", "WL": "L", "MIN": 6, "FGM": 0, "FGA": 1, "FG_PCT": 0.0, "FG3M": 0, "FG3A": 1, "FG3_PCT": 0.0, "FTM": 0, "FTA": 0, "FT_PCT": 0.0, "OREB": 0, "DREB": 0, "REB": 0, "AST": 0, "STL": 0, "BLK": 0, "TOV": 1, "PF": 0, "PTS": 0, "PLUS_MINUS": -6, "VIDEO_AVAILABLE": 1}, {"SEASON_ID": "22015", "Player_ID": 203526, "Game_ID": "0021500647", "GAME_DATE": "JAN 22, 2016", "MATCHUP": "UTA @ BKN", "WL": "W", "MIN": 25, "FGM": 5, "FGA": 6, "FG_PCT": 0.833, "FG3M": 0, "FG3A": 1, "FG3_PCT": 0.0, "FTM": 0, "FTA": 0, "FT_PCT": 0.0, "OREB": 0, "DREB": 2, "REB": 2, "AST": 2, "STL": 0, "BLK": 0, "TOV": 1, "PF": 3, "PTS": 10, "PLUS_MINUS": 15, "VIDEO_AVAILABLE": 1}, {"SEASON_ID": "22015", "Player_ID": 203526, "Game_ID": "0021500632", "GAME_DATE": "JAN 20, 2016", "MATCHUP": "UTA @ NYK", "WL": "L", "MIN": 22, "FGM": 2, "FGA": 5, "FG_PCT": 0.4, "FG3M": 1, "FG3A": 1, "FG3_PCT": 1.0, "FTM": 0, "FTA": 0, "FT_PCT": 0.0, "OREB": 2, "DREB": 0, "REB": 2, "AST": 3, "STL": 0, "BLK": 0, "TOV": 0, "PF": 1, "PTS": 5, "PLUS_MINUS": -3, "VIDEO_AVAILABLE": 1}, {"SEASON_ID": "22015", "Player_ID": 203526, "Game_ID": "0021500616", "GAME_DATE": "JAN 18, 2016", "MATCHUP": "UTA @ CHA", "WL": "L", "MIN": 22, "FGM": 2, "FGA": 8, "FG_PCT": 0.25, "FG3M": 2, "FG3A": 6, "FG3_PCT": 0.333, "FTM": 2, "FTA": 2, "FT_PCT": 1.0, "OREB": 0, "DREB": 0, "REB": 0, "AST": 3, "STL": 0, "BLK": 0, "TOV": 0, "PF": 1, "PTS": 8, "PLUS_MINUS": 4, "VIDEO_AVAILABLE": 1}, {"SEASON_ID": "22015", "Player_ID": 203526, "Game_ID": "0021500608", "GAME_DATE": "JAN 16, 2016", "MATCHUP": "UTA vs. LAL", "WL": "W", "MIN": 25, "FGM": 3, "FGA": 6, "FG_PCT": 0.5, "FG3M": 1, "FG3A": 1, "FG3_PCT": 1.0, "FTM": 1, "FTA": 1, "FT_PCT": 1.0, "OREB": 0, "DREB": 0, "REB": 0, "AST": 2, "STL": 2, "BLK": 0, "TOV": 1, "PF": 3, "PTS": 8, "PLUS_MINUS": 14, "VIDEO_AVAILABLE": 1}, {"SEASON_ID": "22015", "Player_ID": 203526, "Game_ID": "0021500591", "GAME_DATE": "JAN 14, 2016", "MATCHUP": "UTA vs. SAC", "WL": "L", "MIN": 20, "FGM": 5, "FGA": 9, "FG_PCT": 0.556, "FG3M": 2, "FG3A": 4, "FG3_PCT": 0.5, "FTM": 1, "FTA": 4, "FT_PCT": 0.25, "OREB": 0, "DREB": 2, "REB": 2, "AST": 4, "STL": 1, "BLK": 0, "TOV": 3, "PF": 4, "PTS": 13, "PLUS_MINUS": -10, "VIDEO_AVAILABLE": 1}, {"SEASON_ID": "22015", "Player_ID": 203526, "Game_ID": "0021500584", "GAME_DATE": "JAN 13, 2016", "MATCHUP": "UTA @ POR", "WL": "L", "MIN": 26, "FGM": 1, "FGA": 6, "FG_PCT": 0.167, "FG3M": 1, "FG3A": 3, "FG3_PCT": 0.333, "FTM": 1, "FTA": 2, "FT_PCT": 0.5, "OREB": 1, "DREB": 0, "REB": 1, "AST": 2, "STL": 0, "BLK": 0, "TOV": 1, "PF": 0, "PTS": 4, "PLUS_MINUS": -9, "VIDEO_AVAILABLE": 1}, {"SEASON_ID": "22015", "Player_ID": 203526, "Game_ID": "0021500565", "GAME_DATE": "JAN 10, 2016", "MATCHUP": "UTA @ LAL", "WL": "W", "MIN": 26, "FGM": 3, "FGA": 5, "FG_PCT": 0.6, "FG3M": 1, "FG3A": 1, "FG3_PCT": 1.0, "FTM": 0, "FTA": 0, "FT_PCT": 0.0, "OREB": 0, "DREB": 1, "REB": 1, "AST": 2, "STL": 1, "BLK": 0, "TOV": 3, "PF": 0, "PTS": 7, "PLUS_MINUS": 0, "VIDEO_AVAILABLE": 1}, {"SEASON_ID": "22015", "Player_ID": 203526, "Game_ID": "0021500555", "GAME_DATE": "JAN 09, 2016", "MATCHUP": "UTA vs. MIA", "WL": "W", "MIN": 33, "FGM": 5, "FGA": 10, "FG_PCT": 0.5, "FG3M": 1, "FG3A": 3, "FG3_PCT": 0.333, "FTM": 2, "FTA": 2, "FT_PCT": 1.0, "OREB": 0, "DREB": 2, "REB": 2, "AST": 5, "STL": 3, "BLK": 0, "TOV": 2, "PF": 2, "PTS": 13, "PLUS_MINUS": 14, "VIDEO_AVAILABLE": 1}, {"SEASON_ID": "22015", "Player_ID": 203526, "Game_ID": "0021500538", "GAME_DATE": "JAN 07, 2016", "MATCHUP": "UTA @ HOU", "WL": "L", "MIN": 24, "FGM": 2, "FGA": 3, "FG_PCT": 0.667, "FG3M": 1, "FG3A": 2, "FG3_PCT": 0.5, "FTM": 0, "FTA": 0, "FT_PCT": 0.0, "OREB": 0, "DREB": 2, "REB": 2, "AST": 7, "STL": 2, "BLK": 0, "TOV": 3, "PF": 1, "PTS": 5, "PLUS_MINUS": -1, "VIDEO_AVAILABLE": 1}, {"SEASON_ID": "22015", "Player_ID": 203526, "Game_ID": "0021500532", "GAME_DATE": "JAN 06, 2016", "MATCHUP": "UTA @ SAS", "WL": "L", "MIN": 24, "FGM": 2, "FGA": 8, "FG_PCT": 0.25, "FG3M": 1, "FG3A": 2, "FG3_PCT": 0.5, "FTM": 2, "FTA": 2, "FT_PCT": 1.0, "OREB": 1, "DREB": 1, "REB": 2, "AST": 2, "STL": 0, "BLK": 0, "TOV": 2, "PF": 2, "PTS": 7, "PLUS_MINUS": -22, "VIDEO_AVAILABLE": 1}, {"SEASON_ID": "22015", "Player_ID": 203526, "Game_ID": "0021500518", "GAME_DATE": "JAN 04, 2016", "MATCHUP": "UTA vs. HOU", "WL": "L", "MIN": 19, "FGM": 1, "FGA": 4, "FG_PCT": 0.25, "FG3M": 0, "FG3A": 1, "FG3_PCT": 0.0, "FTM": 2, "FTA": 2, "FT_PCT": 1.0, "OREB": 0, "DREB": 1, "REB": 1, "AST": 2, "STL": 0, "BLK": 0, "TOV": 0, "PF": 0, "PTS": 4, "PLUS_MINUS": -6, "VIDEO_AVAILABLE": 1}, {"SEASON_ID": "22015", "Player_ID": 203526, "Game_ID": "0021500503", "GAME_DATE": "JAN 02, 2016", "MATCHUP": "UTA vs. MEM", "WL": "W", "MIN": 20, "FGM": 1, "FGA": 7, "FG_PCT": 0.143, "FG3M": 0, "FG3A": 3, "FG3_PCT": 0.0, "FTM": 0, "FTA": 0, "FT_PCT": 0.0, "OREB": 0, "DREB": 1, "REB": 1, "AST": 2, "STL": 0, "BLK": 0, "TOV": 1, "PF": 1, "PTS": 2, "PLUS_MINUS": -6, "VIDEO_AVAILABLE": 1}, {"SEASON_ID": "22015", "Player_ID": 203526, "Game_ID": "0021500489", "GAME_DATE": "DEC 31, 2015", "MATCHUP": "UTA vs. POR", "WL": "W", "MIN": 19, "FGM": 3, "FGA": 5, "FG_PCT": 0.6, "FG3M": 1, "FG3A": 2, "FG3_PCT": 0.5, "FTM": 0, "FTA": 0, "FT_PCT": 0.0, "OREB": 2, "DREB": 2, "REB": 4, "AST": 1, "STL": 0, "BLK": 0, "TOV": 0, "PF": 1, "PTS": 7, "PLUS_MINUS": 1, "VIDEO_AVAILABLE": 1}, {"SEASON_ID": "22015", "Player_ID": 203526, "Game_ID": "0021500479", "GAME_DATE": "DEC 30, 2015", "MATCHUP": "UTA @ MIN", "WL": "L", "MIN": 11, "FGM": 1, "FGA": 6, "FG_PCT": 0.167, "FG3M": 0, "FG3A": 4, "FG3_PCT": 0.0, "FTM": 0, "FTA": 0, "FT_PCT": 0.0, "OREB": 1, "DREB": 0, "REB": 1, "AST": 2, "STL": 0, "BLK": 0, "TOV": 3, "PF": 2, "PTS": 2, "PLUS_MINUS": -12, "VIDEO_AVAILABLE": 1}, {"SEASON_ID": "22015", "Player_ID": 203526, "Game_ID": "0021500467", "GAME_DATE": "DEC 28, 2015", "MATCHUP": "UTA vs. PHI", "WL": "W", "MIN": 25, "FGM": 2, "FGA": 3, "FG_PCT": 0.667, "FG3M": 1, "FG3A": 1, "FG3_PCT": 1.0, "FTM": 2, "FTA": 2, "FT_PCT": 1.0, "OREB": 0, "DREB": 1, "REB": 1, "AST": 1, "STL": 1, "BLK": 1, "TOV": 2, "PF": 3, "PTS": 7, "PLUS_MINUS": 4, "VIDEO_AVAILABLE": 1}, {"SEASON_ID": "22015", "Player_ID": 203526, "Game_ID": "0021500452", "GAME_DATE": "DEC 26, 2015", "MATCHUP": "UTA vs. LAC", "WL": "L", "MIN": 30, "FGM": 4, "FGA": 9, "FG_PCT": 0.444, "FG3M": 1, "FG3A": 3, "FG3_PCT": 0.333, "FTM": 0, "FTA": 0, "FT_PCT": 0.0, "OREB": 0, "DREB": 1, "REB": 1, "AST": 4, "STL": 3, "BLK": 0, "TOV": 3, "PF": 4, "PTS": 9, "PLUS_MINUS": 7, "VIDEO_AVAILABLE": 1}, {"SEASON_ID": "22015", "Player_ID": 203526, "Game_ID": "0021500434", "GAME_DATE": "DEC 23, 2015", "MATCHUP": "UTA @ GSW", "WL": "L", "MIN": 15, "FGM": 1, "FGA": 2, "FG_PCT": 0.5, "FG3M": 0, "FG3A": 0, "FG3_PCT": 0.0, "FTM": 0, "FTA": 0, "FT_PCT": 0.0, "OREB": 0, "DREB": 2, "REB": 2, "AST": 0, "STL": 2, "BLK": 0, "TOV": 2, "PF": 1, "PTS": 2, "PLUS_MINUS": -4, "VIDEO_AVAILABLE": 1}, {"SEASON_ID": "22015", "Player_ID": 203526, "Game_ID": "0021500417", "GAME_DATE": "DEC 21, 2015", "MATCHUP": "UTA vs. PHX", "WL": "W", "MIN": 20, "FGM": 4, "FGA": 8, "FG_PCT": 0.5, "FG3M": 1, "FG3A": 3, "FG3_PCT": 0.333, "FTM": 0, "FTA": 0, "FT_PCT": 0.0, "OREB": 1, "DREB": 3, "REB": 4, "AST": 3, "STL": 1, "BLK": 0, "TOV": 2, "PF": 1, "PTS": 9, "PLUS_MINUS": 22, "VIDEO_AVAILABLE": 1}, {"SEASON_ID": "22015", "Player_ID": 203526, "Game_ID": "0021500395", "GAME_DATE": "DEC 18, 2015", "MATCHUP": "UTA vs. DEN", "WL": "W", "MIN": 15, "FGM": 3, "FGA": 5, "FG_PCT": 0.6, "FG3M": 1, "FG3A": 2, "FG3_PCT": 0.5, "FTM": 1, "FTA": 1, "FT_PCT": 1.0, "OREB": 0, "DREB": 1, "REB": 1, "AST": 0, "STL": 0, "BLK": 0, "TOV": 1, "PF": 2, "PTS": 8, "PLUS_MINUS": -10, "VIDEO_AVAILABLE": 1}, {"SEASON_ID": "22015", "Player_ID": 203526, "Game_ID": "0021500380", "GAME_DATE": "DEC 16, 2015", "MATCHUP": "UTA vs. NOP", "WL": "L", "MIN": 10, "FGM": 3, "FGA": 3, "FG_PCT": 1.0, "FG3M": 2, "FG3A": 2, "FG3_PCT": 1.0, "FTM": 0, "FTA": 0, "FT_PCT": 0.0, "OREB": 0, "DREB": 0, "REB": 0, "AST": 2, "STL": 0, "BLK": 0, "TOV": 0, "PF": 0, "PTS": 8, "PLUS_MINUS": 2, "VIDEO_AVAILABLE": 1}, {"SEASON_ID": "22015", "Player_ID": 203526, "Game_ID": "0021500364", "GAME_DATE": "DEC 14, 2015", "MATCHUP": "UTA @ SAS", "WL": "L", "MIN": 21, "FGM": 5, "FGA": 7, "FG_PCT": 0.714, "FG3M": 2, "FG3A": 2, "FG3_PCT": 1.0, "FTM": 0, "FTA": 0, "FT_PCT": 0.0, "OREB": 0, "DREB": 3, "REB": 3, "AST": 1, "STL": 1, "BLK": 0, "TOV": 2, "PF": 1, "PTS": 12, "PLUS_MINUS": -14, "VIDEO_AVAILABLE": 1}, {"SEASON_ID": "22015", "Player_ID": 203526, "Game_ID": "0021500341", "GAME_DATE": "DEC 11, 2015", "MATCHUP": "UTA vs. OKC", "WL": "L", "MIN": 10, "FGM": 1, "FGA": 3, "FG_PCT": 0.333, "FG3M": 0, "FG3A": 2, "FG3_PCT": 0.0, "FTM": 0, "FTA": 0, "FT_PCT": 0.0, "OREB": 0, "DREB": 2, "REB": 2, "AST": 0, "STL": 0, "BLK": 0, "TOV": 1, "PF": 0, "PTS": 2, "PLUS_MINUS": -10, "VIDEO_AVAILABLE": 1}, {"SEASON_ID": "22015", "Player_ID": 203526, "Game_ID": "0021500327", "GAME_DATE": "DEC 09, 2015", "MATCHUP": "UTA vs. NYK", "WL": "W", "MIN": 23, "FGM": 1, "FGA": 4, "FG_PCT": 0.25, "FG3M": 1, "FG3A": 3, "FG3_PCT": 0.333, "FTM": 0, "FTA": 0, "FT_PCT": 0.0, "OREB": 0, "DREB": 2, "REB": 2, "AST": 6, "STL": 2, "BLK": 0, "TOV": 2, "PF": 0, "PTS": 3, "PLUS_MINUS": 15, "VIDEO_AVAILABLE": 1}, {"SEASON_ID": "22015", "Player_ID": 203526, "Game_ID": "0021500318", "GAME_DATE": "DEC 08, 2015", "MATCHUP": "UTA @ SAC", "WL": "L", "MIN": 11, "FGM": 2, "FGA": 5, "FG_PCT": 0.4, "FG3M": 1, "FG3A": 3, "FG3_PCT": 0.333, "FTM": 0, "FTA": 0, "FT_PCT": 0.0, "OREB": 0, "DREB": 0, "REB": 0, "AST": 1, "STL": 0, "BLK": 0, "TOV": 2, "PF": 1, "PTS": 5, "PLUS_MINUS": -11, "VIDEO_AVAILABLE": 1}, {"SEASON_ID": "22015", "Player_ID": 203526, "Game_ID": "0021500297", "GAME_DATE": "DEC 05, 2015", "MATCHUP": "UTA vs. IND", "WL": "W", "MIN": 18, "FGM": 5, "FGA": 8, "FG_PCT": 0.625, "FG3M": 2, "FG3A": 3, "FG3_PCT": 0.667, "FTM": 1, "FTA": 1, "FT_PCT": 1.0, "OREB": 0, "DREB": 2, "REB": 2, "AST": 1, "STL": 1, "BLK": 0, "TOV": 2, "PF": 2, "PTS": 13, "PLUS_MINUS": -1, "VIDEO_AVAILABLE": 1}, {"SEASON_ID": "22015", "Player_ID": 203526, "Game_ID": "0021500279", "GAME_DATE": "DEC 03, 2015", "MATCHUP": "UTA vs. ORL", "WL": "L", "MIN": 12, "FGM": 1, "FGA": 3, "FG_PCT": 0.333, "FG3M": 1, "FG3A": 1, "FG3_PCT": 1.0, "FTM": 1, "FTA": 1, "FT_PCT": 1.0, "OREB": 0, "DREB": 3, "REB": 3, "AST": 1, "STL": 0, "BLK": 0, "TOV": 2, "PF": 2, "PTS": 4, "PLUS_MINUS": -8, "VIDEO_AVAILABLE": 1}, {"SEASON_ID": "22015", "Player_ID": 203526, "Game_ID": "0021500259", "GAME_DATE": "NOV 30, 2015", "MATCHUP": "UTA vs. GSW", "WL": "L", "MIN": 15, "FGM": 0, "FGA": 6, "FG_PCT": 0.0, "FG3M": 0, "FG3A": 1, "FG3_PCT": 0.0, "FTM": 0, "FTA": 0, "FT_PCT": 0.0, "OREB": 0, "DREB": 1, "REB": 1, "AST": 2, "STL": 0, "BLK": 0, "TOV": 1, "PF": 1, "PTS": 0, "PLUS_MINUS": -1, "VIDEO_AVAILABLE": 1}, {"SEASON_ID": "22015", "Player_ID": 203526, "Game_ID": "0021500243", "GAME_DATE": "NOV 28, 2015", "MATCHUP": "UTA vs. NOP", "WL": "W", "MIN": 18, "FGM": 2, "FGA": 6, "FG_PCT": 0.333, "FG3M": 0, "FG3A": 1, "FG3_PCT": 0.0, "FTM": 0, "FTA": 0, "FT_PCT": 0.0, "OREB": 0, "DREB": 2, "REB": 2, "AST": 3, "STL": 2, "BLK": 0, "TOV": 1, "PF": 3, "PTS": 4, "PLUS_MINUS": 2, "VIDEO_AVAILABLE": 1}, {"SEASON_ID": "22015", "Player_ID": 203526, "Game_ID": "0021500226", "GAME_DATE": "NOV 25, 2015", "MATCHUP": "UTA @ LAC", "WL": "W", "MIN": 26, "FGM": 4, "FGA": 6, "FG_PCT": 0.667, "FG3M": 1, "FG3A": 2, "FG3_PCT": 0.5, "FTM": 1, "FTA": 2, "FT_PCT": 0.5, "OREB": 0, "DREB": 1, "REB": 1, "AST": 6, "STL": 3, "BLK": 0, "TOV": 1, "PF": 3, "PTS": 10, "PLUS_MINUS": 9, "VIDEO_AVAILABLE": 1}, {"SEASON_ID": "22015", "Player_ID": 203526, "Game_ID": "0021500208", "GAME_DATE": "NOV 23, 2015", "MATCHUP": "UTA vs. OKC", "WL": "L", "MIN": 23, "FGM": 2, "FGA": 6, "FG_PCT": 0.333, "FG3M": 0, "FG3A": 1, "FG3_PCT": 0.0, "FTM": 2, "FTA": 3, "FT_PCT": 0.667, "OREB": 1, "DREB": 2, "REB": 3, "AST": 2, "STL": 1, "BLK": 0, "TOV": 0, "PF": 4, "PTS": 6, "PLUS_MINUS": 3, "VIDEO_AVAILABLE": 1}, {"SEASON_ID": "22015", "Player_ID": 203526, "Game_ID": "0021500184", "GAME_DATE": "NOV 20, 2015", "MATCHUP": "UTA @ DAL", "WL": "L", "MIN": 15, "FGM": 3, "FGA": 7, "FG_PCT": 0.429, "FG3M": 2, "FG3A": 4, "FG3_PCT": 0.5, "FTM": 0, "FTA": 0, "FT_PCT": 0.0, "OREB": 0, "DREB": 2, "REB": 2, "AST": 1, "STL": 0, "BLK": 0, "TOV": 2, "PF": 3, "PTS": 8, "PLUS_MINUS": -10, "VIDEO_AVAILABLE": 1}, {"SEASON_ID": "22015", "Player_ID": 203526, "Game_ID": "0021500173", "GAME_DATE": "NOV 18, 2015", "MATCHUP": "UTA vs. TOR", "WL": "W", "MIN": 18, "FGM": 3, "FGA": 5, "FG_PCT": 0.6, "FG3M": 0, "FG3A": 1, "FG3_PCT": 0.0, "FTM": 0, "FTA": 0, "FT_PCT": 0.0, "OREB": 0, "DREB": 0, "REB": 0, "AST": 2, "STL": 2, "BLK": 0, "TOV": 2, "PF": 1, "PTS": 6, "PLUS_MINUS": 9, "VIDEO_AVAILABLE": 1}, {"SEASON_ID": "22015", "Player_ID": 203526, "Game_ID": "0021500148", "GAME_DATE": "NOV 15, 2015", "MATCHUP": "UTA @ ATL", "WL": "W", "MIN": 12, "FGM": 1, "FGA": 2, "FG_PCT": 0.5, "FG3M": 0, "FG3A": 1, "FG3_PCT": 0.0, "FTM": 0, "FTA": 0, "FT_PCT": 0.0, "OREB": 0, "DREB": 1, "REB": 1, "AST": 1, "STL": 0, "BLK": 0, "TOV": 1, "PF": 0, "PTS": 2, "PLUS_MINUS": -1, "VIDEO_AVAILABLE": 1}, {"SEASON_ID": "22015", "Player_ID": 203526, "Game_ID": "0021500128", "GAME_DATE": "NOV 13, 2015", "MATCHUP": "UTA @ ORL", "WL": "L", "MIN": 24, "FGM": 2, "FGA": 5, "FG_PCT": 0.4, "FG3M": 1, "FG3A": 2, "FG3_PCT": 0.5, "FTM": 0, "FTA": 0, "FT_PCT": 0.0, "OREB": 0, "DREB": 1, "REB": 1, "AST": 7, "STL": 2, "BLK": 0, "TOV": 2, "PF": 1, "PTS": 5, "PLUS_MINUS": -5, "VIDEO_AVAILABLE": 1}, {"SEASON_ID": "22015", "Player_ID": 203526, "Game_ID": "0021500124", "GAME_DATE": "NOV 12, 2015", "MATCHUP": "UTA @ MIA", "WL": "L", "MIN": 16, "FGM": 0, "FGA": 3, "FG_PCT": 0.0, "FG3M": 0, "FG3A": 1, "FG3_PCT": 0.0, "FTM": 0, "FTA": 0, "FT_PCT": 0.0, "OREB": 0, "DREB": 0, "REB": 0, "AST": 1, "STL": 1, "BLK": 0, "TOV": 1, "PF": 4, "PTS": 0, "PLUS_MINUS": -6, "VIDEO_AVAILABLE": 1}, {"SEASON_ID": "22015", "Player_ID": 203526, "Game_ID": "0021500106", "GAME_DATE": "NOV 10, 2015", "MATCHUP": "UTA @ CLE", "WL": "L", "MIN": 13, "FGM": 0, "FGA": 2, "FG_PCT": 0.0, "FG3M": 0, "FG3A": 1, "FG3_PCT": 0.0, "FTM": 0, "FTA": 0, "FT_PCT": 0.0, "OREB": 0, "DREB": 0, "REB": 0, "AST": 5, "STL": 2, "BLK": 0, "TOV": 0, "PF": 3, "PTS": 0, "PLUS_MINUS": 4, "VIDEO_AVAILABLE": 1}, {"SEASON_ID": "22015", "Player_ID": 203526, "Game_ID": "0021500091", "GAME_DATE": "NOV 07, 2015", "MATCHUP": "UTA vs. MEM", "WL": "W", "MIN": 12, "FGM": 2, "FGA": 7, "FG_PCT": 0.286, "FG3M": 0, "FG3A": 4, "FG3_PCT": 0.0, "FTM": 0, "FTA": 0, "FT_PCT": 0.0, "OREB": 0, "DREB": 2, "REB": 2, "AST": 2, "STL": 0, "BLK": 0, "TOV": 1, "PF": 0, "PTS": 4, "PLUS_MINUS": 3, "VIDEO_AVAILABLE": 1}, {"SEASON_ID": "22015", "Player_ID": 203526, "Game_ID": "0021500073", "GAME_DATE": "NOV 05, 2015", "MATCHUP": "UTA @ DEN", "WL": "W", "MIN": 13, "FGM": 1, "FGA": 4, "FG_PCT": 0.25, "FG3M": 0, "FG3A": 2, "FG3_PCT": 0.0, "FTM": 0, "FTA": 0, "FT_PCT": 0.0, "OREB": 0, "DREB": 1, "REB": 1, "AST": 0, "STL": 1, "BLK": 1, "TOV": 0, "PF": 2, "PTS": 2, "PLUS_MINUS": -5, "VIDEO_AVAILABLE": 1}, {"SEASON_ID": "22015", "Player_ID": 203526, "Game_ID": "0021500068", "GAME_DATE": "NOV 04, 2015", "MATCHUP": "UTA vs. POR", "WL": "L", "MIN": 15, "FGM": 2, "FGA": 5, "FG_PCT": 0.4, "FG3M": 2, "FG3A": 5, "FG3_PCT": 0.4, "FTM": 0, "FTA": 0, "FT_PCT": 0.0, "OREB": 1, "DREB": 2, "REB": 3, "AST": 0, "STL": 1, "BLK": 0, "TOV": 1, "PF": 0, "PTS": 6, "PLUS_MINUS": -10, "VIDEO_AVAILABLE": 1}, {"SEASON_ID": "22015", "Player_ID": 203526, "Game_ID": "0021500033", "GAME_DATE": "OCT 31, 2015", "MATCHUP": "UTA @ IND", "WL": "W", "MIN": 20, "FGM": 0, "FGA": 5, "FG_PCT": 0.0, "FG3M": 0, "FG3A": 1, "FG3_PCT": 0.0, "FTM": 0, "FTA": 0, "FT_PCT": 0.0, "OREB": 2, "DREB": 0, "REB": 2, "AST": 2, "STL": 0, "BLK": 0, "TOV": 3, "PF": 1, "PTS": 0, "PLUS_MINUS": 17, "VIDEO_AVAILABLE": 1}, {"SEASON_ID": "22015", "Player_ID": 203526, "Game_ID": "0021500023", "GAME_DATE": "OCT 30, 2015", "MATCHUP": "UTA @ PHI", "WL": "W", "MIN": 21, "FGM": 2, "FGA": 5, "FG_PCT": 0.4, "FG3M": 2, "FG3A": 2, "FG3_PCT": 1.0, "FTM": 1, "FTA": 2, "FT_PCT": 0.5, "OREB": 0, "DREB": 0, "REB": 0, "AST": 3, "STL": 3, "BLK": 0, "TOV": 0, "PF": 2, "PTS": 7, "PLUS_MINUS": 14, "VIDEO_AVAILABLE": 1}, {"SEASON_ID": "22015", "Player_ID": 203526, "Game_ID": "0021500007", "GAME_DATE": "OCT 28, 2015", "MATCHUP": "UTA @ DET", "WL": "L", "MIN": 26, "FGM": 3, "FGA": 6, "FG_PCT": 0.5, "FG3M": 2, "FG3A": 2, "FG3_PCT": 1.0, "FTM": 0, "FTA": 0, "FT_PCT": 0.0, "OREB": 0, "DREB": 1, "REB": 1, "AST": 3, "STL": 0, "BLK": 0, "TOV": 1, "PF": 1, "PTS": 8, "PLUS_MINUS": 12, "VIDEO_AVAILABLE": 1}, {"SEASON_ID": "22016", "Player_ID": 203526, "Game_ID": "0021601194", "GAME_DATE": "APR 08, 2017", "MATCHUP": "UTA @ POR", "WL": "L", "MIN": 13, "FGM": 0, "FGA": 2, "FG_PCT": 0.0, "FG3M": 0, "FG3A": 1, "FG3_PCT": 0.0, "FTM": 0, "FTA": 0, "FT_PCT": 0.0, "OREB": 0, "DREB": 2, "REB": 2, "AST": 2, "STL": 0, "BLK": 2, "TOV": 1, "PF": 2, "PTS": 0, "PLUS_MINUS": 14, "VIDEO_AVAILABLE": 1}, {"SEASON_ID": "22016", "Player_ID": 203526, "Game_ID": "0021601102", "GAME_DATE": "MAR 27, 2017", "MATCHUP": "UTA vs. NOP", "WL": "W", "MIN": 18, "FGM": 2, "FGA": 5, "FG_PCT": 0.4, "FG3M": 1, "FG3A": 3, "FG3_PCT": 0.333, "FTM": 0, "FTA": 0, "FT_PCT": 0.0, "OREB": 2, "DREB": 1, "REB": 3, "AST": 2, "STL": 1, "BLK": 0, "TOV": 0, "PF": 4, "PTS": 5, "PLUS_MINUS": 9, "VIDEO_AVAILABLE": 1}, {"SEASON_ID": "22016", "Player_ID": 203526, "Game_ID": "0021601082", "GAME_DATE": "MAR 25, 2017", "MATCHUP": "UTA @ LAC", "WL": "L", "MIN": 16, "FGM": 2, "FGA": 4, "FG_PCT": 0.5, "FG3M": 0, "FG3A": 0, "FG3_PCT": 0.0, "FTM": 2, "FTA": 2, "FT_PCT": 1.0, "OREB": 0, "DREB": 3, "REB": 3, "AST": 4, "STL": 1, "BLK": 0, "TOV": 0, "PF": 3, "PTS": 6, "PLUS_MINUS": 16, "VIDEO_AVAILABLE": 1}, {"SEASON_ID": "22016", "Player_ID": 203526, "Game_ID": "0021601066", "GAME_DATE": "MAR 22, 2017", "MATCHUP": "UTA vs. NYK", "WL": "W", "MIN": 14, "FGM": 4, "FGA": 4, "FG_PCT": 1.0, "FG3M": 2, "FG3A": 2, "FG3_PCT": 1.0, "FTM": 0, "FTA": 0, "FT_PCT": 0.0, "OREB": 0, "DREB": 0, "REB": 0, "AST": 1, "STL": 0, "BLK": 0, "TOV": 0, "PF": 3, "PTS": 10, "PLUS_MINUS": 2, "VIDEO_AVAILABLE": 1}, {"SEASON_ID": "22016", "Player_ID": 203526, "Game_ID": "0021601046", "GAME_DATE": "MAR 20, 2017", "MATCHUP": "UTA @ IND", "WL": "L", "MIN": 6, "FGM": 0, "FGA": 2, "FG_PCT": 0.0, "FG3M": 0, "FG3A": 0, "FG3_PCT": 0.0, "FTM": 0, "FTA": 0, "FT_PCT": 0.0, "OREB": 0, "DREB": 0, "REB": 0, "AST": 0, "STL": 2, "BLK": 1, "TOV": 0, "PF": 3, "PTS": 0, "PLUS_MINUS": -7, "VIDEO_AVAILABLE": 1}, {"SEASON_ID": "22016", "Player_ID": 203526, "Game_ID": "0021601008", "GAME_DATE": "MAR 15, 2017", "MATCHUP": "UTA @ DET", "WL": "W", "MIN": 7, "FGM": 0, "FGA": 2, "FG_PCT": 0.0, "FG3M": 0, "FG3A": 0, "FG3_PCT": 0.0, "FTM": 0, "FTA": 0, "FT_PCT": 0.0, "OREB": 0, "DREB": 0, "REB": 0, "AST": 0, "STL": 0, "BLK": 0, "TOV": 0, "PF": 2, "PTS": 0, "PLUS_MINUS": -4, "VIDEO_AVAILABLE": 1}, {"SEASON_ID": "22016", "Player_ID": 203526, "Game_ID": "0021600973", "GAME_DATE": "MAR 11, 2017", "MATCHUP": "UTA @ OKC", "WL": "L", "MIN": 13, "FGM": 3, "FGA": 4, "FG_PCT": 0.75, "FG3M": 0, "FG3A": 0, "FG3_PCT": 0.0, "FTM": 1, "FTA": 1, "FT_PCT": 1.0, "OREB": 0, "DREB": 0, "REB": 0, "AST": 2, "STL": 2, "BLK": 0, "TOV": 0, "PF": 0, "PTS": 7, "PLUS_MINUS": 8, "VIDEO_AVAILABLE": 1}, {"SEASON_ID": "22016", "Player_ID": 203526, "Game_ID": "0021600954", "GAME_DATE": "MAR 08, 2017", "MATCHUP": "UTA @ HOU", "WL": "W", "MIN": 21, "FGM": 2, "FGA": 6, "FG_PCT": 0.333, "FG3M": 1, "FG3A": 3, "FG3_PCT": 0.333, "FTM": 0, "FTA": 0, "FT_PCT": 0.0, "OREB": 1, "DREB": 0, "REB": 1, "AST": 2, "STL": 0, "BLK": 2, "TOV": 1, "PF": 0, "PTS": 5, "PLUS_MINUS": 3, "VIDEO_AVAILABLE": 1}, {"SEASON_ID": "22016", "Player_ID": 203526, "Game_ID": "0021600944", "GAME_DATE": "MAR 06, 2017", "MATCHUP": "UTA vs. NOP", "WL": "W", "MIN": 14, "FGM": 1, "FGA": 3, "FG_PCT": 0.333, "FG3M": 0, "FG3A": 1, "FG3_PCT": 0.0, "FTM": 0, "FTA": 0, "FT_PCT": 0.0, "OREB": 0, "DREB": 0, "REB": 0, "AST": 0, "STL": 2, "BLK": 0, "TOV": 2, "PF": 4, "PTS": 2, "PLUS_MINUS": 2, "VIDEO_AVAILABLE": 1}, {"SEASON_ID": "22016", "Player_ID": 203526, "Game_ID": "0021600915", "GAME_DATE": "MAR 03, 2017", "MATCHUP": "UTA vs. BKN", "WL": "W", "MIN": 2, "FGM": 0, "FGA": 0, "FG_PCT": 0.0, "FG3M": 0, "FG3A": 0, "FG3_PCT": 0.0, "FTM": 0, "FTA": 0, "FT_PCT": 0.0, "OREB": 0, "DREB": 0, "REB": 0, "AST": 0, "STL": 0, "BLK": 0, "TOV": 0, "PF": 0, "PTS": 0, "PLUS_MINUS": -4, "VIDEO_AVAILABLE": 1}, {"SEASON_ID": "22016", "Player_ID": 203526, "Game_ID": "0021600903", "GAME_DATE": "MAR 01, 2017", "MATCHUP": "UTA vs. MIN", "WL": "L", "MIN": 8, "FGM": 0, "FGA": 0, "FG_PCT": 0.0, "FG3M": 0, "FG3A": 0, "FG3_PCT": 0.0, "FTM": 1, "FTA": 2, "FT_PCT": 0.5, "OREB": 0, "DREB": 1, "REB": 1, "AST": 1, "STL": 0, "BLK": 0, "TOV": 0, "PF": 0, "PTS": 1, "PLUS_MINUS": -4, "VIDEO_AVAILABLE": 1}, {"SEASON_ID": "22016", "Player_ID": 203526, "Game_ID": "0021600843", "GAME_DATE": "FEB 15, 2017", "MATCHUP": "UTA vs. POR", "WL": "W", "MIN": 3, "FGM": 1, "FGA": 1, "FG_PCT": 1.0, "FG3M": 0, "FG3A": 0, "FG3_PCT": 0.0, "FTM": 1, "FTA": 1, "FT_PCT": 1.0, "OREB": 0, "DREB": 1, "REB": 1, "AST": 0, "STL": 0, "BLK": 0, "TOV": 0, "PF": 0, "PTS": 3, "PLUS_MINUS": -3, "VIDEO_AVAILABLE": 1}, {"SEASON_ID": "22016", "Player_ID": 203526, "Game_ID": "0021600828", "GAME_DATE": "FEB 13, 2017", "MATCHUP": "UTA vs. LAC", "WL": "L", "MIN": 6, "FGM": 1, "FGA": 1, "FG_PCT": 1.0, "FG3M": 0, "FG3A": 0, "FG3_PCT": 0.0, "FTM": 0, "FTA": 0, "FT_PCT": 0.0, "OREB": 0, "DREB": 0, "REB": 0, "AST": 0, "STL": 0, "BLK": 0, "TOV": 0, "PF": 0, "PTS": 2, "PLUS_MINUS": 6, "VIDEO_AVAILABLE": 1}, {"SEASON_ID": "22016", "Player_ID": 203526, "Game_ID": "0021600789", "GAME_DATE": "FEB 08, 2017", "MATCHUP": "UTA @ NOP", "WL": "W", "MIN": 3, "FGM": 0, "FGA": 0, "FG_PCT": 0.0, "FG3M": 0, "FG3A": 0, "FG3_PCT": 0.0, "FTM": 0, "FTA": 0, "FT_PCT": 0.0, "OREB": 0, "DREB": 0, "REB": 0, "AST": 0, "STL": 0, "BLK": 0, "TOV": 0, "PF": 1, "PTS": 0, "PLUS_MINUS": -1, "VIDEO_AVAILABLE": 1}, {"SEASON_ID": "22016", "Player_ID": 203526, "Game_ID": "0021600772", "GAME_DATE": "FEB 06, 2017", "MATCHUP": "UTA @ ATL", "WL": "W", "MIN": 1, "FGM": 0, "FGA": 0, "FG_PCT": 0.0, "FG3M": 0, "FG3A": 0, "FG3_PCT": 0.0, "FTM": 0, "FTA": 0, "FT_PCT": 0.0, "OREB": 0, "DREB": 0, "REB": 0, "AST": 0, "STL": 0, "BLK": 0, "TOV": 0, "PF": 0, "PTS": 0, "PLUS_MINUS": 2, "VIDEO_AVAILABLE": 1}, {"SEASON_ID": "22016", "Player_ID": 203526, "Game_ID": "0021600678", "GAME_DATE": "JAN 24, 2017", "MATCHUP": "UTA @ DEN", "WL": "L", "MIN": 4, "FGM": 0, "FGA": 1, "FG_PCT": 0.0, "FG3M": 0, "FG3A": 0, "FG3_PCT": 0.0, "FTM": 0, "FTA": 0, "FT_PCT": 0.0, "OREB": 0, "DREB": 0, "REB": 0, "AST": 0, "STL": 0, "BLK": 0, "TOV": 0, "PF": 0, "PTS": 0, "PLUS_MINUS": 4, "VIDEO_AVAILABLE": 1}, {"SEASON_ID": "22016", "Player_ID": 203526, "Game_ID": "0021600659", "GAME_DATE": "JAN 21, 2017", "MATCHUP": "UTA vs. IND", "WL": "W", "MIN": 12, "FGM": 0, "FGA": 3, "FG_PCT": 0.0, "FG3M": 0, "FG3A": 2, "FG3_PCT": 0.0, "FTM": 0, "FTA": 0, "FT_PCT": 0.0, "OREB": 0, "DREB": 0, "REB": 0, "AST": 0, "STL": 2, "BLK": 0, "TOV": 3, "PF": 0, "PTS": 0, "PLUS_MINUS": 1, "VIDEO_AVAILABLE": 1}, {"SEASON_ID": "22016", "Player_ID": 203526, "Game_ID": "0021600648", "GAME_DATE": "JAN 20, 2017", "MATCHUP": "UTA @ DAL", "WL": "W", "MIN": 14, "FGM": 0, "FGA": 2, "FG_PCT": 0.0, "FG3M": 0, "FG3A": 1, "FG3_PCT": 0.0, "FTM": 0, "FTA": 0, "FT_PCT": 0.0, "OREB": 0, "DREB": 0, "REB": 0, "AST": 3, "STL": 2, "BLK": 0, "TOV": 1, "PF": 4, "PTS": 0, "PLUS_MINUS": -4, "VIDEO_AVAILABLE": 1}, {"SEASON_ID": "22016", "Player_ID": 203526, "Game_ID": "0021600620", "GAME_DATE": "JAN 16, 2017", "MATCHUP": "UTA @ PHX", "WL": "W", "MIN": 11, "FGM": 2, "FGA": 5, "FG_PCT": 0.4, "FG3M": 0, "FG3A": 1, "FG3_PCT": 0.0, "FTM": 0, "FTA": 0, "FT_PCT": 0.0, "OREB": 0, "DREB": 1, "REB": 1, "AST": 0, "STL": 0, "BLK": 0, "TOV": 0, "PF": 3, "PTS": 4, "PLUS_MINUS": 3, "VIDEO_AVAILABLE": 1}, {"SEASON_ID": "22016", "Player_ID": 203526, "Game_ID": "0021600604", "GAME_DATE": "JAN 14, 2017", "MATCHUP": "UTA vs. ORL", "WL": "W", "MIN": 7, "FGM": 0, "FGA": 0, "FG_PCT": 0.0, "FG3M": 0, "FG3A": 0, "FG3_PCT": 0.0, "FTM": 0, "FTA": 0, "FT_PCT": 0.0, "OREB": 0, "DREB": 1, "REB": 1, "AST": 3, "STL": 0, "BLK": 0, "TOV": 0, "PF": 1, "PTS": 0, "PLUS_MINUS": 6, "VIDEO_AVAILABLE": 1}, {"SEASON_ID": "22016", "Player_ID": 203526, "Game_ID": "0021600522", "GAME_DATE": "JAN 03, 2017", "MATCHUP": "UTA @ BOS", "WL": "L", "MIN": 14, "FGM": 2, "FGA": 4, "FG_PCT": 0.5, "FG3M": 1, "FG3A": 2, "FG3_PCT": 0.5, "FTM": 0, "FTA": 0, "FT_PCT": 0.0, "OREB": 0, "DREB": 2, "REB": 2, "AST": 1, "STL": 1, "BLK": 0, "TOV": 0, "PF": 1, "PTS": 5, "PLUS_MINUS": 10, "VIDEO_AVAILABLE": 1}, {"SEASON_ID": "22016", "Player_ID": 203526, "Game_ID": "0021600515", "GAME_DATE": "JAN 02, 2017", "MATCHUP": "UTA @ BKN", "WL": "W", "MIN": 13, "FGM": 1, "FGA": 1, "FG_PCT": 1.0, "FG3M": 0, "FG3A": 0, "FG3_PCT": 0.0, "FTM": 0, "FTA": 0, "FT_PCT": 0.0, "OREB": 0, "DREB": 1, "REB": 1, "AST": 1, "STL": 2, "BLK": 0, "TOV": 1, "PF": 2, "PTS": 2, "PLUS_MINUS": 12, "VIDEO_AVAILABLE": 1}, {"SEASON_ID": "22016", "Player_ID": 203526, "Game_ID": "0021600506", "GAME_DATE": "DEC 31, 2016", "MATCHUP": "UTA vs. PHX", "WL": "W", "MIN": 14, "FGM": 3, "FGA": 6, "FG_PCT": 0.5, "FG3M": 0, "FG3A": 2, "FG3_PCT": 0.0, "FTM": 2, "FTA": 2, "FT_PCT": 1.0, "OREB": 0, "DREB": 1, "REB": 1, "AST": 1, "STL": 1, "BLK": 0, "TOV": 0, "PF": 2, "PTS": 8, "PLUS_MINUS": 7, "VIDEO_AVAILABLE": 1}, {"SEASON_ID": "22016", "Player_ID": 203526, "Game_ID": "0021600489", "GAME_DATE": "DEC 29, 2016", "MATCHUP": "UTA vs. PHI", "WL": "W", "MIN": 1, "FGM": 0, "FGA": 0, "FG_PCT": 0.0, "FG3M": 0, "FG3A": 0, "FG3_PCT": 0.0, "FTM": 0, "FTA": 0, "FT_PCT": 0.0, "OREB": 0, "DREB": 0, "REB": 0, "AST": 0, "STL": 0, "BLK": 0, "TOV": 0, "PF": 0, "PTS": 0, "PLUS_MINUS": 2, "VIDEO_AVAILABLE": 1}, {"SEASON_ID": "22016", "Player_ID": 203526, "Game_ID": "0021600475", "GAME_DATE": "DEC 27, 2016", "MATCHUP": "UTA @ LAL", "WL": "W", "MIN": 14, "FGM": 2, "FGA": 5, "FG_PCT": 0.4, "FG3M": 0, "FG3A": 2, "FG3_PCT": 0.0, "FTM": 0, "FTA": 0, "FT_PCT": 0.0, "OREB": 0, "DREB": 2, "REB": 2, "AST": 3, "STL": 1, "BLK": 0, "TOV": 0, "PF": 2, "PTS": 4, "PLUS_MINUS": -2, "VIDEO_AVAILABLE": 1}, {"SEASON_ID": "22016", "Player_ID": 203526, "Game_ID": "0021600452", "GAME_DATE": "DEC 23, 2016", "MATCHUP": "UTA vs. TOR", "WL": "L", "MIN": 17, "FGM": 0, "FGA": 0, "FG_PCT": 0.0, "FG3M": 0, "FG3A": 0, "FG3_PCT": 0.0, "FTM": 0, "FTA": 0, "FT_PCT": 0.0, "OREB": 0, "DREB": 1, "REB": 1, "AST": 0, "STL": 0, "BLK": 0, "TOV": 0, "PF": 3, "PTS": 0, "PLUS_MINUS": 4, "VIDEO_AVAILABLE": 1}, {"SEASON_ID": "22016", "Player_ID": 203526, "Game_ID": "0021600434", "GAME_DATE": "DEC 21, 2016", "MATCHUP": "UTA vs. SAC", "WL": "L", "MIN": 14, "FGM": 2, "FGA": 4, "FG_PCT": 0.5, "FG3M": 0, "FG3A": 1, "FG3_PCT": 0.0, "FTM": 0, "FTA": 0, "FT_PCT": 0.0, "OREB": 0, "DREB": 1, "REB": 1, "AST": 0, "STL": 1, "BLK": 0, "TOV": 0, "PF": 3, "PTS": 4, "PLUS_MINUS": -11, "VIDEO_AVAILABLE": 1}, {"SEASON_ID": "22016", "Player_ID": 203526, "Game_ID": "0021600427", "GAME_DATE": "DEC 20, 2016", "MATCHUP": "UTA @ GSW", "WL": "L", "MIN": 13, "FGM": 3, "FGA": 7, "FG_PCT": 0.429, "FG3M": 0, "FG3A": 3, "FG3_PCT": 0.0, "FTM": 0, "FTA": 0, "FT_PCT": 0.0, "OREB": 0, "DREB": 1, "REB": 1, "AST": 2, "STL": 2, "BLK": 0, "TOV": 0, "PF": 1, "PTS": 6, "PLUS_MINUS": -2, "VIDEO_AVAILABLE": 1}, {"SEASON_ID": "22016", "Player_ID": 203526, "Game_ID": "0021600382", "GAME_DATE": "DEC 14, 2016", "MATCHUP": "UTA vs. OKC", "WL": "W", "MIN": 2, "FGM": 0, "FGA": 0, "FG_PCT": 0.0, "FG3M": 0, "FG3A": 0, "FG3_PCT": 0.0, "FTM": 0, "FTA": 0, "FT_PCT": 0.0, "OREB": 0, "DREB": 0, "REB": 0, "AST": 0, "STL": 0, "BLK": 0, "TOV": 0, "PF": 0, "PTS": 0, "PLUS_MINUS": 0, "VIDEO_AVAILABLE": 1}, {"SEASON_ID": "22016", "Player_ID": 203526, "Game_ID": "0021600354", "GAME_DATE": "DEC 10, 2016", "MATCHUP": "UTA vs. SAC", "WL": "W", "MIN": 11, "FGM": 3, "FGA": 5, "FG_PCT": 0.6, "FG3M": 2, "FG3A": 2, "FG3_PCT": 1.0, "FTM": 0, "FTA": 0, "FT_PCT": 0.0, "OREB": 1, "DREB": 3, "REB": 4, "AST": 3, "STL": 1, "BLK": 0, "TOV": 1, "PF": 0, "PTS": 8, "PLUS_MINUS": 11, "VIDEO_AVAILABLE": 1}, {"SEASON_ID": "22016", "Player_ID": 203526, "Game_ID": "0021600335", "GAME_DATE": "DEC 08, 2016", "MATCHUP": "UTA vs. GSW", "WL": "L", "MIN": 14, "FGM": 2, "FGA": 5, "FG_PCT": 0.4, "FG3M": 1, "FG3A": 2, "FG3_PCT": 0.5, "FTM": 0, "FTA": 0, "FT_PCT": 0.0, "OREB": 0, "DREB": 2, "REB": 2, "AST": 1, "STL": 0, "BLK": 0, "TOV": 2, "PF": 2, "PTS": 5, "PLUS_MINUS": 5, "VIDEO_AVAILABLE": 1}, {"SEASON_ID": "22016", "Player_ID": 203526, "Game_ID": "0021600320", "GAME_DATE": "DEC 06, 2016", "MATCHUP": "UTA vs. PHX", "WL": "W", "MIN": 2, "FGM": 0, "FGA": 1, "FG_PCT": 0.0, "FG3M": 0, "FG3A": 0, "FG3_PCT": 0.0, "FTM": 0, "FTA": 0, "FT_PCT": 0.0, "OREB": 0, "DREB": 0, "REB": 0, "AST": 0, "STL": 0, "BLK": 0, "TOV": 0, "PF": 0, "PTS": 0, "PLUS_MINUS": -3, "VIDEO_AVAILABLE": 1}, {"SEASON_ID": "22016", "Player_ID": 203526, "Game_ID": "0021600280", "GAME_DATE": "DEC 01, 2016", "MATCHUP": "UTA vs. MIA", "WL": "L", "MIN": 7, "FGM": 1, "FGA": 1, "FG_PCT": 1.0, "FG3M": 1, "FG3A": 1, "FG3_PCT": 1.0, "FTM": 0, "FTA": 0, "FT_PCT": 0.0, "OREB": 0, "DREB": 0, "REB": 0, "AST": 0, "STL": 0, "BLK": 0, "TOV": 1, "PF": 1, "PTS": 3, "PLUS_MINUS": -12, "VIDEO_AVAILABLE": 1}, {"SEASON_ID": "22016", "Player_ID": 203526, "Game_ID": "0021600231", "GAME_DATE": "NOV 25, 2016", "MATCHUP": "UTA vs. ATL", "WL": "W", "MIN": 3, "FGM": 1, "FGA": 1, "FG_PCT": 1.0, "FG3M": 0, "FG3A": 0, "FG3_PCT": 0.0, "FTM": 0, "FTA": 0, "FT_PCT": 0.0, "OREB": 0, "DREB": 0, "REB": 0, "AST": 0, "STL": 0, "BLK": 0, "TOV": 0, "PF": 0, "PTS": 2, "PLUS_MINUS": 1, "VIDEO_AVAILABLE": 1}, {"SEASON_ID": "22016", "Player_ID": 203526, "Game_ID": "0021600221", "GAME_DATE": "NOV 23, 2016", "MATCHUP": "UTA vs. DEN", "WL": "W", "MIN": 2, "FGM": 1, "FGA": 1, "FG_PCT": 1.0, "FG3M": 0, "FG3A": 0, "FG3_PCT": 0.0, "FTM": 0, "FTA": 0, "FT_PCT": 0.0, "OREB": 0, "DREB": 0, "REB": 0, "AST": 0, "STL": 0, "BLK": 0, "TOV": 1, "PF": 0, "PTS": 2, "PLUS_MINUS": 2, "VIDEO_AVAILABLE": 1}, {"SEASON_ID": "22016", "Player_ID": 203526, "Game_ID": "0021600197", "GAME_DATE": "NOV 20, 2016", "MATCHUP": "UTA @ DEN", "WL": "L", "MIN": 3, "FGM": 2, "FGA": 3, "FG_PCT": 0.667, "FG3M": 1, "FG3A": 1, "FG3_PCT": 1.0, "FTM": 1, "FTA": 1, "FT_PCT": 1.0, "OREB": 0, "DREB": 0, "REB": 0, "AST": 0, "STL": 0, "BLK": 0, "TOV": 0, "PF": 0, "PTS": 6, "PLUS_MINUS": 6, "VIDEO_AVAILABLE": 1}, {"SEASON_ID": "22016", "Player_ID": 203526, "Game_ID": "0021600151", "GAME_DATE": "NOV 14, 2016", "MATCHUP": "UTA vs. MEM", "WL": "L", "MIN": 2, "FGM": 0, "FGA": 1, "FG_PCT": 0.0, "FG3M": 0, "FG3A": 1, "FG3_PCT": 0.0, "FTM": 0, "FTA": 0, "FT_PCT": 0.0, "OREB": 0, "DREB": 1, "REB": 1, "AST": 0, "STL": 0, "BLK": 0, "TOV": 0, "PF": 0, "PTS": 0, "PLUS_MINUS": 0, "VIDEO_AVAILABLE": 1}, {"SEASON_ID": "22016", "Player_ID": 203526, "Game_ID": "0021600093", "GAME_DATE": "NOV 07, 2016", "MATCHUP": "UTA @ PHI", "WL": "W", "MIN": 2, "FGM": 0, "FGA": 1, "FG_PCT": 0.0, "FG3M": 0, "FG3A": 0, "FG3_PCT": 0.0, "FTM": 0, "FTA": 0, "FT_PCT": 0.0, "OREB": 0, "DREB": 0, "REB": 0, "AST": 1, "STL": 0, "BLK": 0, "TOV": 0, "PF": 0, "PTS": 0, "PLUS_MINUS": -1, "VIDEO_AVAILABLE": 1}, {"SEASON_ID": "22016", "Player_ID": 203526, "Game_ID": "0021600062", "GAME_DATE": "NOV 02, 2016", "MATCHUP": "UTA vs. DAL", "WL": "W", "MIN": 1, "FGM": 0, "FGA": 0, "FG_PCT": 0.0, "FG3M": 0, "FG3A": 0, "FG3_PCT": 0.0, "FTM": 0, "FTA": 0, "FT_PCT": 0.0, "OREB": 0, "DREB": 0, "REB": 0, "AST": 0, "STL": 0, "BLK": 0, "TOV": 0, "PF": 1, "PTS": 0, "PLUS_MINUS": -1, "VIDEO_AVAILABLE": 1}, {"SEASON_ID": "22016", "Player_ID": 203526, "Game_ID": "0021600035", "GAME_DATE": "OCT 30, 2016", "MATCHUP": "UTA @ LAC", "WL": "L", "MIN": 4, "FGM": 0, "FGA": 0, "FG_PCT": 0.0, "FG3M": 0, "FG3A": 0, "FG3_PCT": 0.0, "FTM": 0, "FTA": 0, "FT_PCT": 0.0, "OREB": 0, "DREB": 1, "REB": 1, "AST": 1, "STL": 0, "BLK": 0, "TOV": 1, "PF": 0, "PTS": 0, "PLUS_MINUS": 7, "VIDEO_AVAILABLE": 1}]