{"firstName": "Raul", "lastName": "Neto", "temporaryDisplayName": "Neto, Raul", "personId": "203526", "teamId": "1610612755", "jersey": "19", "isActive": true, "pos": "G", "heightFeet": "6", "heightInches": "1", "heightMeters": "1.85", "weightPounds": "179", "weightKilograms": "81.2", "dateOfBirthUTC": "1992-05-19", "teamSitesOnly": {"playerCode": "raul_neto", "posFull": "Guard", "displayAffiliation": "Brazil", "freeAgentCode": ""}, "teams": [{"teamId": "1610612762", "seasonStart": "2015", "seasonEnd": "2018"}, {"teamId": "1610612755", "seasonStart": "2019", "seasonEnd": "2019"}], "draft": {"teamId": "1610612737", "pickNum": "47", "roundNum": "2", "seasonYear": "2013"}, "nbaDebutYear": "2015", "yearsPro": "4", "collegeName": " ", "lastAffiliation": "Brazil/Brazil", "country": "Brazil"}