{"firstName": "KZ", "lastName": "Okpala", "temporaryDisplayName": "Okpala, KZ", "personId": "1629644", "teamId": "1610612748", "jersey": "4", "isActive": true, "pos": "F", "heightFeet": "6", "heightInches": "8", "heightMeters": "2.03", "weightPounds": "215", "weightKilograms": "97.5", "dateOfBirthUTC": "1999-04-28", "teamSitesOnly": {"playerCode": "kz_okpala", "posFull": "Forward", "displayAffiliation": "Stanford/Nigeria", "freeAgentCode": ""}, "teams": [{"teamId": "1610612748", "seasonStart": "2019", "seasonEnd": "2019"}], "draft": {"teamId": "1610612756", "pickNum": "32", "roundNum": "2", "seasonYear": "2019"}, "nbaDebutYear": "", "yearsPro": "0", "collegeName": "Stanford", "lastAffiliation": "Stanford University/USA", "country": "USA"}