[{"SEASON_ID": "22017", "Player_ID": 1628415, "Game_ID": "0021701227", "GAME_DATE": "APR 11, 2018", "MATCHUP": "MEM @ OKC", "WL": "L", "MIN": 33, "FGM": 14, "FGA": 22, "FG_PCT": 0.636, "FG3M": 3, "FG3A": 7, "FG3_PCT": 0.429, "FTM": 5, "FTA": 5, "FT_PCT": 1.0, "OREB": 1, "DREB": 6, "REB": 7, "AST": 1, "STL": 2, "BLK": 0, "TOV": 2, "PF": 2, "PTS": 36, "PLUS_MINUS": 0, "VIDEO_AVAILABLE": 1}, {"SEASON_ID": "22017", "Player_ID": 1628415, "Game_ID": "0021701209", "GAME_DATE": "APR 09, 2018", "MATCHUP": "MEM @ MIN", "WL": "L", "MIN": 30, "FGM": 5, "FGA": 15, "FG_PCT": 0.333, "FG3M": 0, "FG3A": 2, "FG3_PCT": 0.0, "FTM": 5, "FTA": 6, "FT_PCT": 0.833, "OREB": 1, "DREB": 3, "REB": 4, "AST": 4, "STL": 2, "BLK": 0, "TOV": 3, "PF": 2, "PTS": 15, "PLUS_MINUS": -13, "VIDEO_AVAILABLE": 1}, {"SEASON_ID": "22017", "Player_ID": 1628415, "Game_ID": "0021701199", "GAME_DATE": "APR 08, 2018", "MATCHUP": "MEM vs. DET", "WL": "W", "MIN": 32, "FGM": 5, "FGA": 12, "FG_PCT": 0.417, "FG3M": 1, "FG3A": 4, "FG3_PCT": 0.25, "FTM": 11, "FTA": 14, "FT_PCT": 0.786, "OREB": 0, "DREB": 8, "REB": 8, "AST": 8, "STL": 2, "BLK": 0, "TOV": 3, "PF": 1, "PTS": 22, "PLUS_MINUS": 6, "VIDEO_AVAILABLE": 1}, {"SEASON_ID": "22017", "Player_ID": 1628415, "Game_ID": "0021701188", "GAME_DATE": "APR 06, 2018", "MATCHUP": "MEM vs. SAC", "WL": "L", "MIN": 35, "FGM": 4, "FGA": 12, "FG_PCT": 0.333, "FG3M": 3, "FG3A": 7, "FG3_PCT": 0.429, "FTM": 5, "FTA": 8, "FT_PCT": 0.625, "OREB": 1, "DREB": 2, "REB": 3, "AST": 6, "STL": 1, "BLK": 0, "TOV": 3, "PF": 1, "PTS": 16, "PLUS_MINUS": 7, "VIDEO_AVAILABLE": 2}, {"SEASON_ID": "22017", "Player_ID": 1628415, "Game_ID": "0021701173", "GAME_DATE": "APR 04, 2018", "MATCHUP": "MEM @ NOP", "WL": "L", "MIN": 16, "FGM": 4, "FGA": 7, "FG_PCT": 0.571, "FG3M": 0, "FG3A": 3, "FG3_PCT": 0.0, "FTM": 0, "FTA": 0, "FT_PCT": 0.0, "OREB": 0, "DREB": 0, "REB": 0, "AST": 2, "STL": 1, "BLK": 1, "TOV": 0, "PF": 0, "PTS": 8, "PLUS_MINUS": -14, "VIDEO_AVAILABLE": 1}, {"SEASON_ID": "22017", "Player_ID": 1628415, "Game_ID": "0021701154", "GAME_DATE": "APR 01, 2018", "MATCHUP": "MEM @ POR", "WL": "L", "MIN": 38, "FGM": 11, "FGA": 26, "FG_PCT": 0.423, "FG3M": 4, "FG3A": 9, "FG3_PCT": 0.444, "FTM": 2, "FTA": 3, "FT_PCT": 0.667, "OREB": 1, "DREB": 5, "REB": 6, "AST": 4, "STL": 2, "BLK": 1, "TOV": 4, "PF": 2, "PTS": 28, "PLUS_MINUS": -9, "VIDEO_AVAILABLE": 1}, {"SEASON_ID": "22017", "Player_ID": 1628415, "Game_ID": "0021701135", "GAME_DATE": "MAR 30, 2018", "MATCHUP": "MEM @ UTA", "WL": "L", "MIN": 26, "FGM": 5, "FGA": 12, "FG_PCT": 0.417, "FG3M": 0, "FG3A": 3, "FG3_PCT": 0.0, "FTM": 0, "FTA": 0, "FT_PCT": 0.0, "OREB": 1, "DREB": 4, "REB": 5, "AST": 0, "STL": 0, "BLK": 0, "TOV": 1, "PF": 1, "PTS": 10, "PLUS_MINUS": -4, "VIDEO_AVAILABLE": 2}, {"SEASON_ID": "22017", "Player_ID": 1628415, "Game_ID": "0021701119", "GAME_DATE": "MAR 28, 2018", "MATCHUP": "MEM vs. POR", "WL": "W", "MIN": 30, "FGM": 6, "FGA": 12, "FG_PCT": 0.5, "FG3M": 1, "FG3A": 3, "FG3_PCT": 0.333, "FTM": 5, "FTA": 8, "FT_PCT": 0.625, "OREB": 2, "DREB": 4, "REB": 6, "AST": 2, "STL": 2, "BLK": 0, "TOV": 2, "PF": 3, "PTS": 18, "PLUS_MINUS": 4, "VIDEO_AVAILABLE": 1}, {"SEASON_ID": "22017", "Player_ID": 1628415, "Game_ID": "0021701106", "GAME_DATE": "MAR 26, 2018", "MATCHUP": "MEM @ MIN", "WL": "W", "MIN": 19, "FGM": 1, "FGA": 5, "FG_PCT": 0.2, "FG3M": 0, "FG3A": 1, "FG3_PCT": 0.0, "FTM": 0, "FTA": 2, "FT_PCT": 0.0, "OREB": 1, "DREB": 0, "REB": 1, "AST": 1, "STL": 1, "BLK": 0, "TOV": 2, "PF": 2, "PTS": 2, "PLUS_MINUS": 2, "VIDEO_AVAILABLE": 1}, {"SEASON_ID": "22017", "Player_ID": 1628415, "Game_ID": "0021701092", "GAME_DATE": "MAR 24, 2018", "MATCHUP": "MEM vs. LAL", "WL": "L", "MIN": 35, "FGM": 4, "FGA": 14, "FG_PCT": 0.286, "FG3M": 1, "FG3A": 7, "FG3_PCT": 0.143, "FTM": 1, "FTA": 2, "FT_PCT": 0.5, "OREB": 1, "DREB": 1, "REB": 2, "AST": 4, "STL": 1, "BLK": 0, "TOV": 2, "PF": 3, "PTS": 10, "PLUS_MINUS": 3, "VIDEO_AVAILABLE": 1}, {"SEASON_ID": "22017", "Player_ID": 1628415, "Game_ID": "0021701072", "GAME_DATE": "MAR 22, 2018", "MATCHUP": "MEM @ CHA", "WL": "L", "MIN": 16, "FGM": 2, "FGA": 5, "FG_PCT": 0.4, "FG3M": 1, "FG3A": 3, "FG3_PCT": 0.333, "FTM": 0, "FTA": 0, "FT_PCT": 0.0, "OREB": 1, "DREB": 0, "REB": 1, "AST": 0, "STL": 0, "BLK": 0, "TOV": 1, "PF": 1, "PTS": 5, "PLUS_MINUS": -27, "VIDEO_AVAILABLE": 1}, {"SEASON_ID": "22017", "Player_ID": 1628415, "Game_ID": "0021701066", "GAME_DATE": "MAR 21, 2018", "MATCHUP": "MEM @ PHI", "WL": "L", "MIN": 22, "FGM": 6, "FGA": 9, "FG_PCT": 0.667, "FG3M": 1, "FG3A": 3, "FG3_PCT": 0.333, "FTM": 1, "FTA": 2, "FT_PCT": 0.5, "OREB": 0, "DREB": 0, "REB": 0, "AST": 1, "STL": 1, "BLK": 0, "TOV": 4, "PF": 1, "PTS": 14, "PLUS_MINUS": -14, "VIDEO_AVAILABLE": 1}, {"SEASON_ID": "22017", "Player_ID": 1628415, "Game_ID": "0021701053", "GAME_DATE": "MAR 19, 2018", "MATCHUP": "MEM @ BKN", "WL": "L", "MIN": 30, "FGM": 5, "FGA": 15, "FG_PCT": 0.333, "FG3M": 1, "FG3A": 2, "FG3_PCT": 0.5, "FTM": 4, "FTA": 4, "FT_PCT": 1.0, "OREB": 0, "DREB": 1, "REB": 1, "AST": 2, "STL": 0, "BLK": 0, "TOV": 1, "PF": 4, "PTS": 15, "PLUS_MINUS": -10, "VIDEO_AVAILABLE": 1}, {"SEASON_ID": "22017", "Player_ID": 1628415, "Game_ID": "0021701040", "GAME_DATE": "MAR 17, 2018", "MATCHUP": "MEM vs. DEN", "WL": "W", "MIN": 39, "FGM": 8, "FGA": 17, "FG_PCT": 0.471, "FG3M": 4, "FG3A": 9, "FG3_PCT": 0.444, "FTM": 4, "FTA": 4, "FT_PCT": 1.0, "OREB": 1, "DREB": 4, "REB": 5, "AST": 1, "STL": 0, "BLK": 1, "TOV": 1, "PF": 4, "PTS": 24, "PLUS_MINUS": 7, "VIDEO_AVAILABLE": 1}, {"SEASON_ID": "22017", "Player_ID": 1628415, "Game_ID": "0021701024", "GAME_DATE": "MAR 15, 2018", "MATCHUP": "MEM vs. CHI", "WL": "L", "MIN": 30, "FGM": 4, "FGA": 12, "FG_PCT": 0.333, "FG3M": 2, "FG3A": 6, "FG3_PCT": 0.333, "FTM": 5, "FTA": 5, "FT_PCT": 1.0, "OREB": 1, "DREB": 1, "REB": 2, "AST": 3, "STL": 2, "BLK": 0, "TOV": 1, "PF": 1, "PTS": 15, "PLUS_MINUS": 4, "VIDEO_AVAILABLE": 1}, {"SEASON_ID": "22017", "Player_ID": 1628415, "Game_ID": "0021701002", "GAME_DATE": "MAR 12, 2018", "MATCHUP": "MEM vs. MIL", "WL": "L", "MIN": 30, "FGM": 7, "FGA": 13, "FG_PCT": 0.538, "FG3M": 2, "FG3A": 5, "FG3_PCT": 0.4, "FTM": 0, "FTA": 0, "FT_PCT": 0.0, "OREB": 0, "DREB": 0, "REB": 0, "AST": 1, "STL": 1, "BLK": 0, "TOV": 0, "PF": 2, "PTS": 16, "PLUS_MINUS": -9, "VIDEO_AVAILABLE": 1}, {"SEASON_ID": "22017", "Player_ID": 1628415, "Game_ID": "0021700989", "GAME_DATE": "MAR 10, 2018", "MATCHUP": "MEM @ DAL", "WL": "L", "MIN": 30, "FGM": 6, "FGA": 15, "FG_PCT": 0.4, "FG3M": 1, "FG3A": 2, "FG3_PCT": 0.5, "FTM": 4, "FTA": 6, "FT_PCT": 0.667, "OREB": 2, "DREB": 4, "REB": 6, "AST": 1, "STL": 1, "BLK": 0, "TOV": 3, "PF": 1, "PTS": 17, "PLUS_MINUS": -7, "VIDEO_AVAILABLE": 1}, {"SEASON_ID": "22017", "Player_ID": 1628415, "Game_ID": "0021700980", "GAME_DATE": "MAR 09, 2018", "MATCHUP": "MEM vs. UTA", "WL": "L", "MIN": 32, "FGM": 7, "FGA": 16, "FG_PCT": 0.438, "FG3M": 2, "FG3A": 6, "FG3_PCT": 0.333, "FTM": 2, "FTA": 2, "FT_PCT": 1.0, "OREB": 1, "DREB": 2, "REB": 3, "AST": 1, "STL": 0, "BLK": 0, "TOV": 4, "PF": 3, "PTS": 18, "PLUS_MINUS": -2, "VIDEO_AVAILABLE": 1}, {"SEASON_ID": "22017", "Player_ID": 1628415, "Game_ID": "0021700967", "GAME_DATE": "MAR 07, 2018", "MATCHUP": "MEM @ CHI", "WL": "L", "MIN": 28, "FGM": 10, "FGA": 18, "FG_PCT": 0.556, "FG3M": 5, "FG3A": 9, "FG3_PCT": 0.556, "FTM": 4, "FTA": 4, "FT_PCT": 1.0, "OREB": 0, "DREB": 1, "REB": 1, "AST": 2, "STL": 2, "BLK": 0, "TOV": 0, "PF": 2, "PTS": 29, "PLUS_MINUS": 1, "VIDEO_AVAILABLE": 1}, {"SEASON_ID": "22017", "Player_ID": 1628415, "Game_ID": "0021700954", "GAME_DATE": "MAR 05, 2018", "MATCHUP": "MEM @ SAS", "WL": "L", "MIN": 35, "FGM": 9, "FGA": 17, "FG_PCT": 0.529, "FG3M": 2, "FG3A": 5, "FG3_PCT": 0.4, "FTM": 1, "FTA": 1, "FT_PCT": 1.0, "OREB": 2, "DREB": 2, "REB": 4, "AST": 1, "STL": 0, "BLK": 0, "TOV": 5, "PF": 3, "PTS": 21, "PLUS_MINUS": -3, "VIDEO_AVAILABLE": 1}, {"SEASON_ID": "22017", "Player_ID": 1628415, "Game_ID": "0021700936", "GAME_DATE": "MAR 03, 2018", "MATCHUP": "MEM @ ORL", "WL": "L", "MIN": 37, "FGM": 4, "FGA": 14, "FG_PCT": 0.286, "FG3M": 0, "FG3A": 3, "FG3_PCT": 0.0, "FTM": 1, "FTA": 2, "FT_PCT": 0.5, "OREB": 0, "DREB": 3, "REB": 3, "AST": 4, "STL": 0, "BLK": 0, "TOV": 2, "PF": 2, "PTS": 9, "PLUS_MINUS": -14, "VIDEO_AVAILABLE": 1}, {"SEASON_ID": "22017", "Player_ID": 1628415, "Game_ID": "0021700931", "GAME_DATE": "MAR 02, 2018", "MATCHUP": "MEM vs. DEN", "WL": "L", "MIN": 33, "FGM": 5, "FGA": 11, "FG_PCT": 0.455, "FG3M": 1, "FG3A": 2, "FG3_PCT": 0.5, "FTM": 2, "FTA": 4, "FT_PCT": 0.5, "OREB": 2, "DREB": 2, "REB": 4, "AST": 2, "STL": 1, "BLK": 0, "TOV": 2, "PF": 1, "PTS": 13, "PLUS_MINUS": -6, "VIDEO_AVAILABLE": 1}, {"SEASON_ID": "22017", "Player_ID": 1628415, "Game_ID": "0021700918", "GAME_DATE": "FEB 28, 2018", "MATCHUP": "MEM vs. PHX", "WL": "L", "MIN": 30, "FGM": 3, "FGA": 9, "FG_PCT": 0.333, "FG3M": 1, "FG3A": 3, "FG3_PCT": 0.333, "FTM": 0, "FTA": 0, "FT_PCT": 0.0, "OREB": 0, "DREB": 2, "REB": 2, "AST": 3, "STL": 1, "BLK": 0, "TOV": 2, "PF": 4, "PTS": 7, "PLUS_MINUS": 4, "VIDEO_AVAILABLE": 2}, {"SEASON_ID": "22017", "Player_ID": 1628415, "Game_ID": "0021700898", "GAME_DATE": "FEB 26, 2018", "MATCHUP": "MEM @ BOS", "WL": "L", "MIN": 30, "FGM": 2, "FGA": 10, "FG_PCT": 0.2, "FG3M": 0, "FG3A": 2, "FG3_PCT": 0.0, "FTM": 2, "FTA": 2, "FT_PCT": 1.0, "OREB": 0, "DREB": 2, "REB": 2, "AST": 2, "STL": 2, "BLK": 0, "TOV": 1, "PF": 4, "PTS": 6, "PLUS_MINUS": 2, "VIDEO_AVAILABLE": 1}, {"SEASON_ID": "22017", "Player_ID": 1628415, "Game_ID": "0021700885", "GAME_DATE": "FEB 24, 2018", "MATCHUP": "MEM @ MIA", "WL": "L", "MIN": 26, "FGM": 3, "FGA": 9, "FG_PCT": 0.333, "FG3M": 0, "FG3A": 0, "FG3_PCT": 0.0, "FTM": 2, "FTA": 2, "FT_PCT": 1.0, "OREB": 0, "DREB": 2, "REB": 2, "AST": 3, "STL": 2, "BLK": 0, "TOV": 2, "PF": 4, "PTS": 8, "PLUS_MINUS": -12, "VIDEO_AVAILABLE": 1}, {"SEASON_ID": "22017", "Player_ID": 1628415, "Game_ID": "0021700878", "GAME_DATE": "FEB 23, 2018", "MATCHUP": "MEM vs. CLE", "WL": "L", "MIN": 31, "FGM": 4, "FGA": 11, "FG_PCT": 0.364, "FG3M": 0, "FG3A": 3, "FG3_PCT": 0.0, "FTM": 4, "FTA": 5, "FT_PCT": 0.8, "OREB": 0, "DREB": 3, "REB": 3, "AST": 1, "STL": 1, "BLK": 0, "TOV": 2, "PF": 2, "PTS": 12, "PLUS_MINUS": -14, "VIDEO_AVAILABLE": 1}, {"SEASON_ID": "22017", "Player_ID": 1628415, "Game_ID": "0021700861", "GAME_DATE": "FEB 14, 2018", "MATCHUP": "MEM vs. OKC", "WL": "L", "MIN": 39, "FGM": 6, "FGA": 15, "FG_PCT": 0.4, "FG3M": 2, "FG3A": 6, "FG3_PCT": 0.333, "FTM": 0, "FTA": 0, "FT_PCT": 0.0, "OREB": 0, "DREB": 5, "REB": 5, "AST": 3, "STL": 1, "BLK": 0, "TOV": 0, "PF": 1, "PTS": 14, "PLUS_MINUS": 9, "VIDEO_AVAILABLE": 1}, {"SEASON_ID": "22017", "Player_ID": 1628415, "Game_ID": "0021700839", "GAME_DATE": "FEB 11, 2018", "MATCHUP": "MEM @ OKC", "WL": "L", "MIN": 24, "FGM": 3, "FGA": 6, "FG_PCT": 0.5, "FG3M": 0, "FG3A": 0, "FG3_PCT": 0.0, "FTM": 0, "FTA": 0, "FT_PCT": 0.0, "OREB": 1, "DREB": 3, "REB": 4, "AST": 4, "STL": 0, "BLK": 0, "TOV": 5, "PF": 6, "PTS": 6, "PLUS_MINUS": -10, "VIDEO_AVAILABLE": 1}, {"SEASON_ID": "22017", "Player_ID": 1628415, "Game_ID": "0021700808", "GAME_DATE": "FEB 07, 2018", "MATCHUP": "MEM vs. UTA", "WL": "L", "MIN": 31, "FGM": 4, "FGA": 13, "FG_PCT": 0.308, "FG3M": 1, "FG3A": 3, "FG3_PCT": 0.333, "FTM": 2, "FTA": 2, "FT_PCT": 1.0, "OREB": 2, "DREB": 4, "REB": 6, "AST": 1, "STL": 3, "BLK": 0, "TOV": 0, "PF": 3, "PTS": 11, "PLUS_MINUS": 6, "VIDEO_AVAILABLE": 1}, {"SEASON_ID": "22017", "Player_ID": 1628415, "Game_ID": "0021700799", "GAME_DATE": "FEB 06, 2018", "MATCHUP": "MEM @ ATL", "WL": "L", "MIN": 33, "FGM": 5, "FGA": 14, "FG_PCT": 0.357, "FG3M": 0, "FG3A": 4, "FG3_PCT": 0.0, "FTM": 2, "FTA": 5, "FT_PCT": 0.4, "OREB": 0, "DREB": 1, "REB": 1, "AST": 4, "STL": 0, "BLK": 1, "TOV": 3, "PF": 2, "PTS": 12, "PLUS_MINUS": -23, "VIDEO_AVAILABLE": 1}, {"SEASON_ID": "22017", "Player_ID": 1628415, "Game_ID": "0021700787", "GAME_DATE": "FEB 04, 2018", "MATCHUP": "MEM @ TOR", "WL": "L", "MIN": 27, "FGM": 4, "FGA": 10, "FG_PCT": 0.4, "FG3M": 2, "FG3A": 5, "FG3_PCT": 0.4, "FTM": 2, "FTA": 2, "FT_PCT": 1.0, "OREB": 0, "DREB": 5, "REB": 5, "AST": 0, "STL": 0, "BLK": 0, "TOV": 2, "PF": 5, "PTS": 12, "PLUS_MINUS": -9, "VIDEO_AVAILABLE": 1}, {"SEASON_ID": "22017", "Player_ID": 1628415, "Game_ID": "0021700761", "GAME_DATE": "FEB 01, 2018", "MATCHUP": "MEM @ DET", "WL": "L", "MIN": 32, "FGM": 5, "FGA": 11, "FG_PCT": 0.455, "FG3M": 2, "FG3A": 5, "FG3_PCT": 0.4, "FTM": 1, "FTA": 1, "FT_PCT": 1.0, "OREB": 0, "DREB": 4, "REB": 4, "AST": 3, "STL": 0, "BLK": 0, "TOV": 0, "PF": 3, "PTS": 13, "PLUS_MINUS": -3, "VIDEO_AVAILABLE": 1}, {"SEASON_ID": "22017", "Player_ID": 1628415, "Game_ID": "0021700753", "GAME_DATE": "JAN 31, 2018", "MATCHUP": "MEM @ IND", "WL": "L", "MIN": 40, "FGM": 6, "FGA": 19, "FG_PCT": 0.316, "FG3M": 0, "FG3A": 4, "FG3_PCT": 0.0, "FTM": 0, "FTA": 0, "FT_PCT": 0.0, "OREB": 1, "DREB": 4, "REB": 5, "AST": 2, "STL": 4, "BLK": 0, "TOV": 0, "PF": 2, "PTS": 12, "PLUS_MINUS": -10, "VIDEO_AVAILABLE": 1}, {"SEASON_ID": "22017", "Player_ID": 1628415, "Game_ID": "0021700740", "GAME_DATE": "JAN 29, 2018", "MATCHUP": "MEM vs. PHX", "WL": "W", "MIN": 26, "FGM": 5, "FGA": 8, "FG_PCT": 0.625, "FG3M": 1, "FG3A": 2, "FG3_PCT": 0.5, "FTM": 1, "FTA": 2, "FT_PCT": 0.5, "OREB": 0, "DREB": 3, "REB": 3, "AST": 2, "STL": 0, "BLK": 0, "TOV": 4, "PF": 2, "PTS": 12, "PLUS_MINUS": -3, "VIDEO_AVAILABLE": 1}, {"SEASON_ID": "22017", "Player_ID": 1628415, "Game_ID": "0021700718", "GAME_DATE": "JAN 26, 2018", "MATCHUP": "MEM vs. LAC", "WL": "L", "MIN": 35, "FGM": 6, "FGA": 10, "FG_PCT": 0.6, "FG3M": 1, "FG3A": 2, "FG3_PCT": 0.5, "FTM": 2, "FTA": 2, "FT_PCT": 1.0, "OREB": 0, "DREB": 3, "REB": 3, "AST": 2, "STL": 0, "BLK": 0, "TOV": 2, "PF": 2, "PTS": 15, "PLUS_MINUS": -2, "VIDEO_AVAILABLE": 1}, {"SEASON_ID": "22017", "Player_ID": 1628415, "Game_ID": "0021700707", "GAME_DATE": "JAN 24, 2018", "MATCHUP": "MEM vs. SAS", "WL": "L", "MIN": 30, "FGM": 5, "FGA": 10, "FG_PCT": 0.5, "FG3M": 0, "FG3A": 1, "FG3_PCT": 0.0, "FTM": 0, "FTA": 1, "FT_PCT": 0.0, "OREB": 2, "DREB": 5, "REB": 7, "AST": 2, "STL": 0, "BLK": 0, "TOV": 1, "PF": 3, "PTS": 10, "PLUS_MINUS": -22, "VIDEO_AVAILABLE": 1}, {"SEASON_ID": "22017", "Player_ID": 1628415, "Game_ID": "0021700690", "GAME_DATE": "JAN 22, 2018", "MATCHUP": "MEM vs. PHI", "WL": "W", "MIN": 29, "FGM": 2, "FGA": 7, "FG_PCT": 0.286, "FG3M": 1, "FG3A": 3, "FG3_PCT": 0.333, "FTM": 2, "FTA": 2, "FT_PCT": 1.0, "OREB": 1, "DREB": 3, "REB": 4, "AST": 0, "STL": 2, "BLK": 0, "TOV": 2, "PF": 4, "PTS": 7, "PLUS_MINUS": 3, "VIDEO_AVAILABLE": 1}, {"SEASON_ID": "22017", "Player_ID": 1628415, "Game_ID": "0021700677", "GAME_DATE": "JAN 20, 2018", "MATCHUP": "MEM @ NOP", "WL": "L", "MIN": 30, "FGM": 4, "FGA": 8, "FG_PCT": 0.5, "FG3M": 2, "FG3A": 4, "FG3_PCT": 0.5, "FTM": 0, "FTA": 0, "FT_PCT": 0.0, "OREB": 1, "DREB": 4, "REB": 5, "AST": 3, "STL": 1, "BLK": 0, "TOV": 2, "PF": 6, "PTS": 10, "PLUS_MINUS": -5, "VIDEO_AVAILABLE": 1}, {"SEASON_ID": "22017", "Player_ID": 1628415, "Game_ID": "0021700670", "GAME_DATE": "JAN 19, 2018", "MATCHUP": "MEM vs. SAC", "WL": "W", "MIN": 28, "FGM": 8, "FGA": 13, "FG_PCT": 0.615, "FG3M": 3, "FG3A": 6, "FG3_PCT": 0.5, "FTM": 3, "FTA": 4, "FT_PCT": 0.75, "OREB": 1, "DREB": 2, "REB": 3, "AST": 0, "STL": 3, "BLK": 0, "TOV": 2, "PF": 1, "PTS": 22, "PLUS_MINUS": 14, "VIDEO_AVAILABLE": 1}, {"SEASON_ID": "22017", "Player_ID": 1628415, "Game_ID": "0021700658", "GAME_DATE": "JAN 17, 2018", "MATCHUP": "MEM vs. NYK", "WL": "W", "MIN": 32, "FGM": 6, "FGA": 11, "FG_PCT": 0.545, "FG3M": 3, "FG3A": 6, "FG3_PCT": 0.5, "FTM": 2, "FTA": 3, "FT_PCT": 0.667, "OREB": 2, "DREB": 3, "REB": 5, "AST": 1, "STL": 2, "BLK": 0, "TOV": 3, "PF": 3, "PTS": 17, "PLUS_MINUS": 16, "VIDEO_AVAILABLE": 1}, {"SEASON_ID": "22017", "Player_ID": 1628415, "Game_ID": "0021700645", "GAME_DATE": "JAN 15, 2018", "MATCHUP": "MEM vs. LAL", "WL": "W", "MIN": 27, "FGM": 6, "FGA": 8, "FG_PCT": 0.75, "FG3M": 4, "FG3A": 5, "FG3_PCT": 0.8, "FTM": 3, "FTA": 4, "FT_PCT": 0.75, "OREB": 1, "DREB": 3, "REB": 4, "AST": 2, "STL": 0, "BLK": 0, "TOV": 2, "PF": 5, "PTS": 19, "PLUS_MINUS": -11, "VIDEO_AVAILABLE": 1}, {"SEASON_ID": "22017", "Player_ID": 1628415, "Game_ID": "0021700625", "GAME_DATE": "JAN 12, 2018", "MATCHUP": "MEM @ DEN", "WL": "L", "MIN": 36, "FGM": 4, "FGA": 11, "FG_PCT": 0.364, "FG3M": 0, "FG3A": 3, "FG3_PCT": 0.0, "FTM": 0, "FTA": 0, "FT_PCT": 0.0, "OREB": 0, "DREB": 1, "REB": 1, "AST": 1, "STL": 1, "BLK": 0, "TOV": 0, "PF": 3, "PTS": 8, "PLUS_MINUS": 6, "VIDEO_AVAILABLE": 1}, {"SEASON_ID": "22017", "Player_ID": 1628415, "Game_ID": "0021700609", "GAME_DATE": "JAN 10, 2018", "MATCHUP": "MEM vs. NOP", "WL": "W", "MIN": 23, "FGM": 0, "FGA": 4, "FG_PCT": 0.0, "FG3M": 0, "FG3A": 2, "FG3_PCT": 0.0, "FTM": 0, "FTA": 0, "FT_PCT": 0.0, "OREB": 0, "DREB": 2, "REB": 2, "AST": 2, "STL": 0, "BLK": 0, "TOV": 0, "PF": 5, "PTS": 0, "PLUS_MINUS": 13, "VIDEO_AVAILABLE": 1}, {"SEASON_ID": "22017", "Player_ID": 1628415, "Game_ID": "0021700575", "GAME_DATE": "JAN 05, 2018", "MATCHUP": "MEM vs. WAS", "WL": "L", "MIN": 17, "FGM": 3, "FGA": 4, "FG_PCT": 0.75, "FG3M": 1, "FG3A": 2, "FG3_PCT": 0.5, "FTM": 0, "FTA": 1, "FT_PCT": 0.0, "OREB": 0, "DREB": 2, "REB": 2, "AST": 0, "STL": 0, "BLK": 0, "TOV": 2, "PF": 3, "PTS": 7, "PLUS_MINUS": -5, "VIDEO_AVAILABLE": 1}, {"SEASON_ID": "22017", "Player_ID": 1628415, "Game_ID": "0021700553", "GAME_DATE": "JAN 02, 2018", "MATCHUP": "MEM @ LAC", "WL": "L", "MIN": 18, "FGM": 4, "FGA": 6, "FG_PCT": 0.667, "FG3M": 3, "FG3A": 4, "FG3_PCT": 0.75, "FTM": 0, "FTA": 0, "FT_PCT": 0.0, "OREB": 0, "DREB": 1, "REB": 1, "AST": 1, "STL": 0, "BLK": 0, "TOV": 0, "PF": 2, "PTS": 11, "PLUS_MINUS": -10, "VIDEO_AVAILABLE": 1}, {"SEASON_ID": "22017", "Player_ID": 1628415, "Game_ID": "0021700543", "GAME_DATE": "DEC 31, 2017", "MATCHUP": "MEM @ SAC", "WL": "W", "MIN": 19, "FGM": 2, "FGA": 3, "FG_PCT": 0.667, "FG3M": 0, "FG3A": 0, "FG3_PCT": 0.0, "FTM": 1, "FTA": 2, "FT_PCT": 0.5, "OREB": 0, "DREB": 3, "REB": 3, "AST": 1, "STL": 0, "BLK": 0, "TOV": 0, "PF": 0, "PTS": 5, "PLUS_MINUS": -6, "VIDEO_AVAILABLE": 1}, {"SEASON_ID": "22017", "Player_ID": 1628415, "Game_ID": "0021700535", "GAME_DATE": "DEC 30, 2017", "MATCHUP": "MEM @ GSW", "WL": "L", "MIN": 24, "FGM": 1, "FGA": 6, "FG_PCT": 0.167, "FG3M": 0, "FG3A": 1, "FG3_PCT": 0.0, "FTM": 3, "FTA": 4, "FT_PCT": 0.75, "OREB": 0, "DREB": 1, "REB": 1, "AST": 1, "STL": 0, "BLK": 0, "TOV": 0, "PF": 1, "PTS": 5, "PLUS_MINUS": -16, "VIDEO_AVAILABLE": 1}, {"SEASON_ID": "22017", "Player_ID": 1628415, "Game_ID": "0021700515", "GAME_DATE": "DEC 27, 2017", "MATCHUP": "MEM @ LAL", "WL": "W", "MIN": 30, "FGM": 2, "FGA": 5, "FG_PCT": 0.4, "FG3M": 1, "FG3A": 2, "FG3_PCT": 0.5, "FTM": 0, "FTA": 2, "FT_PCT": 0.0, "OREB": 0, "DREB": 1, "REB": 1, "AST": 1, "STL": 1, "BLK": 0, "TOV": 0, "PF": 3, "PTS": 5, "PLUS_MINUS": 1, "VIDEO_AVAILABLE": 1}, {"SEASON_ID": "22017", "Player_ID": 1628415, "Game_ID": "0021700504", "GAME_DATE": "DEC 26, 2017", "MATCHUP": "MEM @ PHX", "WL": "L", "MIN": 33, "FGM": 3, "FGA": 10, "FG_PCT": 0.3, "FG3M": 0, "FG3A": 4, "FG3_PCT": 0.0, "FTM": 0, "FTA": 0, "FT_PCT": 0.0, "OREB": 0, "DREB": 1, "REB": 1, "AST": 1, "STL": 1, "BLK": 0, "TOV": 0, "PF": 4, "PTS": 6, "PLUS_MINUS": -2, "VIDEO_AVAILABLE": 1}, {"SEASON_ID": "22017", "Player_ID": 1628415, "Game_ID": "0021700487", "GAME_DATE": "DEC 23, 2017", "MATCHUP": "MEM vs. LAC", "WL": "W", "MIN": 24, "FGM": 3, "FGA": 7, "FG_PCT": 0.429, "FG3M": 3, "FG3A": 5, "FG3_PCT": 0.6, "FTM": 2, "FTA": 2, "FT_PCT": 1.0, "OREB": 0, "DREB": 0, "REB": 0, "AST": 1, "STL": 0, "BLK": 0, "TOV": 0, "PF": 5, "PTS": 11, "PLUS_MINUS": -6, "VIDEO_AVAILABLE": 1}, {"SEASON_ID": "22017", "Player_ID": 1628415, "Game_ID": "0021700469", "GAME_DATE": "DEC 21, 2017", "MATCHUP": "MEM @ PHX", "WL": "L", "MIN": 29, "FGM": 5, "FGA": 10, "FG_PCT": 0.5, "FG3M": 1, "FG3A": 3, "FG3_PCT": 0.333, "FTM": 0, "FTA": 0, "FT_PCT": 0.0, "OREB": 0, "DREB": 2, "REB": 2, "AST": 0, "STL": 1, "BLK": 2, "TOV": 0, "PF": 3, "PTS": 11, "PLUS_MINUS": 11, "VIDEO_AVAILABLE": 1}, {"SEASON_ID": "22017", "Player_ID": 1628415, "Game_ID": "0021700464", "GAME_DATE": "DEC 20, 2017", "MATCHUP": "MEM @ GSW", "WL": "L", "MIN": 21, "FGM": 3, "FGA": 6, "FG_PCT": 0.5, "FG3M": 3, "FG3A": 4, "FG3_PCT": 0.75, "FTM": 0, "FTA": 0, "FT_PCT": 0.0, "OREB": 0, "DREB": 2, "REB": 2, "AST": 0, "STL": 0, "BLK": 0, "TOV": 1, "PF": 2, "PTS": 9, "PLUS_MINUS": -2, "VIDEO_AVAILABLE": 1}, {"SEASON_ID": "22017", "Player_ID": 1628415, "Game_ID": "0021700436", "GAME_DATE": "DEC 16, 2017", "MATCHUP": "MEM vs. BOS", "WL": "L", "MIN": 35, "FGM": 5, "FGA": 12, "FG_PCT": 0.417, "FG3M": 4, "FG3A": 5, "FG3_PCT": 0.8, "FTM": 0, "FTA": 0, "FT_PCT": 0.0, "OREB": 0, "DREB": 1, "REB": 1, "AST": 1, "STL": 0, "BLK": 0, "TOV": 0, "PF": 0, "PTS": 14, "PLUS_MINUS": 5, "VIDEO_AVAILABLE": 1}, {"SEASON_ID": "22017", "Player_ID": 1628415, "Game_ID": "0021700425", "GAME_DATE": "DEC 15, 2017", "MATCHUP": "MEM vs. ATL", "WL": "W", "MIN": 22, "FGM": 3, "FGA": 6, "FG_PCT": 0.5, "FG3M": 0, "FG3A": 2, "FG3_PCT": 0.0, "FTM": 2, "FTA": 2, "FT_PCT": 1.0, "OREB": 1, "DREB": 2, "REB": 3, "AST": 1, "STL": 1, "BLK": 0, "TOV": 1, "PF": 1, "PTS": 8, "PLUS_MINUS": 5, "VIDEO_AVAILABLE": 2}, {"SEASON_ID": "22017", "Player_ID": 1628415, "Game_ID": "0021700406", "GAME_DATE": "DEC 13, 2017", "MATCHUP": "MEM @ WAS", "WL": "L", "MIN": 22, "FGM": 2, "FGA": 6, "FG_PCT": 0.333, "FG3M": 0, "FG3A": 2, "FG3_PCT": 0.0, "FTM": 2, "FTA": 2, "FT_PCT": 1.0, "OREB": 0, "DREB": 1, "REB": 1, "AST": 1, "STL": 1, "BLK": 0, "TOV": 0, "PF": 3, "PTS": 6, "PLUS_MINUS": -13, "VIDEO_AVAILABLE": 1}, {"SEASON_ID": "22017", "Player_ID": 1628415, "Game_ID": "0021700393", "GAME_DATE": "DEC 11, 2017", "MATCHUP": "MEM vs. MIA", "WL": "L", "MIN": 19, "FGM": 0, "FGA": 2, "FG_PCT": 0.0, "FG3M": 0, "FG3A": 2, "FG3_PCT": 0.0, "FTM": 0, "FTA": 0, "FT_PCT": 0.0, "OREB": 0, "DREB": 1, "REB": 1, "AST": 0, "STL": 0, "BLK": 0, "TOV": 1, "PF": 5, "PTS": 0, "PLUS_MINUS": -9, "VIDEO_AVAILABLE": 1}, {"SEASON_ID": "22017", "Player_ID": 1628415, "Game_ID": "0021700382", "GAME_DATE": "DEC 09, 2017", "MATCHUP": "MEM vs. OKC", "WL": "L", "MIN": 38, "FGM": 5, "FGA": 8, "FG_PCT": 0.625, "FG3M": 2, "FG3A": 3, "FG3_PCT": 0.667, "FTM": 1, "FTA": 1, "FT_PCT": 1.0, "OREB": 1, "DREB": 3, "REB": 4, "AST": 3, "STL": 0, "BLK": 0, "TOV": 0, "PF": 5, "PTS": 13, "PLUS_MINUS": -5, "VIDEO_AVAILABLE": 1}, {"SEASON_ID": "22017", "Player_ID": 1628415, "Game_ID": "0021700371", "GAME_DATE": "DEC 08, 2017", "MATCHUP": "MEM vs. TOR", "WL": "L", "MIN": 17, "FGM": 1, "FGA": 2, "FG_PCT": 0.5, "FG3M": 0, "FG3A": 0, "FG3_PCT": 0.0, "FTM": 0, "FTA": 0, "FT_PCT": 0.0, "OREB": 0, "DREB": 0, "REB": 0, "AST": 0, "STL": 0, "BLK": 0, "TOV": 0, "PF": 4, "PTS": 2, "PLUS_MINUS": -6, "VIDEO_AVAILABLE": 1}, {"SEASON_ID": "22017", "Player_ID": 1628415, "Game_ID": "0021700357", "GAME_DATE": "DEC 06, 2017", "MATCHUP": "MEM @ NYK", "WL": "L", "MIN": 18, "FGM": 0, "FGA": 2, "FG_PCT": 0.0, "FG3M": 0, "FG3A": 1, "FG3_PCT": 0.0, "FTM": 0, "FTA": 0, "FT_PCT": 0.0, "OREB": 0, "DREB": 3, "REB": 3, "AST": 2, "STL": 1, "BLK": 0, "TOV": 0, "PF": 2, "PTS": 0, "PLUS_MINUS": -20, "VIDEO_AVAILABLE": 1}, {"SEASON_ID": "22017", "Player_ID": 1628415, "Game_ID": "0021700345", "GAME_DATE": "DEC 04, 2017", "MATCHUP": "MEM vs. MIN", "WL": "W", "MIN": 28, "FGM": 4, "FGA": 6, "FG_PCT": 0.667, "FG3M": 1, "FG3A": 2, "FG3_PCT": 0.5, "FTM": 0, "FTA": 0, "FT_PCT": 0.0, "OREB": 0, "DREB": 4, "REB": 4, "AST": 0, "STL": 0, "BLK": 0, "TOV": 1, "PF": 3, "PTS": 9, "PLUS_MINUS": 3, "VIDEO_AVAILABLE": 1}, {"SEASON_ID": "22017", "Player_ID": 1628415, "Game_ID": "0021700329", "GAME_DATE": "DEC 02, 2017", "MATCHUP": "MEM @ CLE", "WL": "L", "MIN": 28, "FGM": 3, "FGA": 4, "FG_PCT": 0.75, "FG3M": 1, "FG3A": 1, "FG3_PCT": 1.0, "FTM": 2, "FTA": 2, "FT_PCT": 1.0, "OREB": 0, "DREB": 5, "REB": 5, "AST": 2, "STL": 0, "BLK": 0, "TOV": 3, "PF": 3, "PTS": 9, "PLUS_MINUS": -3, "VIDEO_AVAILABLE": 1}, {"SEASON_ID": "22017", "Player_ID": 1628415, "Game_ID": "0021700323", "GAME_DATE": "DEC 01, 2017", "MATCHUP": "MEM vs. SAS", "WL": "L", "MIN": 23, "FGM": 0, "FGA": 2, "FG_PCT": 0.0, "FG3M": 0, "FG3A": 0, "FG3_PCT": 0.0, "FTM": 0, "FTA": 0, "FT_PCT": 0.0, "OREB": 0, "DREB": 1, "REB": 1, "AST": 2, "STL": 1, "BLK": 0, "TOV": 2, "PF": 3, "PTS": 0, "PLUS_MINUS": -11, "VIDEO_AVAILABLE": 2}, {"SEASON_ID": "22017", "Player_ID": 1628415, "Game_ID": "0021700311", "GAME_DATE": "NOV 29, 2017", "MATCHUP": "MEM @ SAS", "WL": "L", "MIN": 33, "FGM": 3, "FGA": 6, "FG_PCT": 0.5, "FG3M": 2, "FG3A": 3, "FG3_PCT": 0.667, "FTM": 0, "FTA": 0, "FT_PCT": 0.0, "OREB": 1, "DREB": 1, "REB": 2, "AST": 2, "STL": 0, "BLK": 0, "TOV": 3, "PF": 2, "PTS": 8, "PLUS_MINUS": -13, "VIDEO_AVAILABLE": 1}, {"SEASON_ID": "22017", "Player_ID": 1628415, "Game_ID": "0021700289", "GAME_DATE": "NOV 26, 2017", "MATCHUP": "MEM vs. BKN", "WL": "L", "MIN": 23, "FGM": 1, "FGA": 5, "FG_PCT": 0.2, "FG3M": 0, "FG3A": 1, "FG3_PCT": 0.0, "FTM": 0, "FTA": 0, "FT_PCT": 0.0, "OREB": 1, "DREB": 0, "REB": 1, "AST": 0, "STL": 2, "BLK": 0, "TOV": 2, "PF": 1, "PTS": 2, "PLUS_MINUS": -15, "VIDEO_AVAILABLE": 1}, {"SEASON_ID": "22017", "Player_ID": 1628415, "Game_ID": "0021700274", "GAME_DATE": "NOV 24, 2017", "MATCHUP": "MEM @ DEN", "WL": "L", "MIN": 35, "FGM": 3, "FGA": 8, "FG_PCT": 0.375, "FG3M": 1, "FG3A": 3, "FG3_PCT": 0.333, "FTM": 0, "FTA": 0, "FT_PCT": 0.0, "OREB": 0, "DREB": 1, "REB": 1, "AST": 2, "STL": 0, "BLK": 2, "TOV": 1, "PF": 4, "PTS": 7, "PLUS_MINUS": -6, "VIDEO_AVAILABLE": 2}, {"SEASON_ID": "22017", "Player_ID": 1628415, "Game_ID": "0021700260", "GAME_DATE": "NOV 22, 2017", "MATCHUP": "MEM vs. DAL", "WL": "L", "MIN": 32, "FGM": 5, "FGA": 8, "FG_PCT": 0.625, "FG3M": 3, "FG3A": 4, "FG3_PCT": 0.75, "FTM": 0, "FTA": 0, "FT_PCT": 0.0, "OREB": 1, "DREB": 1, "REB": 2, "AST": 1, "STL": 0, "BLK": 1, "TOV": 1, "PF": 5, "PTS": 13, "PLUS_MINUS": 0, "VIDEO_AVAILABLE": 2}, {"SEASON_ID": "22017", "Player_ID": 1628415, "Game_ID": "0021700246", "GAME_DATE": "NOV 20, 2017", "MATCHUP": "MEM vs. POR", "WL": "L", "MIN": 30, "FGM": 2, "FGA": 3, "FG_PCT": 0.667, "FG3M": 0, "FG3A": 0, "FG3_PCT": 0.0, "FTM": 0, "FTA": 0, "FT_PCT": 0.0, "OREB": 0, "DREB": 2, "REB": 2, "AST": 2, "STL": 0, "BLK": 1, "TOV": 0, "PF": 3, "PTS": 4, "PLUS_MINUS": -4, "VIDEO_AVAILABLE": 1}, {"SEASON_ID": "22017", "Player_ID": 1628415, "Game_ID": "0021700232", "GAME_DATE": "NOV 18, 2017", "MATCHUP": "MEM vs. HOU", "WL": "L", "MIN": 33, "FGM": 3, "FGA": 9, "FG_PCT": 0.333, "FG3M": 0, "FG3A": 4, "FG3_PCT": 0.0, "FTM": 1, "FTA": 2, "FT_PCT": 0.5, "OREB": 1, "DREB": 2, "REB": 3, "AST": 2, "STL": 2, "BLK": 0, "TOV": 2, "PF": 2, "PTS": 7, "PLUS_MINUS": -14, "VIDEO_AVAILABLE": 1}, {"SEASON_ID": "22017", "Player_ID": 1628415, "Game_ID": "0021700208", "GAME_DATE": "NOV 15, 2017", "MATCHUP": "MEM vs. IND", "WL": "L", "MIN": 24, "FGM": 5, "FGA": 10, "FG_PCT": 0.5, "FG3M": 0, "FG3A": 3, "FG3_PCT": 0.0, "FTM": 1, "FTA": 2, "FT_PCT": 0.5, "OREB": 2, "DREB": 3, "REB": 5, "AST": 2, "STL": 1, "BLK": 1, "TOV": 2, "PF": 3, "PTS": 11, "PLUS_MINUS": -11, "VIDEO_AVAILABLE": 1}, {"SEASON_ID": "22017", "Player_ID": 1628415, "Game_ID": "0021700194", "GAME_DATE": "NOV 13, 2017", "MATCHUP": "MEM @ MIL", "WL": "L", "MIN": 28, "FGM": 6, "FGA": 9, "FG_PCT": 0.667, "FG3M": 2, "FG3A": 4, "FG3_PCT": 0.5, "FTM": 5, "FTA": 5, "FT_PCT": 1.0, "OREB": 2, "DREB": 2, "REB": 4, "AST": 0, "STL": 1, "BLK": 0, "TOV": 0, "PF": 5, "PTS": 19, "PLUS_MINUS": -9, "VIDEO_AVAILABLE": 2}, {"SEASON_ID": "22017", "Player_ID": 1628415, "Game_ID": "0021700180", "GAME_DATE": "NOV 11, 2017", "MATCHUP": "MEM @ HOU", "WL": "L", "MIN": 28, "FGM": 4, "FGA": 8, "FG_PCT": 0.5, "FG3M": 1, "FG3A": 2, "FG3_PCT": 0.5, "FTM": 0, "FTA": 0, "FT_PCT": 0.0, "OREB": 1, "DREB": 5, "REB": 6, "AST": 0, "STL": 1, "BLK": 1, "TOV": 0, "PF": 4, "PTS": 9, "PLUS_MINUS": -9, "VIDEO_AVAILABLE": 1}, {"SEASON_ID": "22017", "Player_ID": 1628415, "Game_ID": "0021700157", "GAME_DATE": "NOV 07, 2017", "MATCHUP": "MEM @ POR", "WL": "W", "MIN": 38, "FGM": 3, "FGA": 8, "FG_PCT": 0.375, "FG3M": 0, "FG3A": 1, "FG3_PCT": 0.0, "FTM": 1, "FTA": 1, "FT_PCT": 1.0, "OREB": 1, "DREB": 7, "REB": 8, "AST": 1, "STL": 3, "BLK": 2, "TOV": 0, "PF": 3, "PTS": 7, "PLUS_MINUS": -3, "VIDEO_AVAILABLE": 1}, {"SEASON_ID": "22017", "Player_ID": 1628415, "Game_ID": "0021700145", "GAME_DATE": "NOV 05, 2017", "MATCHUP": "MEM @ LAL", "WL": "L", "MIN": 26, "FGM": 4, "FGA": 6, "FG_PCT": 0.667, "FG3M": 1, "FG3A": 3, "FG3_PCT": 0.333, "FTM": 4, "FTA": 4, "FT_PCT": 1.0, "OREB": 0, "DREB": 3, "REB": 3, "AST": 1, "STL": 0, "BLK": 0, "TOV": 3, "PF": 5, "PTS": 13, "PLUS_MINUS": 19, "VIDEO_AVAILABLE": 1}, {"SEASON_ID": "22017", "Player_ID": 1628415, "Game_ID": "0021700131", "GAME_DATE": "NOV 04, 2017", "MATCHUP": "MEM @ LAC", "WL": "W", "MIN": 29, "FGM": 1, "FGA": 8, "FG_PCT": 0.125, "FG3M": 0, "FG3A": 2, "FG3_PCT": 0.0, "FTM": 0, "FTA": 0, "FT_PCT": 0.0, "OREB": 1, "DREB": 4, "REB": 5, "AST": 2, "STL": 1, "BLK": 0, "TOV": 2, "PF": 6, "PTS": 2, "PLUS_MINUS": -2, "VIDEO_AVAILABLE": 1}, {"SEASON_ID": "22017", "Player_ID": 1628415, "Game_ID": "0021700112", "GAME_DATE": "NOV 01, 2017", "MATCHUP": "MEM vs. ORL", "WL": "L", "MIN": 38, "FGM": 5, "FGA": 13, "FG_PCT": 0.385, "FG3M": 2, "FG3A": 6, "FG3_PCT": 0.333, "FTM": 0, "FTA": 0, "FT_PCT": 0.0, "OREB": 1, "DREB": 3, "REB": 4, "AST": 0, "STL": 0, "BLK": 0, "TOV": 1, "PF": 4, "PTS": 12, "PLUS_MINUS": 12, "VIDEO_AVAILABLE": 2}, {"SEASON_ID": "22017", "Player_ID": 1628415, "Game_ID": "0021700096", "GAME_DATE": "OCT 30, 2017", "MATCHUP": "MEM vs. CHA", "WL": "L", "MIN": 31, "FGM": 4, "FGA": 7, "FG_PCT": 0.571, "FG3M": 1, "FG3A": 2, "FG3_PCT": 0.5, "FTM": 2, "FTA": 3, "FT_PCT": 0.667, "OREB": 1, "DREB": 7, "REB": 8, "AST": 3, "STL": 0, "BLK": 0, "TOV": 4, "PF": 4, "PTS": 11, "PLUS_MINUS": -4, "VIDEO_AVAILABLE": 2}, {"SEASON_ID": "22017", "Player_ID": 1628415, "Game_ID": "0021700080", "GAME_DATE": "OCT 28, 2017", "MATCHUP": "MEM vs. HOU", "WL": "W", "MIN": 29, "FGM": 2, "FGA": 7, "FG_PCT": 0.286, "FG3M": 1, "FG3A": 4, "FG3_PCT": 0.25, "FTM": 1, "FTA": 1, "FT_PCT": 1.0, "OREB": 0, "DREB": 5, "REB": 5, "AST": 3, "STL": 2, "BLK": 0, "TOV": 1, "PF": 2, "PTS": 6, "PLUS_MINUS": 24, "VIDEO_AVAILABLE": 1}, {"SEASON_ID": "22017", "Player_ID": 1628415, "Game_ID": "0021700066", "GAME_DATE": "OCT 26, 2017", "MATCHUP": "MEM vs. DAL", "WL": "W", "MIN": 25, "FGM": 3, "FGA": 7, "FG_PCT": 0.429, "FG3M": 1, "FG3A": 2, "FG3_PCT": 0.5, "FTM": 0, "FTA": 1, "FT_PCT": 0.0, "OREB": 0, "DREB": 5, "REB": 5, "AST": 0, "STL": 2, "BLK": 0, "TOV": 1, "PF": 3, "PTS": 7, "PLUS_MINUS": 13, "VIDEO_AVAILABLE": 1}, {"SEASON_ID": "22017", "Player_ID": 1628415, "Game_ID": "0021700061", "GAME_DATE": "OCT 25, 2017", "MATCHUP": "MEM @ DAL", "WL": "L", "MIN": 28, "FGM": 2, "FGA": 5, "FG_PCT": 0.4, "FG3M": 0, "FG3A": 2, "FG3_PCT": 0.0, "FTM": 0, "FTA": 0, "FT_PCT": 0.0, "OREB": 1, "DREB": 1, "REB": 2, "AST": 0, "STL": 0, "BLK": 0, "TOV": 4, "PF": 5, "PTS": 4, "PLUS_MINUS": -5, "VIDEO_AVAILABLE": 1}, {"SEASON_ID": "22017", "Player_ID": 1628415, "Game_ID": "0021700043", "GAME_DATE": "OCT 23, 2017", "MATCHUP": "MEM @ HOU", "WL": "W", "MIN": 21, "FGM": 1, "FGA": 2, "FG_PCT": 0.5, "FG3M": 0, "FG3A": 1, "FG3_PCT": 0.0, "FTM": 1, "FTA": 2, "FT_PCT": 0.5, "OREB": 0, "DREB": 0, "REB": 0, "AST": 0, "STL": 1, "BLK": 0, "TOV": 1, "PF": 1, "PTS": 3, "PLUS_MINUS": 5, "VIDEO_AVAILABLE": 1}, {"SEASON_ID": "22017", "Player_ID": 1628415, "Game_ID": "0021700033", "GAME_DATE": "OCT 21, 2017", "MATCHUP": "MEM vs. GSW", "WL": "W", "MIN": 32, "FGM": 4, "FGA": 7, "FG_PCT": 0.571, "FG3M": 1, "FG3A": 2, "FG3_PCT": 0.5, "FTM": 0, "FTA": 1, "FT_PCT": 0.0, "OREB": 0, "DREB": 2, "REB": 2, "AST": 2, "STL": 1, "BLK": 1, "TOV": 2, "PF": 5, "PTS": 9, "PLUS_MINUS": 0, "VIDEO_AVAILABLE": 1}, {"SEASON_ID": "22017", "Player_ID": 1628415, "Game_ID": "0021700008", "GAME_DATE": "OCT 18, 2017", "MATCHUP": "MEM vs. NOP", "WL": "W", "MIN": 29, "FGM": 7, "FGA": 13, "FG_PCT": 0.538, "FG3M": 0, "FG3A": 2, "FG3_PCT": 0.0, "FTM": 5, "FTA": 7, "FT_PCT": 0.714, "OREB": 2, "DREB": 3, "REB": 5, "AST": 2, "STL": 4, "BLK": 2, "TOV": 2, "PF": 2, "PTS": 19, "PLUS_MINUS": 17, "VIDEO_AVAILABLE": 1}, {"SEASON_ID": "22018", "Player_ID": 1628415, "Game_ID": "0021800581", "GAME_DATE": "JAN 05, 2019", "MATCHUP": "MEM @ SAS", "WL": "L", "MIN": 17, "FGM": 6, "FGA": 11, "FG_PCT": 0.545, "FG3M": 3, "FG3A": 5, "FG3_PCT": 0.6, "FTM": 0, "FTA": 1, "FT_PCT": 0.0, "OREB": 0, "DREB": 0, "REB": 0, "AST": 1, "STL": 0, "BLK": 0, "TOV": 1, "PF": 4, "PTS": 15, "PLUS_MINUS": 1, "VIDEO_AVAILABLE": 1}, {"SEASON_ID": "22018", "Player_ID": 1628415, "Game_ID": "0021800570", "GAME_DATE": "JAN 04, 2019", "MATCHUP": "MEM vs. BKN", "WL": "L", "MIN": 16, "FGM": 2, "FGA": 9, "FG_PCT": 0.222, "FG3M": 1, "FG3A": 3, "FG3_PCT": 0.333, "FTM": 0, "FTA": 0, "FT_PCT": 0.0, "OREB": 0, "DREB": 0, "REB": 0, "AST": 0, "STL": 1, "BLK": 0, "TOV": 0, "PF": 3, "PTS": 5, "PLUS_MINUS": -6, "VIDEO_AVAILABLE": 1}, {"SEASON_ID": "22018", "Player_ID": 1628415, "Game_ID": "0021800560", "GAME_DATE": "JAN 02, 2019", "MATCHUP": "MEM vs. DET", "WL": "L", "MIN": 18, "FGM": 6, "FGA": 10, "FG_PCT": 0.6, "FG3M": 0, "FG3A": 2, "FG3_PCT": 0.0, "FTM": 2, "FTA": 2, "FT_PCT": 1.0, "OREB": 1, "DREB": 3, "REB": 4, "AST": 1, "STL": 0, "BLK": 0, "TOV": 1, "PF": 4, "PTS": 14, "PLUS_MINUS": -9, "VIDEO_AVAILABLE": 1}, {"SEASON_ID": "22018", "Player_ID": 1628415, "Game_ID": "0021800544", "GAME_DATE": "DEC 31, 2018", "MATCHUP": "MEM @ HOU", "WL": "L", "MIN": 19, "FGM": 1, "FGA": 7, "FG_PCT": 0.143, "FG3M": 0, "FG3A": 3, "FG3_PCT": 0.0, "FTM": 1, "FTA": 2, "FT_PCT": 0.5, "OREB": 2, "DREB": 0, "REB": 2, "AST": 1, "STL": 1, "BLK": 0, "TOV": 3, "PF": 4, "PTS": 3, "PLUS_MINUS": 7, "VIDEO_AVAILABLE": 1}, {"SEASON_ID": "22018", "Player_ID": 1628415, "Game_ID": "0021800531", "GAME_DATE": "DEC 29, 2018", "MATCHUP": "MEM vs. BOS", "WL": "L", "MIN": 25, "FGM": 5, "FGA": 11, "FG_PCT": 0.455, "FG3M": 4, "FG3A": 5, "FG3_PCT": 0.8, "FTM": 5, "FTA": 5, "FT_PCT": 1.0, "OREB": 0, "DREB": 0, "REB": 0, "AST": 1, "STL": 0, "BLK": 0, "TOV": 2, "PF": 2, "PTS": 19, "PLUS_MINUS": -10, "VIDEO_AVAILABLE": 1}, {"SEASON_ID": "22018", "Player_ID": 1628415, "Game_ID": "0021800508", "GAME_DATE": "DEC 26, 2018", "MATCHUP": "MEM vs. CLE", "WL": "W", "MIN": 15, "FGM": 1, "FGA": 3, "FG_PCT": 0.333, "FG3M": 0, "FG3A": 1, "FG3_PCT": 0.0, "FTM": 0, "FTA": 2, "FT_PCT": 0.0, "OREB": 0, "DREB": 2, "REB": 2, "AST": 0, "STL": 0, "BLK": 0, "TOV": 1, "PF": 1, "PTS": 2, "PLUS_MINUS": -3, "VIDEO_AVAILABLE": 1}, {"SEASON_ID": "22018", "Player_ID": 1628415, "Game_ID": "0021800496", "GAME_DATE": "DEC 23, 2018", "MATCHUP": "MEM @ LAL", "WL": "W", "MIN": 12, "FGM": 1, "FGA": 5, "FG_PCT": 0.2, "FG3M": 0, "FG3A": 2, "FG3_PCT": 0.0, "FTM": 0, "FTA": 0, "FT_PCT": 0.0, "OREB": 0, "DREB": 0, "REB": 0, "AST": 2, "STL": 0, "BLK": 0, "TOV": 2, "PF": 2, "PTS": 2, "PLUS_MINUS": 6, "VIDEO_AVAILABLE": 1}, {"SEASON_ID": "22018", "Player_ID": 1628415, "Game_ID": "0021800179", "GAME_DATE": "NOV 10, 2018", "MATCHUP": "MEM vs. PHI", "WL": "W", "MIN": 9, "FGM": 1, "FGA": 4, "FG_PCT": 0.25, "FG3M": 0, "FG3A": 0, "FG3_PCT": 0.0, "FTM": 0, "FTA": 0, "FT_PCT": 0.0, "OREB": 1, "DREB": 3, "REB": 4, "AST": 0, "STL": 0, "BLK": 0, "TOV": 1, "PF": 2, "PTS": 2, "PLUS_MINUS": -3, "VIDEO_AVAILABLE": 1}, {"SEASON_ID": "22018", "Player_ID": 1628415, "Game_ID": "0021800158", "GAME_DATE": "NOV 07, 2018", "MATCHUP": "MEM vs. DEN", "WL": "W", "MIN": 21, "FGM": 1, "FGA": 5, "FG_PCT": 0.2, "FG3M": 0, "FG3A": 1, "FG3_PCT": 0.0, "FTM": 2, "FTA": 2, "FT_PCT": 1.0, "OREB": 1, "DREB": 2, "REB": 3, "AST": 1, "STL": 0, "BLK": 1, "TOV": 2, "PF": 1, "PTS": 4, "PLUS_MINUS": -6, "VIDEO_AVAILABLE": 1}, {"SEASON_ID": "22018", "Player_ID": 1628415, "Game_ID": "0021800147", "GAME_DATE": "NOV 05, 2018", "MATCHUP": "MEM @ GSW", "WL": "L", "MIN": 24, "FGM": 6, "FGA": 13, "FG_PCT": 0.462, "FG3M": 2, "FG3A": 4, "FG3_PCT": 0.5, "FTM": 4, "FTA": 4, "FT_PCT": 1.0, "OREB": 0, "DREB": 1, "REB": 1, "AST": 1, "STL": 1, "BLK": 0, "TOV": 1, "PF": 2, "PTS": 18, "PLUS_MINUS": -2, "VIDEO_AVAILABLE": 1}, {"SEASON_ID": "22018", "Player_ID": 1628415, "Game_ID": "0021800136", "GAME_DATE": "NOV 04, 2018", "MATCHUP": "MEM @ PHX", "WL": "L", "MIN": 29, "FGM": 7, "FGA": 10, "FG_PCT": 0.7, "FG3M": 2, "FG3A": 3, "FG3_PCT": 0.667, "FTM": 1, "FTA": 2, "FT_PCT": 0.5, "OREB": 1, "DREB": 0, "REB": 1, "AST": 0, "STL": 1, "BLK": 0, "TOV": 0, "PF": 4, "PTS": 17, "PLUS_MINUS": -11, "VIDEO_AVAILABLE": 1}, {"SEASON_ID": "22018", "Player_ID": 1628415, "Game_ID": "0021800122", "GAME_DATE": "NOV 02, 2018", "MATCHUP": "MEM @ UTA", "WL": "W", "MIN": 15, "FGM": 3, "FGA": 6, "FG_PCT": 0.5, "FG3M": 0, "FG3A": 2, "FG3_PCT": 0.0, "FTM": 0, "FTA": 0, "FT_PCT": 0.0, "OREB": 0, "DREB": 1, "REB": 1, "AST": 1, "STL": 1, "BLK": 1, "TOV": 0, "PF": 5, "PTS": 6, "PLUS_MINUS": -2, "VIDEO_AVAILABLE": 1}, {"SEASON_ID": "22018", "Player_ID": 1628415, "Game_ID": "0021800102", "GAME_DATE": "OCT 30, 2018", "MATCHUP": "MEM vs. WAS", "WL": "W", "MIN": 25, "FGM": 2, "FGA": 5, "FG_PCT": 0.4, "FG3M": 1, "FG3A": 2, "FG3_PCT": 0.5, "FTM": 2, "FTA": 2, "FT_PCT": 1.0, "OREB": 1, "DREB": 1, "REB": 2, "AST": 2, "STL": 3, "BLK": 1, "TOV": 1, "PF": 5, "PTS": 7, "PLUS_MINUS": -2, "VIDEO_AVAILABLE": 1}, {"SEASON_ID": "22018", "Player_ID": 1628415, "Game_ID": "0021800080", "GAME_DATE": "OCT 27, 2018", "MATCHUP": "MEM vs. PHX", "WL": "W", "MIN": 27, "FGM": 3, "FGA": 8, "FG_PCT": 0.375, "FG3M": 1, "FG3A": 5, "FG3_PCT": 0.2, "FTM": 1, "FTA": 2, "FT_PCT": 0.5, "OREB": 1, "DREB": 5, "REB": 6, "AST": 2, "STL": 2, "BLK": 0, "TOV": 1, "PF": 3, "PTS": 8, "PLUS_MINUS": 20, "VIDEO_AVAILABLE": 1}, {"SEASON_ID": "22018", "Player_ID": 1628415, "Game_ID": "0021800061", "GAME_DATE": "OCT 24, 2018", "MATCHUP": "MEM @ SAC", "WL": "L", "MIN": 14, "FGM": 0, "FGA": 1, "FG_PCT": 0.0, "FG3M": 0, "FG3A": 0, "FG3_PCT": 0.0, "FTM": 2, "FTA": 2, "FT_PCT": 1.0, "OREB": 0, "DREB": 3, "REB": 3, "AST": 1, "STL": 0, "BLK": 0, "TOV": 0, "PF": 3, "PTS": 2, "PLUS_MINUS": 12, "VIDEO_AVAILABLE": 1}, {"SEASON_ID": "22018", "Player_ID": 1628415, "Game_ID": "0021800045", "GAME_DATE": "OCT 22, 2018", "MATCHUP": "MEM @ UTA", "WL": "W", "MIN": 21, "FGM": 3, "FGA": 6, "FG_PCT": 0.5, "FG3M": 1, "FG3A": 1, "FG3_PCT": 1.0, "FTM": 0, "FTA": 0, "FT_PCT": 0.0, "OREB": 0, "DREB": 1, "REB": 1, "AST": 1, "STL": 0, "BLK": 1, "TOV": 1, "PF": 1, "PTS": 7, "PLUS_MINUS": 18, "VIDEO_AVAILABLE": 1}, {"SEASON_ID": "22018", "Player_ID": 1628415, "Game_ID": "0021800020", "GAME_DATE": "OCT 19, 2018", "MATCHUP": "MEM vs. ATL", "WL": "W", "MIN": 17, "FGM": 1, "FGA": 7, "FG_PCT": 0.143, "FG3M": 0, "FG3A": 1, "FG3_PCT": 0.0, "FTM": 2, "FTA": 4, "FT_PCT": 0.5, "OREB": 1, "DREB": 0, "REB": 1, "AST": 1, "STL": 0, "BLK": 0, "TOV": 1, "PF": 3, "PTS": 4, "PLUS_MINUS": -16, "VIDEO_AVAILABLE": 1}, {"SEASON_ID": "22018", "Player_ID": 1628415, "Game_ID": "0021800005", "GAME_DATE": "OCT 17, 2018", "MATCHUP": "MEM @ IND", "WL": "L", "MIN": 6, "FGM": 0, "FGA": 1, "FG_PCT": 0.0, "FG3M": 0, "FG3A": 0, "FG3_PCT": 0.0, "FTM": 0, "FTA": 0, "FT_PCT": 0.0, "OREB": 0, "DREB": 0, "REB": 0, "AST": 0, "STL": 0, "BLK": 0, "TOV": 1, "PF": 1, "PTS": 0, "PLUS_MINUS": -9, "VIDEO_AVAILABLE": 1}]