{"firstName": "Dillon", "lastName": "Brooks", "temporaryDisplayName": "Brooks, Dillon", "personId": "1628415", "teamId": "1610612763", "jersey": "24", "isActive": true, "pos": "G-F", "heightFeet": "6", "heightInches": "6", "heightMeters": "1.98", "weightPounds": "220", "weightKilograms": "99.8", "dateOfBirthUTC": "1996-01-22", "teamSitesOnly": {"playerCode": "dillon_brooks", "posFull": "Guard-Forward", "displayAffiliation": "Oregon/Canada", "freeAgentCode": ""}, "teams": [{"teamId": "1610612763", "seasonStart": "2017", "seasonEnd": "2019"}], "draft": {"teamId": "1610612745", "pickNum": "45", "roundNum": "2", "seasonYear": "2017"}, "nbaDebutYear": "2017", "yearsPro": "2", "collegeName": "Oregon", "lastAffiliation": "Oregon/Canada", "country": "Canada"}