{"firstName": "Henry", "lastName": "Ellenson", "temporaryDisplayName": "Ellenson, Henry", "personId": "1627740", "teamId": "1610612751", "jersey": "4", "isActive": true, "pos": "F-C", "heightFeet": "6", "heightInches": "10", "heightMeters": "2.08", "weightPounds": "240", "weightKilograms": "108.9", "dateOfBirthUTC": "1997-01-13", "teamSitesOnly": {"playerCode": "henry_ellenson", "posFull": "Forward-Center", "displayAffiliation": "Marquette/USA", "freeAgentCode": ""}, "teams": [{"teamId": "1610612765", "seasonStart": "2016", "seasonEnd": "2018"}, {"teamId": "1610612752", "seasonStart": "2018", "seasonEnd": "2018"}, {"teamId": "1610612751", "seasonStart": "2019", "seasonEnd": "2019"}], "draft": {"teamId": "1610612765", "pickNum": "18", "roundNum": "1", "seasonYear": "2016"}, "nbaDebutYear": "2016", "yearsPro": "3", "collegeName": "Marquette", "lastAffiliation": "Marquette/USA", "country": "USA"}