{"firstName": "Trey", "lastName": "Lyles", "temporaryDisplayName": "Lyles, Trey", "personId": "1626168", "teamId": "1610612759", "jersey": "41", "isActive": true, "pos": "F", "heightFeet": "6", "heightInches": "10", "heightMeters": "2.08", "weightPounds": "234", "weightKilograms": "106.1", "dateOfBirthUTC": "1995-11-05", "teamSitesOnly": {"playerCode": "trey_lyles", "posFull": "Forward", "displayAffiliation": "Kentucky/Canada", "freeAgentCode": ""}, "teams": [{"teamId": "1610612762", "seasonStart": "2015", "seasonEnd": "2016"}, {"teamId": "1610612743", "seasonStart": "2017", "seasonEnd": "2018"}, {"teamId": "1610612759", "seasonStart": "2019", "seasonEnd": "2019"}], "draft": {"teamId": "1610612762", "pickNum": "12", "roundNum": "1", "seasonYear": "2015"}, "nbaDebutYear": "2015", "yearsPro": "4", "collegeName": "Kentucky", "lastAffiliation": "Kentucky/USA", "country": "USA"}