{"firstName": "Terry", "lastName": "Larrier", "temporaryDisplayName": "Larrier, Terry", "personId": "1629097", "teamId": "1610612746", "jersey": "11", "isActive": true, "pos": "F", "heightFeet": "6", "heightInches": "8", "heightMeters": "2.03", "weightPounds": "195", "weightKilograms": "88.5", "dateOfBirthUTC": "1995-08-15", "teamSitesOnly": {"playerCode": "terry_larrier", "posFull": "Forward", "displayAffiliation": "Connecticut", "freeAgentCode": ""}, "teams": [{"teamId": "1610612746", "seasonStart": "2019", "seasonEnd": "2019"}], "draft": {"teamId": "", "pickNum": "", "roundNum": "", "seasonYear": ""}, "nbaDebutYear": "", "yearsPro": "0", "collegeName": "Connecticut", "lastAffiliation": "University of Connecticut/USA", "country": "USA"}