{"firstName": "Austin", "lastName": "Rivers", "temporaryDisplayName": "Rivers, Austin", "personId": "203085", "teamId": "1610612745", "jersey": "25", "isActive": true, "pos": "G", "heightFeet": "6", "heightInches": "4", "heightMeters": "1.93", "weightPounds": "200", "weightKilograms": "90.7", "dateOfBirthUTC": "1992-08-01", "teamSitesOnly": {"playerCode": "austin_rivers", "posFull": "Guard", "displayAffiliation": "Duke/USA", "freeAgentCode": ""}, "teams": [{"teamId": "1610612740", "seasonStart": "2012", "seasonEnd": "2014"}, {"teamId": "1610612746", "seasonStart": "2014", "seasonEnd": "2017"}, {"teamId": "1610612764", "seasonStart": "2018", "seasonEnd": "2018"}, {"teamId": "1610612745", "seasonStart": "2018", "seasonEnd": "2019"}], "draft": {"teamId": "1610612740", "pickNum": "10", "roundNum": "1", "seasonYear": "2012"}, "nbaDebutYear": "2012", "yearsPro": "7", "collegeName": "Duke", "lastAffiliation": "Duke/USA", "country": "USA"}