{"firstName": "Patty", "lastName": "Mills", "temporaryDisplayName": "Mills, Patty", "personId": "201988", "teamId": "1610612759", "jersey": "8", "isActive": true, "pos": "G", "heightFeet": "6", "heightInches": "0", "heightMeters": "1.83", "weightPounds": "180", "weightKilograms": "81.6", "dateOfBirthUTC": "1988-08-11", "teamSitesOnly": {"playerCode": "patty_mills", "posFull": "Guard", "displayAffiliation": "St. Mary's (CA)/Australia", "freeAgentCode": ""}, "teams": [{"teamId": "1610612757", "seasonStart": "2009", "seasonEnd": "2010"}, {"teamId": "1610612759", "seasonStart": "2011", "seasonEnd": "2019"}], "draft": {"teamId": "1610612757", "pickNum": "55", "roundNum": "2", "seasonYear": "2009"}, "nbaDebutYear": "2009", "yearsPro": "10", "collegeName": "St. Mary's (CA)", "lastAffiliation": "St. Mary's (CA)/Australia", "country": "Australia"}