[{"SEASON_ID": "22018", "Player_ID": 203107, "Game_ID": "0021801211", "GAME_DATE": "APR 09, 2019", "MATCHUP": "WAS vs. BOS", "WL": "L", "MIN": 28, "FGM": 6, "FGA": 8, "FG_PCT": 0.75, "FG3M": 3, "FG3A": 3, "FG3_PCT": 1.0, "FTM": 4, "FTA": 6, "FT_PCT": 0.667, "OREB": 0, "DREB": 4, "REB": 4, "AST": 5, "STL": 0, "BLK": 0, "TOV": 2, "PF": 1, "PTS": 19, "PLUS_MINUS": 12, "VIDEO_AVAILABLE": 1}, {"SEASON_ID": "22018", "Player_ID": 203107, "Game_ID": "0021801204", "GAME_DATE": "APR 07, 2019", "MATCHUP": "WAS @ NYK", "WL": "L", "MIN": 32, "FGM": 3, "FGA": 7, "FG_PCT": 0.429, "FG3M": 0, "FG3A": 2, "FG3_PCT": 0.0, "FTM": 1, "FTA": 1, "FT_PCT": 1.0, "OREB": 3, "DREB": 2, "REB": 5, "AST": 7, "STL": 2, "BLK": 0, "TOV": 2, "PF": 0, "PTS": 7, "PLUS_MINUS": 4, "VIDEO_AVAILABLE": 1}, {"SEASON_ID": "22018", "Player_ID": 203107, "Game_ID": "0021801182", "GAME_DATE": "APR 05, 2019", "MATCHUP": "WAS vs. SAS", "WL": "L", "MIN": 25, "FGM": 2, "FGA": 7, "FG_PCT": 0.286, "FG3M": 0, "FG3A": 2, "FG3_PCT": 0.0, "FTM": 2, "FTA": 2, "FT_PCT": 1.0, "OREB": 0, "DREB": 0, "REB": 0, "AST": 3, "STL": 0, "BLK": 0, "TOV": 1, "PF": 2, "PTS": 6, "PLUS_MINUS": -6, "VIDEO_AVAILABLE": 1}, {"SEASON_ID": "22018", "Player_ID": 203107, "Game_ID": "0021801167", "GAME_DATE": "APR 03, 2019", "MATCHUP": "WAS vs. CHI", "WL": "L", "MIN": 25, "FGM": 2, "FGA": 8, "FG_PCT": 0.25, "FG3M": 1, "FG3A": 3, "FG3_PCT": 0.333, "FTM": 3, "FTA": 4, "FT_PCT": 0.75, "OREB": 1, "DREB": 2, "REB": 3, "AST": 4, "STL": 1, "BLK": 0, "TOV": 3, "PF": 1, "PTS": 8, "PLUS_MINUS": -1, "VIDEO_AVAILABLE": 1}, {"SEASON_ID": "22018", "Player_ID": 203107, "Game_ID": "0021801148", "GAME_DATE": "MAR 31, 2019", "MATCHUP": "WAS @ DEN", "WL": "W", "MIN": 36, "FGM": 1, "FGA": 6, "FG_PCT": 0.167, "FG3M": 0, "FG3A": 1, "FG3_PCT": 0.0, "FTM": 3, "FTA": 4, "FT_PCT": 0.75, "OREB": 1, "DREB": 5, "REB": 6, "AST": 5, "STL": 1, "BLK": 0, "TOV": 2, "PF": 1, "PTS": 5, "PLUS_MINUS": 8, "VIDEO_AVAILABLE": 1}, {"SEASON_ID": "22018", "Player_ID": 203107, "Game_ID": "0021801134", "GAME_DATE": "MAR 29, 2019", "MATCHUP": "WAS @ UTA", "WL": "L", "MIN": 26, "FGM": 3, "FGA": 5, "FG_PCT": 0.6, "FG3M": 1, "FG3A": 1, "FG3_PCT": 1.0, "FTM": 0, "FTA": 0, "FT_PCT": 0.0, "OREB": 0, "DREB": 2, "REB": 2, "AST": 9, "STL": 1, "BLK": 0, "TOV": 0, "PF": 1, "PTS": 7, "PLUS_MINUS": -2, "VIDEO_AVAILABLE": 1}, {"SEASON_ID": "22018", "Player_ID": 203107, "Game_ID": "0021801120", "GAME_DATE": "MAR 27, 2019", "MATCHUP": "WAS @ PHX", "WL": "W", "MIN": 38, "FGM": 3, "FGA": 5, "FG_PCT": 0.6, "FG3M": 0, "FG3A": 1, "FG3_PCT": 0.0, "FTM": 10, "FTA": 12, "FT_PCT": 0.833, "OREB": 1, "DREB": 0, "REB": 1, "AST": 2, "STL": 3, "BLK": 0, "TOV": 3, "PF": 2, "PTS": 16, "PLUS_MINUS": 7, "VIDEO_AVAILABLE": 1}, {"SEASON_ID": "22018", "Player_ID": 203107, "Game_ID": "0021801116", "GAME_DATE": "MAR 26, 2019", "MATCHUP": "WAS @ LAL", "WL": "L", "MIN": 37, "FGM": 4, "FGA": 10, "FG_PCT": 0.4, "FG3M": 0, "FG3A": 3, "FG3_PCT": 0.0, "FTM": 0, "FTA": 0, "FT_PCT": 0.0, "OREB": 1, "DREB": 4, "REB": 5, "AST": 11, "STL": 1, "BLK": 0, "TOV": 2, "PF": 3, "PTS": 8, "PLUS_MINUS": -6, "VIDEO_AVAILABLE": 1}, {"SEASON_ID": "22018", "Player_ID": 203107, "Game_ID": "0021801089", "GAME_DATE": "MAR 23, 2019", "MATCHUP": "WAS vs. MIA", "WL": "L", "MIN": 36, "FGM": 5, "FGA": 13, "FG_PCT": 0.385, "FG3M": 1, "FG3A": 4, "FG3_PCT": 0.25, "FTM": 1, "FTA": 2, "FT_PCT": 0.5, "OREB": 4, "DREB": 4, "REB": 8, "AST": 8, "STL": 0, "BLK": 0, "TOV": 2, "PF": 3, "PTS": 12, "PLUS_MINUS": -5, "VIDEO_AVAILABLE": 1}, {"SEASON_ID": "22018", "Player_ID": 203107, "Game_ID": "0021801075", "GAME_DATE": "MAR 21, 2019", "MATCHUP": "WAS vs. DEN", "WL": "L", "MIN": 34, "FGM": 5, "FGA": 7, "FG_PCT": 0.714, "FG3M": 2, "FG3A": 3, "FG3_PCT": 0.667, "FTM": 4, "FTA": 4, "FT_PCT": 1.0, "OREB": 2, "DREB": 2, "REB": 4, "AST": 10, "STL": 1, "BLK": 0, "TOV": 4, "PF": 2, "PTS": 16, "PLUS_MINUS": 0, "VIDEO_AVAILABLE": 1}, {"SEASON_ID": "22018", "Player_ID": 203107, "Game_ID": "0021801069", "GAME_DATE": "MAR 20, 2019", "MATCHUP": "WAS @ CHI", "WL": "L", "MIN": 39, "FGM": 7, "FGA": 11, "FG_PCT": 0.636, "FG3M": 2, "FG3A": 5, "FG3_PCT": 0.4, "FTM": 0, "FTA": 0, "FT_PCT": 0.0, "OREB": 1, "DREB": 4, "REB": 5, "AST": 7, "STL": 3, "BLK": 0, "TOV": 3, "PF": 4, "PTS": 16, "PLUS_MINUS": -1, "VIDEO_AVAILABLE": 1}, {"SEASON_ID": "22018", "Player_ID": 203107, "Game_ID": "0021801051", "GAME_DATE": "MAR 18, 2019", "MATCHUP": "WAS vs. UTA", "WL": "L", "MIN": 29, "FGM": 4, "FGA": 7, "FG_PCT": 0.571, "FG3M": 0, "FG3A": 1, "FG3_PCT": 0.0, "FTM": 0, "FTA": 0, "FT_PCT": 0.0, "OREB": 1, "DREB": 1, "REB": 2, "AST": 6, "STL": 2, "BLK": 0, "TOV": 0, "PF": 2, "PTS": 8, "PLUS_MINUS": -9, "VIDEO_AVAILABLE": 1}, {"SEASON_ID": "22018", "Player_ID": 203107, "Game_ID": "0021801035", "GAME_DATE": "MAR 16, 2019", "MATCHUP": "WAS vs. MEM", "WL": "W", "MIN": 38, "FGM": 3, "FGA": 10, "FG_PCT": 0.3, "FG3M": 0, "FG3A": 0, "FG3_PCT": 0.0, "FTM": 9, "FTA": 9, "FT_PCT": 1.0, "OREB": 1, "DREB": 5, "REB": 6, "AST": 7, "STL": 1, "BLK": 1, "TOV": 1, "PF": 2, "PTS": 15, "PLUS_MINUS": -2, "VIDEO_AVAILABLE": 1}, {"SEASON_ID": "22018", "Player_ID": 203107, "Game_ID": "0021801028", "GAME_DATE": "MAR 15, 2019", "MATCHUP": "WAS vs. CHA", "WL": "L", "MIN": 16, "FGM": 1, "FGA": 3, "FG_PCT": 0.333, "FG3M": 0, "FG3A": 2, "FG3_PCT": 0.0, "FTM": 2, "FTA": 2, "FT_PCT": 1.0, "OREB": 0, "DREB": 3, "REB": 3, "AST": 3, "STL": 0, "BLK": 0, "TOV": 0, "PF": 2, "PTS": 4, "PLUS_MINUS": -18, "VIDEO_AVAILABLE": 1}, {"SEASON_ID": "22018", "Player_ID": 203107, "Game_ID": "0021801015", "GAME_DATE": "MAR 13, 2019", "MATCHUP": "WAS vs. ORL", "WL": "W", "MIN": 37, "FGM": 1, "FGA": 8, "FG_PCT": 0.125, "FG3M": 0, "FG3A": 2, "FG3_PCT": 0.0, "FTM": 0, "FTA": 0, "FT_PCT": 0.0, "OREB": 0, "DREB": 6, "REB": 6, "AST": 7, "STL": 0, "BLK": 0, "TOV": 1, "PF": 0, "PTS": 2, "PLUS_MINUS": -2, "VIDEO_AVAILABLE": 1}, {"SEASON_ID": "22018", "Player_ID": 203107, "Game_ID": "0021801002", "GAME_DATE": "MAR 11, 2019", "MATCHUP": "WAS vs. SAC", "WL": "W", "MIN": 37, "FGM": 5, "FGA": 9, "FG_PCT": 0.556, "FG3M": 3, "FG3A": 6, "FG3_PCT": 0.5, "FTM": 4, "FTA": 5, "FT_PCT": 0.8, "OREB": 2, "DREB": 4, "REB": 6, "AST": 7, "STL": 2, "BLK": 0, "TOV": 3, "PF": 4, "PTS": 17, "PLUS_MINUS": 13, "VIDEO_AVAILABLE": 1}, {"SEASON_ID": "22018", "Player_ID": 203107, "Game_ID": "0021800988", "GAME_DATE": "MAR 09, 2019", "MATCHUP": "WAS @ MIN", "WL": "L", "MIN": 41, "FGM": 4, "FGA": 9, "FG_PCT": 0.444, "FG3M": 0, "FG3A": 2, "FG3_PCT": 0.0, "FTM": 1, "FTA": 1, "FT_PCT": 1.0, "OREB": 0, "DREB": 3, "REB": 3, "AST": 11, "STL": 1, "BLK": 0, "TOV": 2, "PF": 4, "PTS": 9, "PLUS_MINUS": -5, "VIDEO_AVAILABLE": 1}, {"SEASON_ID": "22018", "Player_ID": 203107, "Game_ID": "0021800977", "GAME_DATE": "MAR 08, 2019", "MATCHUP": "WAS @ CHA", "WL": "L", "MIN": 37, "FGM": 4, "FGA": 7, "FG_PCT": 0.571, "FG3M": 1, "FG3A": 2, "FG3_PCT": 0.5, "FTM": 2, "FTA": 2, "FT_PCT": 1.0, "OREB": 3, "DREB": 7, "REB": 10, "AST": 6, "STL": 0, "BLK": 1, "TOV": 3, "PF": 3, "PTS": 11, "PLUS_MINUS": -5, "VIDEO_AVAILABLE": 1}, {"SEASON_ID": "22018", "Player_ID": 203107, "Game_ID": "0021800967", "GAME_DATE": "MAR 06, 2019", "MATCHUP": "WAS vs. DAL", "WL": "W", "MIN": 41, "FGM": 4, "FGA": 11, "FG_PCT": 0.364, "FG3M": 0, "FG3A": 4, "FG3_PCT": 0.0, "FTM": 6, "FTA": 7, "FT_PCT": 0.857, "OREB": 4, "DREB": 4, "REB": 8, "AST": 11, "STL": 1, "BLK": 1, "TOV": 3, "PF": 3, "PTS": 14, "PLUS_MINUS": 14, "VIDEO_AVAILABLE": 1}, {"SEASON_ID": "22018", "Player_ID": 203107, "Game_ID": "0021800950", "GAME_DATE": "MAR 03, 2019", "MATCHUP": "WAS vs. MIN", "WL": "W", "MIN": 30, "FGM": 6, "FGA": 8, "FG_PCT": 0.75, "FG3M": 0, "FG3A": 1, "FG3_PCT": 0.0, "FTM": 2, "FTA": 2, "FT_PCT": 1.0, "OREB": 3, "DREB": 0, "REB": 3, "AST": 6, "STL": 0, "BLK": 0, "TOV": 3, "PF": 3, "PTS": 14, "PLUS_MINUS": 13, "VIDEO_AVAILABLE": 1}, {"SEASON_ID": "22018", "Player_ID": 203107, "Game_ID": "0021800931", "GAME_DATE": "MAR 01, 2019", "MATCHUP": "WAS @ BOS", "WL": "L", "MIN": 37, "FGM": 6, "FGA": 12, "FG_PCT": 0.5, "FG3M": 2, "FG3A": 5, "FG3_PCT": 0.4, "FTM": 1, "FTA": 1, "FT_PCT": 1.0, "OREB": 1, "DREB": 4, "REB": 5, "AST": 5, "STL": 1, "BLK": 0, "TOV": 2, "PF": 3, "PTS": 15, "PLUS_MINUS": -13, "VIDEO_AVAILABLE": 1}, {"SEASON_ID": "22018", "Player_ID": 203107, "Game_ID": "0021800914", "GAME_DATE": "FEB 27, 2019", "MATCHUP": "WAS @ BKN", "WL": "W", "MIN": 31, "FGM": 3, "FGA": 7, "FG_PCT": 0.429, "FG3M": 1, "FG3A": 2, "FG3_PCT": 0.5, "FTM": 0, "FTA": 0, "FT_PCT": 0.0, "OREB": 2, "DREB": 0, "REB": 2, "AST": 10, "STL": 0, "BLK": 0, "TOV": 2, "PF": 4, "PTS": 7, "PLUS_MINUS": 1, "VIDEO_AVAILABLE": 1}, {"SEASON_ID": "22018", "Player_ID": 203107, "Game_ID": "0021800886", "GAME_DATE": "FEB 23, 2019", "MATCHUP": "WAS vs. IND", "WL": "L", "MIN": 32, "FGM": 5, "FGA": 7, "FG_PCT": 0.714, "FG3M": 2, "FG3A": 3, "FG3_PCT": 0.667, "FTM": 0, "FTA": 0, "FT_PCT": 0.0, "OREB": 0, "DREB": 0, "REB": 0, "AST": 3, "STL": 6, "BLK": 0, "TOV": 3, "PF": 3, "PTS": 12, "PLUS_MINUS": -7, "VIDEO_AVAILABLE": 1}, {"SEASON_ID": "22018", "Player_ID": 203107, "Game_ID": "0021800873", "GAME_DATE": "FEB 22, 2019", "MATCHUP": "WAS @ CHA", "WL": "L", "MIN": 26, "FGM": 6, "FGA": 9, "FG_PCT": 0.667, "FG3M": 2, "FG3A": 5, "FG3_PCT": 0.4, "FTM": 1, "FTA": 1, "FT_PCT": 1.0, "OREB": 1, "DREB": 2, "REB": 3, "AST": 4, "STL": 1, "BLK": 0, "TOV": 3, "PF": 4, "PTS": 15, "PLUS_MINUS": -1, "VIDEO_AVAILABLE": 1}, {"SEASON_ID": "22018", "Player_ID": 203107, "Game_ID": "0021800830", "GAME_DATE": "FEB 09, 2019", "MATCHUP": "WAS @ CHI", "WL": "W", "MIN": 29, "FGM": 3, "FGA": 8, "FG_PCT": 0.375, "FG3M": 0, "FG3A": 0, "FG3_PCT": 0.0, "FTM": 1, "FTA": 1, "FT_PCT": 1.0, "OREB": 3, "DREB": 4, "REB": 7, "AST": 11, "STL": 0, "BLK": 0, "TOV": 2, "PF": 5, "PTS": 7, "PLUS_MINUS": 7, "VIDEO_AVAILABLE": 1}, {"SEASON_ID": "22018", "Player_ID": 203107, "Game_ID": "0021800819", "GAME_DATE": "FEB 08, 2019", "MATCHUP": "WAS vs. CLE", "WL": "W", "MIN": 36, "FGM": 4, "FGA": 10, "FG_PCT": 0.4, "FG3M": 1, "FG3A": 3, "FG3_PCT": 0.333, "FTM": 0, "FTA": 0, "FT_PCT": 0.0, "OREB": 2, "DREB": 2, "REB": 4, "AST": 3, "STL": 0, "BLK": 0, "TOV": 2, "PF": 2, "PTS": 9, "PLUS_MINUS": 7, "VIDEO_AVAILABLE": 1}, {"SEASON_ID": "22018", "Player_ID": 203107, "Game_ID": "0021800806", "GAME_DATE": "FEB 06, 2019", "MATCHUP": "WAS @ MIL", "WL": "L", "MIN": 38, "FGM": 5, "FGA": 10, "FG_PCT": 0.5, "FG3M": 3, "FG3A": 4, "FG3_PCT": 0.75, "FTM": 3, "FTA": 4, "FT_PCT": 0.75, "OREB": 0, "DREB": 7, "REB": 7, "AST": 10, "STL": 1, "BLK": 0, "TOV": 4, "PF": 1, "PTS": 16, "PLUS_MINUS": -6, "VIDEO_AVAILABLE": 1}, {"SEASON_ID": "22018", "Player_ID": 203107, "Game_ID": "0021800791", "GAME_DATE": "FEB 04, 2019", "MATCHUP": "WAS vs. ATL", "WL": "L", "MIN": 29, "FGM": 3, "FGA": 4, "FG_PCT": 0.75, "FG3M": 1, "FG3A": 1, "FG3_PCT": 1.0, "FTM": 4, "FTA": 6, "FT_PCT": 0.667, "OREB": 4, "DREB": 4, "REB": 8, "AST": 9, "STL": 0, "BLK": 1, "TOV": 1, "PF": 3, "PTS": 11, "PLUS_MINUS": -6, "VIDEO_AVAILABLE": 1}, {"SEASON_ID": "22018", "Player_ID": 203107, "Game_ID": "0021800778", "GAME_DATE": "FEB 02, 2019", "MATCHUP": "WAS vs. MIL", "WL": "L", "MIN": 24, "FGM": 4, "FGA": 7, "FG_PCT": 0.571, "FG3M": 1, "FG3A": 2, "FG3_PCT": 0.5, "FTM": 1, "FTA": 1, "FT_PCT": 1.0, "OREB": 0, "DREB": 5, "REB": 5, "AST": 6, "STL": 1, "BLK": 1, "TOV": 0, "PF": 3, "PTS": 10, "PLUS_MINUS": -9, "VIDEO_AVAILABLE": 1}, {"SEASON_ID": "22018", "Player_ID": 203107, "Game_ID": "0021800759", "GAME_DATE": "JAN 30, 2019", "MATCHUP": "WAS vs. IND", "WL": "W", "MIN": 23, "FGM": 1, "FGA": 2, "FG_PCT": 0.5, "FG3M": 0, "FG3A": 0, "FG3_PCT": 0.0, "FTM": 1, "FTA": 2, "FT_PCT": 0.5, "OREB": 1, "DREB": 1, "REB": 2, "AST": 6, "STL": 1, "BLK": 0, "TOV": 0, "PF": 1, "PTS": 3, "PLUS_MINUS": 12, "VIDEO_AVAILABLE": 1}, {"SEASON_ID": "22018", "Player_ID": 203107, "Game_ID": "0021800749", "GAME_DATE": "JAN 29, 2019", "MATCHUP": "WAS @ CLE", "WL": "L", "MIN": 31, "FGM": 2, "FGA": 8, "FG_PCT": 0.25, "FG3M": 0, "FG3A": 1, "FG3_PCT": 0.0, "FTM": 1, "FTA": 2, "FT_PCT": 0.5, "OREB": 0, "DREB": 3, "REB": 3, "AST": 7, "STL": 1, "BLK": 0, "TOV": 1, "PF": 1, "PTS": 5, "PLUS_MINUS": -16, "VIDEO_AVAILABLE": 1}, {"SEASON_ID": "22018", "Player_ID": 203107, "Game_ID": "0021800742", "GAME_DATE": "JAN 27, 2019", "MATCHUP": "WAS @ SAS", "WL": "L", "MIN": 37, "FGM": 8, "FGA": 13, "FG_PCT": 0.615, "FG3M": 2, "FG3A": 4, "FG3_PCT": 0.5, "FTM": 3, "FTA": 4, "FT_PCT": 0.75, "OREB": 3, "DREB": 6, "REB": 9, "AST": 8, "STL": 1, "BLK": 0, "TOV": 1, "PF": 1, "PTS": 21, "PLUS_MINUS": 1, "VIDEO_AVAILABLE": 1}, {"SEASON_ID": "22018", "Player_ID": 203107, "Game_ID": "0021800720", "GAME_DATE": "JAN 25, 2019", "MATCHUP": "WAS @ ORL", "WL": "W", "MIN": 36, "FGM": 3, "FGA": 8, "FG_PCT": 0.375, "FG3M": 1, "FG3A": 2, "FG3_PCT": 0.5, "FTM": 2, "FTA": 2, "FT_PCT": 1.0, "OREB": 0, "DREB": 3, "REB": 3, "AST": 8, "STL": 1, "BLK": 0, "TOV": 2, "PF": 3, "PTS": 9, "PLUS_MINUS": 10, "VIDEO_AVAILABLE": 1}, {"SEASON_ID": "22018", "Player_ID": 203107, "Game_ID": "0021800716", "GAME_DATE": "JAN 24, 2019", "MATCHUP": "WAS vs. GSW", "WL": "L", "MIN": 39, "FGM": 8, "FGA": 13, "FG_PCT": 0.615, "FG3M": 3, "FG3A": 5, "FG3_PCT": 0.6, "FTM": 1, "FTA": 2, "FT_PCT": 0.5, "OREB": 2, "DREB": 1, "REB": 3, "AST": 10, "STL": 3, "BLK": 0, "TOV": 2, "PF": 1, "PTS": 20, "PLUS_MINUS": 3, "VIDEO_AVAILABLE": 1}, {"SEASON_ID": "22018", "Player_ID": 203107, "Game_ID": "0021800693", "GAME_DATE": "JAN 21, 2019", "MATCHUP": "WAS vs. DET", "WL": "W", "MIN": 38, "FGM": 4, "FGA": 8, "FG_PCT": 0.5, "FG3M": 0, "FG3A": 1, "FG3_PCT": 0.0, "FTM": 2, "FTA": 3, "FT_PCT": 0.667, "OREB": 1, "DREB": 3, "REB": 4, "AST": 8, "STL": 2, "BLK": 0, "TOV": 4, "PF": 3, "PTS": 10, "PLUS_MINUS": 9, "VIDEO_AVAILABLE": 1}, {"SEASON_ID": "22018", "Player_ID": 203107, "Game_ID": "0021800665", "GAME_DATE": "JAN 17, 2019", "MATCHUP": "WAS vs. NYK", "WL": "W", "MIN": 30, "FGM": 6, "FGA": 8, "FG_PCT": 0.75, "FG3M": 2, "FG3A": 2, "FG3_PCT": 1.0, "FTM": 0, "FTA": 0, "FT_PCT": 0.0, "OREB": 1, "DREB": 1, "REB": 2, "AST": 5, "STL": 2, "BLK": 1, "TOV": 1, "PF": 0, "PTS": 14, "PLUS_MINUS": -10, "VIDEO_AVAILABLE": 1}, {"SEASON_ID": "22018", "Player_ID": 203107, "Game_ID": "0021800639", "GAME_DATE": "JAN 13, 2019", "MATCHUP": "WAS vs. TOR", "WL": "L", "MIN": 36, "FGM": 2, "FGA": 13, "FG_PCT": 0.154, "FG3M": 0, "FG3A": 3, "FG3_PCT": 0.0, "FTM": 0, "FTA": 0, "FT_PCT": 0.0, "OREB": 3, "DREB": 4, "REB": 7, "AST": 2, "STL": 2, "BLK": 0, "TOV": 0, "PF": 5, "PTS": 4, "PLUS_MINUS": -16, "VIDEO_AVAILABLE": 1}, {"SEASON_ID": "22018", "Player_ID": 203107, "Game_ID": "0021800622", "GAME_DATE": "JAN 11, 2019", "MATCHUP": "WAS vs. MIL", "WL": "W", "MIN": 35, "FGM": 7, "FGA": 10, "FG_PCT": 0.7, "FG3M": 2, "FG3A": 3, "FG3_PCT": 0.667, "FTM": 2, "FTA": 2, "FT_PCT": 1.0, "OREB": 3, "DREB": 9, "REB": 12, "AST": 10, "STL": 2, "BLK": 0, "TOV": 6, "PF": 3, "PTS": 18, "PLUS_MINUS": 8, "VIDEO_AVAILABLE": 1}, {"SEASON_ID": "22018", "Player_ID": 203107, "Game_ID": "0021800608", "GAME_DATE": "JAN 09, 2019", "MATCHUP": "WAS vs. PHI", "WL": "W", "MIN": 29, "FGM": 1, "FGA": 6, "FG_PCT": 0.167, "FG3M": 0, "FG3A": 0, "FG3_PCT": 0.0, "FTM": 2, "FTA": 2, "FT_PCT": 1.0, "OREB": 0, "DREB": 5, "REB": 5, "AST": 11, "STL": 3, "BLK": 0, "TOV": 2, "PF": 1, "PTS": 4, "PLUS_MINUS": 17, "VIDEO_AVAILABLE": 1}, {"SEASON_ID": "22018", "Player_ID": 203107, "Game_ID": "0021800600", "GAME_DATE": "JAN 08, 2019", "MATCHUP": "WAS @ PHI", "WL": "L", "MIN": 24, "FGM": 3, "FGA": 5, "FG_PCT": 0.6, "FG3M": 1, "FG3A": 2, "FG3_PCT": 0.5, "FTM": 0, "FTA": 0, "FT_PCT": 0.0, "OREB": 0, "DREB": 2, "REB": 2, "AST": 4, "STL": 1, "BLK": 0, "TOV": 2, "PF": 3, "PTS": 7, "PLUS_MINUS": -7, "VIDEO_AVAILABLE": 1}, {"SEASON_ID": "22018", "Player_ID": 203107, "Game_ID": "0021800588", "GAME_DATE": "JAN 06, 2019", "MATCHUP": "WAS @ OKC", "WL": "W", "MIN": 28, "FGM": 5, "FGA": 10, "FG_PCT": 0.5, "FG3M": 2, "FG3A": 5, "FG3_PCT": 0.4, "FTM": 3, "FTA": 4, "FT_PCT": 0.75, "OREB": 1, "DREB": 1, "REB": 2, "AST": 2, "STL": 0, "BLK": 0, "TOV": 1, "PF": 2, "PTS": 15, "PLUS_MINUS": -5, "VIDEO_AVAILABLE": 1}, {"SEASON_ID": "22018", "Player_ID": 203107, "Game_ID": "0021800568", "GAME_DATE": "JAN 04, 2019", "MATCHUP": "WAS @ MIA", "WL": "L", "MIN": 33, "FGM": 4, "FGA": 9, "FG_PCT": 0.444, "FG3M": 0, "FG3A": 1, "FG3_PCT": 0.0, "FTM": 0, "FTA": 0, "FT_PCT": 0.0, "OREB": 0, "DREB": 5, "REB": 5, "AST": 3, "STL": 1, "BLK": 0, "TOV": 2, "PF": 3, "PTS": 8, "PLUS_MINUS": -8, "VIDEO_AVAILABLE": 1}, {"SEASON_ID": "22018", "Player_ID": 203107, "Game_ID": "0021800556", "GAME_DATE": "JAN 02, 2019", "MATCHUP": "WAS vs. ATL", "WL": "W", "MIN": 37, "FGM": 5, "FGA": 10, "FG_PCT": 0.5, "FG3M": 1, "FG3A": 2, "FG3_PCT": 0.5, "FTM": 3, "FTA": 6, "FT_PCT": 0.5, "OREB": 4, "DREB": 7, "REB": 11, "AST": 7, "STL": 2, "BLK": 0, "TOV": 1, "PF": 1, "PTS": 14, "PLUS_MINUS": 13, "VIDEO_AVAILABLE": 1}, {"SEASON_ID": "22018", "Player_ID": 203107, "Game_ID": "0021800530", "GAME_DATE": "DEC 29, 2018", "MATCHUP": "WAS vs. CHA", "WL": "W", "MIN": 33, "FGM": 6, "FGA": 11, "FG_PCT": 0.545, "FG3M": 4, "FG3A": 7, "FG3_PCT": 0.571, "FTM": 4, "FTA": 6, "FT_PCT": 0.667, "OREB": 1, "DREB": 3, "REB": 4, "AST": 6, "STL": 0, "BLK": 0, "TOV": 1, "PF": 3, "PTS": 20, "PLUS_MINUS": 0, "VIDEO_AVAILABLE": 1}, {"SEASON_ID": "22018", "Player_ID": 203107, "Game_ID": "0021800520", "GAME_DATE": "DEC 28, 2018", "MATCHUP": "WAS vs. CHI", "WL": "L", "MIN": 39, "FGM": 4, "FGA": 11, "FG_PCT": 0.364, "FG3M": 1, "FG3A": 4, "FG3_PCT": 0.25, "FTM": 0, "FTA": 0, "FT_PCT": 0.0, "OREB": 0, "DREB": 4, "REB": 4, "AST": 3, "STL": 2, "BLK": 1, "TOV": 2, "PF": 2, "PTS": 9, "PLUS_MINUS": -11, "VIDEO_AVAILABLE": 1}, {"SEASON_ID": "22018", "Player_ID": 203107, "Game_ID": "0021800502", "GAME_DATE": "DEC 26, 2018", "MATCHUP": "WAS @ DET", "WL": "L", "MIN": 21, "FGM": 1, "FGA": 2, "FG_PCT": 0.5, "FG3M": 0, "FG3A": 1, "FG3_PCT": 0.0, "FTM": 0, "FTA": 0, "FT_PCT": 0.0, "OREB": 0, "DREB": 0, "REB": 0, "AST": 1, "STL": 2, "BLK": 0, "TOV": 2, "PF": 2, "PTS": 2, "PLUS_MINUS": -3, "VIDEO_AVAILABLE": 1}, {"SEASON_ID": "22018", "Player_ID": 203107, "Game_ID": "0021800487", "GAME_DATE": "DEC 23, 2018", "MATCHUP": "WAS @ IND", "WL": "L", "MIN": 20, "FGM": 3, "FGA": 6, "FG_PCT": 0.5, "FG3M": 0, "FG3A": 2, "FG3_PCT": 0.0, "FTM": 2, "FTA": 2, "FT_PCT": 1.0, "OREB": 2, "DREB": 1, "REB": 3, "AST": 0, "STL": 2, "BLK": 0, "TOV": 4, "PF": 4, "PTS": 8, "PLUS_MINUS": -11, "VIDEO_AVAILABLE": 1}, {"SEASON_ID": "22018", "Player_ID": 203107, "Game_ID": "0021800480", "GAME_DATE": "DEC 22, 2018", "MATCHUP": "WAS vs. PHX", "WL": "W", "MIN": 48, "FGM": 6, "FGA": 12, "FG_PCT": 0.5, "FG3M": 2, "FG3A": 4, "FG3_PCT": 0.5, "FTM": 3, "FTA": 4, "FT_PCT": 0.75, "OREB": 2, "DREB": 2, "REB": 4, "AST": 9, "STL": 1, "BLK": 0, "TOV": 3, "PF": 3, "PTS": 17, "PLUS_MINUS": 5, "VIDEO_AVAILABLE": 1}, {"SEASON_ID": "22018", "Player_ID": 203107, "Game_ID": "0021800461", "GAME_DATE": "DEC 19, 2018", "MATCHUP": "WAS @ HOU", "WL": "L", "MIN": 22, "FGM": 1, "FGA": 3, "FG_PCT": 0.333, "FG3M": 1, "FG3A": 2, "FG3_PCT": 0.5, "FTM": 0, "FTA": 0, "FT_PCT": 0.0, "OREB": 0, "DREB": 3, "REB": 3, "AST": 2, "STL": 0, "BLK": 0, "TOV": 0, "PF": 0, "PTS": 3, "PLUS_MINUS": -11, "VIDEO_AVAILABLE": 1}, {"SEASON_ID": "22018", "Player_ID": 203107, "Game_ID": "0021800452", "GAME_DATE": "DEC 18, 2018", "MATCHUP": "WAS @ ATL", "WL": "L", "MIN": 21, "FGM": 4, "FGA": 4, "FG_PCT": 1.0, "FG3M": 1, "FG3A": 1, "FG3_PCT": 1.0, "FTM": 2, "FTA": 4, "FT_PCT": 0.5, "OREB": 1, "DREB": 1, "REB": 2, "AST": 2, "STL": 1, "BLK": 0, "TOV": 2, "PF": 5, "PTS": 11, "PLUS_MINUS": -3, "VIDEO_AVAILABLE": 1}, {"SEASON_ID": "22018", "Player_ID": 203107, "Game_ID": "0021800439", "GAME_DATE": "DEC 16, 2018", "MATCHUP": "WAS vs. LAL", "WL": "W", "MIN": 46, "FGM": 4, "FGA": 7, "FG_PCT": 0.571, "FG3M": 1, "FG3A": 2, "FG3_PCT": 0.5, "FTM": 2, "FTA": 2, "FT_PCT": 1.0, "OREB": 2, "DREB": 2, "REB": 4, "AST": 5, "STL": 3, "BLK": 0, "TOV": 2, "PF": 2, "PTS": 11, "PLUS_MINUS": 16, "VIDEO_AVAILABLE": 1}, {"SEASON_ID": "22018", "Player_ID": 203107, "Game_ID": "0021800422", "GAME_DATE": "DEC 14, 2018", "MATCHUP": "WAS @ BKN", "WL": "L", "MIN": 16, "FGM": 3, "FGA": 5, "FG_PCT": 0.6, "FG3M": 1, "FG3A": 1, "FG3_PCT": 1.0, "FTM": 0, "FTA": 0, "FT_PCT": 0.0, "OREB": 0, "DREB": 1, "REB": 1, "AST": 1, "STL": 0, "BLK": 0, "TOV": 1, "PF": 4, "PTS": 7, "PLUS_MINUS": -7, "VIDEO_AVAILABLE": 1}, {"SEASON_ID": "22018", "Player_ID": 203107, "Game_ID": "0021800409", "GAME_DATE": "DEC 12, 2018", "MATCHUP": "WAS vs. BOS", "WL": "L", "MIN": 27, "FGM": 3, "FGA": 6, "FG_PCT": 0.5, "FG3M": 1, "FG3A": 3, "FG3_PCT": 0.333, "FTM": 0, "FTA": 0, "FT_PCT": 0.0, "OREB": 0, "DREB": 0, "REB": 0, "AST": 3, "STL": 1, "BLK": 0, "TOV": 1, "PF": 4, "PTS": 7, "PLUS_MINUS": -4, "VIDEO_AVAILABLE": 1}, {"SEASON_ID": "22018", "Player_ID": 203107, "Game_ID": "0021800391", "GAME_DATE": "DEC 10, 2018", "MATCHUP": "WAS @ IND", "WL": "L", "MIN": 28, "FGM": 2, "FGA": 6, "FG_PCT": 0.333, "FG3M": 0, "FG3A": 1, "FG3_PCT": 0.0, "FTM": 2, "FTA": 2, "FT_PCT": 1.0, "OREB": 1, "DREB": 4, "REB": 5, "AST": 4, "STL": 1, "BLK": 0, "TOV": 1, "PF": 4, "PTS": 6, "PLUS_MINUS": -23, "VIDEO_AVAILABLE": 1}, {"SEASON_ID": "22018", "Player_ID": 203107, "Game_ID": "0021800381", "GAME_DATE": "DEC 08, 2018", "MATCHUP": "WAS @ CLE", "WL": "L", "MIN": 27, "FGM": 3, "FGA": 5, "FG_PCT": 0.6, "FG3M": 1, "FG3A": 3, "FG3_PCT": 0.333, "FTM": 0, "FTA": 0, "FT_PCT": 0.0, "OREB": 0, "DREB": 2, "REB": 2, "AST": 5, "STL": 0, "BLK": 0, "TOV": 0, "PF": 0, "PTS": 7, "PLUS_MINUS": 3, "VIDEO_AVAILABLE": 1}, {"SEASON_ID": "22018", "Player_ID": 203107, "Game_ID": "0021800357", "GAME_DATE": "DEC 05, 2018", "MATCHUP": "WAS @ ATL", "WL": "W", "MIN": 38, "FGM": 5, "FGA": 7, "FG_PCT": 0.714, "FG3M": 2, "FG3A": 3, "FG3_PCT": 0.667, "FTM": 2, "FTA": 2, "FT_PCT": 1.0, "OREB": 1, "DREB": 3, "REB": 4, "AST": 7, "STL": 2, "BLK": 1, "TOV": 0, "PF": 1, "PTS": 14, "PLUS_MINUS": 6, "VIDEO_AVAILABLE": 1}, {"SEASON_ID": "22018", "Player_ID": 203107, "Game_ID": "0021800346", "GAME_DATE": "DEC 03, 2018", "MATCHUP": "WAS @ NYK", "WL": "W", "MIN": 24, "FGM": 1, "FGA": 4, "FG_PCT": 0.25, "FG3M": 1, "FG3A": 3, "FG3_PCT": 0.333, "FTM": 0, "FTA": 0, "FT_PCT": 0.0, "OREB": 0, "DREB": 2, "REB": 2, "AST": 3, "STL": 0, "BLK": 0, "TOV": 0, "PF": 3, "PTS": 3, "PLUS_MINUS": 15, "VIDEO_AVAILABLE": 1}, {"SEASON_ID": "22018", "Player_ID": 203107, "Game_ID": "0021800333", "GAME_DATE": "DEC 01, 2018", "MATCHUP": "WAS vs. BKN", "WL": "W", "MIN": 26, "FGM": 3, "FGA": 4, "FG_PCT": 0.75, "FG3M": 0, "FG3A": 1, "FG3_PCT": 0.0, "FTM": 1, "FTA": 2, "FT_PCT": 0.5, "OREB": 0, "DREB": 1, "REB": 1, "AST": 3, "STL": 0, "BLK": 0, "TOV": 1, "PF": 3, "PTS": 7, "PLUS_MINUS": 9, "VIDEO_AVAILABLE": 1}, {"SEASON_ID": "22018", "Player_ID": 203107, "Game_ID": "0021800322", "GAME_DATE": "NOV 30, 2018", "MATCHUP": "WAS @ PHI", "WL": "L", "MIN": 23, "FGM": 4, "FGA": 7, "FG_PCT": 0.571, "FG3M": 0, "FG3A": 0, "FG3_PCT": 0.0, "FTM": 0, "FTA": 0, "FT_PCT": 0.0, "OREB": 0, "DREB": 0, "REB": 0, "AST": 7, "STL": 2, "BLK": 0, "TOV": 2, "PF": 2, "PTS": 8, "PLUS_MINUS": -6, "VIDEO_AVAILABLE": 1}, {"SEASON_ID": "22018", "Player_ID": 203107, "Game_ID": "0021800312", "GAME_DATE": "NOV 28, 2018", "MATCHUP": "WAS @ NOP", "WL": "L", "MIN": 22, "FGM": 2, "FGA": 5, "FG_PCT": 0.4, "FG3M": 0, "FG3A": 0, "FG3_PCT": 0.0, "FTM": 3, "FTA": 4, "FT_PCT": 0.75, "OREB": 1, "DREB": 1, "REB": 2, "AST": 1, "STL": 1, "BLK": 0, "TOV": 3, "PF": 3, "PTS": 7, "PLUS_MINUS": -2, "VIDEO_AVAILABLE": 1}, {"SEASON_ID": "22018", "Player_ID": 203107, "Game_ID": "0021800296", "GAME_DATE": "NOV 26, 2018", "MATCHUP": "WAS vs. HOU", "WL": "W", "MIN": 19, "FGM": 1, "FGA": 2, "FG_PCT": 0.5, "FG3M": 0, "FG3A": 0, "FG3_PCT": 0.0, "FTM": 2, "FTA": 2, "FT_PCT": 1.0, "OREB": 0, "DREB": 2, "REB": 2, "AST": 7, "STL": 0, "BLK": 0, "TOV": 1, "PF": 3, "PTS": 4, "PLUS_MINUS": 21, "VIDEO_AVAILABLE": 1}, {"SEASON_ID": "22018", "Player_ID": 203107, "Game_ID": "0021800280", "GAME_DATE": "NOV 24, 2018", "MATCHUP": "WAS vs. NOP", "WL": "W", "MIN": 15, "FGM": 1, "FGA": 3, "FG_PCT": 0.333, "FG3M": 0, "FG3A": 1, "FG3_PCT": 0.0, "FTM": 0, "FTA": 0, "FT_PCT": 0.0, "OREB": 1, "DREB": 2, "REB": 3, "AST": 1, "STL": 1, "BLK": 0, "TOV": 2, "PF": 0, "PTS": 2, "PLUS_MINUS": 0, "VIDEO_AVAILABLE": 1}, {"SEASON_ID": "22018", "Player_ID": 203107, "Game_ID": "0021800271", "GAME_DATE": "NOV 23, 2018", "MATCHUP": "WAS @ TOR", "WL": "L", "MIN": 24, "FGM": 3, "FGA": 7, "FG_PCT": 0.429, "FG3M": 1, "FG3A": 4, "FG3_PCT": 0.25, "FTM": 2, "FTA": 2, "FT_PCT": 1.0, "OREB": 1, "DREB": 0, "REB": 1, "AST": 3, "STL": 1, "BLK": 1, "TOV": 1, "PF": 1, "PTS": 9, "PLUS_MINUS": -16, "VIDEO_AVAILABLE": 1}, {"SEASON_ID": "22018", "Player_ID": 203107, "Game_ID": "0021800249", "GAME_DATE": "NOV 20, 2018", "MATCHUP": "WAS vs. LAC", "WL": "W", "MIN": 24, "FGM": 4, "FGA": 7, "FG_PCT": 0.571, "FG3M": 1, "FG3A": 3, "FG3_PCT": 0.333, "FTM": 4, "FTA": 4, "FT_PCT": 1.0, "OREB": 4, "DREB": 3, "REB": 7, "AST": 3, "STL": 3, "BLK": 1, "TOV": 1, "PF": 2, "PTS": 13, "PLUS_MINUS": 2, "VIDEO_AVAILABLE": 1}, {"SEASON_ID": "22018", "Player_ID": 203107, "Game_ID": "0021800237", "GAME_DATE": "NOV 18, 2018", "MATCHUP": "WAS vs. POR", "WL": "L", "MIN": 19, "FGM": 4, "FGA": 5, "FG_PCT": 0.8, "FG3M": 1, "FG3A": 1, "FG3_PCT": 1.0, "FTM": 1, "FTA": 2, "FT_PCT": 0.5, "OREB": 0, "DREB": 2, "REB": 2, "AST": 7, "STL": 1, "BLK": 0, "TOV": 0, "PF": 4, "PTS": 10, "PLUS_MINUS": 22, "VIDEO_AVAILABLE": 1}, {"SEASON_ID": "22018", "Player_ID": 203107, "Game_ID": "0021800219", "GAME_DATE": "NOV 16, 2018", "MATCHUP": "WAS vs. BKN", "WL": "L", "MIN": 12, "FGM": 2, "FGA": 3, "FG_PCT": 0.667, "FG3M": 0, "FG3A": 0, "FG3_PCT": 0.0, "FTM": 0, "FTA": 0, "FT_PCT": 0.0, "OREB": 0, "DREB": 1, "REB": 1, "AST": 1, "STL": 0, "BLK": 1, "TOV": 0, "PF": 2, "PTS": 4, "PLUS_MINUS": -2, "VIDEO_AVAILABLE": 1}, {"SEASON_ID": "22018", "Player_ID": 203107, "Game_ID": "0021800203", "GAME_DATE": "NOV 14, 2018", "MATCHUP": "WAS vs. CLE", "WL": "W", "MIN": 17, "FGM": 4, "FGA": 6, "FG_PCT": 0.667, "FG3M": 0, "FG3A": 1, "FG3_PCT": 0.0, "FTM": 0, "FTA": 0, "FT_PCT": 0.0, "OREB": 1, "DREB": 0, "REB": 1, "AST": 4, "STL": 3, "BLK": 0, "TOV": 1, "PF": 2, "PTS": 8, "PLUS_MINUS": 15, "VIDEO_AVAILABLE": 1}, {"SEASON_ID": "22018", "Player_ID": 203107, "Game_ID": "0021800190", "GAME_DATE": "NOV 12, 2018", "MATCHUP": "WAS vs. ORL", "WL": "W", "MIN": 12, "FGM": 2, "FGA": 4, "FG_PCT": 0.5, "FG3M": 1, "FG3A": 3, "FG3_PCT": 0.333, "FTM": 2, "FTA": 2, "FT_PCT": 1.0, "OREB": 0, "DREB": 1, "REB": 1, "AST": 1, "STL": 0, "BLK": 0, "TOV": 0, "PF": 0, "PTS": 7, "PLUS_MINUS": 9, "VIDEO_AVAILABLE": 1}, {"SEASON_ID": "22018", "Player_ID": 203107, "Game_ID": "0021800177", "GAME_DATE": "NOV 10, 2018", "MATCHUP": "WAS @ MIA", "WL": "W", "MIN": 6, "FGM": 0, "FGA": 1, "FG_PCT": 0.0, "FG3M": 0, "FG3A": 0, "FG3_PCT": 0.0, "FTM": 0, "FTA": 0, "FT_PCT": 0.0, "OREB": 0, "DREB": 1, "REB": 1, "AST": 0, "STL": 0, "BLK": 0, "TOV": 0, "PF": 1, "PTS": 0, "PLUS_MINUS": 0, "VIDEO_AVAILABLE": 1}, {"SEASON_ID": "22018", "Player_ID": 203107, "Game_ID": "0021800167", "GAME_DATE": "NOV 09, 2018", "MATCHUP": "WAS @ ORL", "WL": "L", "MIN": 8, "FGM": 0, "FGA": 1, "FG_PCT": 0.0, "FG3M": 0, "FG3A": 1, "FG3_PCT": 0.0, "FTM": 0, "FTA": 0, "FT_PCT": 0.0, "OREB": 0, "DREB": 0, "REB": 0, "AST": 1, "STL": 0, "BLK": 0, "TOV": 1, "PF": 0, "PTS": 0, "PLUS_MINUS": -10, "VIDEO_AVAILABLE": 1}, {"SEASON_ID": "22018", "Player_ID": 203107, "Game_ID": "0021800150", "GAME_DATE": "NOV 06, 2018", "MATCHUP": "WAS @ DAL", "WL": "L", "MIN": 6, "FGM": 0, "FGA": 1, "FG_PCT": 0.0, "FG3M": 0, "FG3A": 0, "FG3_PCT": 0.0, "FTM": 0, "FTA": 0, "FT_PCT": 0.0, "OREB": 0, "DREB": 0, "REB": 0, "AST": 0, "STL": 1, "BLK": 0, "TOV": 0, "PF": 0, "PTS": 0, "PLUS_MINUS": -8, "VIDEO_AVAILABLE": 1}, {"SEASON_ID": "22018", "Player_ID": 203107, "Game_ID": "0021800135", "GAME_DATE": "NOV 04, 2018", "MATCHUP": "WAS vs. NYK", "WL": "W", "MIN": 14, "FGM": 1, "FGA": 3, "FG_PCT": 0.333, "FG3M": 0, "FG3A": 0, "FG3_PCT": 0.0, "FTM": 2, "FTA": 2, "FT_PCT": 1.0, "OREB": 1, "DREB": 2, "REB": 3, "AST": 2, "STL": 1, "BLK": 0, "TOV": 1, "PF": 1, "PTS": 4, "PLUS_MINUS": -8, "VIDEO_AVAILABLE": 1}, {"SEASON_ID": "22018", "Player_ID": 203107, "Game_ID": "0021800119", "GAME_DATE": "NOV 02, 2018", "MATCHUP": "WAS vs. OKC", "WL": "L", "MIN": 14, "FGM": 1, "FGA": 4, "FG_PCT": 0.25, "FG3M": 0, "FG3A": 1, "FG3_PCT": 0.0, "FTM": 0, "FTA": 0, "FT_PCT": 0.0, "OREB": 1, "DREB": 1, "REB": 2, "AST": 6, "STL": 0, "BLK": 1, "TOV": 0, "PF": 2, "PTS": 2, "PLUS_MINUS": -7, "VIDEO_AVAILABLE": 1}, {"SEASON_ID": "22018", "Player_ID": 203107, "Game_ID": "0021800102", "GAME_DATE": "OCT 30, 2018", "MATCHUP": "WAS @ MEM", "WL": "L", "MIN": 6, "FGM": 1, "FGA": 2, "FG_PCT": 0.5, "FG3M": 1, "FG3A": 1, "FG3_PCT": 1.0, "FTM": 0, "FTA": 0, "FT_PCT": 0.0, "OREB": 0, "DREB": 2, "REB": 2, "AST": 0, "STL": 0, "BLK": 0, "TOV": 0, "PF": 0, "PTS": 3, "PLUS_MINUS": -3, "VIDEO_AVAILABLE": 1}, {"SEASON_ID": "22018", "Player_ID": 203107, "Game_ID": "0021800086", "GAME_DATE": "OCT 28, 2018", "MATCHUP": "WAS @ LAC", "WL": "L", "MIN": 16, "FGM": 4, "FGA": 7, "FG_PCT": 0.571, "FG3M": 1, "FG3A": 1, "FG3_PCT": 1.0, "FTM": 0, "FTA": 0, "FT_PCT": 0.0, "OREB": 0, "DREB": 1, "REB": 1, "AST": 3, "STL": 0, "BLK": 0, "TOV": 0, "PF": 2, "PTS": 9, "PLUS_MINUS": -20, "VIDEO_AVAILABLE": 1}, {"SEASON_ID": "22018", "Player_ID": 203107, "Game_ID": "0021800073", "GAME_DATE": "OCT 26, 2018", "MATCHUP": "WAS @ SAC", "WL": "L", "MIN": 11, "FGM": 1, "FGA": 2, "FG_PCT": 0.5, "FG3M": 0, "FG3A": 0, "FG3_PCT": 0.0, "FTM": 0, "FTA": 0, "FT_PCT": 0.0, "OREB": 0, "DREB": 0, "REB": 0, "AST": 3, "STL": 0, "BLK": 0, "TOV": 0, "PF": 2, "PTS": 2, "PLUS_MINUS": 4, "VIDEO_AVAILABLE": 1}, {"SEASON_ID": "22018", "Player_ID": 203107, "Game_ID": "0021800062", "GAME_DATE": "OCT 24, 2018", "MATCHUP": "WAS @ GSW", "WL": "L", "MIN": 21, "FGM": 0, "FGA": 3, "FG_PCT": 0.0, "FG3M": 0, "FG3A": 2, "FG3_PCT": 0.0, "FTM": 8, "FTA": 8, "FT_PCT": 1.0, "OREB": 0, "DREB": 2, "REB": 2, "AST": 4, "STL": 0, "BLK": 0, "TOV": 1, "PF": 1, "PTS": 8, "PLUS_MINUS": 0, "VIDEO_AVAILABLE": 1}, {"SEASON_ID": "22018", "Player_ID": 203107, "Game_ID": "0021800046", "GAME_DATE": "OCT 22, 2018", "MATCHUP": "WAS @ POR", "WL": "W", "MIN": 11, "FGM": 0, "FGA": 2, "FG_PCT": 0.0, "FG3M": 0, "FG3A": 0, "FG3_PCT": 0.0, "FTM": 0, "FTA": 0, "FT_PCT": 0.0, "OREB": 2, "DREB": 2, "REB": 4, "AST": 0, "STL": 0, "BLK": 0, "TOV": 1, "PF": 1, "PTS": 0, "PLUS_MINUS": -11, "VIDEO_AVAILABLE": 1}, {"SEASON_ID": "22018", "Player_ID": 203107, "Game_ID": "0021800027", "GAME_DATE": "OCT 20, 2018", "MATCHUP": "WAS vs. TOR", "WL": "L", "MIN": 13, "FGM": 1, "FGA": 4, "FG_PCT": 0.25, "FG3M": 1, "FG3A": 1, "FG3_PCT": 1.0, "FTM": 2, "FTA": 2, "FT_PCT": 1.0, "OREB": 0, "DREB": 1, "REB": 1, "AST": 1, "STL": 1, "BLK": 0, "TOV": 0, "PF": 2, "PTS": 5, "PLUS_MINUS": -7, "VIDEO_AVAILABLE": 1}, {"SEASON_ID": "22018", "Player_ID": 203107, "Game_ID": "0021800015", "GAME_DATE": "OCT 18, 2018", "MATCHUP": "WAS vs. MIA", "WL": "L", "MIN": 14, "FGM": 1, "FGA": 2, "FG_PCT": 0.5, "FG3M": 0, "FG3A": 0, "FG3_PCT": 0.0, "FTM": 2, "FTA": 2, "FT_PCT": 1.0, "OREB": 0, "DREB": 3, "REB": 3, "AST": 3, "STL": 0, "BLK": 1, "TOV": 1, "PF": 2, "PTS": 4, "PLUS_MINUS": 0, "VIDEO_AVAILABLE": 1}, {"SEASON_ID": "22017", "Player_ID": 203107, "Game_ID": "0021701222", "GAME_DATE": "APR 11, 2018", "MATCHUP": "WAS @ ORL", "WL": "L", "MIN": 42, "FGM": 6, "FGA": 13, "FG_PCT": 0.462, "FG3M": 1, "FG3A": 4, "FG3_PCT": 0.25, "FTM": 0, "FTA": 0, "FT_PCT": 0.0, "OREB": 5, "DREB": 4, "REB": 9, "AST": 4, "STL": 1, "BLK": 0, "TOV": 2, "PF": 0, "PTS": 13, "PLUS_MINUS": -4, "VIDEO_AVAILABLE": 1}, {"SEASON_ID": "22017", "Player_ID": 203107, "Game_ID": "0021701215", "GAME_DATE": "APR 10, 2018", "MATCHUP": "WAS vs. BOS", "WL": "W", "MIN": 20, "FGM": 3, "FGA": 4, "FG_PCT": 0.75, "FG3M": 1, "FG3A": 2, "FG3_PCT": 0.5, "FTM": 0, "FTA": 0, "FT_PCT": 0.0, "OREB": 1, "DREB": 4, "REB": 5, "AST": 5, "STL": 1, "BLK": 0, "TOV": 1, "PF": 2, "PTS": 7, "PLUS_MINUS": 10, "VIDEO_AVAILABLE": 1}, {"SEASON_ID": "22017", "Player_ID": 203107, "Game_ID": "0021701184", "GAME_DATE": "APR 06, 2018", "MATCHUP": "WAS vs. ATL", "WL": "L", "MIN": 29, "FGM": 4, "FGA": 8, "FG_PCT": 0.5, "FG3M": 0, "FG3A": 0, "FG3_PCT": 0.0, "FTM": 0, "FTA": 0, "FT_PCT": 0.0, "OREB": 2, "DREB": 3, "REB": 5, "AST": 2, "STL": 0, "BLK": 0, "TOV": 1, "PF": 1, "PTS": 8, "PLUS_MINUS": -10, "VIDEO_AVAILABLE": 1}, {"SEASON_ID": "22017", "Player_ID": 203107, "Game_ID": "0021701176", "GAME_DATE": "APR 05, 2018", "MATCHUP": "WAS @ CLE", "WL": "L", "MIN": 16, "FGM": 2, "FGA": 4, "FG_PCT": 0.5, "FG3M": 1, "FG3A": 1, "FG3_PCT": 1.0, "FTM": 0, "FTA": 0, "FT_PCT": 0.0, "OREB": 1, "DREB": 1, "REB": 2, "AST": 4, "STL": 0, "BLK": 1, "TOV": 1, "PF": 0, "PTS": 5, "PLUS_MINUS": 3, "VIDEO_AVAILABLE": 1}, {"SEASON_ID": "22017", "Player_ID": 203107, "Game_ID": "0021701161", "GAME_DATE": "APR 03, 2018", "MATCHUP": "WAS @ HOU", "WL": "L", "MIN": 27, "FGM": 4, "FGA": 7, "FG_PCT": 0.571, "FG3M": 0, "FG3A": 0, "FG3_PCT": 0.0, "FTM": 0, "FTA": 0, "FT_PCT": 0.0, "OREB": 1, "DREB": 4, "REB": 5, "AST": 2, "STL": 0, "BLK": 0, "TOV": 1, "PF": 4, "PTS": 8, "PLUS_MINUS": -4, "VIDEO_AVAILABLE": 1}, {"SEASON_ID": "22017", "Player_ID": 203107, "Game_ID": "0021701144", "GAME_DATE": "APR 01, 2018", "MATCHUP": "WAS @ CHI", "WL": "L", "MIN": 32, "FGM": 3, "FGA": 5, "FG_PCT": 0.6, "FG3M": 1, "FG3A": 2, "FG3_PCT": 0.5, "FTM": 2, "FTA": 2, "FT_PCT": 1.0, "OREB": 1, "DREB": 4, "REB": 5, "AST": 6, "STL": 0, "BLK": 1, "TOV": 4, "PF": 2, "PTS": 9, "PLUS_MINUS": -7, "VIDEO_AVAILABLE": 1}, {"SEASON_ID": "22017", "Player_ID": 203107, "Game_ID": "0021701138", "GAME_DATE": "MAR 31, 2018", "MATCHUP": "WAS vs. CHA", "WL": "W", "MIN": 26, "FGM": 3, "FGA": 6, "FG_PCT": 0.5, "FG3M": 0, "FG3A": 0, "FG3_PCT": 0.0, "FTM": 0, "FTA": 0, "FT_PCT": 0.0, "OREB": 0, "DREB": 3, "REB": 3, "AST": 4, "STL": 1, "BLK": 0, "TOV": 0, "PF": 4, "PTS": 6, "PLUS_MINUS": 0, "VIDEO_AVAILABLE": 1}, {"SEASON_ID": "22017", "Player_ID": 203107, "Game_ID": "0021701124", "GAME_DATE": "MAR 29, 2018", "MATCHUP": "WAS @ DET", "WL": "L", "MIN": 35, "FGM": 4, "FGA": 8, "FG_PCT": 0.5, "FG3M": 1, "FG3A": 3, "FG3_PCT": 0.333, "FTM": 2, "FTA": 2, "FT_PCT": 1.0, "OREB": 3, "DREB": 2, "REB": 5, "AST": 6, "STL": 1, "BLK": 0, "TOV": 1, "PF": 3, "PTS": 11, "PLUS_MINUS": -2, "VIDEO_AVAILABLE": 1}, {"SEASON_ID": "22017", "Player_ID": 203107, "Game_ID": "0021701108", "GAME_DATE": "MAR 27, 2018", "MATCHUP": "WAS vs. SAS", "WL": "W", "MIN": 24, "FGM": 3, "FGA": 6, "FG_PCT": 0.5, "FG3M": 1, "FG3A": 1, "FG3_PCT": 1.0, "FTM": 0, "FTA": 0, "FT_PCT": 0.0, "OREB": 1, "DREB": 7, "REB": 8, "AST": 4, "STL": 0, "BLK": 1, "TOV": 3, "PF": 4, "PTS": 7, "PLUS_MINUS": 8, "VIDEO_AVAILABLE": 1}, {"SEASON_ID": "22017", "Player_ID": 203107, "Game_ID": "0021701098", "GAME_DATE": "MAR 25, 2018", "MATCHUP": "WAS vs. NYK", "WL": "L", "MIN": 36, "FGM": 3, "FGA": 4, "FG_PCT": 0.75, "FG3M": 1, "FG3A": 1, "FG3_PCT": 1.0, "FTM": 2, "FTA": 2, "FT_PCT": 1.0, "OREB": 0, "DREB": 4, "REB": 4, "AST": 10, "STL": 3, "BLK": 1, "TOV": 3, "PF": 4, "PTS": 9, "PLUS_MINUS": 6, "VIDEO_AVAILABLE": 1}, {"SEASON_ID": "22017", "Player_ID": 203107, "Game_ID": "0021701079", "GAME_DATE": "MAR 23, 2018", "MATCHUP": "WAS vs. DEN", "WL": "L", "MIN": 26, "FGM": 3, "FGA": 6, "FG_PCT": 0.5, "FG3M": 1, "FG3A": 1, "FG3_PCT": 1.0, "FTM": 0, "FTA": 0, "FT_PCT": 0.0, "OREB": 0, "DREB": 4, "REB": 4, "AST": 6, "STL": 0, "BLK": 0, "TOV": 2, "PF": 1, "PTS": 7, "PLUS_MINUS": 5, "VIDEO_AVAILABLE": 1}, {"SEASON_ID": "22017", "Player_ID": 203107, "Game_ID": "0021701071", "GAME_DATE": "MAR 21, 2018", "MATCHUP": "WAS @ SAS", "WL": "L", "MIN": 32, "FGM": 0, "FGA": 8, "FG_PCT": 0.0, "FG3M": 0, "FG3A": 1, "FG3_PCT": 0.0, "FTM": 0, "FTA": 0, "FT_PCT": 0.0, "OREB": 4, "DREB": 2, "REB": 6, "AST": 6, "STL": 1, "BLK": 0, "TOV": 1, "PF": 2, "PTS": 0, "PLUS_MINUS": -9, "VIDEO_AVAILABLE": 1}, {"SEASON_ID": "22017", "Player_ID": 203107, "Game_ID": "0021701035", "GAME_DATE": "MAR 17, 2018", "MATCHUP": "WAS vs. IND", "WL": "W", "MIN": 36, "FGM": 5, "FGA": 7, "FG_PCT": 0.714, "FG3M": 1, "FG3A": 1, "FG3_PCT": 1.0, "FTM": 1, "FTA": 2, "FT_PCT": 0.5, "OREB": 1, "DREB": 4, "REB": 5, "AST": 8, "STL": 0, "BLK": 0, "TOV": 3, "PF": 2, "PTS": 12, "PLUS_MINUS": 16, "VIDEO_AVAILABLE": 1}, {"SEASON_ID": "22017", "Player_ID": 203107, "Game_ID": "0021701017", "GAME_DATE": "MAR 14, 2018", "MATCHUP": "WAS @ BOS", "WL": "W", "MIN": 35, "FGM": 4, "FGA": 8, "FG_PCT": 0.5, "FG3M": 0, "FG3A": 2, "FG3_PCT": 0.0, "FTM": 2, "FTA": 2, "FT_PCT": 1.0, "OREB": 1, "DREB": 1, "REB": 2, "AST": 6, "STL": 2, "BLK": 0, "TOV": 0, "PF": 5, "PTS": 10, "PLUS_MINUS": 5, "VIDEO_AVAILABLE": 1}, {"SEASON_ID": "22017", "Player_ID": 203107, "Game_ID": "0021701006", "GAME_DATE": "MAR 13, 2018", "MATCHUP": "WAS vs. MIN", "WL": "L", "MIN": 32, "FGM": 4, "FGA": 7, "FG_PCT": 0.571, "FG3M": 1, "FG3A": 1, "FG3_PCT": 1.0, "FTM": 6, "FTA": 6, "FT_PCT": 1.0, "OREB": 2, "DREB": 6, "REB": 8, "AST": 7, "STL": 3, "BLK": 0, "TOV": 1, "PF": 3, "PTS": 15, "PLUS_MINUS": 2, "VIDEO_AVAILABLE": 1}, {"SEASON_ID": "22017", "Player_ID": 203107, "Game_ID": "0021700988", "GAME_DATE": "MAR 10, 2018", "MATCHUP": "WAS @ MIA", "WL": "L", "MIN": 29, "FGM": 2, "FGA": 7, "FG_PCT": 0.286, "FG3M": 0, "FG3A": 1, "FG3_PCT": 0.0, "FTM": 5, "FTA": 7, "FT_PCT": 0.714, "OREB": 2, "DREB": 3, "REB": 5, "AST": 1, "STL": 1, "BLK": 0, "TOV": 2, "PF": 1, "PTS": 9, "PLUS_MINUS": -23, "VIDEO_AVAILABLE": 1}, {"SEASON_ID": "22017", "Player_ID": 203107, "Game_ID": "0021700982", "GAME_DATE": "MAR 09, 2018", "MATCHUP": "WAS @ NOP", "WL": "W", "MIN": 31, "FGM": 4, "FGA": 8, "FG_PCT": 0.5, "FG3M": 0, "FG3A": 2, "FG3_PCT": 0.0, "FTM": 0, "FTA": 0, "FT_PCT": 0.0, "OREB": 0, "DREB": 5, "REB": 5, "AST": 9, "STL": 1, "BLK": 1, "TOV": 1, "PF": 3, "PTS": 8, "PLUS_MINUS": 26, "VIDEO_AVAILABLE": 1}, {"SEASON_ID": "22017", "Player_ID": 203107, "Game_ID": "0021700959", "GAME_DATE": "MAR 06, 2018", "MATCHUP": "WAS vs. MIA", "WL": "W", "MIN": 40, "FGM": 6, "FGA": 12, "FG_PCT": 0.5, "FG3M": 1, "FG3A": 2, "FG3_PCT": 0.5, "FTM": 6, "FTA": 8, "FT_PCT": 0.75, "OREB": 2, "DREB": 1, "REB": 3, "AST": 7, "STL": 1, "BLK": 1, "TOV": 2, "PF": 2, "PTS": 19, "PLUS_MINUS": 21, "VIDEO_AVAILABLE": 1}, {"SEASON_ID": "22017", "Player_ID": 203107, "Game_ID": "0021700945", "GAME_DATE": "MAR 04, 2018", "MATCHUP": "WAS vs. IND", "WL": "L", "MIN": 22, "FGM": 3, "FGA": 4, "FG_PCT": 0.75, "FG3M": 1, "FG3A": 1, "FG3_PCT": 1.0, "FTM": 0, "FTA": 0, "FT_PCT": 0.0, "OREB": 0, "DREB": 2, "REB": 2, "AST": 1, "STL": 0, "BLK": 0, "TOV": 2, "PF": 4, "PTS": 7, "PLUS_MINUS": -8, "VIDEO_AVAILABLE": 1}, {"SEASON_ID": "22017", "Player_ID": 203107, "Game_ID": "0021700929", "GAME_DATE": "MAR 02, 2018", "MATCHUP": "WAS vs. TOR", "WL": "L", "MIN": 35, "FGM": 4, "FGA": 7, "FG_PCT": 0.571, "FG3M": 2, "FG3A": 4, "FG3_PCT": 0.5, "FTM": 0, "FTA": 0, "FT_PCT": 0.0, "OREB": 2, "DREB": 4, "REB": 6, "AST": 8, "STL": 0, "BLK": 0, "TOV": 6, "PF": 3, "PTS": 10, "PLUS_MINUS": -2, "VIDEO_AVAILABLE": 1}, {"SEASON_ID": "22017", "Player_ID": 203107, "Game_ID": "0021700917", "GAME_DATE": "FEB 28, 2018", "MATCHUP": "WAS vs. GSW", "WL": "L", "MIN": 33, "FGM": 5, "FGA": 8, "FG_PCT": 0.625, "FG3M": 1, "FG3A": 2, "FG3_PCT": 0.5, "FTM": 0, "FTA": 0, "FT_PCT": 0.0, "OREB": 3, "DREB": 3, "REB": 6, "AST": 3, "STL": 0, "BLK": 0, "TOV": 2, "PF": 2, "PTS": 11, "PLUS_MINUS": -22, "VIDEO_AVAILABLE": 2}, {"SEASON_ID": "22017", "Player_ID": 203107, "Game_ID": "0021700910", "GAME_DATE": "FEB 27, 2018", "MATCHUP": "WAS @ MIL", "WL": "W", "MIN": 20, "FGM": 4, "FGA": 6, "FG_PCT": 0.667, "FG3M": 0, "FG3A": 2, "FG3_PCT": 0.0, "FTM": 0, "FTA": 0, "FT_PCT": 0.0, "OREB": 0, "DREB": 2, "REB": 2, "AST": 6, "STL": 1, "BLK": 0, "TOV": 3, "PF": 4, "PTS": 8, "PLUS_MINUS": 11, "VIDEO_AVAILABLE": 1}, {"SEASON_ID": "22017", "Player_ID": 203107, "Game_ID": "0021700895", "GAME_DATE": "FEB 25, 2018", "MATCHUP": "WAS vs. PHI", "WL": "W", "MIN": 32, "FGM": 2, "FGA": 3, "FG_PCT": 0.667, "FG3M": 1, "FG3A": 1, "FG3_PCT": 1.0, "FTM": 2, "FTA": 2, "FT_PCT": 1.0, "OREB": 1, "DREB": 6, "REB": 7, "AST": 10, "STL": 1, "BLK": 0, "TOV": 2, "PF": 3, "PTS": 7, "PLUS_MINUS": 13, "VIDEO_AVAILABLE": 1}, {"SEASON_ID": "22017", "Player_ID": 203107, "Game_ID": "0021700875", "GAME_DATE": "FEB 23, 2018", "MATCHUP": "WAS vs. CHA", "WL": "L", "MIN": 34, "FGM": 4, "FGA": 10, "FG_PCT": 0.4, "FG3M": 1, "FG3A": 3, "FG3_PCT": 0.333, "FTM": 2, "FTA": 2, "FT_PCT": 1.0, "OREB": 1, "DREB": 1, "REB": 2, "AST": 2, "STL": 1, "BLK": 0, "TOV": 1, "PF": 0, "PTS": 11, "PLUS_MINUS": -9, "VIDEO_AVAILABLE": 1}, {"SEASON_ID": "22017", "Player_ID": 203107, "Game_ID": "0021700869", "GAME_DATE": "FEB 22, 2018", "MATCHUP": "WAS @ CLE", "WL": "W", "MIN": 31, "FGM": 6, "FGA": 7, "FG_PCT": 0.857, "FG3M": 1, "FG3A": 1, "FG3_PCT": 1.0, "FTM": 4, "FTA": 4, "FT_PCT": 1.0, "OREB": 1, "DREB": 3, "REB": 4, "AST": 8, "STL": 2, "BLK": 0, "TOV": 0, "PF": 4, "PTS": 17, "PLUS_MINUS": 7, "VIDEO_AVAILABLE": 1}, {"SEASON_ID": "22017", "Player_ID": 203107, "Game_ID": "0021700857", "GAME_DATE": "FEB 14, 2018", "MATCHUP": "WAS @ NYK", "WL": "W", "MIN": 33, "FGM": 4, "FGA": 8, "FG_PCT": 0.5, "FG3M": 1, "FG3A": 4, "FG3_PCT": 0.25, "FTM": 0, "FTA": 0, "FT_PCT": 0.0, "OREB": 1, "DREB": 3, "REB": 4, "AST": 11, "STL": 0, "BLK": 3, "TOV": 1, "PF": 2, "PTS": 9, "PLUS_MINUS": 9, "VIDEO_AVAILABLE": 1}, {"SEASON_ID": "22017", "Player_ID": 203107, "Game_ID": "0021700829", "GAME_DATE": "FEB 10, 2018", "MATCHUP": "WAS @ CHI", "WL": "W", "MIN": 37, "FGM": 10, "FGA": 12, "FG_PCT": 0.833, "FG3M": 5, "FG3A": 6, "FG3_PCT": 0.833, "FTM": 0, "FTA": 0, "FT_PCT": 0.0, "OREB": 1, "DREB": 2, "REB": 3, "AST": 6, "STL": 2, "BLK": 0, "TOV": 2, "PF": 2, "PTS": 25, "PLUS_MINUS": 15, "VIDEO_AVAILABLE": 1}, {"SEASON_ID": "22017", "Player_ID": 203107, "Game_ID": "0021700813", "GAME_DATE": "FEB 08, 2018", "MATCHUP": "WAS vs. BOS", "WL": "L", "MIN": 34, "FGM": 6, "FGA": 12, "FG_PCT": 0.5, "FG3M": 2, "FG3A": 2, "FG3_PCT": 1.0, "FTM": 0, "FTA": 0, "FT_PCT": 0.0, "OREB": 2, "DREB": 2, "REB": 4, "AST": 4, "STL": 1, "BLK": 2, "TOV": 3, "PF": 2, "PTS": 14, "PLUS_MINUS": 5, "VIDEO_AVAILABLE": 1}, {"SEASON_ID": "22017", "Player_ID": 203107, "Game_ID": "0021700802", "GAME_DATE": "FEB 06, 2018", "MATCHUP": "WAS @ PHI", "WL": "L", "MIN": 22, "FGM": 2, "FGA": 6, "FG_PCT": 0.333, "FG3M": 0, "FG3A": 1, "FG3_PCT": 0.0, "FTM": 2, "FTA": 2, "FT_PCT": 1.0, "OREB": 1, "DREB": 1, "REB": 2, "AST": 3, "STL": 2, "BLK": 0, "TOV": 2, "PF": 1, "PTS": 6, "PLUS_MINUS": -11, "VIDEO_AVAILABLE": 1}, {"SEASON_ID": "22017", "Player_ID": 203107, "Game_ID": "0021700791", "GAME_DATE": "FEB 05, 2018", "MATCHUP": "WAS @ IND", "WL": "W", "MIN": 22, "FGM": 2, "FGA": 3, "FG_PCT": 0.667, "FG3M": 0, "FG3A": 0, "FG3_PCT": 0.0, "FTM": 1, "FTA": 1, "FT_PCT": 1.0, "OREB": 0, "DREB": 2, "REB": 2, "AST": 6, "STL": 2, "BLK": 0, "TOV": 0, "PF": 2, "PTS": 5, "PLUS_MINUS": 7, "VIDEO_AVAILABLE": 1}, {"SEASON_ID": "22017", "Player_ID": 203107, "Game_ID": "0021700778", "GAME_DATE": "FEB 03, 2018", "MATCHUP": "WAS @ ORL", "WL": "W", "MIN": 25, "FGM": 7, "FGA": 9, "FG_PCT": 0.778, "FG3M": 3, "FG3A": 3, "FG3_PCT": 1.0, "FTM": 2, "FTA": 2, "FT_PCT": 1.0, "OREB": 2, "DREB": 1, "REB": 3, "AST": 6, "STL": 2, "BLK": 0, "TOV": 1, "PF": 2, "PTS": 19, "PLUS_MINUS": 24, "VIDEO_AVAILABLE": 1}, {"SEASON_ID": "22017", "Player_ID": 203107, "Game_ID": "0021700762", "GAME_DATE": "FEB 01, 2018", "MATCHUP": "WAS vs. TOR", "WL": "W", "MIN": 28, "FGM": 4, "FGA": 9, "FG_PCT": 0.444, "FG3M": 0, "FG3A": 2, "FG3_PCT": 0.0, "FTM": 2, "FTA": 2, "FT_PCT": 1.0, "OREB": 1, "DREB": 2, "REB": 3, "AST": 4, "STL": 2, "BLK": 0, "TOV": 3, "PF": 2, "PTS": 10, "PLUS_MINUS": -1, "VIDEO_AVAILABLE": 1}, {"SEASON_ID": "22017", "Player_ID": 203107, "Game_ID": "0021700744", "GAME_DATE": "JAN 30, 2018", "MATCHUP": "WAS vs. OKC", "WL": "W", "MIN": 30, "FGM": 0, "FGA": 4, "FG_PCT": 0.0, "FG3M": 0, "FG3A": 2, "FG3_PCT": 0.0, "FTM": 4, "FTA": 4, "FT_PCT": 1.0, "OREB": 1, "DREB": 4, "REB": 5, "AST": 6, "STL": 2, "BLK": 1, "TOV": 1, "PF": 3, "PTS": 4, "PLUS_MINUS": 21, "VIDEO_AVAILABLE": 1}, {"SEASON_ID": "22017", "Player_ID": 203107, "Game_ID": "0021700726", "GAME_DATE": "JAN 27, 2018", "MATCHUP": "WAS @ ATL", "WL": "W", "MIN": 21, "FGM": 3, "FGA": 5, "FG_PCT": 0.6, "FG3M": 3, "FG3A": 3, "FG3_PCT": 1.0, "FTM": 2, "FTA": 2, "FT_PCT": 1.0, "OREB": 0, "DREB": 3, "REB": 3, "AST": 7, "STL": 0, "BLK": 0, "TOV": 1, "PF": 2, "PTS": 11, "PLUS_MINUS": 12, "VIDEO_AVAILABLE": 1}, {"SEASON_ID": "22017", "Player_ID": 203107, "Game_ID": "0021700711", "GAME_DATE": "JAN 25, 2018", "MATCHUP": "WAS @ OKC", "WL": "L", "MIN": 13, "FGM": 1, "FGA": 2, "FG_PCT": 0.5, "FG3M": 0, "FG3A": 0, "FG3_PCT": 0.0, "FTM": 0, "FTA": 0, "FT_PCT": 0.0, "OREB": 0, "DREB": 0, "REB": 0, "AST": 1, "STL": 0, "BLK": 0, "TOV": 2, "PF": 1, "PTS": 2, "PLUS_MINUS": -10, "VIDEO_AVAILABLE": 1}, {"SEASON_ID": "22017", "Player_ID": 203107, "Game_ID": "0021700693", "GAME_DATE": "JAN 22, 2018", "MATCHUP": "WAS @ DAL", "WL": "L", "MIN": 19, "FGM": 1, "FGA": 3, "FG_PCT": 0.333, "FG3M": 0, "FG3A": 1, "FG3_PCT": 0.0, "FTM": 0, "FTA": 0, "FT_PCT": 0.0, "OREB": 1, "DREB": 1, "REB": 2, "AST": 2, "STL": 0, "BLK": 0, "TOV": 0, "PF": 1, "PTS": 2, "PLUS_MINUS": -22, "VIDEO_AVAILABLE": 1}, {"SEASON_ID": "22017", "Player_ID": 203107, "Game_ID": "0021700669", "GAME_DATE": "JAN 19, 2018", "MATCHUP": "WAS @ DET", "WL": "W", "MIN": 12, "FGM": 0, "FGA": 1, "FG_PCT": 0.0, "FG3M": 0, "FG3A": 1, "FG3_PCT": 0.0, "FTM": 0, "FTA": 0, "FT_PCT": 0.0, "OREB": 0, "DREB": 1, "REB": 1, "AST": 2, "STL": 1, "BLK": 1, "TOV": 0, "PF": 0, "PTS": 0, "PLUS_MINUS": 7, "VIDEO_AVAILABLE": 1}, {"SEASON_ID": "22017", "Player_ID": 203107, "Game_ID": "0021700653", "GAME_DATE": "JAN 17, 2018", "MATCHUP": "WAS @ CHA", "WL": "L", "MIN": 26, "FGM": 2, "FGA": 3, "FG_PCT": 0.667, "FG3M": 0, "FG3A": 0, "FG3_PCT": 0.0, "FTM": 2, "FTA": 2, "FT_PCT": 1.0, "OREB": 1, "DREB": 2, "REB": 3, "AST": 7, "STL": 0, "BLK": 0, "TOV": 1, "PF": 1, "PTS": 6, "PLUS_MINUS": -13, "VIDEO_AVAILABLE": 1}, {"SEASON_ID": "22017", "Player_ID": 203107, "Game_ID": "0021700640", "GAME_DATE": "JAN 15, 2018", "MATCHUP": "WAS vs. MIL", "WL": "L", "MIN": 13, "FGM": 2, "FGA": 3, "FG_PCT": 0.667, "FG3M": 0, "FG3A": 0, "FG3_PCT": 0.0, "FTM": 3, "FTA": 3, "FT_PCT": 1.0, "OREB": 2, "DREB": 1, "REB": 3, "AST": 1, "STL": 1, "BLK": 0, "TOV": 1, "PF": 0, "PTS": 7, "PLUS_MINUS": 8, "VIDEO_AVAILABLE": 1}, {"SEASON_ID": "22017", "Player_ID": 203107, "Game_ID": "0021700630", "GAME_DATE": "JAN 13, 2018", "MATCHUP": "WAS vs. BKN", "WL": "W", "MIN": 13, "FGM": 3, "FGA": 5, "FG_PCT": 0.6, "FG3M": 0, "FG3A": 1, "FG3_PCT": 0.0, "FTM": 0, "FTA": 0, "FT_PCT": 0.0, "OREB": 0, "DREB": 1, "REB": 1, "AST": 2, "STL": 1, "BLK": 0, "TOV": 0, "PF": 2, "PTS": 6, "PLUS_MINUS": 0, "VIDEO_AVAILABLE": 1}, {"SEASON_ID": "22017", "Player_ID": 203107, "Game_ID": "0021700620", "GAME_DATE": "JAN 12, 2018", "MATCHUP": "WAS vs. ORL", "WL": "W", "MIN": 12, "FGM": 2, "FGA": 4, "FG_PCT": 0.5, "FG3M": 0, "FG3A": 0, "FG3_PCT": 0.0, "FTM": 0, "FTA": 0, "FT_PCT": 0.0, "OREB": 0, "DREB": 0, "REB": 0, "AST": 2, "STL": 2, "BLK": 0, "TOV": 2, "PF": 4, "PTS": 4, "PLUS_MINUS": -2, "VIDEO_AVAILABLE": 1}, {"SEASON_ID": "22017", "Player_ID": 203107, "Game_ID": "0021700605", "GAME_DATE": "JAN 10, 2018", "MATCHUP": "WAS vs. UTA", "WL": "L", "MIN": 6, "FGM": 1, "FGA": 1, "FG_PCT": 1.0, "FG3M": 0, "FG3A": 0, "FG3_PCT": 0.0, "FTM": 0, "FTA": 0, "FT_PCT": 0.0, "OREB": 0, "DREB": 1, "REB": 1, "AST": 2, "STL": 1, "BLK": 0, "TOV": 1, "PF": 0, "PTS": 2, "PLUS_MINUS": 0, "VIDEO_AVAILABLE": 1}, {"SEASON_ID": "22017", "Player_ID": 203107, "Game_ID": "0021700583", "GAME_DATE": "JAN 06, 2018", "MATCHUP": "WAS vs. MIL", "WL": "L", "MIN": 15, "FGM": 1, "FGA": 3, "FG_PCT": 0.333, "FG3M": 1, "FG3A": 2, "FG3_PCT": 0.5, "FTM": 0, "FTA": 0, "FT_PCT": 0.0, "OREB": 0, "DREB": 0, "REB": 0, "AST": 1, "STL": 0, "BLK": 0, "TOV": 0, "PF": 0, "PTS": 3, "PLUS_MINUS": -8, "VIDEO_AVAILABLE": 1}, {"SEASON_ID": "22017", "Player_ID": 203107, "Game_ID": "0021700575", "GAME_DATE": "JAN 05, 2018", "MATCHUP": "WAS @ MEM", "WL": "W", "MIN": 20, "FGM": 0, "FGA": 3, "FG_PCT": 0.0, "FG3M": 0, "FG3A": 1, "FG3_PCT": 0.0, "FTM": 1, "FTA": 2, "FT_PCT": 0.5, "OREB": 1, "DREB": 1, "REB": 2, "AST": 3, "STL": 1, "BLK": 1, "TOV": 0, "PF": 0, "PTS": 1, "PLUS_MINUS": -9, "VIDEO_AVAILABLE": 1}, {"SEASON_ID": "22017", "Player_ID": 203107, "Game_ID": "0021700556", "GAME_DATE": "JAN 03, 2018", "MATCHUP": "WAS vs. NYK", "WL": "W", "MIN": 14, "FGM": 4, "FGA": 5, "FG_PCT": 0.8, "FG3M": 2, "FG3A": 2, "FG3_PCT": 1.0, "FTM": 0, "FTA": 0, "FT_PCT": 0.0, "OREB": 1, "DREB": 1, "REB": 2, "AST": 1, "STL": 0, "BLK": 0, "TOV": 0, "PF": 1, "PTS": 10, "PLUS_MINUS": -9, "VIDEO_AVAILABLE": 1}, {"SEASON_ID": "22017", "Player_ID": 203107, "Game_ID": "0021700537", "GAME_DATE": "DEC 31, 2017", "MATCHUP": "WAS vs. CHI", "WL": "W", "MIN": 11, "FGM": 1, "FGA": 3, "FG_PCT": 0.333, "FG3M": 1, "FG3A": 1, "FG3_PCT": 1.0, "FTM": 0, "FTA": 0, "FT_PCT": 0.0, "OREB": 0, "DREB": 0, "REB": 0, "AST": 0, "STL": 0, "BLK": 0, "TOV": 0, "PF": 0, "PTS": 3, "PLUS_MINUS": -3, "VIDEO_AVAILABLE": 1}, {"SEASON_ID": "22017", "Player_ID": 203107, "Game_ID": "0021700521", "GAME_DATE": "DEC 29, 2017", "MATCHUP": "WAS vs. HOU", "WL": "W", "MIN": 17, "FGM": 3, "FGA": 3, "FG_PCT": 1.0, "FG3M": 0, "FG3A": 0, "FG3_PCT": 0.0, "FTM": 0, "FTA": 0, "FT_PCT": 0.0, "OREB": 2, "DREB": 1, "REB": 3, "AST": 4, "STL": 0, "BLK": 1, "TOV": 3, "PF": 0, "PTS": 6, "PLUS_MINUS": 5, "VIDEO_AVAILABLE": 1}, {"SEASON_ID": "22017", "Player_ID": 203107, "Game_ID": "0021700508", "GAME_DATE": "DEC 27, 2017", "MATCHUP": "WAS @ ATL", "WL": "L", "MIN": 12, "FGM": 1, "FGA": 2, "FG_PCT": 0.5, "FG3M": 0, "FG3A": 0, "FG3_PCT": 0.0, "FTM": 0, "FTA": 0, "FT_PCT": 0.0, "OREB": 1, "DREB": 2, "REB": 3, "AST": 4, "STL": 0, "BLK": 0, "TOV": 1, "PF": 1, "PTS": 2, "PLUS_MINUS": 2, "VIDEO_AVAILABLE": 1}, {"SEASON_ID": "22017", "Player_ID": 203107, "Game_ID": "0021700495", "GAME_DATE": "DEC 25, 2017", "MATCHUP": "WAS @ BOS", "WL": "W", "MIN": 9, "FGM": 1, "FGA": 2, "FG_PCT": 0.5, "FG3M": 0, "FG3A": 1, "FG3_PCT": 0.0, "FTM": 0, "FTA": 2, "FT_PCT": 0.0, "OREB": 0, "DREB": 0, "REB": 0, "AST": 1, "STL": 0, "BLK": 0, "TOV": 0, "PF": 0, "PTS": 2, "PLUS_MINUS": -7, "VIDEO_AVAILABLE": 1}, {"SEASON_ID": "22017", "Player_ID": 203107, "Game_ID": "0021700483", "GAME_DATE": "DEC 23, 2017", "MATCHUP": "WAS vs. ORL", "WL": "W", "MIN": 17, "FGM": 3, "FGA": 5, "FG_PCT": 0.6, "FG3M": 0, "FG3A": 1, "FG3_PCT": 0.0, "FTM": 0, "FTA": 1, "FT_PCT": 0.0, "OREB": 2, "DREB": 2, "REB": 4, "AST": 5, "STL": 1, "BLK": 0, "TOV": 1, "PF": 2, "PTS": 6, "PLUS_MINUS": 16, "VIDEO_AVAILABLE": 1}, {"SEASON_ID": "22017", "Player_ID": 203107, "Game_ID": "0021700473", "GAME_DATE": "DEC 22, 2017", "MATCHUP": "WAS @ BKN", "WL": "L", "MIN": 21, "FGM": 2, "FGA": 7, "FG_PCT": 0.286, "FG3M": 1, "FG3A": 3, "FG3_PCT": 0.333, "FTM": 0, "FTA": 2, "FT_PCT": 0.0, "OREB": 0, "DREB": 2, "REB": 2, "AST": 1, "STL": 0, "BLK": 0, "TOV": 0, "PF": 3, "PTS": 5, "PLUS_MINUS": -9, "VIDEO_AVAILABLE": 1}, {"SEASON_ID": "22017", "Player_ID": 203107, "Game_ID": "0021700452", "GAME_DATE": "DEC 19, 2017", "MATCHUP": "WAS vs. NOP", "WL": "W", "MIN": 22, "FGM": 3, "FGA": 4, "FG_PCT": 0.75, "FG3M": 0, "FG3A": 0, "FG3_PCT": 0.0, "FTM": 0, "FTA": 0, "FT_PCT": 0.0, "OREB": 1, "DREB": 6, "REB": 7, "AST": 2, "STL": 2, "BLK": 0, "TOV": 0, "PF": 1, "PTS": 6, "PLUS_MINUS": 14, "VIDEO_AVAILABLE": 1}, {"SEASON_ID": "22017", "Player_ID": 203107, "Game_ID": "0021700440", "GAME_DATE": "DEC 17, 2017", "MATCHUP": "WAS vs. CLE", "WL": "L", "MIN": 25, "FGM": 1, "FGA": 4, "FG_PCT": 0.25, "FG3M": 0, "FG3A": 1, "FG3_PCT": 0.0, "FTM": 0, "FTA": 0, "FT_PCT": 0.0, "OREB": 1, "DREB": 2, "REB": 3, "AST": 0, "STL": 0, "BLK": 0, "TOV": 0, "PF": 1, "PTS": 2, "PLUS_MINUS": -15, "VIDEO_AVAILABLE": 1}, {"SEASON_ID": "22017", "Player_ID": 203107, "Game_ID": "0021700422", "GAME_DATE": "DEC 15, 2017", "MATCHUP": "WAS vs. LAC", "WL": "W", "MIN": 20, "FGM": 4, "FGA": 6, "FG_PCT": 0.667, "FG3M": 1, "FG3A": 3, "FG3_PCT": 0.333, "FTM": 2, "FTA": 2, "FT_PCT": 1.0, "OREB": 0, "DREB": 3, "REB": 3, "AST": 3, "STL": 1, "BLK": 0, "TOV": 3, "PF": 0, "PTS": 11, "PLUS_MINUS": 1, "VIDEO_AVAILABLE": 1}, {"SEASON_ID": "22017", "Player_ID": 203107, "Game_ID": "0021700406", "GAME_DATE": "DEC 13, 2017", "MATCHUP": "WAS vs. MEM", "WL": "W", "MIN": 15, "FGM": 1, "FGA": 1, "FG_PCT": 1.0, "FG3M": 0, "FG3A": 0, "FG3_PCT": 0.0, "FTM": 1, "FTA": 3, "FT_PCT": 0.333, "OREB": 1, "DREB": 1, "REB": 2, "AST": 2, "STL": 0, "BLK": 0, "TOV": 1, "PF": 4, "PTS": 3, "PLUS_MINUS": -8, "VIDEO_AVAILABLE": 1}, {"SEASON_ID": "22017", "Player_ID": 203107, "Game_ID": "0021700400", "GAME_DATE": "DEC 12, 2017", "MATCHUP": "WAS @ BKN", "WL": "L", "MIN": 22, "FGM": 2, "FGA": 5, "FG_PCT": 0.4, "FG3M": 2, "FG3A": 3, "FG3_PCT": 0.667, "FTM": 2, "FTA": 2, "FT_PCT": 1.0, "OREB": 2, "DREB": 2, "REB": 4, "AST": 3, "STL": 0, "BLK": 0, "TOV": 0, "PF": 3, "PTS": 8, "PLUS_MINUS": 12, "VIDEO_AVAILABLE": 1}, {"SEASON_ID": "22017", "Player_ID": 203107, "Game_ID": "0021700375", "GAME_DATE": "DEC 09, 2017", "MATCHUP": "WAS @ LAC", "WL": "L", "MIN": 27, "FGM": 5, "FGA": 8, "FG_PCT": 0.625, "FG3M": 1, "FG3A": 3, "FG3_PCT": 0.333, "FTM": 0, "FTA": 2, "FT_PCT": 0.0, "OREB": 3, "DREB": 3, "REB": 6, "AST": 6, "STL": 0, "BLK": 0, "TOV": 1, "PF": 1, "PTS": 11, "PLUS_MINUS": -3, "VIDEO_AVAILABLE": 1}, {"SEASON_ID": "22017", "Player_ID": 203107, "Game_ID": "0021700364", "GAME_DATE": "DEC 07, 2017", "MATCHUP": "WAS @ PHX", "WL": "W", "MIN": 22, "FGM": 1, "FGA": 5, "FG_PCT": 0.2, "FG3M": 0, "FG3A": 1, "FG3_PCT": 0.0, "FTM": 0, "FTA": 2, "FT_PCT": 0.0, "OREB": 0, "DREB": 1, "REB": 1, "AST": 5, "STL": 0, "BLK": 0, "TOV": 0, "PF": 3, "PTS": 2, "PLUS_MINUS": 9, "VIDEO_AVAILABLE": 1}, {"SEASON_ID": "22017", "Player_ID": 203107, "Game_ID": "0021700352", "GAME_DATE": "DEC 05, 2017", "MATCHUP": "WAS @ POR", "WL": "W", "MIN": 24, "FGM": 3, "FGA": 5, "FG_PCT": 0.6, "FG3M": 1, "FG3A": 3, "FG3_PCT": 0.333, "FTM": 0, "FTA": 0, "FT_PCT": 0.0, "OREB": 0, "DREB": 4, "REB": 4, "AST": 3, "STL": 0, "BLK": 0, "TOV": 0, "PF": 3, "PTS": 7, "PLUS_MINUS": 6, "VIDEO_AVAILABLE": 1}, {"SEASON_ID": "22017", "Player_ID": 203107, "Game_ID": "0021700349", "GAME_DATE": "DEC 04, 2017", "MATCHUP": "WAS @ UTA", "WL": "L", "MIN": 24, "FGM": 2, "FGA": 6, "FG_PCT": 0.333, "FG3M": 0, "FG3A": 1, "FG3_PCT": 0.0, "FTM": 4, "FTA": 4, "FT_PCT": 1.0, "OREB": 0, "DREB": 2, "REB": 2, "AST": 1, "STL": 1, "BLK": 0, "TOV": 1, "PF": 0, "PTS": 8, "PLUS_MINUS": -32, "VIDEO_AVAILABLE": 1}, {"SEASON_ID": "22017", "Player_ID": 203107, "Game_ID": "0021700320", "GAME_DATE": "DEC 01, 2017", "MATCHUP": "WAS vs. DET", "WL": "W", "MIN": 23, "FGM": 5, "FGA": 6, "FG_PCT": 0.833, "FG3M": 2, "FG3A": 2, "FG3_PCT": 1.0, "FTM": 5, "FTA": 5, "FT_PCT": 1.0, "OREB": 2, "DREB": 2, "REB": 4, "AST": 4, "STL": 1, "BLK": 0, "TOV": 0, "PF": 0, "PTS": 17, "PLUS_MINUS": 14, "VIDEO_AVAILABLE": 1}, {"SEASON_ID": "22017", "Player_ID": 203107, "Game_ID": "0021700305", "GAME_DATE": "NOV 29, 2017", "MATCHUP": "WAS @ PHI", "WL": "L", "MIN": 29, "FGM": 4, "FGA": 7, "FG_PCT": 0.571, "FG3M": 0, "FG3A": 0, "FG3_PCT": 0.0, "FTM": 4, "FTA": 4, "FT_PCT": 1.0, "OREB": 0, "DREB": 2, "REB": 2, "AST": 8, "STL": 0, "BLK": 0, "TOV": 0, "PF": 5, "PTS": 12, "PLUS_MINUS": 10, "VIDEO_AVAILABLE": 1}, {"SEASON_ID": "22017", "Player_ID": 203107, "Game_ID": "0021700300", "GAME_DATE": "NOV 28, 2017", "MATCHUP": "WAS @ MIN", "WL": "W", "MIN": 22, "FGM": 3, "FGA": 6, "FG_PCT": 0.5, "FG3M": 1, "FG3A": 2, "FG3_PCT": 0.5, "FTM": 0, "FTA": 0, "FT_PCT": 0.0, "OREB": 1, "DREB": 4, "REB": 5, "AST": 6, "STL": 1, "BLK": 0, "TOV": 0, "PF": 0, "PTS": 7, "PLUS_MINUS": 12, "VIDEO_AVAILABLE": 1}, {"SEASON_ID": "22017", "Player_ID": 203107, "Game_ID": "0021700279", "GAME_DATE": "NOV 25, 2017", "MATCHUP": "WAS vs. POR", "WL": "L", "MIN": 15, "FGM": 2, "FGA": 3, "FG_PCT": 0.667, "FG3M": 0, "FG3A": 0, "FG3_PCT": 0.0, "FTM": 0, "FTA": 0, "FT_PCT": 0.0, "OREB": 1, "DREB": 2, "REB": 3, "AST": 4, "STL": 0, "BLK": 0, "TOV": 0, "PF": 2, "PTS": 4, "PLUS_MINUS": 16, "VIDEO_AVAILABLE": 1}, {"SEASON_ID": "22017", "Player_ID": 203107, "Game_ID": "0021700237", "GAME_DATE": "NOV 19, 2017", "MATCHUP": "WAS @ TOR", "WL": "L", "MIN": 12, "FGM": 2, "FGA": 4, "FG_PCT": 0.5, "FG3M": 0, "FG3A": 0, "FG3_PCT": 0.0, "FTM": 0, "FTA": 0, "FT_PCT": 0.0, "OREB": 0, "DREB": 3, "REB": 3, "AST": 2, "STL": 2, "BLK": 0, "TOV": 3, "PF": 1, "PTS": 4, "PLUS_MINUS": -5, "VIDEO_AVAILABLE": 1}, {"SEASON_ID": "22017", "Player_ID": 203107, "Game_ID": "0021700192", "GAME_DATE": "NOV 13, 2017", "MATCHUP": "WAS vs. SAC", "WL": "W", "MIN": 3, "FGM": 0, "FGA": 1, "FG_PCT": 0.0, "FG3M": 0, "FG3A": 0, "FG3_PCT": 0.0, "FTM": 0, "FTA": 0, "FT_PCT": 0.0, "OREB": 1, "DREB": 1, "REB": 2, "AST": 0, "STL": 0, "BLK": 0, "TOV": 1, "PF": 0, "PTS": 0, "PLUS_MINUS": -3, "VIDEO_AVAILABLE": 2}, {"SEASON_ID": "22017", "Player_ID": 203107, "Game_ID": "0021700177", "GAME_DATE": "NOV 11, 2017", "MATCHUP": "WAS vs. ATL", "WL": "W", "MIN": 4, "FGM": 1, "FGA": 2, "FG_PCT": 0.5, "FG3M": 0, "FG3A": 0, "FG3_PCT": 0.0, "FTM": 1, "FTA": 2, "FT_PCT": 0.5, "OREB": 0, "DREB": 0, "REB": 0, "AST": 1, "STL": 0, "BLK": 0, "TOV": 0, "PF": 1, "PTS": 3, "PLUS_MINUS": -4, "VIDEO_AVAILABLE": 1}, {"SEASON_ID": "22017", "Player_ID": 203107, "Game_ID": "0021700164", "GAME_DATE": "NOV 09, 2017", "MATCHUP": "WAS vs. LAL", "WL": "W", "MIN": 3, "FGM": 0, "FGA": 0, "FG_PCT": 0.0, "FG3M": 0, "FG3A": 0, "FG3_PCT": 0.0, "FTM": 0, "FTA": 0, "FT_PCT": 0.0, "OREB": 0, "DREB": 0, "REB": 0, "AST": 0, "STL": 0, "BLK": 0, "TOV": 0, "PF": 0, "PTS": 0, "PLUS_MINUS": -4, "VIDEO_AVAILABLE": 1}, {"SEASON_ID": "22017", "Player_ID": 203107, "Game_ID": "0021700139", "GAME_DATE": "NOV 05, 2017", "MATCHUP": "WAS @ TOR", "WL": "W", "MIN": 22, "FGM": 0, "FGA": 4, "FG_PCT": 0.0, "FG3M": 0, "FG3A": 1, "FG3_PCT": 0.0, "FTM": 0, "FTA": 0, "FT_PCT": 0.0, "OREB": 3, "DREB": 1, "REB": 4, "AST": 3, "STL": 1, "BLK": 0, "TOV": 2, "PF": 4, "PTS": 0, "PLUS_MINUS": 0, "VIDEO_AVAILABLE": 1}, {"SEASON_ID": "22017", "Player_ID": 203107, "Game_ID": "0021700108", "GAME_DATE": "NOV 01, 2017", "MATCHUP": "WAS vs. PHX", "WL": "L", "MIN": 24, "FGM": 2, "FGA": 5, "FG_PCT": 0.4, "FG3M": 0, "FG3A": 1, "FG3_PCT": 0.0, "FTM": 2, "FTA": 2, "FT_PCT": 1.0, "OREB": 1, "DREB": 0, "REB": 1, "AST": 2, "STL": 0, "BLK": 0, "TOV": 0, "PF": 4, "PTS": 6, "PLUS_MINUS": 6, "VIDEO_AVAILABLE": 2}, {"SEASON_ID": "22017", "Player_ID": 203107, "Game_ID": "0021700089", "GAME_DATE": "OCT 29, 2017", "MATCHUP": "WAS @ SAC", "WL": "W", "MIN": 18, "FGM": 1, "FGA": 3, "FG_PCT": 0.333, "FG3M": 1, "FG3A": 2, "FG3_PCT": 0.5, "FTM": 0, "FTA": 2, "FT_PCT": 0.0, "OREB": 0, "DREB": 2, "REB": 2, "AST": 4, "STL": 1, "BLK": 0, "TOV": 0, "PF": 1, "PTS": 3, "PLUS_MINUS": 2, "VIDEO_AVAILABLE": 1}, {"SEASON_ID": "22017", "Player_ID": 203107, "Game_ID": "0021700075", "GAME_DATE": "OCT 27, 2017", "MATCHUP": "WAS @ GSW", "WL": "L", "MIN": 6, "FGM": 0, "FGA": 1, "FG_PCT": 0.0, "FG3M": 0, "FG3A": 1, "FG3_PCT": 0.0, "FTM": 1, "FTA": 2, "FT_PCT": 0.5, "OREB": 0, "DREB": 0, "REB": 0, "AST": 0, "STL": 0, "BLK": 0, "TOV": 0, "PF": 0, "PTS": 1, "PLUS_MINUS": -9, "VIDEO_AVAILABLE": 1}, {"SEASON_ID": "22017", "Player_ID": 203107, "Game_ID": "0021700047", "GAME_DATE": "OCT 23, 2017", "MATCHUP": "WAS @ DEN", "WL": "W", "MIN": 5, "FGM": 2, "FGA": 2, "FG_PCT": 1.0, "FG3M": 1, "FG3A": 1, "FG3_PCT": 1.0, "FTM": 0, "FTA": 0, "FT_PCT": 0.0, "OREB": 0, "DREB": 1, "REB": 1, "AST": 0, "STL": 0, "BLK": 0, "TOV": 0, "PF": 0, "PTS": 5, "PLUS_MINUS": -3, "VIDEO_AVAILABLE": 1}, {"SEASON_ID": "22016", "Player_ID": 203107, "Game_ID": "0021601221", "GAME_DATE": "APR 12, 2017", "MATCHUP": "WAS @ MIA", "WL": "L", "MIN": 30, "FGM": 1, "FGA": 7, "FG_PCT": 0.143, "FG3M": 0, "FG3A": 3, "FG3_PCT": 0.0, "FTM": 0, "FTA": 0, "FT_PCT": 0.0, "OREB": 1, "DREB": 3, "REB": 4, "AST": 5, "STL": 2, "BLK": 0, "TOV": 2, "PF": 2, "PTS": 2, "PLUS_MINUS": 4, "VIDEO_AVAILABLE": 1}, {"SEASON_ID": "22016", "Player_ID": 203107, "Game_ID": "0021601208", "GAME_DATE": "APR 10, 2017", "MATCHUP": "WAS @ DET", "WL": "W", "MIN": 20, "FGM": 4, "FGA": 6, "FG_PCT": 0.667, "FG3M": 1, "FG3A": 2, "FG3_PCT": 0.5, "FTM": 2, "FTA": 2, "FT_PCT": 1.0, "OREB": 0, "DREB": 0, "REB": 0, "AST": 3, "STL": 0, "BLK": 0, "TOV": 3, "PF": 1, "PTS": 11, "PLUS_MINUS": 2, "VIDEO_AVAILABLE": 2}, {"SEASON_ID": "22016", "Player_ID": 203107, "Game_ID": "0021601192", "GAME_DATE": "APR 08, 2017", "MATCHUP": "WAS vs. MIA", "WL": "L", "MIN": 6, "FGM": 1, "FGA": 2, "FG_PCT": 0.5, "FG3M": 0, "FG3A": 0, "FG3_PCT": 0.0, "FTM": 0, "FTA": 0, "FT_PCT": 0.0, "OREB": 0, "DREB": 1, "REB": 1, "AST": 0, "STL": 0, "BLK": 0, "TOV": 0, "PF": 0, "PTS": 2, "PLUS_MINUS": 0, "VIDEO_AVAILABLE": 1}, {"SEASON_ID": "22016", "Player_ID": 203107, "Game_ID": "0021601152", "GAME_DATE": "APR 02, 2017", "MATCHUP": "WAS @ GSW", "WL": "L", "MIN": 16, "FGM": 2, "FGA": 4, "FG_PCT": 0.5, "FG3M": 0, "FG3A": 1, "FG3_PCT": 0.0, "FTM": 0, "FTA": 0, "FT_PCT": 0.0, "OREB": 0, "DREB": 0, "REB": 0, "AST": 3, "STL": 0, "BLK": 0, "TOV": 0, "PF": 0, "PTS": 4, "PLUS_MINUS": -12, "VIDEO_AVAILABLE": 1}, {"SEASON_ID": "22016", "Player_ID": 203107, "Game_ID": "0021601083", "GAME_DATE": "MAR 25, 2017", "MATCHUP": "WAS @ CLE", "WL": "W", "MIN": 1, "FGM": 1, "FGA": 1, "FG_PCT": 1.0, "FG3M": 0, "FG3A": 0, "FG3_PCT": 0.0, "FTM": 0, "FTA": 0, "FT_PCT": 0.0, "OREB": 0, "DREB": 0, "REB": 0, "AST": 0, "STL": 1, "BLK": 0, "TOV": 0, "PF": 0, "PTS": 2, "PLUS_MINUS": 2, "VIDEO_AVAILABLE": 1}, {"SEASON_ID": "22016", "Player_ID": 203107, "Game_ID": "0021601072", "GAME_DATE": "MAR 24, 2017", "MATCHUP": "WAS vs. BKN", "WL": "W", "MIN": 4, "FGM": 0, "FGA": 2, "FG_PCT": 0.0, "FG3M": 0, "FG3A": 0, "FG3_PCT": 0.0, "FTM": 0, "FTA": 0, "FT_PCT": 0.0, "OREB": 0, "DREB": 0, "REB": 0, "AST": 1, "STL": 0, "BLK": 1, "TOV": 0, "PF": 0, "PTS": 0, "PLUS_MINUS": -1, "VIDEO_AVAILABLE": 1}, {"SEASON_ID": "22016", "Player_ID": 203107, "Game_ID": "0021601047", "GAME_DATE": "MAR 20, 2017", "MATCHUP": "WAS @ BOS", "WL": "L", "MIN": 8, "FGM": 0, "FGA": 1, "FG_PCT": 0.0, "FG3M": 0, "FG3A": 0, "FG3_PCT": 0.0, "FTM": 0, "FTA": 2, "FT_PCT": 0.0, "OREB": 0, "DREB": 0, "REB": 0, "AST": 0, "STL": 1, "BLK": 0, "TOV": 0, "PF": 0, "PTS": 0, "PLUS_MINUS": 8, "VIDEO_AVAILABLE": 1}, {"SEASON_ID": "22016", "Player_ID": 203107, "Game_ID": "0021601030", "GAME_DATE": "MAR 18, 2017", "MATCHUP": "WAS @ CHA", "WL": "L", "MIN": 5, "FGM": 0, "FGA": 0, "FG_PCT": 0.0, "FG3M": 0, "FG3A": 0, "FG3_PCT": 0.0, "FTM": 0, "FTA": 0, "FT_PCT": 0.0, "OREB": 0, "DREB": 1, "REB": 1, "AST": 1, "STL": 0, "BLK": 0, "TOV": 0, "PF": 0, "PTS": 0, "PLUS_MINUS": 5, "VIDEO_AVAILABLE": 1}, {"SEASON_ID": "22016", "Player_ID": 203107, "Game_ID": "0021601004", "GAME_DATE": "MAR 15, 2017", "MATCHUP": "WAS vs. DAL", "WL": "L", "MIN": 6, "FGM": 1, "FGA": 1, "FG_PCT": 1.0, "FG3M": 0, "FG3A": 0, "FG3_PCT": 0.0, "FTM": 0, "FTA": 0, "FT_PCT": 0.0, "OREB": 0, "DREB": 0, "REB": 0, "AST": 0, "STL": 0, "BLK": 0, "TOV": 0, "PF": 2, "PTS": 2, "PLUS_MINUS": -9, "VIDEO_AVAILABLE": 1}, {"SEASON_ID": "22016", "Player_ID": 203107, "Game_ID": "0021600995", "GAME_DATE": "MAR 13, 2017", "MATCHUP": "WAS @ MIN", "WL": "L", "MIN": 5, "FGM": 1, "FGA": 1, "FG_PCT": 1.0, "FG3M": 0, "FG3A": 0, "FG3_PCT": 0.0, "FTM": 0, "FTA": 1, "FT_PCT": 0.0, "OREB": 0, "DREB": 0, "REB": 0, "AST": 0, "STL": 0, "BLK": 0, "TOV": 0, "PF": 0, "PTS": 2, "PLUS_MINUS": 4, "VIDEO_AVAILABLE": 1}, {"SEASON_ID": "22016", "Player_ID": 203107, "Game_ID": "0021600983", "GAME_DATE": "MAR 11, 2017", "MATCHUP": "WAS @ POR", "WL": "W", "MIN": 6, "FGM": 0, "FGA": 0, "FG_PCT": 0.0, "FG3M": 0, "FG3A": 0, "FG3_PCT": 0.0, "FTM": 0, "FTA": 0, "FT_PCT": 0.0, "OREB": 0, "DREB": 0, "REB": 0, "AST": 0, "STL": 0, "BLK": 0, "TOV": 0, "PF": 0, "PTS": 0, "PLUS_MINUS": 5, "VIDEO_AVAILABLE": 1}, {"SEASON_ID": "22016", "Player_ID": 203107, "Game_ID": "0021600958", "GAME_DATE": "MAR 08, 2017", "MATCHUP": "WAS @ DEN", "WL": "W", "MIN": 5, "FGM": 1, "FGA": 2, "FG_PCT": 0.5, "FG3M": 1, "FG3A": 1, "FG3_PCT": 1.0, "FTM": 0, "FTA": 0, "FT_PCT": 0.0, "OREB": 0, "DREB": 0, "REB": 0, "AST": 0, "STL": 1, "BLK": 0, "TOV": 0, "PF": 1, "PTS": 3, "PLUS_MINUS": -4, "VIDEO_AVAILABLE": 1}, {"SEASON_ID": "22016", "Player_ID": 203107, "Game_ID": "0021600948", "GAME_DATE": "MAR 07, 2017", "MATCHUP": "WAS @ PHX", "WL": "W", "MIN": 8, "FGM": 0, "FGA": 1, "FG_PCT": 0.0, "FG3M": 0, "FG3A": 1, "FG3_PCT": 0.0, "FTM": 0, "FTA": 0, "FT_PCT": 0.0, "OREB": 0, "DREB": 1, "REB": 1, "AST": 0, "STL": 0, "BLK": 0, "TOV": 0, "PF": 2, "PTS": 0, "PLUS_MINUS": -4, "VIDEO_AVAILABLE": 1}, {"SEASON_ID": "22016", "Player_ID": 203107, "Game_ID": "0021600930", "GAME_DATE": "MAR 05, 2017", "MATCHUP": "WAS vs. ORL", "WL": "W", "MIN": 7, "FGM": 2, "FGA": 2, "FG_PCT": 1.0, "FG3M": 1, "FG3A": 1, "FG3_PCT": 1.0, "FTM": 0, "FTA": 0, "FT_PCT": 0.0, "OREB": 0, "DREB": 1, "REB": 1, "AST": 0, "STL": 0, "BLK": 0, "TOV": 0, "PF": 0, "PTS": 5, "PLUS_MINUS": 15, "VIDEO_AVAILABLE": 1}, {"SEASON_ID": "22016", "Player_ID": 203107, "Game_ID": "0021600910", "GAME_DATE": "MAR 03, 2017", "MATCHUP": "WAS vs. TOR", "WL": "L", "MIN": 5, "FGM": 0, "FGA": 1, "FG_PCT": 0.0, "FG3M": 0, "FG3A": 0, "FG3_PCT": 0.0, "FTM": 0, "FTA": 0, "FT_PCT": 0.0, "OREB": 2, "DREB": 0, "REB": 2, "AST": 0, "STL": 0, "BLK": 0, "TOV": 0, "PF": 1, "PTS": 0, "PLUS_MINUS": -9, "VIDEO_AVAILABLE": 1}, {"SEASON_ID": "22016", "Player_ID": 203107, "Game_ID": "0021600896", "GAME_DATE": "MAR 01, 2017", "MATCHUP": "WAS @ TOR", "WL": "W", "MIN": 18, "FGM": 0, "FGA": 2, "FG_PCT": 0.0, "FG3M": 0, "FG3A": 1, "FG3_PCT": 0.0, "FTM": 1, "FTA": 2, "FT_PCT": 0.5, "OREB": 1, "DREB": 4, "REB": 5, "AST": 3, "STL": 1, "BLK": 0, "TOV": 1, "PF": 1, "PTS": 1, "PLUS_MINUS": 15, "VIDEO_AVAILABLE": 1}, {"SEASON_ID": "22016", "Player_ID": 203107, "Game_ID": "0021600889", "GAME_DATE": "FEB 28, 2017", "MATCHUP": "WAS vs. GSW", "WL": "W", "MIN": 11, "FGM": 0, "FGA": 1, "FG_PCT": 0.0, "FG3M": 0, "FG3A": 0, "FG3_PCT": 0.0, "FTM": 0, "FTA": 0, "FT_PCT": 0.0, "OREB": 0, "DREB": 0, "REB": 0, "AST": 1, "STL": 0, "BLK": 0, "TOV": 1, "PF": 1, "PTS": 0, "PLUS_MINUS": -7, "VIDEO_AVAILABLE": 1}, {"SEASON_ID": "22016", "Player_ID": 203107, "Game_ID": "0021600877", "GAME_DATE": "FEB 26, 2017", "MATCHUP": "WAS vs. UTA", "WL": "L", "MIN": 7, "FGM": 1, "FGA": 3, "FG_PCT": 0.333, "FG3M": 0, "FG3A": 0, "FG3_PCT": 0.0, "FTM": 0, "FTA": 0, "FT_PCT": 0.0, "OREB": 0, "DREB": 0, "REB": 0, "AST": 2, "STL": 0, "BLK": 0, "TOV": 0, "PF": 3, "PTS": 2, "PLUS_MINUS": 3, "VIDEO_AVAILABLE": 1}, {"SEASON_ID": "22016", "Player_ID": 203107, "Game_ID": "0021600848", "GAME_DATE": "FEB 16, 2017", "MATCHUP": "WAS @ IND", "WL": "W", "MIN": 10, "FGM": 0, "FGA": 1, "FG_PCT": 0.0, "FG3M": 0, "FG3A": 1, "FG3_PCT": 0.0, "FTM": 0, "FTA": 0, "FT_PCT": 0.0, "OREB": 1, "DREB": 0, "REB": 1, "AST": 0, "STL": 0, "BLK": 0, "TOV": 0, "PF": 1, "PTS": 0, "PLUS_MINUS": -6, "VIDEO_AVAILABLE": 1}, {"SEASON_ID": "22016", "Player_ID": 203107, "Game_ID": "0021600820", "GAME_DATE": "FEB 13, 2017", "MATCHUP": "WAS vs. OKC", "WL": "W", "MIN": 17, "FGM": 0, "FGA": 3, "FG_PCT": 0.0, "FG3M": 0, "FG3A": 1, "FG3_PCT": 0.0, "FTM": 0, "FTA": 0, "FT_PCT": 0.0, "OREB": 0, "DREB": 1, "REB": 1, "AST": 2, "STL": 0, "BLK": 0, "TOV": 2, "PF": 0, "PTS": 0, "PLUS_MINUS": -8, "VIDEO_AVAILABLE": 1}, {"SEASON_ID": "22016", "Player_ID": 203107, "Game_ID": "0021600805", "GAME_DATE": "FEB 10, 2017", "MATCHUP": "WAS vs. IND", "WL": "W", "MIN": 13, "FGM": 1, "FGA": 2, "FG_PCT": 0.5, "FG3M": 0, "FG3A": 0, "FG3_PCT": 0.0, "FTM": 2, "FTA": 2, "FT_PCT": 1.0, "OREB": 1, "DREB": 0, "REB": 1, "AST": 1, "STL": 1, "BLK": 1, "TOV": 0, "PF": 0, "PTS": 4, "PLUS_MINUS": -6, "VIDEO_AVAILABLE": 1}, {"SEASON_ID": "22016", "Player_ID": 203107, "Game_ID": "0021600784", "GAME_DATE": "FEB 08, 2017", "MATCHUP": "WAS @ BKN", "WL": "W", "MIN": 15, "FGM": 1, "FGA": 2, "FG_PCT": 0.5, "FG3M": 0, "FG3A": 0, "FG3_PCT": 0.0, "FTM": 0, "FTA": 0, "FT_PCT": 0.0, "OREB": 0, "DREB": 2, "REB": 2, "AST": 3, "STL": 1, "BLK": 2, "TOV": 1, "PF": 1, "PTS": 2, "PLUS_MINUS": -5, "VIDEO_AVAILABLE": 1}, {"SEASON_ID": "22016", "Player_ID": 203107, "Game_ID": "0021600769", "GAME_DATE": "FEB 06, 2017", "MATCHUP": "WAS vs. CLE", "WL": "L", "MIN": 12, "FGM": 0, "FGA": 1, "FG_PCT": 0.0, "FG3M": 0, "FG3A": 0, "FG3_PCT": 0.0, "FTM": 0, "FTA": 0, "FT_PCT": 0.0, "OREB": 0, "DREB": 1, "REB": 1, "AST": 1, "STL": 1, "BLK": 0, "TOV": 0, "PF": 1, "PTS": 0, "PLUS_MINUS": -7, "VIDEO_AVAILABLE": 1}, {"SEASON_ID": "22016", "Player_ID": 203107, "Game_ID": "0021600755", "GAME_DATE": "FEB 04, 2017", "MATCHUP": "WAS vs. NOP", "WL": "W", "MIN": 11, "FGM": 1, "FGA": 1, "FG_PCT": 1.0, "FG3M": 0, "FG3A": 0, "FG3_PCT": 0.0, "FTM": 2, "FTA": 2, "FT_PCT": 1.0, "OREB": 0, "DREB": 0, "REB": 0, "AST": 3, "STL": 0, "BLK": 1, "TOV": 0, "PF": 2, "PTS": 4, "PLUS_MINUS": 8, "VIDEO_AVAILABLE": 1}, {"SEASON_ID": "22016", "Player_ID": 203107, "Game_ID": "0021600742", "GAME_DATE": "FEB 02, 2017", "MATCHUP": "WAS vs. LAL", "WL": "W", "MIN": 9, "FGM": 1, "FGA": 2, "FG_PCT": 0.5, "FG3M": 1, "FG3A": 1, "FG3_PCT": 1.0, "FTM": 0, "FTA": 0, "FT_PCT": 0.0, "OREB": 1, "DREB": 2, "REB": 3, "AST": 2, "STL": 0, "BLK": 0, "TOV": 1, "PF": 0, "PTS": 3, "PLUS_MINUS": -3, "VIDEO_AVAILABLE": 1}, {"SEASON_ID": "22016", "Player_ID": 203107, "Game_ID": "0021600724", "GAME_DATE": "JAN 31, 2017", "MATCHUP": "WAS vs. NYK", "WL": "W", "MIN": 11, "FGM": 2, "FGA": 5, "FG_PCT": 0.4, "FG3M": 0, "FG3A": 0, "FG3_PCT": 0.0, "FTM": 0, "FTA": 0, "FT_PCT": 0.0, "OREB": 1, "DREB": 0, "REB": 1, "AST": 0, "STL": 0, "BLK": 1, "TOV": 0, "PF": 2, "PTS": 4, "PLUS_MINUS": -4, "VIDEO_AVAILABLE": 1}, {"SEASON_ID": "22016", "Player_ID": 203107, "Game_ID": "0021600714", "GAME_DATE": "JAN 29, 2017", "MATCHUP": "WAS @ NOP", "WL": "W", "MIN": 9, "FGM": 0, "FGA": 0, "FG_PCT": 0.0, "FG3M": 0, "FG3A": 0, "FG3_PCT": 0.0, "FTM": 0, "FTA": 0, "FT_PCT": 0.0, "OREB": 0, "DREB": 0, "REB": 0, "AST": 1, "STL": 0, "BLK": 0, "TOV": 0, "PF": 1, "PTS": 0, "PLUS_MINUS": -9, "VIDEO_AVAILABLE": 1}, {"SEASON_ID": "22016", "Player_ID": 203107, "Game_ID": "0021600702", "GAME_DATE": "JAN 27, 2017", "MATCHUP": "WAS @ ATL", "WL": "W", "MIN": 18, "FGM": 4, "FGA": 5, "FG_PCT": 0.8, "FG3M": 1, "FG3A": 1, "FG3_PCT": 1.0, "FTM": 0, "FTA": 0, "FT_PCT": 0.0, "OREB": 1, "DREB": 2, "REB": 3, "AST": 0, "STL": 1, "BLK": 0, "TOV": 1, "PF": 2, "PTS": 9, "PLUS_MINUS": 7, "VIDEO_AVAILABLE": 1}, {"SEASON_ID": "22016", "Player_ID": 203107, "Game_ID": "0021600676", "GAME_DATE": "JAN 24, 2017", "MATCHUP": "WAS vs. BOS", "WL": "W", "MIN": 13, "FGM": 1, "FGA": 1, "FG_PCT": 1.0, "FG3M": 0, "FG3A": 0, "FG3_PCT": 0.0, "FTM": 0, "FTA": 0, "FT_PCT": 0.0, "OREB": 0, "DREB": 1, "REB": 1, "AST": 1, "STL": 0, "BLK": 0, "TOV": 0, "PF": 0, "PTS": 2, "PLUS_MINUS": 7, "VIDEO_AVAILABLE": 1}, {"SEASON_ID": "22016", "Player_ID": 203107, "Game_ID": "0021600651", "GAME_DATE": "JAN 21, 2017", "MATCHUP": "WAS @ DET", "WL": "L", "MIN": 6, "FGM": 0, "FGA": 0, "FG_PCT": 0.0, "FG3M": 0, "FG3A": 0, "FG3_PCT": 0.0, "FTM": 0, "FTA": 0, "FT_PCT": 0.0, "OREB": 0, "DREB": 0, "REB": 0, "AST": 0, "STL": 0, "BLK": 0, "TOV": 1, "PF": 1, "PTS": 0, "PLUS_MINUS": -10, "VIDEO_AVAILABLE": 1}, {"SEASON_ID": "22016", "Player_ID": 203107, "Game_ID": "0021600638", "GAME_DATE": "JAN 19, 2017", "MATCHUP": "WAS @ NYK", "WL": "W", "MIN": 14, "FGM": 1, "FGA": 2, "FG_PCT": 0.5, "FG3M": 1, "FG3A": 1, "FG3_PCT": 1.0, "FTM": 0, "FTA": 0, "FT_PCT": 0.0, "OREB": 0, "DREB": 2, "REB": 2, "AST": 1, "STL": 2, "BLK": 0, "TOV": 1, "PF": 0, "PTS": 3, "PLUS_MINUS": 3, "VIDEO_AVAILABLE": 1}, {"SEASON_ID": "22016", "Player_ID": 203107, "Game_ID": "0021600628", "GAME_DATE": "JAN 18, 2017", "MATCHUP": "WAS vs. MEM", "WL": "W", "MIN": 14, "FGM": 1, "FGA": 1, "FG_PCT": 1.0, "FG3M": 0, "FG3A": 0, "FG3_PCT": 0.0, "FTM": 0, "FTA": 0, "FT_PCT": 0.0, "OREB": 2, "DREB": 1, "REB": 3, "AST": 3, "STL": 0, "BLK": 0, "TOV": 1, "PF": 1, "PTS": 2, "PLUS_MINUS": 7, "VIDEO_AVAILABLE": 1}, {"SEASON_ID": "22016", "Player_ID": 203107, "Game_ID": "0021600614", "GAME_DATE": "JAN 16, 2017", "MATCHUP": "WAS vs. POR", "WL": "W", "MIN": 19, "FGM": 4, "FGA": 7, "FG_PCT": 0.571, "FG3M": 1, "FG3A": 3, "FG3_PCT": 0.333, "FTM": 1, "FTA": 1, "FT_PCT": 1.0, "OREB": 3, "DREB": 7, "REB": 10, "AST": 3, "STL": 1, "BLK": 0, "TOV": 2, "PF": 0, "PTS": 10, "PLUS_MINUS": 7, "VIDEO_AVAILABLE": 1}, {"SEASON_ID": "22016", "Player_ID": 203107, "Game_ID": "0021600603", "GAME_DATE": "JAN 14, 2017", "MATCHUP": "WAS vs. PHI", "WL": "W", "MIN": 21, "FGM": 0, "FGA": 3, "FG_PCT": 0.0, "FG3M": 0, "FG3A": 0, "FG3_PCT": 0.0, "FTM": 4, "FTA": 4, "FT_PCT": 1.0, "OREB": 2, "DREB": 2, "REB": 4, "AST": 2, "STL": 1, "BLK": 0, "TOV": 0, "PF": 0, "PTS": 4, "PLUS_MINUS": -2, "VIDEO_AVAILABLE": 1}, {"SEASON_ID": "22016", "Player_ID": 203107, "Game_ID": "0021600493", "GAME_DATE": "DEC 30, 2016", "MATCHUP": "WAS vs. BKN", "WL": "W", "MIN": 12, "FGM": 0, "FGA": 1, "FG_PCT": 0.0, "FG3M": 0, "FG3A": 1, "FG3_PCT": 0.0, "FTM": 0, "FTA": 0, "FT_PCT": 0.0, "OREB": 0, "DREB": 0, "REB": 0, "AST": 1, "STL": 1, "BLK": 0, "TOV": 1, "PF": 1, "PTS": 0, "PLUS_MINUS": 7, "VIDEO_AVAILABLE": 1}, {"SEASON_ID": "22016", "Player_ID": 203107, "Game_ID": "0021600447", "GAME_DATE": "DEC 23, 2016", "MATCHUP": "WAS @ MIL", "WL": "L", "MIN": 8, "FGM": 1, "FGA": 1, "FG_PCT": 1.0, "FG3M": 0, "FG3A": 0, "FG3_PCT": 0.0, "FTM": 0, "FTA": 0, "FT_PCT": 0.0, "OREB": 0, "DREB": 0, "REB": 0, "AST": 1, "STL": 0, "BLK": 0, "TOV": 2, "PF": 0, "PTS": 2, "PLUS_MINUS": -1, "VIDEO_AVAILABLE": 1}, {"SEASON_ID": "22016", "Player_ID": 203107, "Game_ID": "0021600413", "GAME_DATE": "DEC 19, 2016", "MATCHUP": "WAS @ IND", "WL": "L", "MIN": 7, "FGM": 0, "FGA": 1, "FG_PCT": 0.0, "FG3M": 0, "FG3A": 1, "FG3_PCT": 0.0, "FTM": 0, "FTA": 0, "FT_PCT": 0.0, "OREB": 1, "DREB": 1, "REB": 2, "AST": 0, "STL": 1, "BLK": 0, "TOV": 1, "PF": 1, "PTS": 0, "PLUS_MINUS": 2, "VIDEO_AVAILABLE": 1}, {"SEASON_ID": "22016", "Player_ID": 203107, "Game_ID": "0021600406", "GAME_DATE": "DEC 18, 2016", "MATCHUP": "WAS vs. LAC", "WL": "W", "MIN": 8, "FGM": 0, "FGA": 0, "FG_PCT": 0.0, "FG3M": 0, "FG3A": 0, "FG3_PCT": 0.0, "FTM": 0, "FTA": 0, "FT_PCT": 0.0, "OREB": 0, "DREB": 0, "REB": 0, "AST": 2, "STL": 0, "BLK": 0, "TOV": 0, "PF": 1, "PTS": 0, "PLUS_MINUS": 4, "VIDEO_AVAILABLE": 1}, {"SEASON_ID": "22016", "Player_ID": 203107, "Game_ID": "0021600389", "GAME_DATE": "DEC 16, 2016", "MATCHUP": "WAS vs. DET", "WL": "W", "MIN": 6, "FGM": 0, "FGA": 0, "FG_PCT": 0.0, "FG3M": 0, "FG3A": 0, "FG3_PCT": 0.0, "FTM": 0, "FTA": 0, "FT_PCT": 0.0, "OREB": 0, "DREB": 0, "REB": 0, "AST": 2, "STL": 0, "BLK": 0, "TOV": 0, "PF": 1, "PTS": 0, "PLUS_MINUS": 1, "VIDEO_AVAILABLE": 1}, {"SEASON_ID": "22016", "Player_ID": 203107, "Game_ID": "0021600306", "GAME_DATE": "DEC 05, 2016", "MATCHUP": "WAS @ BKN", "WL": "W", "MIN": 4, "FGM": 0, "FGA": 1, "FG_PCT": 0.0, "FG3M": 0, "FG3A": 0, "FG3_PCT": 0.0, "FTM": 0, "FTA": 0, "FT_PCT": 0.0, "OREB": 0, "DREB": 0, "REB": 0, "AST": 0, "STL": 0, "BLK": 0, "TOV": 0, "PF": 0, "PTS": 0, "PLUS_MINUS": -5, "VIDEO_AVAILABLE": 1}, {"SEASON_ID": "22016", "Player_ID": 203107, "Game_ID": "0021600270", "GAME_DATE": "NOV 30, 2016", "MATCHUP": "WAS @ OKC", "WL": "L", "MIN": 12, "FGM": 1, "FGA": 3, "FG_PCT": 0.333, "FG3M": 0, "FG3A": 1, "FG3_PCT": 0.0, "FTM": 0, "FTA": 0, "FT_PCT": 0.0, "OREB": 0, "DREB": 1, "REB": 1, "AST": 3, "STL": 0, "BLK": 0, "TOV": 0, "PF": 2, "PTS": 2, "PLUS_MINUS": -9, "VIDEO_AVAILABLE": 1}, {"SEASON_ID": "22016", "Player_ID": 203107, "Game_ID": "0021600253", "GAME_DATE": "NOV 28, 2016", "MATCHUP": "WAS vs. SAC", "WL": "W", "MIN": 13, "FGM": 0, "FGA": 2, "FG_PCT": 0.0, "FG3M": 0, "FG3A": 1, "FG3_PCT": 0.0, "FTM": 0, "FTA": 0, "FT_PCT": 0.0, "OREB": 0, "DREB": 1, "REB": 1, "AST": 1, "STL": 0, "BLK": 0, "TOV": 1, "PF": 1, "PTS": 0, "PLUS_MINUS": 1, "VIDEO_AVAILABLE": 1}, {"SEASON_ID": "22016", "Player_ID": 203107, "Game_ID": "0021600240", "GAME_DATE": "NOV 26, 2016", "MATCHUP": "WAS vs. SAS", "WL": "L", "MIN": 12, "FGM": 0, "FGA": 3, "FG_PCT": 0.0, "FG3M": 0, "FG3A": 2, "FG3_PCT": 0.0, "FTM": 0, "FTA": 0, "FT_PCT": 0.0, "OREB": 1, "DREB": 0, "REB": 1, "AST": 3, "STL": 2, "BLK": 0, "TOV": 1, "PF": 3, "PTS": 0, "PLUS_MINUS": -4, "VIDEO_AVAILABLE": 1}, {"SEASON_ID": "22016", "Player_ID": 203107, "Game_ID": "0021600226", "GAME_DATE": "NOV 25, 2016", "MATCHUP": "WAS @ ORL", "WL": "W", "MIN": 12, "FGM": 0, "FGA": 4, "FG_PCT": 0.0, "FG3M": 0, "FG3A": 3, "FG3_PCT": 0.0, "FTM": 0, "FTA": 0, "FT_PCT": 0.0, "OREB": 1, "DREB": 2, "REB": 3, "AST": 0, "STL": 1, "BLK": 0, "TOV": 1, "PF": 1, "PTS": 0, "PLUS_MINUS": -12, "VIDEO_AVAILABLE": 1}, {"SEASON_ID": "22016", "Player_ID": 203107, "Game_ID": "0021600200", "GAME_DATE": "NOV 21, 2016", "MATCHUP": "WAS vs. PHX", "WL": "W", "MIN": 16, "FGM": 1, "FGA": 1, "FG_PCT": 1.0, "FG3M": 1, "FG3A": 1, "FG3_PCT": 1.0, "FTM": 3, "FTA": 4, "FT_PCT": 0.75, "OREB": 0, "DREB": 4, "REB": 4, "AST": 2, "STL": 0, "BLK": 0, "TOV": 1, "PF": 1, "PTS": 6, "PLUS_MINUS": 2, "VIDEO_AVAILABLE": 1}, {"SEASON_ID": "22016", "Player_ID": 203107, "Game_ID": "0021600186", "GAME_DATE": "NOV 19, 2016", "MATCHUP": "WAS vs. MIA", "WL": "L", "MIN": 25, "FGM": 3, "FGA": 6, "FG_PCT": 0.5, "FG3M": 0, "FG3A": 0, "FG3_PCT": 0.0, "FTM": 2, "FTA": 3, "FT_PCT": 0.667, "OREB": 0, "DREB": 2, "REB": 2, "AST": 4, "STL": 0, "BLK": 0, "TOV": 0, "PF": 4, "PTS": 8, "PLUS_MINUS": 12, "VIDEO_AVAILABLE": 1}, {"SEASON_ID": "22016", "Player_ID": 203107, "Game_ID": "0021600169", "GAME_DATE": "NOV 17, 2016", "MATCHUP": "WAS vs. NYK", "WL": "W", "MIN": 18, "FGM": 2, "FGA": 2, "FG_PCT": 1.0, "FG3M": 0, "FG3A": 0, "FG3_PCT": 0.0, "FTM": 0, "FTA": 0, "FT_PCT": 0.0, "OREB": 0, "DREB": 1, "REB": 1, "AST": 4, "STL": 2, "BLK": 0, "TOV": 3, "PF": 2, "PTS": 4, "PLUS_MINUS": -13, "VIDEO_AVAILABLE": 1}, {"SEASON_ID": "22016", "Player_ID": 203107, "Game_ID": "0021600158", "GAME_DATE": "NOV 16, 2016", "MATCHUP": "WAS @ PHI", "WL": "L", "MIN": 23, "FGM": 3, "FGA": 4, "FG_PCT": 0.75, "FG3M": 0, "FG3A": 1, "FG3_PCT": 0.0, "FTM": 1, "FTA": 4, "FT_PCT": 0.25, "OREB": 1, "DREB": 0, "REB": 1, "AST": 3, "STL": 0, "BLK": 0, "TOV": 2, "PF": 4, "PTS": 7, "PLUS_MINUS": 1, "VIDEO_AVAILABLE": 1}, {"SEASON_ID": "22016", "Player_ID": 203107, "Game_ID": "0021600133", "GAME_DATE": "NOV 12, 2016", "MATCHUP": "WAS @ CHI", "WL": "L", "MIN": 31, "FGM": 4, "FGA": 12, "FG_PCT": 0.333, "FG3M": 1, "FG3A": 2, "FG3_PCT": 0.5, "FTM": 3, "FTA": 3, "FT_PCT": 1.0, "OREB": 0, "DREB": 4, "REB": 4, "AST": 9, "STL": 1, "BLK": 0, "TOV": 2, "PF": 3, "PTS": 12, "PLUS_MINUS": 13, "VIDEO_AVAILABLE": 1}, {"SEASON_ID": "22016", "Player_ID": 203107, "Game_ID": "0021600122", "GAME_DATE": "NOV 11, 2016", "MATCHUP": "WAS vs. CLE", "WL": "L", "MIN": 20, "FGM": 3, "FGA": 7, "FG_PCT": 0.429, "FG3M": 0, "FG3A": 0, "FG3_PCT": 0.0, "FTM": 2, "FTA": 2, "FT_PCT": 1.0, "OREB": 1, "DREB": 1, "REB": 2, "AST": 2, "STL": 1, "BLK": 0, "TOV": 1, "PF": 0, "PTS": 8, "PLUS_MINUS": 0, "VIDEO_AVAILABLE": 1}, {"SEASON_ID": "22016", "Player_ID": 203107, "Game_ID": "0021600107", "GAME_DATE": "NOV 09, 2016", "MATCHUP": "WAS vs. BOS", "WL": "W", "MIN": 32, "FGM": 2, "FGA": 6, "FG_PCT": 0.333, "FG3M": 0, "FG3A": 1, "FG3_PCT": 0.0, "FTM": 0, "FTA": 0, "FT_PCT": 0.0, "OREB": 2, "DREB": 2, "REB": 4, "AST": 4, "STL": 0, "BLK": 0, "TOV": 0, "PF": 2, "PTS": 4, "PLUS_MINUS": -1, "VIDEO_AVAILABLE": 1}, {"SEASON_ID": "22016", "Player_ID": 203107, "Game_ID": "0021600094", "GAME_DATE": "NOV 07, 2016", "MATCHUP": "WAS vs. HOU", "WL": "L", "MIN": 13, "FGM": 1, "FGA": 4, "FG_PCT": 0.25, "FG3M": 0, "FG3A": 2, "FG3_PCT": 0.0, "FTM": 0, "FTA": 0, "FT_PCT": 0.0, "OREB": 1, "DREB": 0, "REB": 1, "AST": 2, "STL": 1, "BLK": 0, "TOV": 0, "PF": 0, "PTS": 2, "PLUS_MINUS": 3, "VIDEO_AVAILABLE": 1}, {"SEASON_ID": "22016", "Player_ID": 203107, "Game_ID": "0021600081", "GAME_DATE": "NOV 05, 2016", "MATCHUP": "WAS @ ORL", "WL": "L", "MIN": 32, "FGM": 4, "FGA": 7, "FG_PCT": 0.571, "FG3M": 0, "FG3A": 0, "FG3_PCT": 0.0, "FTM": 0, "FTA": 1, "FT_PCT": 0.0, "OREB": 0, "DREB": 2, "REB": 2, "AST": 3, "STL": 1, "BLK": 0, "TOV": 1, "PF": 3, "PTS": 8, "PLUS_MINUS": 13, "VIDEO_AVAILABLE": 1}, {"SEASON_ID": "22016", "Player_ID": 203107, "Game_ID": "0021600070", "GAME_DATE": "NOV 04, 2016", "MATCHUP": "WAS vs. ATL", "WL": "W", "MIN": 22, "FGM": 2, "FGA": 6, "FG_PCT": 0.333, "FG3M": 0, "FG3A": 3, "FG3_PCT": 0.0, "FTM": 0, "FTA": 0, "FT_PCT": 0.0, "OREB": 0, "DREB": 3, "REB": 3, "AST": 1, "STL": 0, "BLK": 0, "TOV": 3, "PF": 2, "PTS": 4, "PLUS_MINUS": -3, "VIDEO_AVAILABLE": 1}, {"SEASON_ID": "22016", "Player_ID": 203107, "Game_ID": "0021600055", "GAME_DATE": "NOV 02, 2016", "MATCHUP": "WAS vs. TOR", "WL": "L", "MIN": 10, "FGM": 1, "FGA": 2, "FG_PCT": 0.5, "FG3M": 0, "FG3A": 0, "FG3_PCT": 0.0, "FTM": 0, "FTA": 0, "FT_PCT": 0.0, "OREB": 0, "DREB": 2, "REB": 2, "AST": 2, "STL": 1, "BLK": 0, "TOV": 1, "PF": 2, "PTS": 2, "PLUS_MINUS": 3, "VIDEO_AVAILABLE": 1}, {"SEASON_ID": "22016", "Player_ID": 203107, "Game_ID": "0021600039", "GAME_DATE": "OCT 30, 2016", "MATCHUP": "WAS @ MEM", "WL": "L", "MIN": 1, "FGM": 0, "FGA": 0, "FG_PCT": 0.0, "FG3M": 0, "FG3A": 0, "FG3_PCT": 0.0, "FTM": 0, "FTA": 0, "FT_PCT": 0.0, "OREB": 0, "DREB": 0, "REB": 0, "AST": 0, "STL": 0, "BLK": 0, "TOV": 0, "PF": 0, "PTS": 0, "PLUS_MINUS": 1, "VIDEO_AVAILABLE": 1}, {"SEASON_ID": "22016", "Player_ID": 203107, "Game_ID": "0021600014", "GAME_DATE": "OCT 27, 2016", "MATCHUP": "WAS @ ATL", "WL": "L", "MIN": 4, "FGM": 1, "FGA": 1, "FG_PCT": 1.0, "FG3M": 0, "FG3A": 0, "FG3_PCT": 0.0, "FTM": 0, "FTA": 0, "FT_PCT": 0.0, "OREB": 1, "DREB": 0, "REB": 1, "AST": 1, "STL": 0, "BLK": 0, "TOV": 0, "PF": 0, "PTS": 2, "PLUS_MINUS": 4, "VIDEO_AVAILABLE": 1}]