{"firstName": "Tomas", "lastName": "Satoransky", "temporaryDisplayName": "Satoransky, Tomas", "personId": "203107", "teamId": "1610612741", "jersey": "31", "isActive": true, "pos": "G", "heightFeet": "6", "heightInches": "7", "heightMeters": "2.01", "weightPounds": "210", "weightKilograms": "95.3", "dateOfBirthUTC": "1991-10-30", "teamSitesOnly": {"playerCode": "tomas_satoransky", "posFull": "Guard", "displayAffiliation": "Barcelona (Spain)/Czech Republic", "freeAgentCode": ""}, "teams": [{"teamId": "1610612764", "seasonStart": "2016", "seasonEnd": "2018"}, {"teamId": "1610612741", "seasonStart": "2019", "seasonEnd": "2019"}], "draft": {"teamId": "1610612764", "pickNum": "32", "roundNum": "2", "seasonYear": "2012"}, "nbaDebutYear": "2016", "yearsPro": "3", "collegeName": " ", "lastAffiliation": " Czech Republic/Czech Republic", "country": "Czech Republic"}