{"firstName": "Cody", "lastName": "Zeller", "temporaryDisplayName": "Zeller, Cody", "personId": "203469", "teamId": "1610612766", "jersey": "40", "isActive": true, "pos": "F-C", "heightFeet": "7", "heightInches": "0", "heightMeters": "2.13", "weightPounds": "240", "weightKilograms": "108.9", "dateOfBirthUTC": "1992-10-05", "teamSitesOnly": {"playerCode": "cody_zeller", "posFull": "Forward-Center", "displayAffiliation": "Indiana/USA", "freeAgentCode": ""}, "teams": [{"teamId": "1610612766", "seasonStart": "2013", "seasonEnd": "2019"}], "draft": {"teamId": "1610612766", "pickNum": "4", "roundNum": "1", "seasonYear": "2013"}, "nbaDebutYear": "2013", "yearsPro": "6", "collegeName": "Indiana", "lastAffiliation": "Indiana/USA", "country": "USA"}