{"firstName": "Solomon", "lastName": "Hill", "temporaryDisplayName": "Hill, Solomon", "personId": "203524", "teamId": "1610612763", "jersey": "44", "isActive": true, "pos": "F", "heightFeet": "6", "heightInches": "7", "heightMeters": "2.01", "weightPounds": "225", "weightKilograms": "102.1", "dateOfBirthUTC": "1991-03-18", "teamSitesOnly": {"playerCode": "solomon_hill", "posFull": "Forward", "displayAffiliation": "Arizona/USA", "freeAgentCode": ""}, "teams": [{"teamId": "1610612754", "seasonStart": "2013", "seasonEnd": "2015"}, {"teamId": "1610612740", "seasonStart": "2016", "seasonEnd": "2018"}, {"teamId": "1610612763", "seasonStart": "2019", "seasonEnd": "2019"}], "draft": {"teamId": "1610612754", "pickNum": "23", "roundNum": "1", "seasonYear": "2013"}, "nbaDebutYear": "2013", "yearsPro": "6", "collegeName": "Arizona", "lastAffiliation": "Arizona/USA", "country": "USA"}