{"firstName": "Derrick", "lastName": "Jones Jr.", "temporaryDisplayName": "Jones Jr., Derrick", "personId": "1627884", "teamId": "1610612748", "jersey": "5", "isActive": true, "pos": "F-G", "heightFeet": "6", "heightInches": "6", "heightMeters": "1.98", "weightPounds": "210", "weightKilograms": "95.3", "dateOfBirthUTC": "1997-02-15", "teamSitesOnly": {"playerCode": "derrick_jones jr.", "posFull": "Forward-Guard", "displayAffiliation": "Nevada-Las Vegas/USA", "freeAgentCode": ""}, "teams": [{"teamId": "1610612756", "seasonStart": "2016", "seasonEnd": "2017"}, {"teamId": "1610612748", "seasonStart": "2017", "seasonEnd": "2019"}], "draft": {"teamId": "", "pickNum": "", "roundNum": "", "seasonYear": ""}, "nbaDebutYear": "2016", "yearsPro": "3", "collegeName": "UNLV", "lastAffiliation": "Nevada-Las Vegas/USA", "country": "USA"}