{"firstName": "Will", "lastName": "Barton", "temporaryDisplayName": "Barton, Will", "personId": "203115", "teamId": "1610612743", "jersey": "5", "isActive": true, "pos": "G", "heightFeet": "6", "heightInches": "6", "heightMeters": "1.98", "weightPounds": "190", "weightKilograms": "86.2", "dateOfBirthUTC": "1991-01-06", "teamSitesOnly": {"playerCode": "will_barton", "posFull": "Guard", "displayAffiliation": "Memphis/USA", "freeAgentCode": ""}, "teams": [{"teamId": "1610612757", "seasonStart": "2012", "seasonEnd": "2014"}, {"teamId": "1610612743", "seasonStart": "2014", "seasonEnd": "2019"}], "draft": {"teamId": "1610612757", "pickNum": "40", "roundNum": "2", "seasonYear": "2012"}, "nbaDebutYear": "2012", "yearsPro": "7", "collegeName": "Memphis", "lastAffiliation": "Memphis/USA", "country": "USA"}