{"firstName": "Donta", "lastName": "Hall", "temporaryDisplayName": "Hall, Donta", "personId": "1629743", "teamId": "1610612765", "jersey": "99", "isActive": true, "pos": "F", "heightFeet": "6", "heightInches": "10", "heightMeters": "2.08", "weightPounds": "223", "weightKilograms": "101.2", "dateOfBirthUTC": "1997-08-07", "teamSitesOnly": {"playerCode": "donta_hall", "posFull": "Forward", "displayAffiliation": "Alabama", "freeAgentCode": ""}, "teams": [{"teamId": "1610612765", "seasonStart": "2019", "seasonEnd": "2019"}], "draft": {"teamId": "", "pickNum": "", "roundNum": "", "seasonYear": ""}, "nbaDebutYear": "", "yearsPro": "0", "collegeName": "Alabama", "lastAffiliation": " USA", "country": "USA"}