{"firstName": "Luke", "lastName": "Maye", "temporaryDisplayName": "Maye, Luke", "personId": "1629612", "teamId": "1610612749", "jersey": "31", "isActive": true, "pos": "F", "heightFeet": "6", "heightInches": "8", "heightMeters": "2.03", "weightPounds": "240", "weightKilograms": "108.9", "dateOfBirthUTC": "1997-03-07", "teamSitesOnly": {"playerCode": "luke_maye", "posFull": "Forward", "displayAffiliation": "North Carolina/USA", "freeAgentCode": ""}, "teams": [{"teamId": "1610612749", "seasonStart": "2019", "seasonEnd": "2019"}], "draft": {"teamId": "", "pickNum": "", "roundNum": "", "seasonYear": ""}, "nbaDebutYear": "", "yearsPro": "0", "collegeName": "North Carolina", "lastAffiliation": "University of North Carolina at Cha/USA", "country": "USA"}