{"firstName": "Kaiser", "lastName": "Gates", "temporaryDisplayName": "Gates, Kaiser", "personId": "1629232", "teamId": "1610612738", "jersey": "30", "isActive": true, "pos": "F", "heightFeet": "6", "heightInches": "8", "heightMeters": "2.03", "weightPounds": "217", "weightKilograms": "98.4", "dateOfBirthUTC": "1996-11-08", "teamSitesOnly": {"playerCode": "kaiser_gates", "posFull": "Forward", "displayAffiliation": "Xavier (Ohio)", "freeAgentCode": ""}, "teams": [{"teamId": "1610612738", "seasonStart": "2019", "seasonEnd": "2019"}], "draft": {"teamId": "", "pickNum": "", "roundNum": "", "seasonYear": ""}, "nbaDebutYear": "", "yearsPro": "0", "collegeName": "Xavier", "lastAffiliation": " USA/USA", "country": "USA"}