{"firstName": "Juan", "lastName": "Toscano-Anderson", "temporaryDisplayName": "Toscano-Anderson, Juan", "personId": "1629308", "teamId": "1610612744", "jersey": "95", "isActive": true, "pos": "F", "heightFeet": "6", "heightInches": "6", "heightMeters": "1.98", "weightPounds": "209", "weightKilograms": "94.8", "dateOfBirthUTC": "1993-04-10", "teamSitesOnly": {"playerCode": "juan_toscano-anderson", "posFull": "Forward", "displayAffiliation": "Marquette", "freeAgentCode": ""}, "teams": [{"teamId": "1610612744", "seasonStart": "2019", "seasonEnd": "2019"}], "draft": {"teamId": "", "pickNum": "", "roundNum": "", "seasonYear": ""}, "nbaDebutYear": "", "yearsPro": "0", "collegeName": "Marquette", "lastAffiliation": " USA/USA", "country": "USA"}