[{"SEASON_ID": "22018", "Player_ID": 1628370, "Game_ID": "0021801222", "GAME_DATE": "APR 10, 2019", "MATCHUP": "CHA vs. ORL", "WL": "L", "MIN": 18, "FGM": 1, "FGA": 4, "FG_PCT": 0.25, "FG3M": 0, "FG3A": 2, "FG3_PCT": 0.0, "FTM": 0, "FTA": 0, "FT_PCT": 0.0, "OREB": 0, "DREB": 2, "REB": 2, "AST": 3, "STL": 0, "BLK": 0, "TOV": 1, "PF": 2, "PTS": 2, "PLUS_MINUS": -9, "VIDEO_AVAILABLE": 1}, {"SEASON_ID": "22018", "Player_ID": 1628370, "Game_ID": "0021801209", "GAME_DATE": "APR 09, 2019", "MATCHUP": "CHA @ CLE", "WL": "W", "MIN": 23, "FGM": 3, "FGA": 7, "FG_PCT": 0.429, "FG3M": 2, "FG3A": 6, "FG3_PCT": 0.333, "FTM": 0, "FTA": 0, "FT_PCT": 0.0, "OREB": 1, "DREB": 2, "REB": 3, "AST": 4, "STL": 2, "BLK": 2, "TOV": 1, "PF": 3, "PTS": 8, "PLUS_MINUS": 14, "VIDEO_AVAILABLE": 1}, {"SEASON_ID": "22018", "Player_ID": 1628370, "Game_ID": "0021801198", "GAME_DATE": "APR 07, 2019", "MATCHUP": "CHA @ DET", "WL": "W", "MIN": 15, "FGM": 0, "FGA": 1, "FG_PCT": 0.0, "FG3M": 0, "FG3A": 1, "FG3_PCT": 0.0, "FTM": 0, "FTA": 0, "FT_PCT": 0.0, "OREB": 0, "DREB": 3, "REB": 3, "AST": 0, "STL": 1, "BLK": 0, "TOV": 0, "PF": 0, "PTS": 0, "PLUS_MINUS": 8, "VIDEO_AVAILABLE": 1}, {"SEASON_ID": "22018", "Player_ID": 1628370, "Game_ID": "0021801180", "GAME_DATE": "APR 05, 2019", "MATCHUP": "CHA vs. TOR", "WL": "W", "MIN": 17, "FGM": 4, "FGA": 8, "FG_PCT": 0.5, "FG3M": 2, "FG3A": 5, "FG3_PCT": 0.4, "FTM": 0, "FTA": 0, "FT_PCT": 0.0, "OREB": 0, "DREB": 4, "REB": 4, "AST": 1, "STL": 0, "BLK": 1, "TOV": 0, "PF": 2, "PTS": 10, "PLUS_MINUS": -10, "VIDEO_AVAILABLE": 1}, {"SEASON_ID": "22018", "Player_ID": 1628370, "Game_ID": "0021801171", "GAME_DATE": "APR 03, 2019", "MATCHUP": "CHA @ NOP", "WL": "W", "MIN": 18, "FGM": 4, "FGA": 8, "FG_PCT": 0.5, "FG3M": 1, "FG3A": 4, "FG3_PCT": 0.25, "FTM": 0, "FTA": 0, "FT_PCT": 0.0, "OREB": 2, "DREB": 4, "REB": 6, "AST": 0, "STL": 0, "BLK": 1, "TOV": 0, "PF": 1, "PTS": 9, "PLUS_MINUS": 10, "VIDEO_AVAILABLE": 1}, {"SEASON_ID": "22018", "Player_ID": 1628370, "Game_ID": "0021801159", "GAME_DATE": "APR 01, 2019", "MATCHUP": "CHA @ UTA", "WL": "L", "MIN": 25, "FGM": 2, "FGA": 7, "FG_PCT": 0.286, "FG3M": 1, "FG3A": 5, "FG3_PCT": 0.2, "FTM": 1, "FTA": 2, "FT_PCT": 0.5, "OREB": 0, "DREB": 6, "REB": 6, "AST": 1, "STL": 2, "BLK": 0, "TOV": 1, "PF": 3, "PTS": 6, "PLUS_MINUS": 13, "VIDEO_AVAILABLE": 1}, {"SEASON_ID": "22018", "Player_ID": 1628370, "Game_ID": "0021801150", "GAME_DATE": "MAR 31, 2019", "MATCHUP": "CHA @ GSW", "WL": "L", "MIN": 9, "FGM": 3, "FGA": 6, "FG_PCT": 0.5, "FG3M": 2, "FG3A": 4, "FG3_PCT": 0.5, "FTM": 1, "FTA": 2, "FT_PCT": 0.5, "OREB": 0, "DREB": 0, "REB": 0, "AST": 1, "STL": 0, "BLK": 0, "TOV": 0, "PF": 0, "PTS": 9, "PLUS_MINUS": -10, "VIDEO_AVAILABLE": 1}, {"SEASON_ID": "22018", "Player_ID": 1628370, "Game_ID": "0021801135", "GAME_DATE": "MAR 29, 2019", "MATCHUP": "CHA @ LAL", "WL": "L", "MIN": 8, "FGM": 0, "FGA": 2, "FG_PCT": 0.0, "FG3M": 0, "FG3A": 1, "FG3_PCT": 0.0, "FTM": 0, "FTA": 0, "FT_PCT": 0.0, "OREB": 0, "DREB": 1, "REB": 1, "AST": 1, "STL": 0, "BLK": 0, "TOV": 1, "PF": 0, "PTS": 0, "PLUS_MINUS": -3, "VIDEO_AVAILABLE": 1}, {"SEASON_ID": "22018", "Player_ID": 1628370, "Game_ID": "0021801107", "GAME_DATE": "MAR 26, 2019", "MATCHUP": "CHA vs. SAS", "WL": "W", "MIN": 13, "FGM": 2, "FGA": 6, "FG_PCT": 0.333, "FG3M": 1, "FG3A": 4, "FG3_PCT": 0.25, "FTM": 0, "FTA": 0, "FT_PCT": 0.0, "OREB": 0, "DREB": 1, "REB": 1, "AST": 0, "STL": 1, "BLK": 0, "TOV": 1, "PF": 3, "PTS": 5, "PLUS_MINUS": -2, "VIDEO_AVAILABLE": 1}, {"SEASON_ID": "22018", "Player_ID": 1628370, "Game_ID": "0021801098", "GAME_DATE": "MAR 24, 2019", "MATCHUP": "CHA @ TOR", "WL": "W", "MIN": 15, "FGM": 1, "FGA": 5, "FG_PCT": 0.2, "FG3M": 1, "FG3A": 3, "FG3_PCT": 0.333, "FTM": 0, "FTA": 0, "FT_PCT": 0.0, "OREB": 0, "DREB": 2, "REB": 2, "AST": 2, "STL": 0, "BLK": 0, "TOV": 2, "PF": 1, "PTS": 3, "PLUS_MINUS": 11, "VIDEO_AVAILABLE": 1}, {"SEASON_ID": "22018", "Player_ID": 1628370, "Game_ID": "0021801087", "GAME_DATE": "MAR 23, 2019", "MATCHUP": "CHA vs. BOS", "WL": "W", "MIN": 17, "FGM": 3, "FGA": 6, "FG_PCT": 0.5, "FG3M": 3, "FG3A": 4, "FG3_PCT": 0.75, "FTM": 4, "FTA": 4, "FT_PCT": 1.0, "OREB": 0, "DREB": 1, "REB": 1, "AST": 1, "STL": 1, "BLK": 0, "TOV": 2, "PF": 4, "PTS": 13, "PLUS_MINUS": -9, "VIDEO_AVAILABLE": 1}, {"SEASON_ID": "22018", "Player_ID": 1628370, "Game_ID": "0021801074", "GAME_DATE": "MAR 21, 2019", "MATCHUP": "CHA vs. MIN", "WL": "W", "MIN": 19, "FGM": 5, "FGA": 10, "FG_PCT": 0.5, "FG3M": 4, "FG3A": 7, "FG3_PCT": 0.571, "FTM": 0, "FTA": 0, "FT_PCT": 0.0, "OREB": 0, "DREB": 4, "REB": 4, "AST": 0, "STL": 0, "BLK": 0, "TOV": 2, "PF": 4, "PTS": 14, "PLUS_MINUS": 0, "VIDEO_AVAILABLE": 1}, {"SEASON_ID": "22018", "Player_ID": 1628370, "Game_ID": "0021801045", "GAME_DATE": "MAR 17, 2019", "MATCHUP": "CHA @ MIA", "WL": "L", "MIN": 4, "FGM": 0, "FGA": 1, "FG_PCT": 0.0, "FG3M": 0, "FG3A": 1, "FG3_PCT": 0.0, "FTM": 0, "FTA": 0, "FT_PCT": 0.0, "OREB": 0, "DREB": 0, "REB": 0, "AST": 0, "STL": 0, "BLK": 0, "TOV": 0, "PF": 0, "PTS": 0, "PLUS_MINUS": -7, "VIDEO_AVAILABLE": 2}, {"SEASON_ID": "22018", "Player_ID": 1628370, "Game_ID": "0021801004", "GAME_DATE": "MAR 11, 2019", "MATCHUP": "CHA @ HOU", "WL": "L", "MIN": 26, "FGM": 3, "FGA": 12, "FG_PCT": 0.25, "FG3M": 2, "FG3A": 9, "FG3_PCT": 0.222, "FTM": 2, "FTA": 2, "FT_PCT": 1.0, "OREB": 1, "DREB": 4, "REB": 5, "AST": 1, "STL": 1, "BLK": 0, "TOV": 2, "PF": 4, "PTS": 10, "PLUS_MINUS": 1, "VIDEO_AVAILABLE": 1}, {"SEASON_ID": "22018", "Player_ID": 1628370, "Game_ID": "0021800990", "GAME_DATE": "MAR 09, 2019", "MATCHUP": "CHA @ MIL", "WL": "L", "MIN": 3, "FGM": 1, "FGA": 2, "FG_PCT": 0.5, "FG3M": 1, "FG3A": 2, "FG3_PCT": 0.5, "FTM": 0, "FTA": 0, "FT_PCT": 0.0, "OREB": 0, "DREB": 0, "REB": 0, "AST": 2, "STL": 1, "BLK": 0, "TOV": 0, "PF": 0, "PTS": 3, "PLUS_MINUS": 1, "VIDEO_AVAILABLE": 1}, {"SEASON_ID": "22018", "Player_ID": 1628370, "Game_ID": "0021800911", "GAME_DATE": "FEB 27, 2019", "MATCHUP": "CHA vs. HOU", "WL": "L", "MIN": 5, "FGM": 0, "FGA": 2, "FG_PCT": 0.0, "FG3M": 0, "FG3A": 1, "FG3_PCT": 0.0, "FTM": 0, "FTA": 0, "FT_PCT": 0.0, "OREB": 0, "DREB": 0, "REB": 0, "AST": 0, "STL": 0, "BLK": 0, "TOV": 1, "PF": 1, "PTS": 0, "PLUS_MINUS": -10, "VIDEO_AVAILABLE": 1}, {"SEASON_ID": "22018", "Player_ID": 1628370, "Game_ID": "0021800897", "GAME_DATE": "FEB 25, 2019", "MATCHUP": "CHA vs. GSW", "WL": "L", "MIN": 7, "FGM": 0, "FGA": 3, "FG_PCT": 0.0, "FG3M": 0, "FG3A": 2, "FG3_PCT": 0.0, "FTM": 0, "FTA": 0, "FT_PCT": 0.0, "OREB": 0, "DREB": 0, "REB": 0, "AST": 0, "STL": 0, "BLK": 0, "TOV": 0, "PF": 1, "PTS": 0, "PLUS_MINUS": -10, "VIDEO_AVAILABLE": 1}, {"SEASON_ID": "22018", "Player_ID": 1628370, "Game_ID": "0021800884", "GAME_DATE": "FEB 23, 2019", "MATCHUP": "CHA vs. BKN", "WL": "L", "MIN": 7, "FGM": 0, "FGA": 1, "FG_PCT": 0.0, "FG3M": 0, "FG3A": 0, "FG3_PCT": 0.0, "FTM": 1, "FTA": 2, "FT_PCT": 0.5, "OREB": 0, "DREB": 2, "REB": 2, "AST": 2, "STL": 0, "BLK": 0, "TOV": 0, "PF": 0, "PTS": 1, "PLUS_MINUS": 3, "VIDEO_AVAILABLE": 1}, {"SEASON_ID": "22018", "Player_ID": 1628370, "Game_ID": "0021800873", "GAME_DATE": "FEB 22, 2019", "MATCHUP": "CHA vs. WAS", "WL": "W", "MIN": 12, "FGM": 1, "FGA": 6, "FG_PCT": 0.167, "FG3M": 1, "FG3A": 5, "FG3_PCT": 0.2, "FTM": 2, "FTA": 2, "FT_PCT": 1.0, "OREB": 1, "DREB": 0, "REB": 1, "AST": 1, "STL": 0, "BLK": 1, "TOV": 2, "PF": 0, "PTS": 5, "PLUS_MINUS": 7, "VIDEO_AVAILABLE": 1}, {"SEASON_ID": "22018", "Player_ID": 1628370, "Game_ID": "0021800864", "GAME_DATE": "FEB 14, 2019", "MATCHUP": "CHA @ ORL", "WL": "L", "MIN": 24, "FGM": 7, "FGA": 16, "FG_PCT": 0.438, "FG3M": 1, "FG3A": 7, "FG3_PCT": 0.143, "FTM": 0, "FTA": 0, "FT_PCT": 0.0, "OREB": 1, "DREB": 3, "REB": 4, "AST": 2, "STL": 0, "BLK": 0, "TOV": 0, "PF": 2, "PTS": 15, "PLUS_MINUS": -19, "VIDEO_AVAILABLE": 1}, {"SEASON_ID": "22018", "Player_ID": 1628370, "Game_ID": "0021800841", "GAME_DATE": "FEB 11, 2019", "MATCHUP": "CHA @ IND", "WL": "L", "MIN": 10, "FGM": 0, "FGA": 3, "FG_PCT": 0.0, "FG3M": 0, "FG3A": 2, "FG3_PCT": 0.0, "FTM": 0, "FTA": 0, "FT_PCT": 0.0, "OREB": 1, "DREB": 0, "REB": 1, "AST": 0, "STL": 0, "BLK": 0, "TOV": 0, "PF": 1, "PTS": 0, "PLUS_MINUS": -20, "VIDEO_AVAILABLE": 1}, {"SEASON_ID": "22018", "Player_ID": 1628370, "Game_ID": "0021800827", "GAME_DATE": "FEB 09, 2019", "MATCHUP": "CHA @ ATL", "WL": "W", "MIN": 10, "FGM": 1, "FGA": 4, "FG_PCT": 0.25, "FG3M": 0, "FG3A": 2, "FG3_PCT": 0.0, "FTM": 2, "FTA": 2, "FT_PCT": 1.0, "OREB": 0, "DREB": 2, "REB": 2, "AST": 2, "STL": 1, "BLK": 0, "TOV": 3, "PF": 0, "PTS": 4, "PLUS_MINUS": -6, "VIDEO_AVAILABLE": 1}, {"SEASON_ID": "22018", "Player_ID": 1628370, "Game_ID": "0021800807", "GAME_DATE": "FEB 06, 2019", "MATCHUP": "CHA @ DAL", "WL": "L", "MIN": 20, "FGM": 3, "FGA": 9, "FG_PCT": 0.333, "FG3M": 1, "FG3A": 5, "FG3_PCT": 0.2, "FTM": 0, "FTA": 0, "FT_PCT": 0.0, "OREB": 0, "DREB": 2, "REB": 2, "AST": 1, "STL": 0, "BLK": 1, "TOV": 1, "PF": 1, "PTS": 7, "PLUS_MINUS": -11, "VIDEO_AVAILABLE": 1}, {"SEASON_ID": "22018", "Player_ID": 1628370, "Game_ID": "0021800796", "GAME_DATE": "FEB 05, 2019", "MATCHUP": "CHA vs. LAC", "WL": "L", "MIN": 14, "FGM": 4, "FGA": 11, "FG_PCT": 0.364, "FG3M": 3, "FG3A": 8, "FG3_PCT": 0.375, "FTM": 1, "FTA": 2, "FT_PCT": 0.5, "OREB": 0, "DREB": 0, "REB": 0, "AST": 0, "STL": 0, "BLK": 0, "TOV": 0, "PF": 2, "PTS": 12, "PLUS_MINUS": -5, "VIDEO_AVAILABLE": 1}, {"SEASON_ID": "22018", "Player_ID": 1628370, "Game_ID": "0021800776", "GAME_DATE": "FEB 02, 2019", "MATCHUP": "CHA vs. CHI", "WL": "W", "MIN": 20, "FGM": 6, "FGA": 9, "FG_PCT": 0.667, "FG3M": 1, "FG3A": 3, "FG3_PCT": 0.333, "FTM": 5, "FTA": 5, "FT_PCT": 1.0, "OREB": 0, "DREB": 3, "REB": 3, "AST": 5, "STL": 0, "BLK": 1, "TOV": 4, "PF": 2, "PTS": 18, "PLUS_MINUS": -2, "VIDEO_AVAILABLE": 1}, {"SEASON_ID": "22018", "Player_ID": 1628370, "Game_ID": "0021800770", "GAME_DATE": "FEB 01, 2019", "MATCHUP": "CHA vs. MEM", "WL": "W", "MIN": 26, "FGM": 6, "FGA": 15, "FG_PCT": 0.4, "FG3M": 4, "FG3A": 8, "FG3_PCT": 0.5, "FTM": 4, "FTA": 4, "FT_PCT": 1.0, "OREB": 0, "DREB": 3, "REB": 3, "AST": 0, "STL": 0, "BLK": 1, "TOV": 0, "PF": 0, "PTS": 20, "PLUS_MINUS": 17, "VIDEO_AVAILABLE": 1}, {"SEASON_ID": "22018", "Player_ID": 1628370, "Game_ID": "0021800756", "GAME_DATE": "JAN 30, 2019", "MATCHUP": "CHA @ BOS", "WL": "L", "MIN": 26, "FGM": 6, "FGA": 14, "FG_PCT": 0.429, "FG3M": 3, "FG3A": 10, "FG3_PCT": 0.3, "FTM": 1, "FTA": 1, "FT_PCT": 1.0, "OREB": 0, "DREB": 2, "REB": 2, "AST": 1, "STL": 1, "BLK": 1, "TOV": 0, "PF": 3, "PTS": 16, "PLUS_MINUS": -17, "VIDEO_AVAILABLE": 1}, {"SEASON_ID": "22018", "Player_ID": 1628370, "Game_ID": "0021800744", "GAME_DATE": "JAN 28, 2019", "MATCHUP": "CHA vs. NYK", "WL": "W", "MIN": 22, "FGM": 5, "FGA": 12, "FG_PCT": 0.417, "FG3M": 4, "FG3A": 7, "FG3_PCT": 0.571, "FTM": 0, "FTA": 0, "FT_PCT": 0.0, "OREB": 0, "DREB": 2, "REB": 2, "AST": 3, "STL": 0, "BLK": 0, "TOV": 3, "PF": 4, "PTS": 14, "PLUS_MINUS": 14, "VIDEO_AVAILABLE": 1}, {"SEASON_ID": "22018", "Player_ID": 1628370, "Game_ID": "0021800727", "GAME_DATE": "JAN 25, 2019", "MATCHUP": "CHA @ MIL", "WL": "L", "MIN": 12, "FGM": 0, "FGA": 5, "FG_PCT": 0.0, "FG3M": 0, "FG3A": 1, "FG3_PCT": 0.0, "FTM": 0, "FTA": 0, "FT_PCT": 0.0, "OREB": 0, "DREB": 4, "REB": 4, "AST": 2, "STL": 0, "BLK": 0, "TOV": 2, "PF": 2, "PTS": 0, "PLUS_MINUS": 7, "VIDEO_AVAILABLE": 1}, {"SEASON_ID": "22018", "Player_ID": 1628370, "Game_ID": "0021800713", "GAME_DATE": "JAN 23, 2019", "MATCHUP": "CHA @ MEM", "WL": "W", "MIN": 18, "FGM": 4, "FGA": 7, "FG_PCT": 0.571, "FG3M": 1, "FG3A": 3, "FG3_PCT": 0.333, "FTM": 0, "FTA": 0, "FT_PCT": 0.0, "OREB": 0, "DREB": 2, "REB": 2, "AST": 2, "STL": 0, "BLK": 0, "TOV": 0, "PF": 1, "PTS": 9, "PLUS_MINUS": 4, "VIDEO_AVAILABLE": 1}, {"SEASON_ID": "22018", "Player_ID": 1628370, "Game_ID": "0021800688", "GAME_DATE": "JAN 20, 2019", "MATCHUP": "CHA @ IND", "WL": "L", "MIN": 16, "FGM": 4, "FGA": 9, "FG_PCT": 0.444, "FG3M": 2, "FG3A": 3, "FG3_PCT": 0.667, "FTM": 1, "FTA": 2, "FT_PCT": 0.5, "OREB": 1, "DREB": 2, "REB": 3, "AST": 2, "STL": 2, "BLK": 0, "TOV": 3, "PF": 2, "PTS": 11, "PLUS_MINUS": -10, "VIDEO_AVAILABLE": 1}, {"SEASON_ID": "22018", "Player_ID": 1628370, "Game_ID": "0021800679", "GAME_DATE": "JAN 19, 2019", "MATCHUP": "CHA vs. PHX", "WL": "W", "MIN": 19, "FGM": 3, "FGA": 6, "FG_PCT": 0.5, "FG3M": 1, "FG3A": 4, "FG3_PCT": 0.25, "FTM": 0, "FTA": 1, "FT_PCT": 0.0, "OREB": 0, "DREB": 1, "REB": 1, "AST": 4, "STL": 1, "BLK": 0, "TOV": 1, "PF": 2, "PTS": 7, "PLUS_MINUS": -6, "VIDEO_AVAILABLE": 1}, {"SEASON_ID": "22018", "Player_ID": 1628370, "Game_ID": "0021800666", "GAME_DATE": "JAN 17, 2019", "MATCHUP": "CHA vs. SAC", "WL": "W", "MIN": 13, "FGM": 2, "FGA": 3, "FG_PCT": 0.667, "FG3M": 1, "FG3A": 2, "FG3_PCT": 0.5, "FTM": 0, "FTA": 0, "FT_PCT": 0.0, "OREB": 0, "DREB": 1, "REB": 1, "AST": 1, "STL": 0, "BLK": 0, "TOV": 2, "PF": 1, "PTS": 5, "PLUS_MINUS": 13, "VIDEO_AVAILABLE": 1}, {"SEASON_ID": "22018", "Player_ID": 1628370, "Game_ID": "0021800647", "GAME_DATE": "JAN 14, 2019", "MATCHUP": "CHA @ SAS", "WL": "W", "MIN": 5, "FGM": 1, "FGA": 5, "FG_PCT": 0.2, "FG3M": 0, "FG3A": 3, "FG3_PCT": 0.0, "FTM": 0, "FTA": 0, "FT_PCT": 0.0, "OREB": 0, "DREB": 1, "REB": 1, "AST": 0, "STL": 0, "BLK": 0, "TOV": 1, "PF": 0, "PTS": 2, "PLUS_MINUS": -3, "VIDEO_AVAILABLE": 1}, {"SEASON_ID": "22018", "Player_ID": 1628370, "Game_ID": "0021800636", "GAME_DATE": "JAN 12, 2019", "MATCHUP": "CHA @ SAC", "WL": "L", "MIN": 20, "FGM": 4, "FGA": 11, "FG_PCT": 0.364, "FG3M": 2, "FG3A": 6, "FG3_PCT": 0.333, "FTM": 0, "FTA": 0, "FT_PCT": 0.0, "OREB": 0, "DREB": 0, "REB": 0, "AST": 1, "STL": 1, "BLK": 0, "TOV": 3, "PF": 2, "PTS": 10, "PLUS_MINUS": -3, "VIDEO_AVAILABLE": 1}, {"SEASON_ID": "22018", "Player_ID": 1628370, "Game_ID": "0021800628", "GAME_DATE": "JAN 11, 2019", "MATCHUP": "CHA @ POR", "WL": "L", "MIN": 23, "FGM": 2, "FGA": 7, "FG_PCT": 0.286, "FG3M": 1, "FG3A": 4, "FG3_PCT": 0.25, "FTM": 2, "FTA": 2, "FT_PCT": 1.0, "OREB": 0, "DREB": 1, "REB": 1, "AST": 4, "STL": 0, "BLK": 0, "TOV": 0, "PF": 0, "PTS": 7, "PLUS_MINUS": -9, "VIDEO_AVAILABLE": 1}, {"SEASON_ID": "22018", "Player_ID": 1628370, "Game_ID": "0021800606", "GAME_DATE": "JAN 08, 2019", "MATCHUP": "CHA @ LAC", "WL": "L", "MIN": 21, "FGM": 7, "FGA": 14, "FG_PCT": 0.5, "FG3M": 4, "FG3A": 7, "FG3_PCT": 0.571, "FTM": 6, "FTA": 6, "FT_PCT": 1.0, "OREB": 0, "DREB": 1, "REB": 1, "AST": 0, "STL": 0, "BLK": 0, "TOV": 1, "PF": 1, "PTS": 24, "PLUS_MINUS": -9, "VIDEO_AVAILABLE": 1}, {"SEASON_ID": "22018", "Player_ID": 1628370, "Game_ID": "0021800590", "GAME_DATE": "JAN 06, 2019", "MATCHUP": "CHA @ PHX", "WL": "W", "MIN": 16, "FGM": 2, "FGA": 8, "FG_PCT": 0.25, "FG3M": 1, "FG3A": 4, "FG3_PCT": 0.25, "FTM": 0, "FTA": 0, "FT_PCT": 0.0, "OREB": 0, "DREB": 3, "REB": 3, "AST": 1, "STL": 0, "BLK": 0, "TOV": 0, "PF": 1, "PTS": 5, "PLUS_MINUS": 2, "VIDEO_AVAILABLE": 1}, {"SEASON_ID": "22018", "Player_ID": 1628370, "Game_ID": "0021800576", "GAME_DATE": "JAN 05, 2019", "MATCHUP": "CHA @ DEN", "WL": "L", "MIN": 22, "FGM": 6, "FGA": 11, "FG_PCT": 0.545, "FG3M": 2, "FG3A": 5, "FG3_PCT": 0.4, "FTM": 2, "FTA": 2, "FT_PCT": 1.0, "OREB": 0, "DREB": 3, "REB": 3, "AST": 2, "STL": 0, "BLK": 0, "TOV": 3, "PF": 1, "PTS": 16, "PLUS_MINUS": -6, "VIDEO_AVAILABLE": 1}, {"SEASON_ID": "22018", "Player_ID": 1628370, "Game_ID": "0021800554", "GAME_DATE": "JAN 02, 2019", "MATCHUP": "CHA vs. DAL", "WL": "L", "MIN": 5, "FGM": 0, "FGA": 2, "FG_PCT": 0.0, "FG3M": 0, "FG3A": 2, "FG3_PCT": 0.0, "FTM": 0, "FTA": 0, "FT_PCT": 0.0, "OREB": 0, "DREB": 1, "REB": 1, "AST": 0, "STL": 0, "BLK": 1, "TOV": 1, "PF": 0, "PTS": 0, "PLUS_MINUS": -13, "VIDEO_AVAILABLE": 1}, {"SEASON_ID": "22018", "Player_ID": 1628370, "Game_ID": "0021800543", "GAME_DATE": "DEC 31, 2018", "MATCHUP": "CHA vs. ORL", "WL": "W", "MIN": 24, "FGM": 7, "FGA": 14, "FG_PCT": 0.5, "FG3M": 3, "FG3A": 6, "FG3_PCT": 0.5, "FTM": 4, "FTA": 4, "FT_PCT": 1.0, "OREB": 0, "DREB": 3, "REB": 3, "AST": 4, "STL": 1, "BLK": 1, "TOV": 1, "PF": 0, "PTS": 21, "PLUS_MINUS": 25, "VIDEO_AVAILABLE": 1}, {"SEASON_ID": "22018", "Player_ID": 1628370, "Game_ID": "0021800530", "GAME_DATE": "DEC 29, 2018", "MATCHUP": "CHA @ WAS", "WL": "L", "MIN": 17, "FGM": 3, "FGA": 5, "FG_PCT": 0.6, "FG3M": 1, "FG3A": 3, "FG3_PCT": 0.333, "FTM": 2, "FTA": 2, "FT_PCT": 1.0, "OREB": 0, "DREB": 0, "REB": 0, "AST": 1, "STL": 2, "BLK": 0, "TOV": 1, "PF": 1, "PTS": 9, "PLUS_MINUS": -8, "VIDEO_AVAILABLE": 1}, {"SEASON_ID": "22018", "Player_ID": 1628370, "Game_ID": "0021800517", "GAME_DATE": "DEC 28, 2018", "MATCHUP": "CHA vs. BKN", "WL": "W", "MIN": 15, "FGM": 2, "FGA": 8, "FG_PCT": 0.25, "FG3M": 1, "FG3A": 6, "FG3_PCT": 0.167, "FTM": 0, "FTA": 0, "FT_PCT": 0.0, "OREB": 0, "DREB": 0, "REB": 0, "AST": 1, "STL": 0, "BLK": 0, "TOV": 0, "PF": 2, "PTS": 5, "PLUS_MINUS": -10, "VIDEO_AVAILABLE": 1}, {"SEASON_ID": "22018", "Player_ID": 1628370, "Game_ID": "0021800505", "GAME_DATE": "DEC 26, 2018", "MATCHUP": "CHA @ BKN", "WL": "L", "MIN": 23, "FGM": 3, "FGA": 7, "FG_PCT": 0.429, "FG3M": 1, "FG3A": 3, "FG3_PCT": 0.333, "FTM": 1, "FTA": 1, "FT_PCT": 1.0, "OREB": 0, "DREB": 2, "REB": 2, "AST": 3, "STL": 2, "BLK": 0, "TOV": 2, "PF": 1, "PTS": 8, "PLUS_MINUS": 4, "VIDEO_AVAILABLE": 1}, {"SEASON_ID": "22018", "Player_ID": 1628370, "Game_ID": "0021800488", "GAME_DATE": "DEC 23, 2018", "MATCHUP": "CHA @ BOS", "WL": "L", "MIN": 15, "FGM": 4, "FGA": 8, "FG_PCT": 0.5, "FG3M": 2, "FG3A": 6, "FG3_PCT": 0.333, "FTM": 3, "FTA": 3, "FT_PCT": 1.0, "OREB": 1, "DREB": 0, "REB": 1, "AST": 1, "STL": 1, "BLK": 0, "TOV": 1, "PF": 1, "PTS": 13, "PLUS_MINUS": 15, "VIDEO_AVAILABLE": 1}, {"SEASON_ID": "22018", "Player_ID": 1628370, "Game_ID": "0021800430", "GAME_DATE": "DEC 15, 2018", "MATCHUP": "CHA vs. LAL", "WL": "L", "MIN": 27, "FGM": 7, "FGA": 14, "FG_PCT": 0.5, "FG3M": 2, "FG3A": 5, "FG3_PCT": 0.4, "FTM": 3, "FTA": 3, "FT_PCT": 1.0, "OREB": 2, "DREB": 3, "REB": 5, "AST": 1, "STL": 0, "BLK": 0, "TOV": 2, "PF": 3, "PTS": 19, "PLUS_MINUS": -5, "VIDEO_AVAILABLE": 1}, {"SEASON_ID": "22018", "Player_ID": 1628370, "Game_ID": "0021800421", "GAME_DATE": "DEC 14, 2018", "MATCHUP": "CHA vs. NYK", "WL": "L", "MIN": 12, "FGM": 3, "FGA": 4, "FG_PCT": 0.75, "FG3M": 2, "FG3A": 3, "FG3_PCT": 0.667, "FTM": 1, "FTA": 1, "FT_PCT": 1.0, "OREB": 0, "DREB": 2, "REB": 2, "AST": 5, "STL": 0, "BLK": 0, "TOV": 3, "PF": 3, "PTS": 9, "PLUS_MINUS": -7, "VIDEO_AVAILABLE": 1}, {"SEASON_ID": "22018", "Player_ID": 1628370, "Game_ID": "0021800405", "GAME_DATE": "DEC 12, 2018", "MATCHUP": "CHA vs. DET", "WL": "W", "MIN": 11, "FGM": 3, "FGA": 9, "FG_PCT": 0.333, "FG3M": 1, "FG3A": 3, "FG3_PCT": 0.333, "FTM": 0, "FTA": 1, "FT_PCT": 0.0, "OREB": 0, "DREB": 1, "REB": 1, "AST": 0, "STL": 0, "BLK": 1, "TOV": 3, "PF": 0, "PTS": 7, "PLUS_MINUS": -8, "VIDEO_AVAILABLE": 1}, {"SEASON_ID": "22018", "Player_ID": 1628370, "Game_ID": "0021800389", "GAME_DATE": "DEC 09, 2018", "MATCHUP": "CHA @ NYK", "WL": "W", "MIN": 20, "FGM": 3, "FGA": 8, "FG_PCT": 0.375, "FG3M": 2, "FG3A": 4, "FG3_PCT": 0.5, "FTM": 1, "FTA": 2, "FT_PCT": 0.5, "OREB": 0, "DREB": 4, "REB": 4, "AST": 1, "STL": 1, "BLK": 0, "TOV": 1, "PF": 0, "PTS": 9, "PLUS_MINUS": 2, "VIDEO_AVAILABLE": 1}, {"SEASON_ID": "22018", "Player_ID": 1628370, "Game_ID": "0021800368", "GAME_DATE": "DEC 07, 2018", "MATCHUP": "CHA vs. DEN", "WL": "W", "MIN": 22, "FGM": 5, "FGA": 12, "FG_PCT": 0.417, "FG3M": 3, "FG3A": 8, "FG3_PCT": 0.375, "FTM": 3, "FTA": 3, "FT_PCT": 1.0, "OREB": 0, "DREB": 0, "REB": 0, "AST": 1, "STL": 0, "BLK": 1, "TOV": 0, "PF": 2, "PTS": 16, "PLUS_MINUS": 21, "VIDEO_AVAILABLE": 1}, {"SEASON_ID": "22018", "Player_ID": 1628370, "Game_ID": "0021800362", "GAME_DATE": "DEC 05, 2018", "MATCHUP": "CHA @ MIN", "WL": "L", "MIN": 18, "FGM": 3, "FGA": 6, "FG_PCT": 0.5, "FG3M": 0, "FG3A": 3, "FG3_PCT": 0.0, "FTM": 4, "FTA": 4, "FT_PCT": 1.0, "OREB": 0, "DREB": 1, "REB": 1, "AST": 0, "STL": 1, "BLK": 1, "TOV": 2, "PF": 0, "PTS": 10, "PLUS_MINUS": 1, "VIDEO_AVAILABLE": 1}, {"SEASON_ID": "22018", "Player_ID": 1628370, "Game_ID": "0021800338", "GAME_DATE": "DEC 02, 2018", "MATCHUP": "CHA vs. NOP", "WL": "L", "MIN": 10, "FGM": 1, "FGA": 5, "FG_PCT": 0.2, "FG3M": 0, "FG3A": 3, "FG3_PCT": 0.0, "FTM": 2, "FTA": 2, "FT_PCT": 1.0, "OREB": 0, "DREB": 1, "REB": 1, "AST": 3, "STL": 2, "BLK": 0, "TOV": 1, "PF": 1, "PTS": 4, "PLUS_MINUS": 2, "VIDEO_AVAILABLE": 1}, {"SEASON_ID": "22018", "Player_ID": 1628370, "Game_ID": "0021800320", "GAME_DATE": "NOV 30, 2018", "MATCHUP": "CHA vs. UTA", "WL": "L", "MIN": 6, "FGM": 1, "FGA": 4, "FG_PCT": 0.25, "FG3M": 0, "FG3A": 2, "FG3_PCT": 0.0, "FTM": 0, "FTA": 0, "FT_PCT": 0.0, "OREB": 0, "DREB": 0, "REB": 0, "AST": 0, "STL": 0, "BLK": 0, "TOV": 1, "PF": 2, "PTS": 2, "PLUS_MINUS": -1, "VIDEO_AVAILABLE": 1}, {"SEASON_ID": "22018", "Player_ID": 1628370, "Game_ID": "0021800306", "GAME_DATE": "NOV 28, 2018", "MATCHUP": "CHA vs. ATL", "WL": "W", "MIN": 8, "FGM": 1, "FGA": 2, "FG_PCT": 0.5, "FG3M": 0, "FG3A": 0, "FG3_PCT": 0.0, "FTM": 0, "FTA": 0, "FT_PCT": 0.0, "OREB": 0, "DREB": 1, "REB": 1, "AST": 3, "STL": 0, "BLK": 1, "TOV": 0, "PF": 1, "PTS": 2, "PLUS_MINUS": 4, "VIDEO_AVAILABLE": 1}, {"SEASON_ID": "22018", "Player_ID": 1628370, "Game_ID": "0021800294", "GAME_DATE": "NOV 26, 2018", "MATCHUP": "CHA vs. MIL", "WL": "W", "MIN": 21, "FGM": 2, "FGA": 7, "FG_PCT": 0.286, "FG3M": 1, "FG3A": 2, "FG3_PCT": 0.5, "FTM": 2, "FTA": 2, "FT_PCT": 1.0, "OREB": 0, "DREB": 1, "REB": 1, "AST": 1, "STL": 1, "BLK": 0, "TOV": 0, "PF": 1, "PTS": 7, "PLUS_MINUS": -1, "VIDEO_AVAILABLE": 1}, {"SEASON_ID": "22018", "Player_ID": 1628370, "Game_ID": "0021800288", "GAME_DATE": "NOV 25, 2018", "MATCHUP": "CHA @ ATL", "WL": "L", "MIN": 24, "FGM": 9, "FGA": 15, "FG_PCT": 0.6, "FG3M": 7, "FG3A": 11, "FG3_PCT": 0.636, "FTM": 1, "FTA": 1, "FT_PCT": 1.0, "OREB": 0, "DREB": 2, "REB": 2, "AST": 0, "STL": 1, "BLK": 0, "TOV": 2, "PF": 2, "PTS": 26, "PLUS_MINUS": 4, "VIDEO_AVAILABLE": 1}, {"SEASON_ID": "22018", "Player_ID": 1628370, "Game_ID": "0021800252", "GAME_DATE": "NOV 21, 2018", "MATCHUP": "CHA vs. IND", "WL": "W", "MIN": 19, "FGM": 4, "FGA": 8, "FG_PCT": 0.5, "FG3M": 3, "FG3A": 6, "FG3_PCT": 0.5, "FTM": 4, "FTA": 5, "FT_PCT": 0.8, "OREB": 0, "DREB": 2, "REB": 2, "AST": 1, "STL": 2, "BLK": 0, "TOV": 2, "PF": 1, "PTS": 15, "PLUS_MINUS": -7, "VIDEO_AVAILABLE": 1}, {"SEASON_ID": "22018", "Player_ID": 1628370, "Game_ID": "0021800239", "GAME_DATE": "NOV 19, 2018", "MATCHUP": "CHA vs. BOS", "WL": "W", "MIN": 8, "FGM": 0, "FGA": 3, "FG_PCT": 0.0, "FG3M": 0, "FG3A": 3, "FG3_PCT": 0.0, "FTM": 0, "FTA": 0, "FT_PCT": 0.0, "OREB": 0, "DREB": 1, "REB": 1, "AST": 1, "STL": 0, "BLK": 0, "TOV": 0, "PF": 0, "PTS": 0, "PLUS_MINUS": 0, "VIDEO_AVAILABLE": 1}, {"SEASON_ID": "22018", "Player_ID": 1628370, "Game_ID": "0021800225", "GAME_DATE": "NOV 17, 2018", "MATCHUP": "CHA vs. PHI", "WL": "L", "MIN": 11, "FGM": 0, "FGA": 5, "FG_PCT": 0.0, "FG3M": 0, "FG3A": 2, "FG3_PCT": 0.0, "FTM": 2, "FTA": 2, "FT_PCT": 1.0, "OREB": 1, "DREB": 1, "REB": 2, "AST": 0, "STL": 1, "BLK": 0, "TOV": 2, "PF": 1, "PTS": 2, "PLUS_MINUS": -4, "VIDEO_AVAILABLE": 1}, {"SEASON_ID": "22018", "Player_ID": 1628370, "Game_ID": "0021800199", "GAME_DATE": "NOV 13, 2018", "MATCHUP": "CHA @ CLE", "WL": "L", "MIN": 23, "FGM": 3, "FGA": 13, "FG_PCT": 0.231, "FG3M": 0, "FG3A": 8, "FG3_PCT": 0.0, "FTM": 0, "FTA": 0, "FT_PCT": 0.0, "OREB": 0, "DREB": 2, "REB": 2, "AST": 2, "STL": 1, "BLK": 0, "TOV": 1, "PF": 0, "PTS": 6, "PLUS_MINUS": -12, "VIDEO_AVAILABLE": 1}, {"SEASON_ID": "22018", "Player_ID": 1628370, "Game_ID": "0021800184", "GAME_DATE": "NOV 11, 2018", "MATCHUP": "CHA @ DET", "WL": "W", "MIN": 18, "FGM": 0, "FGA": 5, "FG_PCT": 0.0, "FG3M": 0, "FG3A": 3, "FG3_PCT": 0.0, "FTM": 4, "FTA": 4, "FT_PCT": 1.0, "OREB": 0, "DREB": 5, "REB": 5, "AST": 2, "STL": 0, "BLK": 0, "TOV": 1, "PF": 2, "PTS": 4, "PLUS_MINUS": 7, "VIDEO_AVAILABLE": 1}, {"SEASON_ID": "22018", "Player_ID": 1628370, "Game_ID": "0021800168", "GAME_DATE": "NOV 09, 2018", "MATCHUP": "CHA @ PHI", "WL": "L", "MIN": 27, "FGM": 4, "FGA": 19, "FG_PCT": 0.211, "FG3M": 2, "FG3A": 10, "FG3_PCT": 0.2, "FTM": 2, "FTA": 3, "FT_PCT": 0.667, "OREB": 2, "DREB": 1, "REB": 3, "AST": 4, "STL": 0, "BLK": 0, "TOV": 0, "PF": 1, "PTS": 12, "PLUS_MINUS": 1, "VIDEO_AVAILABLE": 1}, {"SEASON_ID": "22018", "Player_ID": 1628370, "Game_ID": "0021800149", "GAME_DATE": "NOV 06, 2018", "MATCHUP": "CHA vs. ATL", "WL": "W", "MIN": 21, "FGM": 5, "FGA": 11, "FG_PCT": 0.455, "FG3M": 1, "FG3A": 3, "FG3_PCT": 0.333, "FTM": 2, "FTA": 4, "FT_PCT": 0.5, "OREB": 0, "DREB": 0, "REB": 0, "AST": 6, "STL": 1, "BLK": 0, "TOV": 3, "PF": 1, "PTS": 13, "PLUS_MINUS": 3, "VIDEO_AVAILABLE": 1}, {"SEASON_ID": "22018", "Player_ID": 1628370, "Game_ID": "0021800126", "GAME_DATE": "NOV 03, 2018", "MATCHUP": "CHA vs. CLE", "WL": "W", "MIN": 21, "FGM": 7, "FGA": 14, "FG_PCT": 0.5, "FG3M": 2, "FG3A": 6, "FG3_PCT": 0.333, "FTM": 0, "FTA": 0, "FT_PCT": 0.0, "OREB": 0, "DREB": 1, "REB": 1, "AST": 5, "STL": 0, "BLK": 0, "TOV": 2, "PF": 3, "PTS": 16, "PLUS_MINUS": 23, "VIDEO_AVAILABLE": 1}, {"SEASON_ID": "22018", "Player_ID": 1628370, "Game_ID": "0021800111", "GAME_DATE": "NOV 01, 2018", "MATCHUP": "CHA vs. OKC", "WL": "L", "MIN": 23, "FGM": 7, "FGA": 15, "FG_PCT": 0.467, "FG3M": 4, "FG3A": 12, "FG3_PCT": 0.333, "FTM": 3, "FTA": 3, "FT_PCT": 1.0, "OREB": 0, "DREB": 0, "REB": 0, "AST": 2, "STL": 1, "BLK": 0, "TOV": 3, "PF": 3, "PTS": 21, "PLUS_MINUS": -3, "VIDEO_AVAILABLE": 1}, {"SEASON_ID": "22018", "Player_ID": 1628370, "Game_ID": "0021800096", "GAME_DATE": "OCT 30, 2018", "MATCHUP": "CHA vs. MIA", "WL": "W", "MIN": 24, "FGM": 7, "FGA": 10, "FG_PCT": 0.7, "FG3M": 4, "FG3A": 6, "FG3_PCT": 0.667, "FTM": 2, "FTA": 2, "FT_PCT": 1.0, "OREB": 0, "DREB": 2, "REB": 2, "AST": 1, "STL": 0, "BLK": 0, "TOV": 1, "PF": 4, "PTS": 20, "PLUS_MINUS": 1, "VIDEO_AVAILABLE": 1}, {"SEASON_ID": "22018", "Player_ID": 1628370, "Game_ID": "0021800078", "GAME_DATE": "OCT 27, 2018", "MATCHUP": "CHA @ PHI", "WL": "L", "MIN": 12, "FGM": 1, "FGA": 8, "FG_PCT": 0.125, "FG3M": 0, "FG3A": 3, "FG3_PCT": 0.0, "FTM": 2, "FTA": 2, "FT_PCT": 1.0, "OREB": 1, "DREB": 1, "REB": 2, "AST": 2, "STL": 0, "BLK": 0, "TOV": 1, "PF": 2, "PTS": 4, "PLUS_MINUS": -6, "VIDEO_AVAILABLE": 1}, {"SEASON_ID": "22018", "Player_ID": 1628370, "Game_ID": "0021800067", "GAME_DATE": "OCT 26, 2018", "MATCHUP": "CHA vs. CHI", "WL": "W", "MIN": 24, "FGM": 4, "FGA": 10, "FG_PCT": 0.4, "FG3M": 2, "FG3A": 5, "FG3_PCT": 0.4, "FTM": 0, "FTA": 0, "FT_PCT": 0.0, "OREB": 0, "DREB": 2, "REB": 2, "AST": 2, "STL": 2, "BLK": 0, "TOV": 1, "PF": 0, "PTS": 10, "PLUS_MINUS": 13, "VIDEO_AVAILABLE": 1}, {"SEASON_ID": "22018", "Player_ID": 1628370, "Game_ID": "0021800056", "GAME_DATE": "OCT 24, 2018", "MATCHUP": "CHA @ CHI", "WL": "L", "MIN": 24, "FGM": 2, "FGA": 8, "FG_PCT": 0.25, "FG3M": 1, "FG3A": 6, "FG3_PCT": 0.167, "FTM": 4, "FTA": 4, "FT_PCT": 1.0, "OREB": 0, "DREB": 2, "REB": 2, "AST": 3, "STL": 0, "BLK": 0, "TOV": 2, "PF": 5, "PTS": 9, "PLUS_MINUS": -12, "VIDEO_AVAILABLE": 1}, {"SEASON_ID": "22018", "Player_ID": 1628370, "Game_ID": "0021800041", "GAME_DATE": "OCT 22, 2018", "MATCHUP": "CHA @ TOR", "WL": "L", "MIN": 25, "FGM": 4, "FGA": 12, "FG_PCT": 0.333, "FG3M": 2, "FG3A": 5, "FG3_PCT": 0.4, "FTM": 0, "FTA": 0, "FT_PCT": 0.0, "OREB": 1, "DREB": 1, "REB": 2, "AST": 3, "STL": 0, "BLK": 2, "TOV": 2, "PF": 1, "PTS": 10, "PLUS_MINUS": -11, "VIDEO_AVAILABLE": 1}, {"SEASON_ID": "22018", "Player_ID": 1628370, "Game_ID": "0021800030", "GAME_DATE": "OCT 20, 2018", "MATCHUP": "CHA @ MIA", "WL": "W", "MIN": 25, "FGM": 5, "FGA": 11, "FG_PCT": 0.455, "FG3M": 3, "FG3A": 8, "FG3_PCT": 0.375, "FTM": 2, "FTA": 2, "FT_PCT": 1.0, "OREB": 0, "DREB": 1, "REB": 1, "AST": 1, "STL": 1, "BLK": 0, "TOV": 0, "PF": 1, "PTS": 15, "PLUS_MINUS": -1, "VIDEO_AVAILABLE": 1}, {"SEASON_ID": "22018", "Player_ID": 1628370, "Game_ID": "0021800017", "GAME_DATE": "OCT 19, 2018", "MATCHUP": "CHA @ ORL", "WL": "W", "MIN": 24, "FGM": 4, "FGA": 12, "FG_PCT": 0.333, "FG3M": 2, "FG3A": 6, "FG3_PCT": 0.333, "FTM": 1, "FTA": 1, "FT_PCT": 1.0, "OREB": 0, "DREB": 1, "REB": 1, "AST": 2, "STL": 0, "BLK": 0, "TOV": 1, "PF": 3, "PTS": 11, "PLUS_MINUS": 5, "VIDEO_AVAILABLE": 1}, {"SEASON_ID": "22018", "Player_ID": 1628370, "Game_ID": "0021800003", "GAME_DATE": "OCT 17, 2018", "MATCHUP": "CHA vs. MIL", "WL": "L", "MIN": 34, "FGM": 7, "FGA": 16, "FG_PCT": 0.438, "FG3M": 4, "FG3A": 8, "FG3_PCT": 0.5, "FTM": 0, "FTA": 0, "FT_PCT": 0.0, "OREB": 0, "DREB": 4, "REB": 4, "AST": 2, "STL": 1, "BLK": 2, "TOV": 0, "PF": 1, "PTS": 18, "PLUS_MINUS": 5, "VIDEO_AVAILABLE": 1}, {"SEASON_ID": "22017", "Player_ID": 1628370, "Game_ID": "0021701213", "GAME_DATE": "APR 10, 2018", "MATCHUP": "CHA @ IND", "WL": "W", "MIN": 25, "FGM": 6, "FGA": 16, "FG_PCT": 0.375, "FG3M": 3, "FG3A": 10, "FG3_PCT": 0.3, "FTM": 2, "FTA": 2, "FT_PCT": 1.0, "OREB": 0, "DREB": 0, "REB": 0, "AST": 2, "STL": 0, "BLK": 0, "TOV": 1, "PF": 1, "PTS": 17, "PLUS_MINUS": 7, "VIDEO_AVAILABLE": 1}, {"SEASON_ID": "22017", "Player_ID": 1628370, "Game_ID": "0021701197", "GAME_DATE": "APR 08, 2018", "MATCHUP": "CHA vs. IND", "WL": "L", "MIN": 24, "FGM": 8, "FGA": 17, "FG_PCT": 0.471, "FG3M": 3, "FG3A": 11, "FG3_PCT": 0.273, "FTM": 3, "FTA": 3, "FT_PCT": 1.0, "OREB": 0, "DREB": 0, "REB": 0, "AST": 5, "STL": 2, "BLK": 0, "TOV": 1, "PF": 1, "PTS": 22, "PLUS_MINUS": -3, "VIDEO_AVAILABLE": 1}, {"SEASON_ID": "22017", "Player_ID": 1628370, "Game_ID": "0021701182", "GAME_DATE": "APR 06, 2018", "MATCHUP": "CHA @ ORL", "WL": "W", "MIN": 26, "FGM": 8, "FGA": 14, "FG_PCT": 0.571, "FG3M": 4, "FG3A": 6, "FG3_PCT": 0.667, "FTM": 6, "FTA": 6, "FT_PCT": 1.0, "OREB": 0, "DREB": 1, "REB": 1, "AST": 8, "STL": 0, "BLK": 1, "TOV": 1, "PF": 1, "PTS": 26, "PLUS_MINUS": 23, "VIDEO_AVAILABLE": 1}, {"SEASON_ID": "22017", "Player_ID": 1628370, "Game_ID": "0021701160", "GAME_DATE": "APR 03, 2018", "MATCHUP": "CHA @ CHI", "WL": "L", "MIN": 24, "FGM": 8, "FGA": 15, "FG_PCT": 0.533, "FG3M": 5, "FG3A": 10, "FG3_PCT": 0.5, "FTM": 0, "FTA": 0, "FT_PCT": 0.0, "OREB": 0, "DREB": 2, "REB": 2, "AST": 2, "STL": 1, "BLK": 1, "TOV": 4, "PF": 3, "PTS": 21, "PLUS_MINUS": 1, "VIDEO_AVAILABLE": 1}, {"SEASON_ID": "22017", "Player_ID": 1628370, "Game_ID": "0021701143", "GAME_DATE": "APR 01, 2018", "MATCHUP": "CHA vs. PHI", "WL": "L", "MIN": 24, "FGM": 6, "FGA": 13, "FG_PCT": 0.462, "FG3M": 4, "FG3A": 9, "FG3_PCT": 0.444, "FTM": 0, "FTA": 0, "FT_PCT": 0.0, "OREB": 0, "DREB": 2, "REB": 2, "AST": 3, "STL": 1, "BLK": 2, "TOV": 5, "PF": 1, "PTS": 16, "PLUS_MINUS": -6, "VIDEO_AVAILABLE": 1}, {"SEASON_ID": "22017", "Player_ID": 1628370, "Game_ID": "0021701138", "GAME_DATE": "MAR 31, 2018", "MATCHUP": "CHA @ WAS", "WL": "L", "MIN": 24, "FGM": 7, "FGA": 17, "FG_PCT": 0.412, "FG3M": 3, "FG3A": 9, "FG3_PCT": 0.333, "FTM": 0, "FTA": 0, "FT_PCT": 0.0, "OREB": 0, "DREB": 1, "REB": 1, "AST": 3, "STL": 0, "BLK": 0, "TOV": 4, "PF": 1, "PTS": 17, "PLUS_MINUS": -4, "VIDEO_AVAILABLE": 1}, {"SEASON_ID": "22017", "Player_ID": 1628370, "Game_ID": "0021701116", "GAME_DATE": "MAR 28, 2018", "MATCHUP": "CHA vs. CLE", "WL": "L", "MIN": 15, "FGM": 3, "FGA": 6, "FG_PCT": 0.5, "FG3M": 1, "FG3A": 3, "FG3_PCT": 0.333, "FTM": 0, "FTA": 0, "FT_PCT": 0.0, "OREB": 0, "DREB": 2, "REB": 2, "AST": 0, "STL": 0, "BLK": 0, "TOV": 2, "PF": 2, "PTS": 7, "PLUS_MINUS": 1, "VIDEO_AVAILABLE": 1}, {"SEASON_ID": "22017", "Player_ID": 1628370, "Game_ID": "0021701103", "GAME_DATE": "MAR 26, 2018", "MATCHUP": "CHA vs. NYK", "WL": "W", "MIN": 16, "FGM": 4, "FGA": 7, "FG_PCT": 0.571, "FG3M": 3, "FG3A": 6, "FG3_PCT": 0.5, "FTM": 0, "FTA": 0, "FT_PCT": 0.0, "OREB": 0, "DREB": 1, "REB": 1, "AST": 1, "STL": 0, "BLK": 0, "TOV": 0, "PF": 0, "PTS": 11, "PLUS_MINUS": -3, "VIDEO_AVAILABLE": 1}, {"SEASON_ID": "22017", "Player_ID": 1628370, "Game_ID": "0021701093", "GAME_DATE": "MAR 24, 2018", "MATCHUP": "CHA @ DAL", "WL": "W", "MIN": 15, "FGM": 4, "FGA": 12, "FG_PCT": 0.333, "FG3M": 3, "FG3A": 5, "FG3_PCT": 0.6, "FTM": 0, "FTA": 0, "FT_PCT": 0.0, "OREB": 0, "DREB": 1, "REB": 1, "AST": 1, "STL": 2, "BLK": 0, "TOV": 1, "PF": 0, "PTS": 11, "PLUS_MINUS": 7, "VIDEO_AVAILABLE": 1}, {"SEASON_ID": "22017", "Player_ID": 1628370, "Game_ID": "0021701072", "GAME_DATE": "MAR 22, 2018", "MATCHUP": "CHA vs. MEM", "WL": "W", "MIN": 10, "FGM": 1, "FGA": 4, "FG_PCT": 0.25, "FG3M": 0, "FG3A": 2, "FG3_PCT": 0.0, "FTM": 2, "FTA": 2, "FT_PCT": 1.0, "OREB": 1, "DREB": 0, "REB": 1, "AST": 1, "STL": 1, "BLK": 0, "TOV": 0, "PF": 2, "PTS": 4, "PLUS_MINUS": 4, "VIDEO_AVAILABLE": 1}, {"SEASON_ID": "22017", "Player_ID": 1628370, "Game_ID": "0021701067", "GAME_DATE": "MAR 21, 2018", "MATCHUP": "CHA @ BKN", "WL": "W", "MIN": 17, "FGM": 1, "FGA": 7, "FG_PCT": 0.143, "FG3M": 1, "FG3A": 4, "FG3_PCT": 0.25, "FTM": 2, "FTA": 2, "FT_PCT": 1.0, "OREB": 1, "DREB": 2, "REB": 3, "AST": 5, "STL": 0, "BLK": 0, "TOV": 2, "PF": 0, "PTS": 5, "PLUS_MINUS": -4, "VIDEO_AVAILABLE": 1}, {"SEASON_ID": "22017", "Player_ID": 1628370, "Game_ID": "0021701052", "GAME_DATE": "MAR 19, 2018", "MATCHUP": "CHA @ PHI", "WL": "L", "MIN": 16, "FGM": 4, "FGA": 11, "FG_PCT": 0.364, "FG3M": 3, "FG3A": 4, "FG3_PCT": 0.75, "FTM": 2, "FTA": 2, "FT_PCT": 1.0, "OREB": 0, "DREB": 4, "REB": 4, "AST": 3, "STL": 0, "BLK": 0, "TOV": 0, "PF": 0, "PTS": 13, "PLUS_MINUS": -5, "VIDEO_AVAILABLE": 1}, {"SEASON_ID": "22017", "Player_ID": 1628370, "Game_ID": "0021701038", "GAME_DATE": "MAR 17, 2018", "MATCHUP": "CHA @ NYK", "WL": "L", "MIN": 23, "FGM": 4, "FGA": 16, "FG_PCT": 0.25, "FG3M": 3, "FG3A": 12, "FG3_PCT": 0.25, "FTM": 1, "FTA": 2, "FT_PCT": 0.5, "OREB": 2, "DREB": 3, "REB": 5, "AST": 0, "STL": 1, "BLK": 1, "TOV": 1, "PF": 1, "PTS": 12, "PLUS_MINUS": -7, "VIDEO_AVAILABLE": 1}, {"SEASON_ID": "22017", "Player_ID": 1628370, "Game_ID": "0021701021", "GAME_DATE": "MAR 15, 2018", "MATCHUP": "CHA @ ATL", "WL": "W", "MIN": 15, "FGM": 3, "FGA": 8, "FG_PCT": 0.375, "FG3M": 1, "FG3A": 3, "FG3_PCT": 0.333, "FTM": 0, "FTA": 0, "FT_PCT": 0.0, "OREB": 0, "DREB": 4, "REB": 4, "AST": 0, "STL": 0, "BLK": 0, "TOV": 0, "PF": 3, "PTS": 7, "PLUS_MINUS": -11, "VIDEO_AVAILABLE": 1}, {"SEASON_ID": "22017", "Player_ID": 1628370, "Game_ID": "0021701011", "GAME_DATE": "MAR 13, 2018", "MATCHUP": "CHA @ NOP", "WL": "L", "MIN": 12, "FGM": 1, "FGA": 4, "FG_PCT": 0.25, "FG3M": 1, "FG3A": 3, "FG3_PCT": 0.333, "FTM": 0, "FTA": 0, "FT_PCT": 0.0, "OREB": 0, "DREB": 0, "REB": 0, "AST": 0, "STL": 0, "BLK": 0, "TOV": 0, "PF": 0, "PTS": 3, "PLUS_MINUS": -1, "VIDEO_AVAILABLE": 1}, {"SEASON_ID": "22017", "Player_ID": 1628370, "Game_ID": "0021700987", "GAME_DATE": "MAR 10, 2018", "MATCHUP": "CHA vs. PHX", "WL": "W", "MIN": 13, "FGM": 2, "FGA": 5, "FG_PCT": 0.4, "FG3M": 0, "FG3A": 3, "FG3_PCT": 0.0, "FTM": 0, "FTA": 0, "FT_PCT": 0.0, "OREB": 0, "DREB": 0, "REB": 0, "AST": 1, "STL": 0, "BLK": 0, "TOV": 0, "PF": 2, "PTS": 4, "PLUS_MINUS": -17, "VIDEO_AVAILABLE": 1}, {"SEASON_ID": "22017", "Player_ID": 1628370, "Game_ID": "0021700972", "GAME_DATE": "MAR 08, 2018", "MATCHUP": "CHA vs. BKN", "WL": "L", "MIN": 21, "FGM": 6, "FGA": 14, "FG_PCT": 0.429, "FG3M": 1, "FG3A": 6, "FG3_PCT": 0.167, "FTM": 0, "FTA": 0, "FT_PCT": 0.0, "OREB": 1, "DREB": 2, "REB": 3, "AST": 5, "STL": 0, "BLK": 1, "TOV": 2, "PF": 3, "PTS": 13, "PLUS_MINUS": -3, "VIDEO_AVAILABLE": 1}, {"SEASON_ID": "22017", "Player_ID": 1628370, "Game_ID": "0021700957", "GAME_DATE": "MAR 06, 2018", "MATCHUP": "CHA vs. PHI", "WL": "L", "MIN": 16, "FGM": 3, "FGA": 10, "FG_PCT": 0.3, "FG3M": 1, "FG3A": 6, "FG3_PCT": 0.167, "FTM": 2, "FTA": 2, "FT_PCT": 1.0, "OREB": 1, "DREB": 1, "REB": 2, "AST": 2, "STL": 1, "BLK": 0, "TOV": 1, "PF": 2, "PTS": 9, "PLUS_MINUS": 6, "VIDEO_AVAILABLE": 1}, {"SEASON_ID": "22017", "Player_ID": 1628370, "Game_ID": "0021700916", "GAME_DATE": "FEB 28, 2018", "MATCHUP": "CHA @ BOS", "WL": "L", "MIN": 19, "FGM": 1, "FGA": 7, "FG_PCT": 0.143, "FG3M": 1, "FG3A": 3, "FG3_PCT": 0.333, "FTM": 0, "FTA": 0, "FT_PCT": 0.0, "OREB": 0, "DREB": 0, "REB": 0, "AST": 2, "STL": 1, "BLK": 0, "TOV": 0, "PF": 3, "PTS": 3, "PLUS_MINUS": -7, "VIDEO_AVAILABLE": 2}, {"SEASON_ID": "22017", "Player_ID": 1628370, "Game_ID": "0021700907", "GAME_DATE": "FEB 27, 2018", "MATCHUP": "CHA vs. CHI", "WL": "W", "MIN": 1, "FGM": 0, "FGA": 1, "FG_PCT": 0.0, "FG3M": 0, "FG3A": 1, "FG3_PCT": 0.0, "FTM": 0, "FTA": 0, "FT_PCT": 0.0, "OREB": 0, "DREB": 0, "REB": 0, "AST": 0, "STL": 0, "BLK": 0, "TOV": 0, "PF": 0, "PTS": 0, "PLUS_MINUS": 0, "VIDEO_AVAILABLE": 1}, {"SEASON_ID": "22017", "Player_ID": 1628370, "Game_ID": "0021700892", "GAME_DATE": "FEB 25, 2018", "MATCHUP": "CHA vs. DET", "WL": "W", "MIN": 6, "FGM": 0, "FGA": 5, "FG_PCT": 0.0, "FG3M": 0, "FG3A": 3, "FG3_PCT": 0.0, "FTM": 0, "FTA": 0, "FT_PCT": 0.0, "OREB": 0, "DREB": 0, "REB": 0, "AST": 0, "STL": 0, "BLK": 0, "TOV": 0, "PF": 1, "PTS": 0, "PLUS_MINUS": -14, "VIDEO_AVAILABLE": 1}, {"SEASON_ID": "22017", "Player_ID": 1628370, "Game_ID": "0021700875", "GAME_DATE": "FEB 23, 2018", "MATCHUP": "CHA @ WAS", "WL": "W", "MIN": 2, "FGM": 0, "FGA": 0, "FG_PCT": 0.0, "FG3M": 0, "FG3A": 0, "FG3_PCT": 0.0, "FTM": 0, "FTA": 0, "FT_PCT": 0.0, "OREB": 0, "DREB": 0, "REB": 0, "AST": 0, "STL": 0, "BLK": 0, "TOV": 0, "PF": 0, "PTS": 0, "PLUS_MINUS": -5, "VIDEO_AVAILABLE": 1}, {"SEASON_ID": "22017", "Player_ID": 1628370, "Game_ID": "0021700867", "GAME_DATE": "FEB 22, 2018", "MATCHUP": "CHA vs. BKN", "WL": "W", "MIN": 1, "FGM": 1, "FGA": 1, "FG_PCT": 1.0, "FG3M": 0, "FG3A": 0, "FG3_PCT": 0.0, "FTM": 0, "FTA": 0, "FT_PCT": 0.0, "OREB": 0, "DREB": 0, "REB": 0, "AST": 0, "STL": 0, "BLK": 0, "TOV": 2, "PF": 0, "PTS": 2, "PLUS_MINUS": 0, "VIDEO_AVAILABLE": 1}, {"SEASON_ID": "22017", "Player_ID": 1628370, "Game_ID": "0021700833", "GAME_DATE": "FEB 11, 2018", "MATCHUP": "CHA vs. TOR", "WL": "L", "MIN": 8, "FGM": 2, "FGA": 5, "FG_PCT": 0.4, "FG3M": 1, "FG3A": 4, "FG3_PCT": 0.25, "FTM": 0, "FTA": 0, "FT_PCT": 0.0, "OREB": 0, "DREB": 0, "REB": 0, "AST": 0, "STL": 0, "BLK": 0, "TOV": 0, "PF": 0, "PTS": 5, "PLUS_MINUS": 9, "VIDEO_AVAILABLE": 1}, {"SEASON_ID": "22017", "Player_ID": 1628370, "Game_ID": "0021700824", "GAME_DATE": "FEB 09, 2018", "MATCHUP": "CHA @ UTA", "WL": "L", "MIN": 3, "FGM": 1, "FGA": 3, "FG_PCT": 0.333, "FG3M": 1, "FG3A": 2, "FG3_PCT": 0.5, "FTM": 0, "FTA": 0, "FT_PCT": 0.0, "OREB": 0, "DREB": 0, "REB": 0, "AST": 0, "STL": 0, "BLK": 0, "TOV": 0, "PF": 0, "PTS": 3, "PLUS_MINUS": 1, "VIDEO_AVAILABLE": 1}, {"SEASON_ID": "22017", "Player_ID": 1628370, "Game_ID": "0021700794", "GAME_DATE": "FEB 05, 2018", "MATCHUP": "CHA @ DEN", "WL": "L", "MIN": 3, "FGM": 0, "FGA": 2, "FG_PCT": 0.0, "FG3M": 0, "FG3A": 1, "FG3_PCT": 0.0, "FTM": 0, "FTA": 0, "FT_PCT": 0.0, "OREB": 0, "DREB": 0, "REB": 0, "AST": 0, "STL": 1, "BLK": 0, "TOV": 0, "PF": 0, "PTS": 0, "PLUS_MINUS": -2, "VIDEO_AVAILABLE": 1}, {"SEASON_ID": "22017", "Player_ID": 1628370, "Game_ID": "0021700755", "GAME_DATE": "JAN 31, 2018", "MATCHUP": "CHA @ ATL", "WL": "W", "MIN": 3, "FGM": 1, "FGA": 3, "FG_PCT": 0.333, "FG3M": 1, "FG3A": 1, "FG3_PCT": 1.0, "FTM": 0, "FTA": 0, "FT_PCT": 0.0, "OREB": 0, "DREB": 0, "REB": 0, "AST": 0, "STL": 0, "BLK": 0, "TOV": 0, "PF": 0, "PTS": 3, "PLUS_MINUS": -6, "VIDEO_AVAILABLE": 1}, {"SEASON_ID": "22017", "Player_ID": 1628370, "Game_ID": "0021700727", "GAME_DATE": "JAN 27, 2018", "MATCHUP": "CHA @ MIA", "WL": "L", "MIN": 7, "FGM": 0, "FGA": 4, "FG_PCT": 0.0, "FG3M": 0, "FG3A": 1, "FG3_PCT": 0.0, "FTM": 0, "FTA": 0, "FT_PCT": 0.0, "OREB": 0, "DREB": 0, "REB": 0, "AST": 0, "STL": 0, "BLK": 0, "TOV": 0, "PF": 0, "PTS": 0, "PLUS_MINUS": -10, "VIDEO_AVAILABLE": 1}, {"SEASON_ID": "22017", "Player_ID": 1628370, "Game_ID": "0021700687", "GAME_DATE": "JAN 22, 2018", "MATCHUP": "CHA vs. SAC", "WL": "W", "MIN": 6, "FGM": 0, "FGA": 0, "FG_PCT": 0.0, "FG3M": 0, "FG3A": 0, "FG3_PCT": 0.0, "FTM": 0, "FTA": 0, "FT_PCT": 0.0, "OREB": 0, "DREB": 0, "REB": 0, "AST": 0, "STL": 0, "BLK": 0, "TOV": 0, "PF": 1, "PTS": 0, "PLUS_MINUS": 0, "VIDEO_AVAILABLE": 1}, {"SEASON_ID": "22017", "Player_ID": 1628370, "Game_ID": "0021700653", "GAME_DATE": "JAN 17, 2018", "MATCHUP": "CHA vs. WAS", "WL": "W", "MIN": 4, "FGM": 1, "FGA": 5, "FG_PCT": 0.2, "FG3M": 1, "FG3A": 3, "FG3_PCT": 0.333, "FTM": 0, "FTA": 0, "FT_PCT": 0.0, "OREB": 0, "DREB": 1, "REB": 1, "AST": 1, "STL": 1, "BLK": 0, "TOV": 0, "PF": 0, "PTS": 3, "PLUS_MINUS": 2, "VIDEO_AVAILABLE": 1}, {"SEASON_ID": "22017", "Player_ID": 1628370, "Game_ID": "0021700629", "GAME_DATE": "JAN 13, 2018", "MATCHUP": "CHA vs. OKC", "WL": "L", "MIN": 12, "FGM": 2, "FGA": 5, "FG_PCT": 0.4, "FG3M": 1, "FG3A": 4, "FG3_PCT": 0.25, "FTM": 0, "FTA": 0, "FT_PCT": 0.0, "OREB": 0, "DREB": 1, "REB": 1, "AST": 1, "STL": 0, "BLK": 0, "TOV": 0, "PF": 2, "PTS": 5, "PLUS_MINUS": -11, "VIDEO_AVAILABLE": 1}, {"SEASON_ID": "22017", "Player_ID": 1628370, "Game_ID": "0021700603", "GAME_DATE": "JAN 10, 2018", "MATCHUP": "CHA vs. DAL", "WL": "L", "MIN": 12, "FGM": 2, "FGA": 4, "FG_PCT": 0.5, "FG3M": 2, "FG3A": 4, "FG3_PCT": 0.5, "FTM": 0, "FTA": 0, "FT_PCT": 0.0, "OREB": 0, "DREB": 0, "REB": 0, "AST": 2, "STL": 0, "BLK": 0, "TOV": 0, "PF": 0, "PTS": 6, "PLUS_MINUS": 4, "VIDEO_AVAILABLE": 1}, {"SEASON_ID": "22017", "Player_ID": 1628370, "Game_ID": "0021700577", "GAME_DATE": "JAN 05, 2018", "MATCHUP": "CHA @ LAL", "WL": "W", "MIN": 3, "FGM": 0, "FGA": 2, "FG_PCT": 0.0, "FG3M": 0, "FG3A": 2, "FG3_PCT": 0.0, "FTM": 0, "FTA": 0, "FT_PCT": 0.0, "OREB": 0, "DREB": 0, "REB": 0, "AST": 0, "STL": 0, "BLK": 0, "TOV": 0, "PF": 0, "PTS": 0, "PLUS_MINUS": -5, "VIDEO_AVAILABLE": 1}, {"SEASON_ID": "22017", "Player_ID": 1628370, "Game_ID": "0021700552", "GAME_DATE": "JAN 02, 2018", "MATCHUP": "CHA @ SAC", "WL": "W", "MIN": 5, "FGM": 1, "FGA": 3, "FG_PCT": 0.333, "FG3M": 1, "FG3A": 3, "FG3_PCT": 0.333, "FTM": 0, "FTA": 0, "FT_PCT": 0.0, "OREB": 0, "DREB": 0, "REB": 0, "AST": 0, "STL": 0, "BLK": 0, "TOV": 0, "PF": 0, "PTS": 3, "PLUS_MINUS": -2, "VIDEO_AVAILABLE": 1}, {"SEASON_ID": "22017", "Player_ID": 1628370, "Game_ID": "0021700481", "GAME_DATE": "DEC 23, 2017", "MATCHUP": "CHA vs. MIL", "WL": "W", "MIN": 2, "FGM": 0, "FGA": 1, "FG_PCT": 0.0, "FG3M": 0, "FG3A": 0, "FG3_PCT": 0.0, "FTM": 0, "FTA": 0, "FT_PCT": 0.0, "OREB": 0, "DREB": 0, "REB": 0, "AST": 0, "STL": 0, "BLK": 0, "TOV": 0, "PF": 0, "PTS": 0, "PLUS_MINUS": -1, "VIDEO_AVAILABLE": 1}, {"SEASON_ID": "22017", "Player_ID": 1628370, "Game_ID": "0021700476", "GAME_DATE": "DEC 22, 2017", "MATCHUP": "CHA @ MIL", "WL": "L", "MIN": 10, "FGM": 0, "FGA": 0, "FG_PCT": 0.0, "FG3M": 0, "FG3A": 0, "FG3_PCT": 0.0, "FTM": 0, "FTA": 0, "FT_PCT": 0.0, "OREB": 0, "DREB": 0, "REB": 0, "AST": 0, "STL": 0, "BLK": 0, "TOV": 0, "PF": 0, "PTS": 0, "PLUS_MINUS": -2, "VIDEO_AVAILABLE": 1}, {"SEASON_ID": "22017", "Player_ID": 1628370, "Game_ID": "0021700454", "GAME_DATE": "DEC 20, 2017", "MATCHUP": "CHA vs. TOR", "WL": "L", "MIN": 14, "FGM": 3, "FGA": 6, "FG_PCT": 0.5, "FG3M": 2, "FG3A": 4, "FG3_PCT": 0.5, "FTM": 0, "FTA": 0, "FT_PCT": 0.0, "OREB": 0, "DREB": 0, "REB": 0, "AST": 4, "STL": 1, "BLK": 0, "TOV": 1, "PF": 1, "PTS": 8, "PLUS_MINUS": 3, "VIDEO_AVAILABLE": 1}, {"SEASON_ID": "22017", "Player_ID": 1628370, "Game_ID": "0021700441", "GAME_DATE": "DEC 18, 2017", "MATCHUP": "CHA vs. NYK", "WL": "W", "MIN": 3, "FGM": 2, "FGA": 2, "FG_PCT": 1.0, "FG3M": 0, "FG3A": 0, "FG3_PCT": 0.0, "FTM": 0, "FTA": 0, "FT_PCT": 0.0, "OREB": 0, "DREB": 0, "REB": 0, "AST": 0, "STL": 0, "BLK": 0, "TOV": 1, "PF": 0, "PTS": 4, "PLUS_MINUS": -2, "VIDEO_AVAILABLE": 1}, {"SEASON_ID": "22017", "Player_ID": 1628370, "Game_ID": "0021700418", "GAME_DATE": "DEC 15, 2017", "MATCHUP": "CHA vs. MIA", "WL": "L", "MIN": 10, "FGM": 1, "FGA": 3, "FG_PCT": 0.333, "FG3M": 1, "FG3A": 2, "FG3_PCT": 0.5, "FTM": 0, "FTA": 0, "FT_PCT": 0.0, "OREB": 0, "DREB": 0, "REB": 0, "AST": 0, "STL": 0, "BLK": 0, "TOV": 1, "PF": 3, "PTS": 3, "PLUS_MINUS": -11, "VIDEO_AVAILABLE": 1}, {"SEASON_ID": "22017", "Player_ID": 1628370, "Game_ID": "0021700412", "GAME_DATE": "DEC 13, 2017", "MATCHUP": "CHA @ HOU", "WL": "L", "MIN": 5, "FGM": 2, "FGA": 2, "FG_PCT": 1.0, "FG3M": 2, "FG3A": 2, "FG3_PCT": 1.0, "FTM": 0, "FTA": 0, "FT_PCT": 0.0, "OREB": 0, "DREB": 0, "REB": 0, "AST": 0, "STL": 0, "BLK": 0, "TOV": 0, "PF": 2, "PTS": 6, "PLUS_MINUS": -5, "VIDEO_AVAILABLE": 1}, {"SEASON_ID": "22017", "Player_ID": 1628370, "Game_ID": "0021700394", "GAME_DATE": "DEC 11, 2017", "MATCHUP": "CHA @ OKC", "WL": "W", "MIN": 7, "FGM": 1, "FGA": 4, "FG_PCT": 0.25, "FG3M": 0, "FG3A": 1, "FG3_PCT": 0.0, "FTM": 0, "FTA": 0, "FT_PCT": 0.0, "OREB": 0, "DREB": 0, "REB": 0, "AST": 0, "STL": 0, "BLK": 0, "TOV": 0, "PF": 0, "PTS": 2, "PLUS_MINUS": -6, "VIDEO_AVAILABLE": 1}, {"SEASON_ID": "22017", "Player_ID": 1628370, "Game_ID": "0021700377", "GAME_DATE": "DEC 09, 2017", "MATCHUP": "CHA vs. LAL", "WL": "L", "MIN": 20, "FGM": 1, "FGA": 7, "FG_PCT": 0.143, "FG3M": 0, "FG3A": 1, "FG3_PCT": 0.0, "FTM": 0, "FTA": 1, "FT_PCT": 0.0, "OREB": 0, "DREB": 1, "REB": 1, "AST": 3, "STL": 1, "BLK": 0, "TOV": 1, "PF": 1, "PTS": 2, "PLUS_MINUS": -10, "VIDEO_AVAILABLE": 1}, {"SEASON_ID": "22017", "Player_ID": 1628370, "Game_ID": "0021700367", "GAME_DATE": "DEC 08, 2017", "MATCHUP": "CHA vs. CHI", "WL": "L", "MIN": 11, "FGM": 1, "FGA": 5, "FG_PCT": 0.2, "FG3M": 1, "FG3A": 3, "FG3_PCT": 0.333, "FTM": 0, "FTA": 0, "FT_PCT": 0.0, "OREB": 0, "DREB": 2, "REB": 2, "AST": 0, "STL": 1, "BLK": 0, "TOV": 0, "PF": 0, "PTS": 3, "PLUS_MINUS": -7, "VIDEO_AVAILABLE": 1}, {"SEASON_ID": "22017", "Player_ID": 1628370, "Game_ID": "0021700358", "GAME_DATE": "DEC 06, 2017", "MATCHUP": "CHA vs. GSW", "WL": "L", "MIN": 5, "FGM": 0, "FGA": 1, "FG_PCT": 0.0, "FG3M": 0, "FG3A": 1, "FG3_PCT": 0.0, "FTM": 0, "FTA": 0, "FT_PCT": 0.0, "OREB": 0, "DREB": 0, "REB": 0, "AST": 0, "STL": 0, "BLK": 0, "TOV": 1, "PF": 0, "PTS": 0, "PLUS_MINUS": 0, "VIDEO_AVAILABLE": 1}, {"SEASON_ID": "22017", "Player_ID": 1628370, "Game_ID": "0021700321", "GAME_DATE": "DEC 01, 2017", "MATCHUP": "CHA @ MIA", "WL": "L", "MIN": 20, "FGM": 2, "FGA": 9, "FG_PCT": 0.222, "FG3M": 0, "FG3A": 4, "FG3_PCT": 0.0, "FTM": 2, "FTA": 3, "FT_PCT": 0.667, "OREB": 0, "DREB": 1, "REB": 1, "AST": 3, "STL": 0, "BLK": 0, "TOV": 1, "PF": 3, "PTS": 6, "PLUS_MINUS": -5, "VIDEO_AVAILABLE": 1}, {"SEASON_ID": "22017", "Player_ID": 1628370, "Game_ID": "0021700307", "GAME_DATE": "NOV 29, 2017", "MATCHUP": "CHA @ TOR", "WL": "L", "MIN": 16, "FGM": 3, "FGA": 6, "FG_PCT": 0.5, "FG3M": 3, "FG3A": 4, "FG3_PCT": 0.75, "FTM": 0, "FTA": 0, "FT_PCT": 0.0, "OREB": 0, "DREB": 2, "REB": 2, "AST": 4, "STL": 0, "BLK": 1, "TOV": 0, "PF": 2, "PTS": 9, "PLUS_MINUS": -3, "VIDEO_AVAILABLE": 1}, {"SEASON_ID": "22017", "Player_ID": 1628370, "Game_ID": "0021700277", "GAME_DATE": "NOV 25, 2017", "MATCHUP": "CHA vs. SAS", "WL": "L", "MIN": 17, "FGM": 1, "FGA": 3, "FG_PCT": 0.333, "FG3M": 0, "FG3A": 2, "FG3_PCT": 0.0, "FTM": 2, "FTA": 3, "FT_PCT": 0.667, "OREB": 0, "DREB": 0, "REB": 0, "AST": 2, "STL": 0, "BLK": 0, "TOV": 0, "PF": 0, "PTS": 4, "PLUS_MINUS": -3, "VIDEO_AVAILABLE": 1}, {"SEASON_ID": "22017", "Player_ID": 1628370, "Game_ID": "0021700270", "GAME_DATE": "NOV 24, 2017", "MATCHUP": "CHA @ CLE", "WL": "L", "MIN": 3, "FGM": 0, "FGA": 0, "FG_PCT": 0.0, "FG3M": 0, "FG3A": 0, "FG3_PCT": 0.0, "FTM": 0, "FTA": 0, "FT_PCT": 0.0, "OREB": 0, "DREB": 0, "REB": 0, "AST": 1, "STL": 0, "BLK": 0, "TOV": 0, "PF": 0, "PTS": 0, "PLUS_MINUS": -2, "VIDEO_AVAILABLE": 1}, {"SEASON_ID": "22017", "Player_ID": 1628370, "Game_ID": "0021700241", "GAME_DATE": "NOV 20, 2017", "MATCHUP": "CHA vs. MIN", "WL": "W", "MIN": 1, "FGM": 0, "FGA": 0, "FG_PCT": 0.0, "FG3M": 0, "FG3A": 0, "FG3_PCT": 0.0, "FTM": 0, "FTA": 0, "FT_PCT": 0.0, "OREB": 0, "DREB": 0, "REB": 0, "AST": 0, "STL": 0, "BLK": 0, "TOV": 0, "PF": 0, "PTS": 0, "PLUS_MINUS": -1, "VIDEO_AVAILABLE": 1}, {"SEASON_ID": "22017", "Player_ID": 1628370, "Game_ID": "0021700222", "GAME_DATE": "NOV 17, 2017", "MATCHUP": "CHA @ CHI", "WL": "L", "MIN": 10, "FGM": 1, "FGA": 2, "FG_PCT": 0.5, "FG3M": 1, "FG3A": 1, "FG3_PCT": 1.0, "FTM": 0, "FTA": 0, "FT_PCT": 0.0, "OREB": 0, "DREB": 0, "REB": 0, "AST": 0, "STL": 0, "BLK": 0, "TOV": 1, "PF": 1, "PTS": 3, "PLUS_MINUS": -6, "VIDEO_AVAILABLE": 2}, {"SEASON_ID": "22017", "Player_ID": 1628370, "Game_ID": "0021700207", "GAME_DATE": "NOV 15, 2017", "MATCHUP": "CHA vs. CLE", "WL": "L", "MIN": 9, "FGM": 2, "FGA": 5, "FG_PCT": 0.4, "FG3M": 1, "FG3A": 3, "FG3_PCT": 0.333, "FTM": 0, "FTA": 0, "FT_PCT": 0.0, "OREB": 0, "DREB": 2, "REB": 2, "AST": 0, "STL": 0, "BLK": 0, "TOV": 0, "PF": 0, "PTS": 5, "PLUS_MINUS": -3, "VIDEO_AVAILABLE": 1}, {"SEASON_ID": "22017", "Player_ID": 1628370, "Game_ID": "0021700170", "GAME_DATE": "NOV 10, 2017", "MATCHUP": "CHA @ BOS", "WL": "L", "MIN": 18, "FGM": 1, "FGA": 8, "FG_PCT": 0.125, "FG3M": 1, "FG3A": 5, "FG3_PCT": 0.2, "FTM": 3, "FTA": 4, "FT_PCT": 0.75, "OREB": 0, "DREB": 3, "REB": 3, "AST": 0, "STL": 0, "BLK": 0, "TOV": 0, "PF": 2, "PTS": 6, "PLUS_MINUS": 3, "VIDEO_AVAILABLE": 1}, {"SEASON_ID": "22017", "Player_ID": 1628370, "Game_ID": "0021700152", "GAME_DATE": "NOV 07, 2017", "MATCHUP": "CHA @ NYK", "WL": "L", "MIN": 27, "FGM": 8, "FGA": 17, "FG_PCT": 0.471, "FG3M": 5, "FG3A": 13, "FG3_PCT": 0.385, "FTM": 0, "FTA": 0, "FT_PCT": 0.0, "OREB": 1, "DREB": 1, "REB": 2, "AST": 3, "STL": 0, "BLK": 0, "TOV": 1, "PF": 0, "PTS": 21, "PLUS_MINUS": -12, "VIDEO_AVAILABLE": 1}, {"SEASON_ID": "22017", "Player_ID": 1628370, "Game_ID": "0021700143", "GAME_DATE": "NOV 05, 2017", "MATCHUP": "CHA @ MIN", "WL": "L", "MIN": 20, "FGM": 2, "FGA": 8, "FG_PCT": 0.25, "FG3M": 1, "FG3A": 3, "FG3_PCT": 0.333, "FTM": 1, "FTA": 2, "FT_PCT": 0.5, "OREB": 0, "DREB": 3, "REB": 3, "AST": 8, "STL": 0, "BLK": 0, "TOV": 1, "PF": 2, "PTS": 6, "PLUS_MINUS": 0, "VIDEO_AVAILABLE": 1}, {"SEASON_ID": "22017", "Player_ID": 1628370, "Game_ID": "0021700126", "GAME_DATE": "NOV 03, 2017", "MATCHUP": "CHA @ SAS", "WL": "L", "MIN": 18, "FGM": 1, "FGA": 5, "FG_PCT": 0.2, "FG3M": 0, "FG3A": 2, "FG3_PCT": 0.0, "FTM": 0, "FTA": 0, "FT_PCT": 0.0, "OREB": 0, "DREB": 0, "REB": 0, "AST": 2, "STL": 1, "BLK": 0, "TOV": 1, "PF": 2, "PTS": 2, "PLUS_MINUS": -18, "VIDEO_AVAILABLE": 2}, {"SEASON_ID": "22017", "Player_ID": 1628370, "Game_ID": "0021700105", "GAME_DATE": "NOV 01, 2017", "MATCHUP": "CHA vs. MIL", "WL": "W", "MIN": 23, "FGM": 10, "FGA": 17, "FG_PCT": 0.588, "FG3M": 5, "FG3A": 8, "FG3_PCT": 0.625, "FTM": 0, "FTA": 0, "FT_PCT": 0.0, "OREB": 0, "DREB": 2, "REB": 2, "AST": 1, "STL": 1, "BLK": 0, "TOV": 0, "PF": 1, "PTS": 25, "PLUS_MINUS": 6, "VIDEO_AVAILABLE": 2}, {"SEASON_ID": "22017", "Player_ID": 1628370, "Game_ID": "0021700096", "GAME_DATE": "OCT 30, 2017", "MATCHUP": "CHA @ MEM", "WL": "W", "MIN": 24, "FGM": 5, "FGA": 15, "FG_PCT": 0.333, "FG3M": 3, "FG3A": 7, "FG3_PCT": 0.429, "FTM": 0, "FTA": 0, "FT_PCT": 0.0, "OREB": 0, "DREB": 4, "REB": 4, "AST": 3, "STL": 0, "BLK": 1, "TOV": 1, "PF": 3, "PTS": 13, "PLUS_MINUS": 3, "VIDEO_AVAILABLE": 2}, {"SEASON_ID": "22017", "Player_ID": 1628370, "Game_ID": "0021700088", "GAME_DATE": "OCT 29, 2017", "MATCHUP": "CHA vs. ORL", "WL": "W", "MIN": 18, "FGM": 1, "FGA": 8, "FG_PCT": 0.125, "FG3M": 0, "FG3A": 3, "FG3_PCT": 0.0, "FTM": 0, "FTA": 0, "FT_PCT": 0.0, "OREB": 0, "DREB": 1, "REB": 1, "AST": 3, "STL": 0, "BLK": 1, "TOV": 3, "PF": 0, "PTS": 2, "PLUS_MINUS": -8, "VIDEO_AVAILABLE": 1}, {"SEASON_ID": "22017", "Player_ID": 1628370, "Game_ID": "0021700070", "GAME_DATE": "OCT 27, 2017", "MATCHUP": "CHA vs. HOU", "WL": "L", "MIN": 28, "FGM": 3, "FGA": 9, "FG_PCT": 0.333, "FG3M": 2, "FG3A": 7, "FG3_PCT": 0.286, "FTM": 2, "FTA": 2, "FT_PCT": 1.0, "OREB": 1, "DREB": 2, "REB": 3, "AST": 2, "STL": 1, "BLK": 0, "TOV": 0, "PF": 1, "PTS": 10, "PLUS_MINUS": -19, "VIDEO_AVAILABLE": 1}, {"SEASON_ID": "22017", "Player_ID": 1628370, "Game_ID": "0021700055", "GAME_DATE": "OCT 25, 2017", "MATCHUP": "CHA vs. DEN", "WL": "W", "MIN": 25, "FGM": 7, "FGA": 14, "FG_PCT": 0.5, "FG3M": 3, "FG3A": 9, "FG3_PCT": 0.333, "FTM": 0, "FTA": 0, "FT_PCT": 0.0, "OREB": 0, "DREB": 2, "REB": 2, "AST": 2, "STL": 2, "BLK": 0, "TOV": 1, "PF": 2, "PTS": 17, "PLUS_MINUS": 13, "VIDEO_AVAILABLE": 1}, {"SEASON_ID": "22017", "Player_ID": 1628370, "Game_ID": "0021700044", "GAME_DATE": "OCT 23, 2017", "MATCHUP": "CHA @ MIL", "WL": "L", "MIN": 18, "FGM": 1, "FGA": 6, "FG_PCT": 0.167, "FG3M": 0, "FG3A": 3, "FG3_PCT": 0.0, "FTM": 2, "FTA": 2, "FT_PCT": 1.0, "OREB": 0, "DREB": 1, "REB": 1, "AST": 1, "STL": 0, "BLK": 0, "TOV": 1, "PF": 0, "PTS": 4, "PLUS_MINUS": -10, "VIDEO_AVAILABLE": 1}, {"SEASON_ID": "22017", "Player_ID": 1628370, "Game_ID": "0021700017", "GAME_DATE": "OCT 20, 2017", "MATCHUP": "CHA vs. ATL", "WL": "W", "MIN": 19, "FGM": 2, "FGA": 7, "FG_PCT": 0.286, "FG3M": 2, "FG3A": 5, "FG3_PCT": 0.4, "FTM": 0, "FTA": 0, "FT_PCT": 0.0, "OREB": 0, "DREB": 3, "REB": 3, "AST": 0, "STL": 0, "BLK": 0, "TOV": 3, "PF": 3, "PTS": 6, "PLUS_MINUS": -13, "VIDEO_AVAILABLE": 1}, {"SEASON_ID": "22017", "Player_ID": 1628370, "Game_ID": "0021700003", "GAME_DATE": "OCT 18, 2017", "MATCHUP": "CHA @ DET", "WL": "L", "MIN": 21, "FGM": 1, "FGA": 9, "FG_PCT": 0.111, "FG3M": 1, "FG3A": 6, "FG3_PCT": 0.167, "FTM": 0, "FTA": 0, "FT_PCT": 0.0, "OREB": 0, "DREB": 0, "REB": 0, "AST": 1, "STL": 0, "BLK": 0, "TOV": 3, "PF": 1, "PTS": 3, "PLUS_MINUS": -8, "VIDEO_AVAILABLE": 1}]