{"firstName": "Malik", "lastName": "Monk", "temporaryDisplayName": "Monk, Malik", "personId": "1628370", "teamId": "1610612766", "jersey": "1", "isActive": true, "pos": "G", "heightFeet": "6", "heightInches": "3", "heightMeters": "1.9", "weightPounds": "200", "weightKilograms": "90.7", "dateOfBirthUTC": "1998-02-04", "teamSitesOnly": {"playerCode": "malik_monk", "posFull": "Guard", "displayAffiliation": "Kentucky/USA", "freeAgentCode": ""}, "teams": [{"teamId": "1610612766", "seasonStart": "2017", "seasonEnd": "2019"}], "draft": {"teamId": "1610612766", "pickNum": "11", "roundNum": "1", "seasonYear": "2017"}, "nbaDebutYear": "2017", "yearsPro": "2", "collegeName": "Kentucky", "lastAffiliation": "Kentucky/USA", "country": "USA"}