{"firstName": "Wilson", "lastName": "Chandler", "temporaryDisplayName": "Chandler, Wilson", "personId": "201163", "teamId": "1610612751", "jersey": "21", "isActive": true, "pos": "F", "heightFeet": "6", "heightInches": "8", "heightMeters": "2.03", "weightPounds": "235", "weightKilograms": "106.6", "dateOfBirthUTC": "1987-05-10", "teamSitesOnly": {"playerCode": "wilson_chandler", "posFull": "Forward", "displayAffiliation": "DePaul/USA", "freeAgentCode": ""}, "teams": [{"teamId": "1610612752", "seasonStart": "2007", "seasonEnd": "2010"}, {"teamId": "1610612743", "seasonStart": "2010", "seasonEnd": "2017"}, {"teamId": "1610612746", "seasonStart": "2018", "seasonEnd": "2018"}, {"teamId": "1610612755", "seasonStart": "2018", "seasonEnd": "2018"}, {"teamId": "1610612751", "seasonStart": "2019", "seasonEnd": "2019"}], "draft": {"teamId": "1610612752", "pickNum": "23", "roundNum": "1", "seasonYear": "2007"}, "nbaDebutYear": "2007", "yearsPro": "12", "collegeName": "DePaul", "lastAffiliation": "DePaul/USA", "country": "USA"}