{"firstName": "Jordan", "lastName": "Bell", "temporaryDisplayName": "Bell, Jordan", "personId": "1628395", "teamId": "1610612750", "jersey": "7", "isActive": true, "pos": "F", "heightFeet": "6", "heightInches": "9", "heightMeters": "2.06", "weightPounds": "224", "weightKilograms": "101.6", "dateOfBirthUTC": "1995-01-07", "teamSitesOnly": {"playerCode": "jordan_bell", "posFull": "Forward", "displayAffiliation": "Oregon/USA", "freeAgentCode": ""}, "teams": [{"teamId": "1610612744", "seasonStart": "2017", "seasonEnd": "2018"}, {"teamId": "1610612750", "seasonStart": "2019", "seasonEnd": "2019"}], "draft": {"teamId": "1610612741", "pickNum": "38", "roundNum": "2", "seasonYear": "2017"}, "nbaDebutYear": "2017", "yearsPro": "2", "collegeName": "Oregon", "lastAffiliation": "Oregon/USA", "country": "USA"}