{"firstName": "Courtney", "lastName": "Lee", "temporaryDisplayName": "Lee, Courtney", "personId": "201584", "teamId": "1610612742", "jersey": "1", "isActive": true, "pos": "G", "heightFeet": "6", "heightInches": "5", "heightMeters": "1.96", "weightPounds": "215", "weightKilograms": "97.5", "dateOfBirthUTC": "1985-10-03", "teamSitesOnly": {"playerCode": "courtney_lee", "posFull": "Guard", "displayAffiliation": "Western Kentucky/USA", "freeAgentCode": ""}, "teams": [{"teamId": "1610612753", "seasonStart": "2008", "seasonEnd": "2008"}, {"teamId": "1610612751", "seasonStart": "2009", "seasonEnd": "2009"}, {"teamId": "1610612745", "seasonStart": "2010", "seasonEnd": "2011"}, {"teamId": "1610612738", "seasonStart": "2012", "seasonEnd": "2013"}, {"teamId": "1610612763", "seasonStart": "2013", "seasonEnd": "2015"}, {"teamId": "1610612766", "seasonStart": "2015", "seasonEnd": "2015"}, {"teamId": "1610612752", "seasonStart": "2016", "seasonEnd": "2018"}, {"teamId": "1610612742", "seasonStart": "2018", "seasonEnd": "2019"}], "draft": {"teamId": "1610612753", "pickNum": "22", "roundNum": "1", "seasonYear": "2008"}, "nbaDebutYear": "2008", "yearsPro": "11", "collegeName": "Western Kentucky", "lastAffiliation": "Western Kentucky/USA", "country": "USA"}