{"firstName": "Kavell", "lastName": "Bigby-Williams", "temporaryDisplayName": "Bigby-Williams, Kavell", "personId": "1628448", "teamId": "1610612740", "jersey": "13", "isActive": true, "pos": "C", "heightFeet": "6", "heightInches": "11", "heightMeters": "2.11", "weightPounds": "250", "weightKilograms": "113.4", "dateOfBirthUTC": "1995-10-07", "teamSitesOnly": {"playerCode": "kavell_bigby-williams", "posFull": "Center", "displayAffiliation": "Louisiana State/England", "freeAgentCode": ""}, "teams": [{"teamId": "1610612740", "seasonStart": "2019", "seasonEnd": "2019"}], "draft": {"teamId": "", "pickNum": "", "roundNum": "", "seasonYear": ""}, "nbaDebutYear": "", "yearsPro": "0", "collegeName": "Louisiana State", "lastAffiliation": " /United Kingdom", "country": "United Kingdom"}