{"firstName": "Paul", "lastName": "Millsap", "temporaryDisplayName": "Millsap, Paul", "personId": "200794", "teamId": "1610612743", "jersey": "4", "isActive": true, "pos": "F", "heightFeet": "6", "heightInches": "8", "heightMeters": "2.03", "weightPounds": "246", "weightKilograms": "111.6", "dateOfBirthUTC": "1985-02-10", "teamSitesOnly": {"playerCode": "paul_millsap", "posFull": "Forward", "displayAffiliation": "Louisiana Tech/USA", "freeAgentCode": ""}, "teams": [{"teamId": "1610612762", "seasonStart": "2006", "seasonEnd": "2012"}, {"teamId": "1610612737", "seasonStart": "2013", "seasonEnd": "2016"}, {"teamId": "1610612743", "seasonStart": "2017", "seasonEnd": "2019"}], "draft": {"teamId": "1610612762", "pickNum": "47", "roundNum": "2", "seasonYear": "2006"}, "nbaDebutYear": "2006", "yearsPro": "13", "collegeName": "Louisiana Tech", "lastAffiliation": "Louisiana TechUSA/USA", "country": "USA"}