{"firstName": "Terance", "lastName": "Mann", "temporaryDisplayName": "Mann, Terance", "personId": "1629611", "teamId": "1610612746", "jersey": "14", "isActive": true, "pos": "G", "heightFeet": "6", "heightInches": "7", "heightMeters": "2.01", "weightPounds": "215", "weightKilograms": "97.5", "dateOfBirthUTC": "1996-10-18", "teamSitesOnly": {"playerCode": "terance_mann", "posFull": "Guard", "displayAffiliation": "Florida State/USA", "freeAgentCode": ""}, "teams": [{"teamId": "1610612746", "seasonStart": "2019", "seasonEnd": "2019"}], "draft": {"teamId": "1610612746", "pickNum": "48", "roundNum": "2", "seasonYear": "2019"}, "nbaDebutYear": "", "yearsPro": "0", "collegeName": "Florida State", "lastAffiliation": "Florida State University/USA", "country": "USA"}