{"firstName": "Nickeil", "lastName": "Alexander-Walker", "temporaryDisplayName": "Alexander-Walker, Nickeil", "personId": "1629638", "teamId": "1610612740", "jersey": "0", "isActive": true, "pos": "G", "heightFeet": "6", "heightInches": "5", "heightMeters": "1.96", "weightPounds": "205", "weightKilograms": "93.0", "dateOfBirthUTC": "1998-09-02", "teamSitesOnly": {"playerCode": "nickeil_alexander-walker", "posFull": "Guard", "displayAffiliation": "Virginia Tech/Canada", "freeAgentCode": ""}, "teams": [{"teamId": "1610612740", "seasonStart": "2019", "seasonEnd": "2019"}], "draft": {"teamId": "1610612751", "pickNum": "17", "roundNum": "1", "seasonYear": "2019"}, "nbaDebutYear": "", "yearsPro": "0", "collegeName": "Virginia Tech", "lastAffiliation": " Canada/Canada", "country": "Canada"}