[{"SEASON_ID": "22018", "Player_ID": 1629109, "Game_ID": "0021801200", "GAME_DATE": "APR 07, 2019", "MATCHUP": "HOU vs. PHX", "WL": "W", "MIN": 8, "FGM": 2, "FGA": 4, "FG_PCT": 0.5, "FG3M": 2, "FG3A": 4, "FG3_PCT": 0.5, "FTM": 0, "FTA": 0, "FT_PCT": 0.0, "OREB": 2, "DREB": 2, "REB": 4, "AST": 0, "STL": 0, "BLK": 0, "TOV": 0, "PF": 0, "PTS": 6, "PLUS_MINUS": 1, "VIDEO_AVAILABLE": 1}, {"SEASON_ID": "22018", "Player_ID": 1629109, "Game_ID": "0021801184", "GAME_DATE": "APR 05, 2019", "MATCHUP": "HOU vs. NYK", "WL": "W", "MIN": 12, "FGM": 1, "FGA": 4, "FG_PCT": 0.25, "FG3M": 1, "FG3A": 4, "FG3_PCT": 0.25, "FTM": 0, "FTA": 0, "FT_PCT": 0.0, "OREB": 1, "DREB": 1, "REB": 2, "AST": 0, "STL": 1, "BLK": 0, "TOV": 0, "PF": 2, "PTS": 3, "PLUS_MINUS": -15, "VIDEO_AVAILABLE": 1}, {"SEASON_ID": "22018", "Player_ID": 1629109, "Game_ID": "0021801176", "GAME_DATE": "APR 03, 2019", "MATCHUP": "HOU @ LAC", "WL": "W", "MIN": 6, "FGM": 2, "FGA": 5, "FG_PCT": 0.4, "FG3M": 1, "FG3A": 4, "FG3_PCT": 0.25, "FTM": 0, "FTA": 0, "FT_PCT": 0.0, "OREB": 1, "DREB": 2, "REB": 3, "AST": 0, "STL": 0, "BLK": 0, "TOV": 1, "PF": 1, "PTS": 5, "PLUS_MINUS": -1, "VIDEO_AVAILABLE": 1}, {"SEASON_ID": "22018", "Player_ID": 1629109, "Game_ID": "0021801163", "GAME_DATE": "APR 02, 2019", "MATCHUP": "HOU @ SAC", "WL": "W", "MIN": 6, "FGM": 0, "FGA": 3, "FG_PCT": 0.0, "FG3M": 0, "FG3A": 3, "FG3_PCT": 0.0, "FTM": 0, "FTA": 0, "FT_PCT": 0.0, "OREB": 0, "DREB": 0, "REB": 0, "AST": 1, "STL": 0, "BLK": 1, "TOV": 0, "PF": 0, "PTS": 0, "PLUS_MINUS": 0, "VIDEO_AVAILABLE": 1}, {"SEASON_ID": "22018", "Player_ID": 1629109, "Game_ID": "0021801126", "GAME_DATE": "MAR 28, 2019", "MATCHUP": "HOU vs. DEN", "WL": "W", "MIN": 3, "FGM": 1, "FGA": 4, "FG_PCT": 0.25, "FG3M": 1, "FG3A": 4, "FG3_PCT": 0.25, "FTM": 0, "FTA": 0, "FT_PCT": 0.0, "OREB": 0, "DREB": 0, "REB": 0, "AST": 0, "STL": 0, "BLK": 0, "TOV": 0, "PF": 1, "PTS": 3, "PLUS_MINUS": 0, "VIDEO_AVAILABLE": 1}, {"SEASON_ID": "22018", "Player_ID": 1629109, "Game_ID": "0021801111", "GAME_DATE": "MAR 26, 2019", "MATCHUP": "HOU @ MIL", "WL": "L", "MIN": 10, "FGM": 2, "FGA": 5, "FG_PCT": 0.4, "FG3M": 2, "FG3A": 5, "FG3_PCT": 0.4, "FTM": 0, "FTA": 0, "FT_PCT": 0.0, "OREB": 0, "DREB": 1, "REB": 1, "AST": 0, "STL": 2, "BLK": 0, "TOV": 0, "PF": 0, "PTS": 6, "PLUS_MINUS": 5, "VIDEO_AVAILABLE": 1}, {"SEASON_ID": "22018", "Player_ID": 1629109, "Game_ID": "0021801099", "GAME_DATE": "MAR 24, 2019", "MATCHUP": "HOU @ NOP", "WL": "W", "MIN": 5, "FGM": 0, "FGA": 3, "FG_PCT": 0.0, "FG3M": 0, "FG3A": 3, "FG3_PCT": 0.0, "FTM": 0, "FTA": 0, "FT_PCT": 0.0, "OREB": 0, "DREB": 2, "REB": 2, "AST": 0, "STL": 0, "BLK": 0, "TOV": 0, "PF": 0, "PTS": 0, "PLUS_MINUS": -1, "VIDEO_AVAILABLE": 1}, {"SEASON_ID": "22018", "Player_ID": 1629109, "Game_ID": "0021801060", "GAME_DATE": "MAR 19, 2019", "MATCHUP": "HOU @ ATL", "WL": "W", "MIN": 2, "FGM": 1, "FGA": 2, "FG_PCT": 0.5, "FG3M": 1, "FG3A": 2, "FG3_PCT": 0.5, "FTM": 0, "FTA": 0, "FT_PCT": 0.0, "OREB": 0, "DREB": 0, "REB": 0, "AST": 0, "STL": 0, "BLK": 0, "TOV": 1, "PF": 0, "PTS": 3, "PLUS_MINUS": -1, "VIDEO_AVAILABLE": 1}, {"SEASON_ID": "22018", "Player_ID": 1629109, "Game_ID": "0021801048", "GAME_DATE": "MAR 17, 2019", "MATCHUP": "HOU vs. MIN", "WL": "W", "MIN": 3, "FGM": 0, "FGA": 0, "FG_PCT": 0.0, "FG3M": 0, "FG3A": 0, "FG3_PCT": 0.0, "FTM": 0, "FTA": 0, "FT_PCT": 0.0, "OREB": 0, "DREB": 1, "REB": 1, "AST": 0, "STL": 0, "BLK": 0, "TOV": 0, "PF": 0, "PTS": 0, "PLUS_MINUS": -8, "VIDEO_AVAILABLE": 2}, {"SEASON_ID": "22018", "Player_ID": 1629109, "Game_ID": "0021801004", "GAME_DATE": "MAR 11, 2019", "MATCHUP": "HOU vs. CHA", "WL": "W", "MIN": 1, "FGM": 0, "FGA": 0, "FG_PCT": 0.0, "FG3M": 0, "FG3A": 0, "FG3_PCT": 0.0, "FTM": 0, "FTA": 0, "FT_PCT": 0.0, "OREB": 0, "DREB": 0, "REB": 0, "AST": 0, "STL": 0, "BLK": 0, "TOV": 0, "PF": 0, "PTS": 0, "PLUS_MINUS": -1, "VIDEO_AVAILABLE": 1}, {"SEASON_ID": "22018", "Player_ID": 1629109, "Game_ID": "0021800981", "GAME_DATE": "MAR 08, 2019", "MATCHUP": "HOU vs. PHI", "WL": "W", "MIN": 7, "FGM": 1, "FGA": 1, "FG_PCT": 1.0, "FG3M": 1, "FG3A": 1, "FG3_PCT": 1.0, "FTM": 0, "FTA": 0, "FT_PCT": 0.0, "OREB": 1, "DREB": 0, "REB": 1, "AST": 1, "STL": 0, "BLK": 0, "TOV": 0, "PF": 1, "PTS": 3, "PLUS_MINUS": -2, "VIDEO_AVAILABLE": 1}, {"SEASON_ID": "22018", "Player_ID": 1629109, "Game_ID": "0021800961", "GAME_DATE": "MAR 05, 2019", "MATCHUP": "HOU @ TOR", "WL": "W", "MIN": 11, "FGM": 0, "FGA": 0, "FG_PCT": 0.0, "FG3M": 0, "FG3A": 0, "FG3_PCT": 0.0, "FTM": 0, "FTA": 0, "FT_PCT": 0.0, "OREB": 1, "DREB": 1, "REB": 2, "AST": 1, "STL": 2, "BLK": 2, "TOV": 0, "PF": 0, "PTS": 0, "PLUS_MINUS": 17, "VIDEO_AVAILABLE": 1}, {"SEASON_ID": "22018", "Player_ID": 1629109, "Game_ID": "0021800945", "GAME_DATE": "MAR 03, 2019", "MATCHUP": "HOU @ BOS", "WL": "W", "MIN": 5, "FGM": 0, "FGA": 1, "FG_PCT": 0.0, "FG3M": 0, "FG3A": 1, "FG3_PCT": 0.0, "FTM": 0, "FTA": 0, "FT_PCT": 0.0, "OREB": 0, "DREB": 1, "REB": 1, "AST": 0, "STL": 0, "BLK": 0, "TOV": 0, "PF": 2, "PTS": 0, "PLUS_MINUS": -1, "VIDEO_AVAILABLE": 1}, {"SEASON_ID": "22018", "Player_ID": 1629109, "Game_ID": "0021800925", "GAME_DATE": "FEB 28, 2019", "MATCHUP": "HOU vs. MIA", "WL": "W", "MIN": 32, "FGM": 5, "FGA": 9, "FG_PCT": 0.556, "FG3M": 3, "FG3A": 7, "FG3_PCT": 0.429, "FTM": 1, "FTA": 1, "FT_PCT": 1.0, "OREB": 0, "DREB": 5, "REB": 5, "AST": 1, "STL": 0, "BLK": 1, "TOV": 0, "PF": 2, "PTS": 14, "PLUS_MINUS": 5, "VIDEO_AVAILABLE": 1}, {"SEASON_ID": "22018", "Player_ID": 1629109, "Game_ID": "0021800844", "GAME_DATE": "FEB 11, 2019", "MATCHUP": "HOU vs. DAL", "WL": "W", "MIN": 1, "FGM": 0, "FGA": 1, "FG_PCT": 0.0, "FG3M": 0, "FG3A": 1, "FG3_PCT": 0.0, "FTM": 0, "FTA": 0, "FT_PCT": 0.0, "OREB": 0, "DREB": 0, "REB": 0, "AST": 0, "STL": 0, "BLK": 0, "TOV": 0, "PF": 0, "PTS": 0, "PLUS_MINUS": 0, "VIDEO_AVAILABLE": 1}, {"SEASON_ID": "22018", "Player_ID": 1629109, "Game_ID": "0021800786", "GAME_DATE": "FEB 02, 2019", "MATCHUP": "HOU @ UTA", "WL": "W", "MIN": 2, "FGM": 0, "FGA": 0, "FG_PCT": 0.0, "FG3M": 0, "FG3A": 0, "FG3_PCT": 0.0, "FTM": 0, "FTA": 0, "FT_PCT": 0.0, "OREB": 0, "DREB": 0, "REB": 0, "AST": 0, "STL": 0, "BLK": 0, "TOV": 0, "PF": 0, "PTS": 0, "PLUS_MINUS": 4, "VIDEO_AVAILABLE": 1}, {"SEASON_ID": "22018", "Player_ID": 1629109, "Game_ID": "0021800774", "GAME_DATE": "FEB 01, 2019", "MATCHUP": "HOU @ DEN", "WL": "L", "MIN": 2, "FGM": 0, "FGA": 0, "FG_PCT": 0.0, "FG3M": 0, "FG3A": 0, "FG3_PCT": 0.0, "FTM": 0, "FTA": 0, "FT_PCT": 0.0, "OREB": 0, "DREB": 1, "REB": 1, "AST": 0, "STL": 0, "BLK": 0, "TOV": 1, "PF": 1, "PTS": 0, "PLUS_MINUS": 2, "VIDEO_AVAILABLE": 1}, {"SEASON_ID": "22018", "Player_ID": 1629109, "Game_ID": "0021800710", "GAME_DATE": "JAN 23, 2019", "MATCHUP": "HOU @ NYK", "WL": "W", "MIN": 9, "FGM": 0, "FGA": 1, "FG_PCT": 0.0, "FG3M": 0, "FG3A": 1, "FG3_PCT": 0.0, "FTM": 0, "FTA": 0, "FT_PCT": 0.0, "OREB": 0, "DREB": 0, "REB": 0, "AST": 0, "STL": 1, "BLK": 0, "TOV": 0, "PF": 3, "PTS": 0, "PLUS_MINUS": -4, "VIDEO_AVAILABLE": 1}, {"SEASON_ID": "22018", "Player_ID": 1629109, "Game_ID": "0021800699", "GAME_DATE": "JAN 21, 2019", "MATCHUP": "HOU @ PHI", "WL": "L", "MIN": 13, "FGM": 0, "FGA": 2, "FG_PCT": 0.0, "FG3M": 0, "FG3A": 2, "FG3_PCT": 0.0, "FTM": 0, "FTA": 0, "FT_PCT": 0.0, "OREB": 0, "DREB": 3, "REB": 3, "AST": 0, "STL": 0, "BLK": 2, "TOV": 0, "PF": 0, "PTS": 0, "PLUS_MINUS": -4, "VIDEO_AVAILABLE": 1}, {"SEASON_ID": "22018", "Player_ID": 1629109, "Game_ID": "0021800686", "GAME_DATE": "JAN 19, 2019", "MATCHUP": "HOU vs. LAL", "WL": "W", "MIN": 14, "FGM": 2, "FGA": 4, "FG_PCT": 0.5, "FG3M": 2, "FG3A": 4, "FG3_PCT": 0.5, "FTM": 0, "FTA": 0, "FT_PCT": 0.0, "OREB": 0, "DREB": 2, "REB": 2, "AST": 0, "STL": 0, "BLK": 0, "TOV": 1, "PF": 1, "PTS": 6, "PLUS_MINUS": -6, "VIDEO_AVAILABLE": 1}, {"SEASON_ID": "22018", "Player_ID": 1629109, "Game_ID": "0021800659", "GAME_DATE": "JAN 16, 2019", "MATCHUP": "HOU vs. BKN", "WL": "L", "MIN": 24, "FGM": 0, "FGA": 5, "FG_PCT": 0.0, "FG3M": 0, "FG3A": 5, "FG3_PCT": 0.0, "FTM": 0, "FTA": 0, "FT_PCT": 0.0, "OREB": 3, "DREB": 5, "REB": 8, "AST": 0, "STL": 2, "BLK": 2, "TOV": 0, "PF": 1, "PTS": 0, "PLUS_MINUS": 3, "VIDEO_AVAILABLE": 1}, {"SEASON_ID": "22018", "Player_ID": 1629109, "Game_ID": "0021800646", "GAME_DATE": "JAN 14, 2019", "MATCHUP": "HOU vs. MEM", "WL": "W", "MIN": 26, "FGM": 3, "FGA": 4, "FG_PCT": 0.75, "FG3M": 2, "FG3A": 3, "FG3_PCT": 0.667, "FTM": 0, "FTA": 0, "FT_PCT": 0.0, "OREB": 0, "DREB": 3, "REB": 3, "AST": 0, "STL": 1, "BLK": 1, "TOV": 1, "PF": 1, "PTS": 8, "PLUS_MINUS": 24, "VIDEO_AVAILABLE": 1}, {"SEASON_ID": "22018", "Player_ID": 1629109, "Game_ID": "0021800641", "GAME_DATE": "JAN 13, 2019", "MATCHUP": "HOU @ ORL", "WL": "L", "MIN": 10, "FGM": 0, "FGA": 0, "FG_PCT": 0.0, "FG3M": 0, "FG3A": 0, "FG3_PCT": 0.0, "FTM": 0, "FTA": 0, "FT_PCT": 0.0, "OREB": 0, "DREB": 2, "REB": 2, "AST": 0, "STL": 0, "BLK": 0, "TOV": 0, "PF": 0, "PTS": 0, "PLUS_MINUS": -2, "VIDEO_AVAILABLE": 1}, {"SEASON_ID": "22018", "Player_ID": 1629109, "Game_ID": "0021800625", "GAME_DATE": "JAN 11, 2019", "MATCHUP": "HOU vs. CLE", "WL": "W", "MIN": 20, "FGM": 3, "FGA": 6, "FG_PCT": 0.5, "FG3M": 2, "FG3A": 4, "FG3_PCT": 0.5, "FTM": 0, "FTA": 0, "FT_PCT": 0.0, "OREB": 1, "DREB": 3, "REB": 4, "AST": 1, "STL": 0, "BLK": 0, "TOV": 0, "PF": 1, "PTS": 8, "PLUS_MINUS": -1, "VIDEO_AVAILABLE": 1}, {"SEASON_ID": "22018", "Player_ID": 1629109, "Game_ID": "0021800610", "GAME_DATE": "JAN 09, 2019", "MATCHUP": "HOU vs. MIL", "WL": "L", "MIN": 5, "FGM": 1, "FGA": 1, "FG_PCT": 1.0, "FG3M": 1, "FG3A": 1, "FG3_PCT": 1.0, "FTM": 0, "FTA": 0, "FT_PCT": 0.0, "OREB": 0, "DREB": 1, "REB": 1, "AST": 1, "STL": 0, "BLK": 0, "TOV": 0, "PF": 0, "PTS": 3, "PLUS_MINUS": 12, "VIDEO_AVAILABLE": 1}, {"SEASON_ID": "22018", "Player_ID": 1629109, "Game_ID": "0021800565", "GAME_DATE": "JAN 03, 2019", "MATCHUP": "HOU @ GSW", "WL": "W", "MIN": 6, "FGM": 0, "FGA": 1, "FG_PCT": 0.0, "FG3M": 0, "FG3A": 1, "FG3_PCT": 0.0, "FTM": 0, "FTA": 0, "FT_PCT": 0.0, "OREB": 0, "DREB": 0, "REB": 0, "AST": 1, "STL": 0, "BLK": 0, "TOV": 0, "PF": 0, "PTS": 0, "PLUS_MINUS": 2, "VIDEO_AVAILABLE": 1}, {"SEASON_ID": "22018", "Player_ID": 1629109, "Game_ID": "0021800544", "GAME_DATE": "DEC 31, 2018", "MATCHUP": "HOU vs. MEM", "WL": "W", "MIN": 10, "FGM": 0, "FGA": 0, "FG_PCT": 0.0, "FG3M": 0, "FG3A": 0, "FG3_PCT": 0.0, "FTM": 0, "FTA": 0, "FT_PCT": 0.0, "OREB": 0, "DREB": 2, "REB": 2, "AST": 0, "STL": 1, "BLK": 0, "TOV": 0, "PF": 3, "PTS": 0, "PLUS_MINUS": -7, "VIDEO_AVAILABLE": 1}, {"SEASON_ID": "22018", "Player_ID": 1629109, "Game_ID": "0021800483", "GAME_DATE": "DEC 22, 2018", "MATCHUP": "HOU vs. SAS", "WL": "W", "MIN": 9, "FGM": 1, "FGA": 1, "FG_PCT": 1.0, "FG3M": 1, "FG3A": 1, "FG3_PCT": 1.0, "FTM": 0, "FTA": 0, "FT_PCT": 0.0, "OREB": 1, "DREB": 2, "REB": 3, "AST": 0, "STL": 0, "BLK": 0, "TOV": 0, "PF": 1, "PTS": 3, "PLUS_MINUS": 9, "VIDEO_AVAILABLE": 1}, {"SEASON_ID": "22018", "Player_ID": 1629109, "Game_ID": "0021800461", "GAME_DATE": "DEC 19, 2018", "MATCHUP": "HOU vs. WAS", "WL": "W", "MIN": 4, "FGM": 1, "FGA": 1, "FG_PCT": 1.0, "FG3M": 1, "FG3A": 1, "FG3_PCT": 1.0, "FTM": 0, "FTA": 0, "FT_PCT": 0.0, "OREB": 1, "DREB": 1, "REB": 2, "AST": 1, "STL": 0, "BLK": 0, "TOV": 0, "PF": 0, "PTS": 3, "PLUS_MINUS": -2, "VIDEO_AVAILABLE": 1}, {"SEASON_ID": "22018", "Player_ID": 1629109, "Game_ID": "0021800367", "GAME_DATE": "DEC 06, 2018", "MATCHUP": "HOU @ UTA", "WL": "L", "MIN": 15, "FGM": 1, "FGA": 6, "FG_PCT": 0.167, "FG3M": 1, "FG3A": 6, "FG3_PCT": 0.167, "FTM": 0, "FTA": 0, "FT_PCT": 0.0, "OREB": 0, "DREB": 3, "REB": 3, "AST": 0, "STL": 0, "BLK": 0, "TOV": 1, "PF": 0, "PTS": 3, "PLUS_MINUS": 0, "VIDEO_AVAILABLE": 1}, {"SEASON_ID": "22018", "Player_ID": 1629109, "Game_ID": "0021800334", "GAME_DATE": "DEC 01, 2018", "MATCHUP": "HOU vs. CHI", "WL": "W", "MIN": 3, "FGM": 0, "FGA": 1, "FG_PCT": 0.0, "FG3M": 0, "FG3A": 1, "FG3_PCT": 0.0, "FTM": 0, "FTA": 0, "FT_PCT": 0.0, "OREB": 0, "DREB": 1, "REB": 1, "AST": 0, "STL": 0, "BLK": 0, "TOV": 0, "PF": 0, "PTS": 0, "PLUS_MINUS": -4, "VIDEO_AVAILABLE": 1}, {"SEASON_ID": "22018", "Player_ID": 1629109, "Game_ID": "0021800326", "GAME_DATE": "NOV 30, 2018", "MATCHUP": "HOU @ SAS", "WL": "W", "MIN": 18, "FGM": 1, "FGA": 5, "FG_PCT": 0.2, "FG3M": 1, "FG3A": 4, "FG3_PCT": 0.25, "FTM": 0, "FTA": 0, "FT_PCT": 0.0, "OREB": 0, "DREB": 4, "REB": 4, "AST": 0, "STL": 2, "BLK": 0, "TOV": 0, "PF": 0, "PTS": 3, "PLUS_MINUS": 5, "VIDEO_AVAILABLE": 1}, {"SEASON_ID": "22018", "Player_ID": 1629109, "Game_ID": "0021800309", "GAME_DATE": "NOV 28, 2018", "MATCHUP": "HOU vs. DAL", "WL": "L", "MIN": 20, "FGM": 0, "FGA": 5, "FG_PCT": 0.0, "FG3M": 0, "FG3A": 4, "FG3_PCT": 0.0, "FTM": 0, "FTA": 0, "FT_PCT": 0.0, "OREB": 0, "DREB": 0, "REB": 0, "AST": 2, "STL": 2, "BLK": 1, "TOV": 0, "PF": 3, "PTS": 0, "PLUS_MINUS": -11, "VIDEO_AVAILABLE": 1}, {"SEASON_ID": "22018", "Player_ID": 1629109, "Game_ID": "0021800296", "GAME_DATE": "NOV 26, 2018", "MATCHUP": "HOU @ WAS", "WL": "L", "MIN": 19, "FGM": 1, "FGA": 3, "FG_PCT": 0.333, "FG3M": 1, "FG3A": 3, "FG3_PCT": 0.333, "FTM": 0, "FTA": 0, "FT_PCT": 0.0, "OREB": 1, "DREB": 3, "REB": 4, "AST": 0, "STL": 0, "BLK": 0, "TOV": 0, "PF": 1, "PTS": 3, "PLUS_MINUS": -4, "VIDEO_AVAILABLE": 1}, {"SEASON_ID": "22018", "Player_ID": 1629109, "Game_ID": "0021800279", "GAME_DATE": "NOV 24, 2018", "MATCHUP": "HOU @ CLE", "WL": "L", "MIN": 22, "FGM": 2, "FGA": 4, "FG_PCT": 0.5, "FG3M": 1, "FG3A": 3, "FG3_PCT": 0.333, "FTM": 0, "FTA": 0, "FT_PCT": 0.0, "OREB": 0, "DREB": 2, "REB": 2, "AST": 1, "STL": 0, "BLK": 0, "TOV": 0, "PF": 0, "PTS": 5, "PLUS_MINUS": -6, "VIDEO_AVAILABLE": 1}, {"SEASON_ID": "22018", "Player_ID": 1629109, "Game_ID": "0021800267", "GAME_DATE": "NOV 23, 2018", "MATCHUP": "HOU @ DET", "WL": "L", "MIN": 14, "FGM": 0, "FGA": 2, "FG_PCT": 0.0, "FG3M": 0, "FG3A": 2, "FG3_PCT": 0.0, "FTM": 0, "FTA": 0, "FT_PCT": 0.0, "OREB": 0, "DREB": 2, "REB": 2, "AST": 0, "STL": 0, "BLK": 2, "TOV": 0, "PF": 1, "PTS": 0, "PLUS_MINUS": 6, "VIDEO_AVAILABLE": 1}, {"SEASON_ID": "22018", "Player_ID": 1629109, "Game_ID": "0021800258", "GAME_DATE": "NOV 21, 2018", "MATCHUP": "HOU vs. DET", "WL": "W", "MIN": 18, "FGM": 0, "FGA": 1, "FG_PCT": 0.0, "FG3M": 0, "FG3A": 1, "FG3_PCT": 0.0, "FTM": 0, "FTA": 0, "FT_PCT": 0.0, "OREB": 0, "DREB": 1, "REB": 1, "AST": 0, "STL": 0, "BLK": 0, "TOV": 0, "PF": 1, "PTS": 0, "PLUS_MINUS": -2, "VIDEO_AVAILABLE": 1}, {"SEASON_ID": "22018", "Player_ID": 1629109, "Game_ID": "0021800231", "GAME_DATE": "NOV 17, 2018", "MATCHUP": "HOU vs. SAC", "WL": "W", "MIN": 23, "FGM": 1, "FGA": 3, "FG_PCT": 0.333, "FG3M": 1, "FG3A": 3, "FG3_PCT": 0.333, "FTM": 2, "FTA": 2, "FT_PCT": 1.0, "OREB": 0, "DREB": 2, "REB": 2, "AST": 1, "STL": 0, "BLK": 4, "TOV": 0, "PF": 0, "PTS": 5, "PLUS_MINUS": 14, "VIDEO_AVAILABLE": 1}, {"SEASON_ID": "22018", "Player_ID": 1629109, "Game_ID": "0021800213", "GAME_DATE": "NOV 15, 2018", "MATCHUP": "HOU vs. GSW", "WL": "W", "MIN": 28, "FGM": 3, "FGA": 7, "FG_PCT": 0.429, "FG3M": 3, "FG3A": 7, "FG3_PCT": 0.429, "FTM": 0, "FTA": 0, "FT_PCT": 0.0, "OREB": 3, "DREB": 4, "REB": 7, "AST": 2, "STL": 0, "BLK": 2, "TOV": 0, "PF": 1, "PTS": 9, "PLUS_MINUS": 15, "VIDEO_AVAILABLE": 1}, {"SEASON_ID": "22018", "Player_ID": 1629109, "Game_ID": "0021800200", "GAME_DATE": "NOV 13, 2018", "MATCHUP": "HOU @ DEN", "WL": "W", "MIN": 15, "FGM": 0, "FGA": 2, "FG_PCT": 0.0, "FG3M": 0, "FG3A": 2, "FG3_PCT": 0.0, "FTM": 0, "FTA": 0, "FT_PCT": 0.0, "OREB": 1, "DREB": 1, "REB": 2, "AST": 1, "STL": 0, "BLK": 0, "TOV": 0, "PF": 3, "PTS": 0, "PLUS_MINUS": -12, "VIDEO_AVAILABLE": 1}, {"SEASON_ID": "22018", "Player_ID": 1629109, "Game_ID": "0021800185", "GAME_DATE": "NOV 11, 2018", "MATCHUP": "HOU vs. IND", "WL": "W", "MIN": 33, "FGM": 2, "FGA": 5, "FG_PCT": 0.4, "FG3M": 1, "FG3A": 4, "FG3_PCT": 0.25, "FTM": 1, "FTA": 1, "FT_PCT": 1.0, "OREB": 4, "DREB": 4, "REB": 8, "AST": 1, "STL": 1, "BLK": 1, "TOV": 0, "PF": 2, "PTS": 6, "PLUS_MINUS": 16, "VIDEO_AVAILABLE": 1}, {"SEASON_ID": "22018", "Player_ID": 1629109, "Game_ID": "0021800180", "GAME_DATE": "NOV 10, 2018", "MATCHUP": "HOU @ SAS", "WL": "L", "MIN": 24, "FGM": 3, "FGA": 4, "FG_PCT": 0.75, "FG3M": 2, "FG3A": 3, "FG3_PCT": 0.667, "FTM": 0, "FTA": 0, "FT_PCT": 0.0, "OREB": 0, "DREB": 2, "REB": 2, "AST": 0, "STL": 1, "BLK": 0, "TOV": 0, "PF": 3, "PTS": 8, "PLUS_MINUS": 10, "VIDEO_AVAILABLE": 1}, {"SEASON_ID": "22018", "Player_ID": 1629109, "Game_ID": "0021800163", "GAME_DATE": "NOV 08, 2018", "MATCHUP": "HOU @ OKC", "WL": "L", "MIN": 27, "FGM": 1, "FGA": 6, "FG_PCT": 0.167, "FG3M": 1, "FG3A": 6, "FG3_PCT": 0.167, "FTM": 0, "FTA": 0, "FT_PCT": 0.0, "OREB": 1, "DREB": 3, "REB": 4, "AST": 0, "STL": 0, "BLK": 1, "TOV": 0, "PF": 0, "PTS": 3, "PLUS_MINUS": -18, "VIDEO_AVAILABLE": 1}, {"SEASON_ID": "22018", "Player_ID": 1629109, "Game_ID": "0021800141", "GAME_DATE": "NOV 05, 2018", "MATCHUP": "HOU @ IND", "WL": "W", "MIN": 24, "FGM": 1, "FGA": 6, "FG_PCT": 0.167, "FG3M": 1, "FG3A": 6, "FG3_PCT": 0.167, "FTM": 3, "FTA": 3, "FT_PCT": 1.0, "OREB": 0, "DREB": 6, "REB": 6, "AST": 0, "STL": 2, "BLK": 3, "TOV": 0, "PF": 2, "PTS": 6, "PLUS_MINUS": 2, "VIDEO_AVAILABLE": 1}, {"SEASON_ID": "22018", "Player_ID": 1629109, "Game_ID": "0021800129", "GAME_DATE": "NOV 03, 2018", "MATCHUP": "HOU @ CHI", "WL": "W", "MIN": 21, "FGM": 2, "FGA": 6, "FG_PCT": 0.333, "FG3M": 2, "FG3A": 6, "FG3_PCT": 0.333, "FTM": 0, "FTA": 0, "FT_PCT": 0.0, "OREB": 0, "DREB": 7, "REB": 7, "AST": 1, "STL": 1, "BLK": 1, "TOV": 0, "PF": 1, "PTS": 6, "PLUS_MINUS": 9, "VIDEO_AVAILABLE": 1}, {"SEASON_ID": "22018", "Player_ID": 1629109, "Game_ID": "0021800118", "GAME_DATE": "NOV 02, 2018", "MATCHUP": "HOU @ BKN", "WL": "W", "MIN": 9, "FGM": 0, "FGA": 2, "FG_PCT": 0.0, "FG3M": 0, "FG3A": 2, "FG3_PCT": 0.0, "FTM": 0, "FTA": 0, "FT_PCT": 0.0, "OREB": 0, "DREB": 0, "REB": 0, "AST": 0, "STL": 1, "BLK": 1, "TOV": 1, "PF": 1, "PTS": 0, "PLUS_MINUS": -7, "VIDEO_AVAILABLE": 1}, {"SEASON_ID": "22018", "Player_ID": 1629109, "Game_ID": "0021800101", "GAME_DATE": "OCT 30, 2018", "MATCHUP": "HOU vs. POR", "WL": "L", "MIN": 19, "FGM": 4, "FGA": 9, "FG_PCT": 0.444, "FG3M": 3, "FG3A": 7, "FG3_PCT": 0.429, "FTM": 0, "FTA": 0, "FT_PCT": 0.0, "OREB": 2, "DREB": 2, "REB": 4, "AST": 1, "STL": 0, "BLK": 1, "TOV": 0, "PF": 2, "PTS": 11, "PLUS_MINUS": -6, "VIDEO_AVAILABLE": 1}, {"SEASON_ID": "22018", "Player_ID": 1629109, "Game_ID": "0021800070", "GAME_DATE": "OCT 26, 2018", "MATCHUP": "HOU vs. LAC", "WL": "L", "MIN": 12, "FGM": 2, "FGA": 5, "FG_PCT": 0.4, "FG3M": 2, "FG3A": 5, "FG3_PCT": 0.4, "FTM": 0, "FTA": 0, "FT_PCT": 0.0, "OREB": 0, "DREB": 2, "REB": 2, "AST": 0, "STL": 0, "BLK": 0, "TOV": 0, "PF": 2, "PTS": 6, "PLUS_MINUS": -4, "VIDEO_AVAILABLE": 1}, {"SEASON_ID": "22018", "Player_ID": 1629109, "Game_ID": "0021800057", "GAME_DATE": "OCT 24, 2018", "MATCHUP": "HOU vs. UTA", "WL": "L", "MIN": 2, "FGM": 0, "FGA": 0, "FG_PCT": 0.0, "FG3M": 0, "FG3A": 0, "FG3_PCT": 0.0, "FTM": 0, "FTA": 0, "FT_PCT": 0.0, "OREB": 0, "DREB": 2, "REB": 2, "AST": 0, "STL": 0, "BLK": 0, "TOV": 0, "PF": 0, "PTS": 0, "PLUS_MINUS": -2, "VIDEO_AVAILABLE": 1}, {"SEASON_ID": "22018", "Player_ID": 1629109, "Game_ID": "0021800039", "GAME_DATE": "OCT 21, 2018", "MATCHUP": "HOU @ LAC", "WL": "L", "MIN": 3, "FGM": 0, "FGA": 1, "FG_PCT": 0.0, "FG3M": 0, "FG3A": 1, "FG3_PCT": 0.0, "FTM": 0, "FTA": 0, "FT_PCT": 0.0, "OREB": 0, "DREB": 0, "REB": 0, "AST": 0, "STL": 0, "BLK": 0, "TOV": 0, "PF": 3, "PTS": 0, "PLUS_MINUS": -6, "VIDEO_AVAILABLE": 1}, {"SEASON_ID": "22018", "Player_ID": 1629109, "Game_ID": "0021800009", "GAME_DATE": "OCT 17, 2018", "MATCHUP": "HOU vs. NOP", "WL": "L", "MIN": 2, "FGM": 0, "FGA": 0, "FG_PCT": 0.0, "FG3M": 0, "FG3A": 0, "FG3_PCT": 0.0, "FTM": 0, "FTA": 0, "FT_PCT": 0.0, "OREB": 0, "DREB": 0, "REB": 0, "AST": 0, "STL": 0, "BLK": 0, "TOV": 0, "PF": 0, "PTS": 0, "PLUS_MINUS": 2, "VIDEO_AVAILABLE": 1}]