{"firstName": "Gary", "lastName": "Clark", "temporaryDisplayName": "Clark, Gary", "personId": "1629109", "teamId": "1610612745", "jersey": "6", "isActive": true, "pos": "F", "heightFeet": "6", "heightInches": "8", "heightMeters": "2.03", "weightPounds": "225", "weightKilograms": "102.1", "dateOfBirthUTC": "1994-11-16", "teamSitesOnly": {"playerCode": "gary_clark", "posFull": "Forward", "displayAffiliation": "Cincinnati/USA", "freeAgentCode": ""}, "teams": [{"teamId": "1610612745", "seasonStart": "2018", "seasonEnd": "2019"}], "draft": {"teamId": "", "pickNum": "", "roundNum": "", "seasonYear": ""}, "nbaDebutYear": "2018", "yearsPro": "1", "collegeName": "Cincinnati", "lastAffiliation": "University of Cincinnati/USA", "country": "USA"}