{"firstName": "Dedric", "lastName": "Lawson", "temporaryDisplayName": "Lawson, Dedric", "personId": "1629664", "teamId": "1610612759", "jersey": "17", "isActive": true, "pos": "F", "heightFeet": "6", "heightInches": "8", "heightMeters": "2.03", "weightPounds": "233", "weightKilograms": "105.7", "dateOfBirthUTC": "1997-10-01", "teamSitesOnly": {"playerCode": "dedric_lawson", "posFull": "Forward", "displayAffiliation": "Kansas/USA", "freeAgentCode": ""}, "teams": [{"teamId": "1610612759", "seasonStart": "2019", "seasonEnd": "2019"}], "draft": {"teamId": "", "pickNum": "", "roundNum": "", "seasonYear": ""}, "nbaDebutYear": "", "yearsPro": "0", "collegeName": "Kansas", "lastAffiliation": "University of Kansas/USA", "country": "USA"}