{"firstName": "Jeremiah", "lastName": "Martin", "temporaryDisplayName": "Martin, Jeremiah", "personId": "1629725", "teamId": "1610612748", "jersey": "8", "isActive": true, "pos": "G", "heightFeet": "6", "heightInches": "2", "heightMeters": "1.88", "weightPounds": "185", "weightKilograms": "83.9", "dateOfBirthUTC": "1996-06-19", "teamSitesOnly": {"playerCode": "jeremiah_martin", "posFull": "Guard", "displayAffiliation": "Memphis/USA", "freeAgentCode": ""}, "teams": [{"teamId": "1610612748", "seasonStart": "2019", "seasonEnd": "2019"}], "draft": {"teamId": "", "pickNum": "", "roundNum": "", "seasonYear": ""}, "nbaDebutYear": "", "yearsPro": "0", "collegeName": "Memphis", "lastAffiliation": "Memphis/USA", "country": "USA"}