{"firstName": "Ty", "lastName": "Jerome", "temporaryDisplayName": "Jerome, Ty", "personId": "1629660", "teamId": "1610612756", "jersey": "10", "isActive": true, "pos": "G", "heightFeet": "6", "heightInches": "5", "heightMeters": "1.96", "weightPounds": "195", "weightKilograms": "88.5", "dateOfBirthUTC": "1997-07-08", "teamSitesOnly": {"playerCode": "ty_jerome", "posFull": "Guard", "displayAffiliation": "Virginia/USA", "freeAgentCode": ""}, "teams": [{"teamId": "1610612756", "seasonStart": "2019", "seasonEnd": "2019"}], "draft": {"teamId": "1610612755", "pickNum": "24", "roundNum": "1", "seasonYear": "2019"}, "nbaDebutYear": "", "yearsPro": "0", "collegeName": "Virginia", "lastAffiliation": "University of Virginia/USA", "country": "USA"}