{"firstName": "Eric", "lastName": "Moreland", "temporaryDisplayName": "Moreland, Eric", "personId": "203961", "teamId": "1610612760", "jersey": "25", "isActive": true, "pos": "F-C", "heightFeet": "6", "heightInches": "10", "heightMeters": "2.08", "weightPounds": "240", "weightKilograms": "108.9", "dateOfBirthUTC": "1991-12-24", "teamSitesOnly": {"playerCode": "eric_moreland", "posFull": "Forward-Center", "displayAffiliation": "Oregon State/USA", "freeAgentCode": ""}, "teams": [{"teamId": "1610612758", "seasonStart": "2014", "seasonEnd": "2015"}, {"teamId": "1610612765", "seasonStart": "2017", "seasonEnd": "2017"}, {"teamId": "1610612756", "seasonStart": "2018", "seasonEnd": "2018"}, {"teamId": "1610612761", "seasonStart": "2018", "seasonEnd": "2018"}, {"teamId": "1610612760", "seasonStart": "2019", "seasonEnd": "2019"}], "draft": {"teamId": "", "pickNum": "", "roundNum": "", "seasonYear": ""}, "nbaDebutYear": "2014", "yearsPro": "4", "collegeName": "Oregon State", "lastAffiliation": "Oregon State/USA", "country": "USA"}