[{"SEASON_ID": "22018", "Player_ID": 1628424, "Game_ID": "0021800780", "GAME_DATE": "FEB 02, 2019", "MATCHUP": "CLE vs. DAL", "WL": "L", "MIN": 2, "FGM": 0, "FGA": 0, "FG_PCT": 0.0, "FG3M": 0, "FG3A": 0, "FG3_PCT": 0.0, "FTM": 0, "FTA": 0, "FT_PCT": 0.0, "OREB": 0, "DREB": 0, "REB": 0, "AST": 0, "STL": 0, "BLK": 0, "TOV": 0, "PF": 0, "PTS": 0, "PLUS_MINUS": 3, "VIDEO_AVAILABLE": 1}, {"SEASON_ID": "22017", "Player_ID": 1628424, "Game_ID": "0021701227", "GAME_DATE": "APR 11, 2018", "MATCHUP": "MEM @ OKC", "WL": "L", "MIN": 33, "FGM": 4, "FGA": 12, "FG_PCT": 0.333, "FG3M": 1, "FG3A": 4, "FG3_PCT": 0.25, "FTM": 6, "FTA": 6, "FT_PCT": 1.0, "OREB": 0, "DREB": 1, "REB": 1, "AST": 5, "STL": 0, "BLK": 0, "TOV": 2, "PF": 3, "PTS": 15, "PLUS_MINUS": -9, "VIDEO_AVAILABLE": 1}, {"SEASON_ID": "22017", "Player_ID": 1628424, "Game_ID": "0021701209", "GAME_DATE": "APR 09, 2018", "MATCHUP": "MEM @ MIN", "WL": "L", "MIN": 28, "FGM": 2, "FGA": 7, "FG_PCT": 0.286, "FG3M": 1, "FG3A": 2, "FG3_PCT": 0.5, "FTM": 0, "FTA": 0, "FT_PCT": 0.0, "OREB": 1, "DREB": 0, "REB": 1, "AST": 1, "STL": 0, "BLK": 0, "TOV": 3, "PF": 4, "PTS": 5, "PLUS_MINUS": -24, "VIDEO_AVAILABLE": 1}, {"SEASON_ID": "22017", "Player_ID": 1628424, "Game_ID": "0021701199", "GAME_DATE": "APR 08, 2018", "MATCHUP": "MEM vs. DET", "WL": "W", "MIN": 32, "FGM": 7, "FGA": 10, "FG_PCT": 0.7, "FG3M": 4, "FG3A": 7, "FG3_PCT": 0.571, "FTM": 2, "FTA": 2, "FT_PCT": 1.0, "OREB": 0, "DREB": 2, "REB": 2, "AST": 7, "STL": 0, "BLK": 0, "TOV": 1, "PF": 2, "PTS": 20, "PLUS_MINUS": 20, "VIDEO_AVAILABLE": 1}, {"SEASON_ID": "22017", "Player_ID": 1628424, "Game_ID": "0021701188", "GAME_DATE": "APR 06, 2018", "MATCHUP": "MEM vs. SAC", "WL": "L", "MIN": 27, "FGM": 5, "FGA": 9, "FG_PCT": 0.556, "FG3M": 0, "FG3A": 0, "FG3_PCT": 0.0, "FTM": 1, "FTA": 1, "FT_PCT": 1.0, "OREB": 0, "DREB": 1, "REB": 1, "AST": 3, "STL": 0, "BLK": 0, "TOV": 3, "PF": 2, "PTS": 11, "PLUS_MINUS": -5, "VIDEO_AVAILABLE": 2}, {"SEASON_ID": "22017", "Player_ID": 1628424, "Game_ID": "0021701173", "GAME_DATE": "APR 04, 2018", "MATCHUP": "MEM @ NOP", "WL": "L", "MIN": 28, "FGM": 2, "FGA": 9, "FG_PCT": 0.222, "FG3M": 0, "FG3A": 2, "FG3_PCT": 0.0, "FTM": 0, "FTA": 0, "FT_PCT": 0.0, "OREB": 0, "DREB": 2, "REB": 2, "AST": 1, "STL": 0, "BLK": 0, "TOV": 3, "PF": 1, "PTS": 4, "PLUS_MINUS": -30, "VIDEO_AVAILABLE": 1}, {"SEASON_ID": "22017", "Player_ID": 1628424, "Game_ID": "0021701154", "GAME_DATE": "APR 01, 2018", "MATCHUP": "MEM @ POR", "WL": "L", "MIN": 21, "FGM": 2, "FGA": 5, "FG_PCT": 0.4, "FG3M": 0, "FG3A": 0, "FG3_PCT": 0.0, "FTM": 0, "FTA": 0, "FT_PCT": 0.0, "OREB": 2, "DREB": 0, "REB": 2, "AST": 4, "STL": 1, "BLK": 0, "TOV": 3, "PF": 1, "PTS": 4, "PLUS_MINUS": -9, "VIDEO_AVAILABLE": 1}, {"SEASON_ID": "22017", "Player_ID": 1628424, "Game_ID": "0021701135", "GAME_DATE": "MAR 30, 2018", "MATCHUP": "MEM @ UTA", "WL": "L", "MIN": 25, "FGM": 3, "FGA": 7, "FG_PCT": 0.429, "FG3M": 0, "FG3A": 2, "FG3_PCT": 0.0, "FTM": 0, "FTA": 0, "FT_PCT": 0.0, "OREB": 1, "DREB": 2, "REB": 3, "AST": 5, "STL": 3, "BLK": 0, "TOV": 0, "PF": 5, "PTS": 6, "PLUS_MINUS": 6, "VIDEO_AVAILABLE": 2}, {"SEASON_ID": "22017", "Player_ID": 1628424, "Game_ID": "0021701119", "GAME_DATE": "MAR 28, 2018", "MATCHUP": "MEM vs. POR", "WL": "W", "MIN": 28, "FGM": 4, "FGA": 7, "FG_PCT": 0.571, "FG3M": 0, "FG3A": 1, "FG3_PCT": 0.0, "FTM": 0, "FTA": 0, "FT_PCT": 0.0, "OREB": 0, "DREB": 0, "REB": 0, "AST": 3, "STL": 0, "BLK": 0, "TOV": 4, "PF": 1, "PTS": 8, "PLUS_MINUS": -9, "VIDEO_AVAILABLE": 1}, {"SEASON_ID": "22017", "Player_ID": 1628424, "Game_ID": "0021701106", "GAME_DATE": "MAR 26, 2018", "MATCHUP": "MEM @ MIN", "WL": "W", "MIN": 4, "FGM": 0, "FGA": 0, "FG_PCT": 0.0, "FG3M": 0, "FG3A": 0, "FG3_PCT": 0.0, "FTM": 0, "FTA": 0, "FT_PCT": 0.0, "OREB": 0, "DREB": 0, "REB": 0, "AST": 0, "STL": 0, "BLK": 0, "TOV": 0, "PF": 0, "PTS": 0, "PLUS_MINUS": -2, "VIDEO_AVAILABLE": 1}, {"SEASON_ID": "22017", "Player_ID": 1628424, "Game_ID": "0021701092", "GAME_DATE": "MAR 24, 2018", "MATCHUP": "MEM vs. LAL", "WL": "L", "MIN": 10, "FGM": 1, "FGA": 2, "FG_PCT": 0.5, "FG3M": 0, "FG3A": 0, "FG3_PCT": 0.0, "FTM": 0, "FTA": 0, "FT_PCT": 0.0, "OREB": 0, "DREB": 0, "REB": 0, "AST": 0, "STL": 0, "BLK": 0, "TOV": 0, "PF": 0, "PTS": 2, "PLUS_MINUS": -5, "VIDEO_AVAILABLE": 1}, {"SEASON_ID": "22017", "Player_ID": 1628424, "Game_ID": "0021701072", "GAME_DATE": "MAR 22, 2018", "MATCHUP": "MEM @ CHA", "WL": "L", "MIN": 26, "FGM": 1, "FGA": 5, "FG_PCT": 0.2, "FG3M": 0, "FG3A": 2, "FG3_PCT": 0.0, "FTM": 4, "FTA": 4, "FT_PCT": 1.0, "OREB": 0, "DREB": 1, "REB": 1, "AST": 4, "STL": 0, "BLK": 0, "TOV": 1, "PF": 0, "PTS": 6, "PLUS_MINUS": -32, "VIDEO_AVAILABLE": 1}, {"SEASON_ID": "22017", "Player_ID": 1628424, "Game_ID": "0021701024", "GAME_DATE": "MAR 15, 2018", "MATCHUP": "MEM vs. CHI", "WL": "L", "MIN": 7, "FGM": 0, "FGA": 1, "FG_PCT": 0.0, "FG3M": 0, "FG3A": 0, "FG3_PCT": 0.0, "FTM": 2, "FTA": 2, "FT_PCT": 1.0, "OREB": 0, "DREB": 1, "REB": 1, "AST": 0, "STL": 0, "BLK": 0, "TOV": 0, "PF": 0, "PTS": 2, "PLUS_MINUS": -7, "VIDEO_AVAILABLE": 1}, {"SEASON_ID": "22017", "Player_ID": 1628424, "Game_ID": "0021701002", "GAME_DATE": "MAR 12, 2018", "MATCHUP": "MEM vs. MIL", "WL": "L", "MIN": 27, "FGM": 4, "FGA": 8, "FG_PCT": 0.5, "FG3M": 1, "FG3A": 1, "FG3_PCT": 1.0, "FTM": 0, "FTA": 0, "FT_PCT": 0.0, "OREB": 0, "DREB": 0, "REB": 0, "AST": 5, "STL": 0, "BLK": 0, "TOV": 1, "PF": 3, "PTS": 9, "PLUS_MINUS": -2, "VIDEO_AVAILABLE": 1}, {"SEASON_ID": "22017", "Player_ID": 1628424, "Game_ID": "0021700989", "GAME_DATE": "MAR 10, 2018", "MATCHUP": "MEM @ DAL", "WL": "L", "MIN": 36, "FGM": 2, "FGA": 12, "FG_PCT": 0.167, "FG3M": 0, "FG3A": 1, "FG3_PCT": 0.0, "FTM": 0, "FTA": 0, "FT_PCT": 0.0, "OREB": 3, "DREB": 2, "REB": 5, "AST": 4, "STL": 1, "BLK": 0, "TOV": 2, "PF": 3, "PTS": 4, "PLUS_MINUS": -41, "VIDEO_AVAILABLE": 1}, {"SEASON_ID": "22017", "Player_ID": 1628424, "Game_ID": "0021700980", "GAME_DATE": "MAR 09, 2018", "MATCHUP": "MEM vs. UTA", "WL": "L", "MIN": 26, "FGM": 3, "FGA": 7, "FG_PCT": 0.429, "FG3M": 0, "FG3A": 0, "FG3_PCT": 0.0, "FTM": 0, "FTA": 0, "FT_PCT": 0.0, "OREB": 0, "DREB": 3, "REB": 3, "AST": 3, "STL": 0, "BLK": 0, "TOV": 2, "PF": 4, "PTS": 6, "PLUS_MINUS": -16, "VIDEO_AVAILABLE": 1}, {"SEASON_ID": "22017", "Player_ID": 1628424, "Game_ID": "0021700967", "GAME_DATE": "MAR 07, 2018", "MATCHUP": "MEM @ CHI", "WL": "L", "MIN": 28, "FGM": 5, "FGA": 10, "FG_PCT": 0.5, "FG3M": 0, "FG3A": 1, "FG3_PCT": 0.0, "FTM": 1, "FTA": 1, "FT_PCT": 1.0, "OREB": 1, "DREB": 2, "REB": 3, "AST": 1, "STL": 3, "BLK": 1, "TOV": 3, "PF": 6, "PTS": 11, "PLUS_MINUS": 1, "VIDEO_AVAILABLE": 1}, {"SEASON_ID": "22017", "Player_ID": 1628424, "Game_ID": "0021700954", "GAME_DATE": "MAR 05, 2018", "MATCHUP": "MEM @ SAS", "WL": "L", "MIN": 26, "FGM": 6, "FGA": 10, "FG_PCT": 0.6, "FG3M": 1, "FG3A": 2, "FG3_PCT": 0.5, "FTM": 0, "FTA": 0, "FT_PCT": 0.0, "OREB": 2, "DREB": 2, "REB": 4, "AST": 3, "STL": 1, "BLK": 1, "TOV": 1, "PF": 2, "PTS": 13, "PLUS_MINUS": 3, "VIDEO_AVAILABLE": 1}, {"SEASON_ID": "22017", "Player_ID": 1628424, "Game_ID": "0021700936", "GAME_DATE": "MAR 03, 2018", "MATCHUP": "MEM @ ORL", "WL": "L", "MIN": 20, "FGM": 6, "FGA": 9, "FG_PCT": 0.667, "FG3M": 0, "FG3A": 1, "FG3_PCT": 0.0, "FTM": 2, "FTA": 2, "FT_PCT": 1.0, "OREB": 0, "DREB": 1, "REB": 1, "AST": 2, "STL": 1, "BLK": 0, "TOV": 2, "PF": 4, "PTS": 14, "PLUS_MINUS": -8, "VIDEO_AVAILABLE": 1}, {"SEASON_ID": "22017", "Player_ID": 1628424, "Game_ID": "0021700931", "GAME_DATE": "MAR 02, 2018", "MATCHUP": "MEM vs. DEN", "WL": "L", "MIN": 14, "FGM": 2, "FGA": 6, "FG_PCT": 0.333, "FG3M": 0, "FG3A": 0, "FG3_PCT": 0.0, "FTM": 0, "FTA": 0, "FT_PCT": 0.0, "OREB": 1, "DREB": 0, "REB": 1, "AST": 2, "STL": 0, "BLK": 0, "TOV": 2, "PF": 2, "PTS": 4, "PLUS_MINUS": -17, "VIDEO_AVAILABLE": 1}, {"SEASON_ID": "22017", "Player_ID": 1628424, "Game_ID": "0021700885", "GAME_DATE": "FEB 24, 2018", "MATCHUP": "MEM @ MIA", "WL": "L", "MIN": 23, "FGM": 2, "FGA": 8, "FG_PCT": 0.25, "FG3M": 0, "FG3A": 0, "FG3_PCT": 0.0, "FTM": 2, "FTA": 2, "FT_PCT": 1.0, "OREB": 0, "DREB": 0, "REB": 0, "AST": 3, "STL": 0, "BLK": 0, "TOV": 2, "PF": 1, "PTS": 6, "PLUS_MINUS": -15, "VIDEO_AVAILABLE": 1}, {"SEASON_ID": "22017", "Player_ID": 1628424, "Game_ID": "0021700707", "GAME_DATE": "JAN 24, 2018", "MATCHUP": "MEM vs. SAS", "WL": "L", "MIN": 14, "FGM": 3, "FGA": 6, "FG_PCT": 0.5, "FG3M": 0, "FG3A": 2, "FG3_PCT": 0.0, "FTM": 0, "FTA": 0, "FT_PCT": 0.0, "OREB": 0, "DREB": 1, "REB": 1, "AST": 1, "STL": 2, "BLK": 0, "TOV": 1, "PF": 1, "PTS": 6, "PLUS_MINUS": 2, "VIDEO_AVAILABLE": 1}, {"SEASON_ID": "22017", "Player_ID": 1628424, "Game_ID": "0021700575", "GAME_DATE": "JAN 05, 2018", "MATCHUP": "MEM vs. WAS", "WL": "L", "MIN": 8, "FGM": 1, "FGA": 2, "FG_PCT": 0.5, "FG3M": 0, "FG3A": 0, "FG3_PCT": 0.0, "FTM": 0, "FTA": 0, "FT_PCT": 0.0, "OREB": 0, "DREB": 0, "REB": 0, "AST": 0, "STL": 0, "BLK": 0, "TOV": 2, "PF": 1, "PTS": 2, "PLUS_MINUS": -11, "VIDEO_AVAILABLE": 1}, {"SEASON_ID": "22017", "Player_ID": 1628424, "Game_ID": "0021700553", "GAME_DATE": "JAN 02, 2018", "MATCHUP": "MEM @ LAC", "WL": "L", "MIN": 3, "FGM": 0, "FGA": 1, "FG_PCT": 0.0, "FG3M": 0, "FG3A": 1, "FG3_PCT": 0.0, "FTM": 0, "FTA": 0, "FT_PCT": 0.0, "OREB": 0, "DREB": 0, "REB": 0, "AST": 0, "STL": 0, "BLK": 0, "TOV": 0, "PF": 0, "PTS": 0, "PLUS_MINUS": -6, "VIDEO_AVAILABLE": 1}, {"SEASON_ID": "22017", "Player_ID": 1628424, "Game_ID": "0021700543", "GAME_DATE": "DEC 31, 2017", "MATCHUP": "MEM @ SAC", "WL": "W", "MIN": 21, "FGM": 1, "FGA": 4, "FG_PCT": 0.25, "FG3M": 0, "FG3A": 1, "FG3_PCT": 0.0, "FTM": 3, "FTA": 3, "FT_PCT": 1.0, "OREB": 0, "DREB": 1, "REB": 1, "AST": 1, "STL": 0, "BLK": 0, "TOV": 3, "PF": 1, "PTS": 5, "PLUS_MINUS": -6, "VIDEO_AVAILABLE": 1}, {"SEASON_ID": "22017", "Player_ID": 1628424, "Game_ID": "0021700535", "GAME_DATE": "DEC 30, 2017", "MATCHUP": "MEM @ GSW", "WL": "L", "MIN": 31, "FGM": 7, "FGA": 10, "FG_PCT": 0.7, "FG3M": 3, "FG3A": 4, "FG3_PCT": 0.75, "FTM": 0, "FTA": 0, "FT_PCT": 0.0, "OREB": 0, "DREB": 1, "REB": 1, "AST": 3, "STL": 2, "BLK": 0, "TOV": 0, "PF": 2, "PTS": 17, "PLUS_MINUS": 3, "VIDEO_AVAILABLE": 1}, {"SEASON_ID": "22017", "Player_ID": 1628424, "Game_ID": "0021700515", "GAME_DATE": "DEC 27, 2017", "MATCHUP": "MEM @ LAL", "WL": "W", "MIN": 17, "FGM": 0, "FGA": 1, "FG_PCT": 0.0, "FG3M": 0, "FG3A": 0, "FG3_PCT": 0.0, "FTM": 0, "FTA": 0, "FT_PCT": 0.0, "OREB": 1, "DREB": 2, "REB": 3, "AST": 1, "STL": 0, "BLK": 0, "TOV": 0, "PF": 3, "PTS": 0, "PLUS_MINUS": -10, "VIDEO_AVAILABLE": 1}, {"SEASON_ID": "22017", "Player_ID": 1628424, "Game_ID": "0021700504", "GAME_DATE": "DEC 26, 2017", "MATCHUP": "MEM @ PHX", "WL": "L", "MIN": 26, "FGM": 2, "FGA": 5, "FG_PCT": 0.4, "FG3M": 0, "FG3A": 2, "FG3_PCT": 0.0, "FTM": 2, "FTA": 2, "FT_PCT": 1.0, "OREB": 1, "DREB": 4, "REB": 5, "AST": 2, "STL": 2, "BLK": 1, "TOV": 1, "PF": 3, "PTS": 6, "PLUS_MINUS": -2, "VIDEO_AVAILABLE": 1}, {"SEASON_ID": "22017", "Player_ID": 1628424, "Game_ID": "0021700487", "GAME_DATE": "DEC 23, 2017", "MATCHUP": "MEM vs. LAC", "WL": "W", "MIN": 25, "FGM": 3, "FGA": 9, "FG_PCT": 0.333, "FG3M": 0, "FG3A": 2, "FG3_PCT": 0.0, "FTM": 0, "FTA": 0, "FT_PCT": 0.0, "OREB": 1, "DREB": 3, "REB": 4, "AST": 3, "STL": 0, "BLK": 1, "TOV": 1, "PF": 2, "PTS": 6, "PLUS_MINUS": 4, "VIDEO_AVAILABLE": 1}, {"SEASON_ID": "22017", "Player_ID": 1628424, "Game_ID": "0021700469", "GAME_DATE": "DEC 21, 2017", "MATCHUP": "MEM @ PHX", "WL": "L", "MIN": 9, "FGM": 1, "FGA": 3, "FG_PCT": 0.333, "FG3M": 0, "FG3A": 0, "FG3_PCT": 0.0, "FTM": 0, "FTA": 0, "FT_PCT": 0.0, "OREB": 0, "DREB": 2, "REB": 2, "AST": 1, "STL": 2, "BLK": 0, "TOV": 1, "PF": 1, "PTS": 2, "PLUS_MINUS": 7, "VIDEO_AVAILABLE": 1}, {"SEASON_ID": "22017", "Player_ID": 1628424, "Game_ID": "0021700464", "GAME_DATE": "DEC 20, 2017", "MATCHUP": "MEM @ GSW", "WL": "L", "MIN": 2, "FGM": 0, "FGA": 0, "FG_PCT": 0.0, "FG3M": 0, "FG3A": 0, "FG3_PCT": 0.0, "FTM": 0, "FTA": 0, "FT_PCT": 0.0, "OREB": 0, "DREB": 0, "REB": 0, "AST": 0, "STL": 0, "BLK": 0, "TOV": 0, "PF": 0, "PTS": 0, "PLUS_MINUS": 0, "VIDEO_AVAILABLE": 1}, {"SEASON_ID": "22017", "Player_ID": 1628424, "Game_ID": "0021700436", "GAME_DATE": "DEC 16, 2017", "MATCHUP": "MEM vs. BOS", "WL": "L", "MIN": 15, "FGM": 0, "FGA": 3, "FG_PCT": 0.0, "FG3M": 0, "FG3A": 1, "FG3_PCT": 0.0, "FTM": 0, "FTA": 0, "FT_PCT": 0.0, "OREB": 0, "DREB": 2, "REB": 2, "AST": 0, "STL": 0, "BLK": 1, "TOV": 0, "PF": 2, "PTS": 0, "PLUS_MINUS": 4, "VIDEO_AVAILABLE": 1}, {"SEASON_ID": "22017", "Player_ID": 1628424, "Game_ID": "0021700311", "GAME_DATE": "NOV 29, 2017", "MATCHUP": "MEM @ SAS", "WL": "L", "MIN": 5, "FGM": 1, "FGA": 1, "FG_PCT": 1.0, "FG3M": 0, "FG3A": 0, "FG3_PCT": 0.0, "FTM": 0, "FTA": 0, "FT_PCT": 0.0, "OREB": 0, "DREB": 0, "REB": 0, "AST": 0, "STL": 0, "BLK": 0, "TOV": 0, "PF": 1, "PTS": 2, "PLUS_MINUS": 3, "VIDEO_AVAILABLE": 1}]