{"firstName": "Kobi", "lastName": "Simmons", "temporaryDisplayName": "Simmons, Kobi", "personId": "1628424", "teamId": "1610612766", "jersey": "23", "isActive": true, "pos": "G", "heightFeet": "6", "heightInches": "5", "heightMeters": "1.96", "weightPounds": "166", "weightKilograms": "75.3", "dateOfBirthUTC": "1997-07-04", "teamSitesOnly": {"playerCode": "kobi_simmons", "posFull": "Guard", "displayAffiliation": "Arizona/USA", "freeAgentCode": ""}, "teams": [{"teamId": "1610612763", "seasonStart": "2017", "seasonEnd": "2017"}, {"teamId": "1610612739", "seasonStart": "2018", "seasonEnd": "2018"}, {"teamId": "1610612766", "seasonStart": "2019", "seasonEnd": "2019"}], "draft": {"teamId": "", "pickNum": "", "roundNum": "", "seasonYear": ""}, "nbaDebutYear": "2017", "yearsPro": "2", "collegeName": "Arizona", "lastAffiliation": "Arizona/USA", "country": "USA"}