{"firstName": "Aric", "lastName": "Holman", "temporaryDisplayName": "Holman, Aric", "personId": "1629689", "teamId": "1610612742", "jersey": "35", "isActive": true, "pos": "F", "heightFeet": "6", "heightInches": "10", "heightMeters": "2.08", "weightPounds": "225", "weightKilograms": "102.1", "dateOfBirthUTC": "1997-07-11", "teamSitesOnly": {"playerCode": "aric_holman", "posFull": "Forward", "displayAffiliation": "Mississippi State/USA", "freeAgentCode": ""}, "teams": [{"teamId": "1610612742", "seasonStart": "2019", "seasonEnd": "2019"}], "draft": {"teamId": "", "pickNum": "", "roundNum": "", "seasonYear": ""}, "nbaDebutYear": "", "yearsPro": "0", "collegeName": "Mississippi State", "lastAffiliation": "Mississippi State University/USA", "country": "USA"}