{"firstName": "Melvin", "lastName": "Frazier Jr.", "temporaryDisplayName": "Frazier Jr., Melvin", "personId": "1628982", "teamId": "1610612753", "jersey": "35", "isActive": true, "pos": "G-F", "heightFeet": "6", "heightInches": "6", "heightMeters": "1.98", "weightPounds": "200", "weightKilograms": "90.7", "dateOfBirthUTC": "1996-08-30", "teamSitesOnly": {"playerCode": "melvin_frazier_jr", "posFull": "Guard-Forward", "displayAffiliation": "Tulane/USA", "freeAgentCode": ""}, "teams": [{"teamId": "1610612753", "seasonStart": "2018", "seasonEnd": "2019"}], "draft": {"teamId": "1610612753", "pickNum": "35", "roundNum": "2", "seasonYear": "2018"}, "nbaDebutYear": "2018", "yearsPro": "1", "collegeName": "Tulane", "lastAffiliation": "Tulane University/USA", "country": "USA"}