[{"SEASON_ID": "22018", "Player_ID": 1628963, "Game_ID": "0021801230", "GAME_DATE": "APR 10, 2019", "MATCHUP": "SAC @ POR", "WL": "L", "MIN": 30, "FGM": 8, "FGA": 15, "FG_PCT": 0.533, "FG3M": 2, "FG3A": 5, "FG3_PCT": 0.4, "FTM": 2, "FTA": 2, "FT_PCT": 1.0, "OREB": 0, "DREB": 9, "REB": 9, "AST": 0, "STL": 1, "BLK": 0, "TOV": 1, "PF": 2, "PTS": 20, "PLUS_MINUS": -3, "VIDEO_AVAILABLE": 1}, {"SEASON_ID": "22018", "Player_ID": 1628963, "Game_ID": "0021801207", "GAME_DATE": "APR 07, 2019", "MATCHUP": "SAC vs. NOP", "WL": "L", "MIN": 32, "FGM": 8, "FGA": 18, "FG_PCT": 0.444, "FG3M": 1, "FG3A": 3, "FG3_PCT": 0.333, "FTM": 2, "FTA": 4, "FT_PCT": 0.5, "OREB": 5, "DREB": 9, "REB": 14, "AST": 0, "STL": 0, "BLK": 1, "TOV": 0, "PF": 0, "PTS": 19, "PLUS_MINUS": 7, "VIDEO_AVAILABLE": 1}, {"SEASON_ID": "22018", "Player_ID": 1628963, "Game_ID": "0021801188", "GAME_DATE": "APR 05, 2019", "MATCHUP": "SAC @ UTA", "WL": "L", "MIN": 30, "FGM": 4, "FGA": 16, "FG_PCT": 0.25, "FG3M": 0, "FG3A": 0, "FG3_PCT": 0.0, "FTM": 5, "FTA": 9, "FT_PCT": 0.556, "OREB": 4, "DREB": 8, "REB": 12, "AST": 2, "STL": 0, "BLK": 1, "TOV": 5, "PF": 2, "PTS": 13, "PLUS_MINUS": -17, "VIDEO_AVAILABLE": 1}, {"SEASON_ID": "22018", "Player_ID": 1628963, "Game_ID": "0021801178", "GAME_DATE": "APR 04, 2019", "MATCHUP": "SAC vs. CLE", "WL": "W", "MIN": 21, "FGM": 7, "FGA": 16, "FG_PCT": 0.438, "FG3M": 1, "FG3A": 4, "FG3_PCT": 0.25, "FTM": 0, "FTA": 0, "FT_PCT": 0.0, "OREB": 3, "DREB": 5, "REB": 8, "AST": 1, "STL": 0, "BLK": 0, "TOV": 1, "PF": 2, "PTS": 15, "PLUS_MINUS": 3, "VIDEO_AVAILABLE": 1}, {"SEASON_ID": "22018", "Player_ID": 1628963, "Game_ID": "0021801163", "GAME_DATE": "APR 02, 2019", "MATCHUP": "SAC vs. HOU", "WL": "L", "MIN": 28, "FGM": 7, "FGA": 18, "FG_PCT": 0.389, "FG3M": 2, "FG3A": 4, "FG3_PCT": 0.5, "FTM": 3, "FTA": 5, "FT_PCT": 0.6, "OREB": 3, "DREB": 5, "REB": 8, "AST": 1, "STL": 0, "BLK": 1, "TOV": 0, "PF": 0, "PTS": 19, "PLUS_MINUS": -22, "VIDEO_AVAILABLE": 1}, {"SEASON_ID": "22018", "Player_ID": 1628963, "Game_ID": "0021801138", "GAME_DATE": "MAR 30, 2019", "MATCHUP": "SAC @ HOU", "WL": "L", "MIN": 27, "FGM": 10, "FGA": 20, "FG_PCT": 0.5, "FG3M": 0, "FG3A": 1, "FG3_PCT": 0.0, "FTM": 0, "FTA": 0, "FT_PCT": 0.0, "OREB": 7, "DREB": 5, "REB": 12, "AST": 0, "STL": 0, "BLK": 1, "TOV": 2, "PF": 3, "PTS": 20, "PLUS_MINUS": -12, "VIDEO_AVAILABLE": 1}, {"SEASON_ID": "22018", "Player_ID": 1628963, "Game_ID": "0021801128", "GAME_DATE": "MAR 28, 2019", "MATCHUP": "SAC @ NOP", "WL": "L", "MIN": 28, "FGM": 4, "FGA": 12, "FG_PCT": 0.333, "FG3M": 0, "FG3A": 1, "FG3_PCT": 0.0, "FTM": 2, "FTA": 3, "FT_PCT": 0.667, "OREB": 2, "DREB": 6, "REB": 8, "AST": 1, "STL": 1, "BLK": 2, "TOV": 2, "PF": 2, "PTS": 10, "PLUS_MINUS": -8, "VIDEO_AVAILABLE": 1}, {"SEASON_ID": "22018", "Player_ID": 1628963, "Game_ID": "0021801114", "GAME_DATE": "MAR 26, 2019", "MATCHUP": "SAC @ DAL", "WL": "W", "MIN": 24, "FGM": 5, "FGA": 7, "FG_PCT": 0.714, "FG3M": 0, "FG3A": 0, "FG3_PCT": 0.0, "FTM": 4, "FTA": 6, "FT_PCT": 0.667, "OREB": 2, "DREB": 0, "REB": 2, "AST": 2, "STL": 0, "BLK": 0, "TOV": 3, "PF": 3, "PTS": 14, "PLUS_MINUS": -14, "VIDEO_AVAILABLE": 1}, {"SEASON_ID": "22018", "Player_ID": 1628963, "Game_ID": "0021801102", "GAME_DATE": "MAR 24, 2019", "MATCHUP": "SAC @ LAL", "WL": "L", "MIN": 36, "FGM": 10, "FGA": 19, "FG_PCT": 0.526, "FG3M": 2, "FG3A": 3, "FG3_PCT": 0.667, "FTM": 3, "FTA": 8, "FT_PCT": 0.375, "OREB": 5, "DREB": 6, "REB": 11, "AST": 2, "STL": 1, "BLK": 1, "TOV": 1, "PF": 1, "PTS": 25, "PLUS_MINUS": 11, "VIDEO_AVAILABLE": 1}, {"SEASON_ID": "22018", "Player_ID": 1628963, "Game_ID": "0021801094", "GAME_DATE": "MAR 23, 2019", "MATCHUP": "SAC vs. PHX", "WL": "W", "MIN": 29, "FGM": 5, "FGA": 13, "FG_PCT": 0.385, "FG3M": 0, "FG3A": 1, "FG3_PCT": 0.0, "FTM": 6, "FTA": 7, "FT_PCT": 0.857, "OREB": 3, "DREB": 8, "REB": 11, "AST": 1, "STL": 2, "BLK": 0, "TOV": 2, "PF": 2, "PTS": 16, "PLUS_MINUS": 19, "VIDEO_AVAILABLE": 1}, {"SEASON_ID": "22018", "Player_ID": 1628963, "Game_ID": "0021801078", "GAME_DATE": "MAR 21, 2019", "MATCHUP": "SAC vs. DAL", "WL": "W", "MIN": 28, "FGM": 8, "FGA": 16, "FG_PCT": 0.5, "FG3M": 3, "FG3A": 5, "FG3_PCT": 0.6, "FTM": 3, "FTA": 5, "FT_PCT": 0.6, "OREB": 3, "DREB": 9, "REB": 12, "AST": 0, "STL": 0, "BLK": 4, "TOV": 1, "PF": 3, "PTS": 22, "PLUS_MINUS": 1, "VIDEO_AVAILABLE": 1}, {"SEASON_ID": "22018", "Player_ID": 1628963, "Game_ID": "0021801063", "GAME_DATE": "MAR 19, 2019", "MATCHUP": "SAC vs. BKN", "WL": "L", "MIN": 29, "FGM": 12, "FGA": 15, "FG_PCT": 0.8, "FG3M": 2, "FG3A": 2, "FG3_PCT": 1.0, "FTM": 2, "FTA": 2, "FT_PCT": 1.0, "OREB": 4, "DREB": 3, "REB": 7, "AST": 2, "STL": 0, "BLK": 0, "TOV": 3, "PF": 1, "PTS": 28, "PLUS_MINUS": -11, "VIDEO_AVAILABLE": 1}, {"SEASON_ID": "22018", "Player_ID": 1628963, "Game_ID": "0021801047", "GAME_DATE": "MAR 17, 2019", "MATCHUP": "SAC vs. CHI", "WL": "W", "MIN": 21, "FGM": 9, "FGA": 14, "FG_PCT": 0.643, "FG3M": 0, "FG3A": 2, "FG3_PCT": 0.0, "FTM": 3, "FTA": 3, "FT_PCT": 1.0, "OREB": 4, "DREB": 5, "REB": 9, "AST": 2, "STL": 0, "BLK": 1, "TOV": 1, "PF": 1, "PTS": 21, "PLUS_MINUS": 16, "VIDEO_AVAILABLE": 1}, {"SEASON_ID": "22018", "Player_ID": 1628963, "Game_ID": "0021801027", "GAME_DATE": "MAR 15, 2019", "MATCHUP": "SAC @ PHI", "WL": "L", "MIN": 20, "FGM": 5, "FGA": 9, "FG_PCT": 0.556, "FG3M": 0, "FG3A": 1, "FG3_PCT": 0.0, "FTM": 5, "FTA": 6, "FT_PCT": 0.833, "OREB": 0, "DREB": 4, "REB": 4, "AST": 1, "STL": 1, "BLK": 0, "TOV": 0, "PF": 0, "PTS": 15, "PLUS_MINUS": -2, "VIDEO_AVAILABLE": 1}, {"SEASON_ID": "22018", "Player_ID": 1628963, "Game_ID": "0021801022", "GAME_DATE": "MAR 14, 2019", "MATCHUP": "SAC @ BOS", "WL": "L", "MIN": 19, "FGM": 5, "FGA": 9, "FG_PCT": 0.556, "FG3M": 1, "FG3A": 2, "FG3_PCT": 0.5, "FTM": 3, "FTA": 4, "FT_PCT": 0.75, "OREB": 0, "DREB": 6, "REB": 6, "AST": 0, "STL": 0, "BLK": 0, "TOV": 0, "PF": 2, "PTS": 14, "PLUS_MINUS": -12, "VIDEO_AVAILABLE": 1}, {"SEASON_ID": "22018", "Player_ID": 1628963, "Game_ID": "0021800920", "GAME_DATE": "FEB 27, 2019", "MATCHUP": "SAC vs. MIL", "WL": "L", "MIN": 18, "FGM": 3, "FGA": 9, "FG_PCT": 0.333, "FG3M": 0, "FG3A": 2, "FG3_PCT": 0.0, "FTM": 3, "FTA": 4, "FT_PCT": 0.75, "OREB": 5, "DREB": 2, "REB": 7, "AST": 1, "STL": 0, "BLK": 0, "TOV": 0, "PF": 0, "PTS": 9, "PLUS_MINUS": -18, "VIDEO_AVAILABLE": 1}, {"SEASON_ID": "22018", "Player_ID": 1628963, "Game_ID": "0021800905", "GAME_DATE": "FEB 25, 2019", "MATCHUP": "SAC @ MIN", "WL": "L", "MIN": 37, "FGM": 9, "FGA": 14, "FG_PCT": 0.643, "FG3M": 1, "FG3A": 1, "FG3_PCT": 1.0, "FTM": 6, "FTA": 6, "FT_PCT": 1.0, "OREB": 5, "DREB": 6, "REB": 11, "AST": 2, "STL": 1, "BLK": 2, "TOV": 3, "PF": 2, "PTS": 25, "PLUS_MINUS": 5, "VIDEO_AVAILABLE": 1}, {"SEASON_ID": "22018", "Player_ID": 1628963, "Game_ID": "0021800890", "GAME_DATE": "FEB 23, 2019", "MATCHUP": "SAC @ OKC", "WL": "W", "MIN": 36, "FGM": 8, "FGA": 18, "FG_PCT": 0.444, "FG3M": 0, "FG3A": 2, "FG3_PCT": 0.0, "FTM": 3, "FTA": 6, "FT_PCT": 0.5, "OREB": 1, "DREB": 9, "REB": 10, "AST": 3, "STL": 2, "BLK": 3, "TOV": 1, "PF": 3, "PTS": 19, "PLUS_MINUS": 9, "VIDEO_AVAILABLE": 1}, {"SEASON_ID": "22018", "Player_ID": 1628963, "Game_ID": "0021800871", "GAME_DATE": "FEB 21, 2019", "MATCHUP": "SAC @ GSW", "WL": "L", "MIN": 34, "FGM": 8, "FGA": 19, "FG_PCT": 0.421, "FG3M": 1, "FG3A": 2, "FG3_PCT": 0.5, "FTM": 11, "FTA": 14, "FT_PCT": 0.786, "OREB": 6, "DREB": 8, "REB": 14, "AST": 0, "STL": 1, "BLK": 0, "TOV": 2, "PF": 2, "PTS": 28, "PLUS_MINUS": 4, "VIDEO_AVAILABLE": 1}, {"SEASON_ID": "22018", "Player_ID": 1628963, "Game_ID": "0021800860", "GAME_DATE": "FEB 13, 2019", "MATCHUP": "SAC @ DEN", "WL": "L", "MIN": 23, "FGM": 4, "FGA": 7, "FG_PCT": 0.571, "FG3M": 1, "FG3A": 2, "FG3_PCT": 0.5, "FTM": 2, "FTA": 4, "FT_PCT": 0.5, "OREB": 0, "DREB": 3, "REB": 3, "AST": 1, "STL": 0, "BLK": 0, "TOV": 0, "PF": 1, "PTS": 11, "PLUS_MINUS": 0, "VIDEO_AVAILABLE": 1}, {"SEASON_ID": "22018", "Player_ID": 1628963, "Game_ID": "0021800836", "GAME_DATE": "FEB 10, 2019", "MATCHUP": "SAC vs. PHX", "WL": "W", "MIN": 32, "FGM": 10, "FGA": 15, "FG_PCT": 0.667, "FG3M": 1, "FG3A": 2, "FG3_PCT": 0.5, "FTM": 11, "FTA": 13, "FT_PCT": 0.846, "OREB": 1, "DREB": 6, "REB": 7, "AST": 1, "STL": 1, "BLK": 1, "TOV": 1, "PF": 2, "PTS": 32, "PLUS_MINUS": 7, "VIDEO_AVAILABLE": 1}, {"SEASON_ID": "22018", "Player_ID": 1628963, "Game_ID": "0021800824", "GAME_DATE": "FEB 08, 2019", "MATCHUP": "SAC vs. MIA", "WL": "W", "MIN": 20, "FGM": 1, "FGA": 6, "FG_PCT": 0.167, "FG3M": 0, "FG3A": 0, "FG3_PCT": 0.0, "FTM": 1, "FTA": 1, "FT_PCT": 1.0, "OREB": 1, "DREB": 6, "REB": 7, "AST": 0, "STL": 1, "BLK": 0, "TOV": 2, "PF": 3, "PTS": 3, "PLUS_MINUS": 6, "VIDEO_AVAILABLE": 1}, {"SEASON_ID": "22018", "Player_ID": 1628963, "Game_ID": "0021800809", "GAME_DATE": "FEB 06, 2019", "MATCHUP": "SAC vs. HOU", "WL": "L", "MIN": 27, "FGM": 4, "FGA": 12, "FG_PCT": 0.333, "FG3M": 0, "FG3A": 1, "FG3_PCT": 0.0, "FTM": 2, "FTA": 2, "FT_PCT": 1.0, "OREB": 4, "DREB": 6, "REB": 10, "AST": 1, "STL": 0, "BLK": 2, "TOV": 2, "PF": 3, "PTS": 10, "PLUS_MINUS": -21, "VIDEO_AVAILABLE": 1}, {"SEASON_ID": "22018", "Player_ID": 1628963, "Game_ID": "0021800795", "GAME_DATE": "FEB 04, 2019", "MATCHUP": "SAC vs. SAS", "WL": "W", "MIN": 31, "FGM": 10, "FGA": 17, "FG_PCT": 0.588, "FG3M": 1, "FG3A": 4, "FG3_PCT": 0.25, "FTM": 3, "FTA": 4, "FT_PCT": 0.75, "OREB": 4, "DREB": 8, "REB": 12, "AST": 4, "STL": 1, "BLK": 3, "TOV": 0, "PF": 0, "PTS": 24, "PLUS_MINUS": 23, "VIDEO_AVAILABLE": 1}, {"SEASON_ID": "22018", "Player_ID": 1628963, "Game_ID": "0021800785", "GAME_DATE": "FEB 02, 2019", "MATCHUP": "SAC vs. PHI", "WL": "W", "MIN": 33, "FGM": 7, "FGA": 16, "FG_PCT": 0.438, "FG3M": 0, "FG3A": 2, "FG3_PCT": 0.0, "FTM": 0, "FTA": 0, "FT_PCT": 0.0, "OREB": 4, "DREB": 9, "REB": 13, "AST": 1, "STL": 1, "BLK": 0, "TOV": 3, "PF": 2, "PTS": 14, "PLUS_MINUS": -8, "VIDEO_AVAILABLE": 1}, {"SEASON_ID": "22018", "Player_ID": 1628963, "Game_ID": "0021800762", "GAME_DATE": "JAN 30, 2019", "MATCHUP": "SAC vs. ATL", "WL": "W", "MIN": 28, "FGM": 7, "FGA": 14, "FG_PCT": 0.5, "FG3M": 0, "FG3A": 3, "FG3_PCT": 0.0, "FTM": 3, "FTA": 6, "FT_PCT": 0.5, "OREB": 5, "DREB": 7, "REB": 12, "AST": 2, "STL": 1, "BLK": 0, "TOV": 2, "PF": 3, "PTS": 17, "PLUS_MINUS": 12, "VIDEO_AVAILABLE": 1}, {"SEASON_ID": "22018", "Player_ID": 1628963, "Game_ID": "0021800736", "GAME_DATE": "JAN 27, 2019", "MATCHUP": "SAC @ LAC", "WL": "L", "MIN": 20, "FGM": 5, "FGA": 10, "FG_PCT": 0.5, "FG3M": 0, "FG3A": 2, "FG3_PCT": 0.0, "FTM": 4, "FTA": 4, "FT_PCT": 1.0, "OREB": 2, "DREB": 3, "REB": 5, "AST": 0, "STL": 0, "BLK": 3, "TOV": 2, "PF": 0, "PTS": 14, "PLUS_MINUS": -1, "VIDEO_AVAILABLE": 1}, {"SEASON_ID": "22018", "Player_ID": 1628963, "Game_ID": "0021800725", "GAME_DATE": "JAN 25, 2019", "MATCHUP": "SAC @ MEM", "WL": "W", "MIN": 29, "FGM": 6, "FGA": 15, "FG_PCT": 0.4, "FG3M": 0, "FG3A": 1, "FG3_PCT": 0.0, "FTM": 2, "FTA": 2, "FT_PCT": 1.0, "OREB": 4, "DREB": 5, "REB": 9, "AST": 1, "STL": 1, "BLK": 1, "TOV": 2, "PF": 3, "PTS": 14, "PLUS_MINUS": 0, "VIDEO_AVAILABLE": 1}, {"SEASON_ID": "22018", "Player_ID": 1628963, "Game_ID": "0021800702", "GAME_DATE": "JAN 22, 2019", "MATCHUP": "SAC @ TOR", "WL": "L", "MIN": 38, "FGM": 10, "FGA": 20, "FG_PCT": 0.5, "FG3M": 0, "FG3A": 2, "FG3_PCT": 0.0, "FTM": 2, "FTA": 2, "FT_PCT": 1.0, "OREB": 1, "DREB": 10, "REB": 11, "AST": 1, "STL": 1, "BLK": 2, "TOV": 2, "PF": 3, "PTS": 22, "PLUS_MINUS": -4, "VIDEO_AVAILABLE": 1}, {"SEASON_ID": "22018", "Player_ID": 1628963, "Game_ID": "0021800696", "GAME_DATE": "JAN 21, 2019", "MATCHUP": "SAC @ BKN", "WL": "L", "MIN": 20, "FGM": 3, "FGA": 7, "FG_PCT": 0.429, "FG3M": 0, "FG3A": 2, "FG3_PCT": 0.0, "FTM": 3, "FTA": 4, "FT_PCT": 0.75, "OREB": 1, "DREB": 4, "REB": 5, "AST": 1, "STL": 0, "BLK": 0, "TOV": 1, "PF": 1, "PTS": 9, "PLUS_MINUS": -2, "VIDEO_AVAILABLE": 1}, {"SEASON_ID": "22018", "Player_ID": 1628963, "Game_ID": "0021800680", "GAME_DATE": "JAN 19, 2019", "MATCHUP": "SAC @ DET", "WL": "W", "MIN": 27, "FGM": 6, "FGA": 9, "FG_PCT": 0.667, "FG3M": 0, "FG3A": 1, "FG3_PCT": 0.0, "FTM": 2, "FTA": 2, "FT_PCT": 1.0, "OREB": 0, "DREB": 2, "REB": 2, "AST": 0, "STL": 2, "BLK": 1, "TOV": 4, "PF": 5, "PTS": 14, "PLUS_MINUS": 4, "VIDEO_AVAILABLE": 1}, {"SEASON_ID": "22018", "Player_ID": 1628963, "Game_ID": "0021800666", "GAME_DATE": "JAN 17, 2019", "MATCHUP": "SAC @ CHA", "WL": "L", "MIN": 23, "FGM": 6, "FGA": 11, "FG_PCT": 0.545, "FG3M": 1, "FG3A": 2, "FG3_PCT": 0.5, "FTM": 2, "FTA": 4, "FT_PCT": 0.5, "OREB": 4, "DREB": 4, "REB": 8, "AST": 1, "STL": 0, "BLK": 0, "TOV": 3, "PF": 2, "PTS": 15, "PLUS_MINUS": -21, "VIDEO_AVAILABLE": 1}, {"SEASON_ID": "22018", "Player_ID": 1628963, "Game_ID": "0021800649", "GAME_DATE": "JAN 14, 2019", "MATCHUP": "SAC vs. POR", "WL": "W", "MIN": 24, "FGM": 6, "FGA": 12, "FG_PCT": 0.5, "FG3M": 0, "FG3A": 1, "FG3_PCT": 0.0, "FTM": 1, "FTA": 5, "FT_PCT": 0.2, "OREB": 2, "DREB": 9, "REB": 11, "AST": 1, "STL": 0, "BLK": 0, "TOV": 1, "PF": 6, "PTS": 13, "PLUS_MINUS": 0, "VIDEO_AVAILABLE": 2}, {"SEASON_ID": "22018", "Player_ID": 1628963, "Game_ID": "0021800636", "GAME_DATE": "JAN 12, 2019", "MATCHUP": "SAC vs. CHA", "WL": "W", "MIN": 25, "FGM": 5, "FGA": 13, "FG_PCT": 0.385, "FG3M": 1, "FG3A": 2, "FG3_PCT": 0.5, "FTM": 0, "FTA": 3, "FT_PCT": 0.0, "OREB": 1, "DREB": 8, "REB": 9, "AST": 0, "STL": 1, "BLK": 1, "TOV": 0, "PF": 1, "PTS": 11, "PLUS_MINUS": 13, "VIDEO_AVAILABLE": 1}, {"SEASON_ID": "22018", "Player_ID": 1628963, "Game_ID": "0021800620", "GAME_DATE": "JAN 10, 2019", "MATCHUP": "SAC vs. DET", "WL": "W", "MIN": 20, "FGM": 4, "FGA": 5, "FG_PCT": 0.8, "FG3M": 0, "FG3A": 0, "FG3_PCT": 0.0, "FTM": 2, "FTA": 2, "FT_PCT": 1.0, "OREB": 2, "DREB": 5, "REB": 7, "AST": 1, "STL": 2, "BLK": 0, "TOV": 2, "PF": 1, "PTS": 10, "PLUS_MINUS": -4, "VIDEO_AVAILABLE": 1}, {"SEASON_ID": "22018", "Player_ID": 1628963, "Game_ID": "0021800598", "GAME_DATE": "JAN 07, 2019", "MATCHUP": "SAC vs. ORL", "WL": "W", "MIN": 20, "FGM": 2, "FGA": 7, "FG_PCT": 0.286, "FG3M": 0, "FG3A": 2, "FG3_PCT": 0.0, "FTM": 4, "FTA": 6, "FT_PCT": 0.667, "OREB": 1, "DREB": 5, "REB": 6, "AST": 1, "STL": 0, "BLK": 1, "TOV": 0, "PF": 2, "PTS": 8, "PLUS_MINUS": 10, "VIDEO_AVAILABLE": 1}, {"SEASON_ID": "22018", "Player_ID": 1628963, "Game_ID": "0021800428", "GAME_DATE": "DEC 14, 2018", "MATCHUP": "SAC vs. GSW", "WL": "L", "MIN": 5, "FGM": 2, "FGA": 2, "FG_PCT": 1.0, "FG3M": 0, "FG3A": 0, "FG3_PCT": 0.0, "FTM": 0, "FTA": 0, "FT_PCT": 0.0, "OREB": 0, "DREB": 1, "REB": 1, "AST": 0, "STL": 0, "BLK": 0, "TOV": 0, "PF": 0, "PTS": 4, "PLUS_MINUS": 3, "VIDEO_AVAILABLE": 1}, {"SEASON_ID": "22018", "Player_ID": 1628963, "Game_ID": "0021800414", "GAME_DATE": "DEC 12, 2018", "MATCHUP": "SAC vs. MIN", "WL": "W", "MIN": 26, "FGM": 4, "FGA": 5, "FG_PCT": 0.8, "FG3M": 0, "FG3A": 1, "FG3_PCT": 0.0, "FTM": 9, "FTA": 10, "FT_PCT": 0.9, "OREB": 3, "DREB": 7, "REB": 10, "AST": 3, "STL": 0, "BLK": 0, "TOV": 0, "PF": 1, "PTS": 17, "PLUS_MINUS": 10, "VIDEO_AVAILABLE": 1}, {"SEASON_ID": "22018", "Player_ID": 1628963, "Game_ID": "0021800394", "GAME_DATE": "DEC 10, 2018", "MATCHUP": "SAC @ CHI", "WL": "W", "MIN": 27, "FGM": 5, "FGA": 9, "FG_PCT": 0.556, "FG3M": 1, "FG3A": 1, "FG3_PCT": 1.0, "FTM": 5, "FTA": 6, "FT_PCT": 0.833, "OREB": 1, "DREB": 1, "REB": 2, "AST": 0, "STL": 0, "BLK": 0, "TOV": 0, "PF": 2, "PTS": 16, "PLUS_MINUS": 18, "VIDEO_AVAILABLE": 1}, {"SEASON_ID": "22018", "Player_ID": 1628963, "Game_ID": "0021800379", "GAME_DATE": "DEC 08, 2018", "MATCHUP": "SAC @ IND", "WL": "L", "MIN": 10, "FGM": 2, "FGA": 4, "FG_PCT": 0.5, "FG3M": 0, "FG3A": 0, "FG3_PCT": 0.0, "FTM": 0, "FTA": 0, "FT_PCT": 0.0, "OREB": 1, "DREB": 1, "REB": 2, "AST": 1, "STL": 0, "BLK": 1, "TOV": 2, "PF": 6, "PTS": 4, "PLUS_MINUS": -1, "VIDEO_AVAILABLE": 1}, {"SEASON_ID": "22018", "Player_ID": 1628963, "Game_ID": "0021800372", "GAME_DATE": "DEC 07, 2018", "MATCHUP": "SAC @ CLE", "WL": "W", "MIN": 25, "FGM": 8, "FGA": 9, "FG_PCT": 0.889, "FG3M": 1, "FG3A": 1, "FG3_PCT": 1.0, "FTM": 0, "FTA": 0, "FT_PCT": 0.0, "OREB": 1, "DREB": 0, "REB": 1, "AST": 1, "STL": 1, "BLK": 1, "TOV": 2, "PF": 1, "PTS": 17, "PLUS_MINUS": -6, "VIDEO_AVAILABLE": 1}, {"SEASON_ID": "22018", "Player_ID": 1628963, "Game_ID": "0021800318", "GAME_DATE": "NOV 29, 2018", "MATCHUP": "SAC vs. LAC", "WL": "L", "MIN": 27, "FGM": 8, "FGA": 15, "FG_PCT": 0.533, "FG3M": 0, "FG3A": 1, "FG3_PCT": 0.0, "FTM": 2, "FTA": 2, "FT_PCT": 1.0, "OREB": 5, "DREB": 5, "REB": 10, "AST": 2, "STL": 1, "BLK": 0, "TOV": 0, "PF": 2, "PTS": 18, "PLUS_MINUS": -8, "VIDEO_AVAILABLE": 1}, {"SEASON_ID": "22018", "Player_ID": 1628963, "Game_ID": "0021800292", "GAME_DATE": "NOV 25, 2018", "MATCHUP": "SAC vs. UTA", "WL": "L", "MIN": 30, "FGM": 6, "FGA": 12, "FG_PCT": 0.5, "FG3M": 0, "FG3A": 3, "FG3_PCT": 0.0, "FTM": 6, "FTA": 8, "FT_PCT": 0.75, "OREB": 1, "DREB": 5, "REB": 6, "AST": 0, "STL": 0, "BLK": 2, "TOV": 1, "PF": 3, "PTS": 18, "PLUS_MINUS": -28, "VIDEO_AVAILABLE": 1}, {"SEASON_ID": "22018", "Player_ID": 1628963, "Game_ID": "0021800285", "GAME_DATE": "NOV 24, 2018", "MATCHUP": "SAC @ GSW", "WL": "L", "MIN": 34, "FGM": 7, "FGA": 15, "FG_PCT": 0.467, "FG3M": 0, "FG3A": 0, "FG3_PCT": 0.0, "FTM": 6, "FTA": 8, "FT_PCT": 0.75, "OREB": 7, "DREB": 10, "REB": 17, "AST": 2, "STL": 0, "BLK": 0, "TOV": 0, "PF": 1, "PTS": 20, "PLUS_MINUS": 5, "VIDEO_AVAILABLE": 1}, {"SEASON_ID": "22018", "Player_ID": 1628963, "Game_ID": "0021800263", "GAME_DATE": "NOV 21, 2018", "MATCHUP": "SAC @ UTA", "WL": "W", "MIN": 27, "FGM": 5, "FGA": 9, "FG_PCT": 0.556, "FG3M": 0, "FG3A": 0, "FG3_PCT": 0.0, "FTM": 1, "FTA": 2, "FT_PCT": 0.5, "OREB": 0, "DREB": 6, "REB": 6, "AST": 0, "STL": 2, "BLK": 2, "TOV": 1, "PF": 3, "PTS": 11, "PLUS_MINUS": 10, "VIDEO_AVAILABLE": 1}, {"SEASON_ID": "22018", "Player_ID": 1628963, "Game_ID": "0021800247", "GAME_DATE": "NOV 19, 2018", "MATCHUP": "SAC vs. OKC", "WL": "W", "MIN": 26, "FGM": 6, "FGA": 11, "FG_PCT": 0.545, "FG3M": 0, "FG3A": 1, "FG3_PCT": 0.0, "FTM": 3, "FTA": 6, "FT_PCT": 0.5, "OREB": 6, "DREB": 7, "REB": 13, "AST": 2, "STL": 0, "BLK": 3, "TOV": 2, "PF": 2, "PTS": 15, "PLUS_MINUS": -5, "VIDEO_AVAILABLE": 1}, {"SEASON_ID": "22018", "Player_ID": 1628963, "Game_ID": "0021800231", "GAME_DATE": "NOV 17, 2018", "MATCHUP": "SAC @ HOU", "WL": "L", "MIN": 27, "FGM": 7, "FGA": 10, "FG_PCT": 0.7, "FG3M": 0, "FG3A": 1, "FG3_PCT": 0.0, "FTM": 2, "FTA": 3, "FT_PCT": 0.667, "OREB": 3, "DREB": 5, "REB": 8, "AST": 1, "STL": 0, "BLK": 1, "TOV": 2, "PF": 1, "PTS": 16, "PLUS_MINUS": -15, "VIDEO_AVAILABLE": 1}, {"SEASON_ID": "22018", "Player_ID": 1628963, "Game_ID": "0021800220", "GAME_DATE": "NOV 16, 2018", "MATCHUP": "SAC @ MEM", "WL": "L", "MIN": 20, "FGM": 1, "FGA": 3, "FG_PCT": 0.333, "FG3M": 0, "FG3A": 1, "FG3_PCT": 0.0, "FTM": 5, "FTA": 6, "FT_PCT": 0.833, "OREB": 1, "DREB": 0, "REB": 1, "AST": 1, "STL": 0, "BLK": 0, "TOV": 2, "PF": 1, "PTS": 7, "PLUS_MINUS": 0, "VIDEO_AVAILABLE": 1}, {"SEASON_ID": "22018", "Player_ID": 1628963, "Game_ID": "0021800197", "GAME_DATE": "NOV 12, 2018", "MATCHUP": "SAC vs. SAS", "WL": "W", "MIN": 21, "FGM": 3, "FGA": 9, "FG_PCT": 0.333, "FG3M": 0, "FG3A": 2, "FG3_PCT": 0.0, "FTM": 1, "FTA": 1, "FT_PCT": 1.0, "OREB": 2, "DREB": 4, "REB": 6, "AST": 0, "STL": 0, "BLK": 1, "TOV": 3, "PF": 2, "PTS": 7, "PLUS_MINUS": 2, "VIDEO_AVAILABLE": 1}, {"SEASON_ID": "22018", "Player_ID": 1628963, "Game_ID": "0021800183", "GAME_DATE": "NOV 10, 2018", "MATCHUP": "SAC vs. LAL", "WL": "L", "MIN": 22, "FGM": 5, "FGA": 12, "FG_PCT": 0.417, "FG3M": 0, "FG3A": 0, "FG3_PCT": 0.0, "FTM": 3, "FTA": 6, "FT_PCT": 0.5, "OREB": 2, "DREB": 1, "REB": 3, "AST": 0, "STL": 0, "BLK": 2, "TOV": 3, "PF": 0, "PTS": 13, "PLUS_MINUS": -9, "VIDEO_AVAILABLE": 1}, {"SEASON_ID": "22018", "Player_ID": 1628963, "Game_ID": "0021800173", "GAME_DATE": "NOV 09, 2018", "MATCHUP": "SAC vs. MIN", "WL": "W", "MIN": 16, "FGM": 2, "FGA": 7, "FG_PCT": 0.286, "FG3M": 0, "FG3A": 1, "FG3_PCT": 0.0, "FTM": 2, "FTA": 2, "FT_PCT": 1.0, "OREB": 1, "DREB": 1, "REB": 2, "AST": 0, "STL": 0, "BLK": 2, "TOV": 1, "PF": 0, "PTS": 6, "PLUS_MINUS": 8, "VIDEO_AVAILABLE": 1}, {"SEASON_ID": "22018", "Player_ID": 1628963, "Game_ID": "0021800161", "GAME_DATE": "NOV 07, 2018", "MATCHUP": "SAC vs. TOR", "WL": "L", "MIN": 25, "FGM": 5, "FGA": 8, "FG_PCT": 0.625, "FG3M": 1, "FG3A": 1, "FG3_PCT": 1.0, "FTM": 2, "FTA": 2, "FT_PCT": 1.0, "OREB": 1, "DREB": 2, "REB": 3, "AST": 0, "STL": 0, "BLK": 1, "TOV": 2, "PF": 2, "PTS": 13, "PLUS_MINUS": -8, "VIDEO_AVAILABLE": 1}, {"SEASON_ID": "22018", "Player_ID": 1628963, "Game_ID": "0021800133", "GAME_DATE": "NOV 04, 2018", "MATCHUP": "SAC @ MIL", "WL": "L", "MIN": 20, "FGM": 3, "FGA": 10, "FG_PCT": 0.3, "FG3M": 1, "FG3A": 3, "FG3_PCT": 0.333, "FTM": 4, "FTA": 9, "FT_PCT": 0.444, "OREB": 1, "DREB": 5, "REB": 6, "AST": 1, "STL": 0, "BLK": 1, "TOV": 1, "PF": 3, "PTS": 11, "PLUS_MINUS": -7, "VIDEO_AVAILABLE": 1}, {"SEASON_ID": "22018", "Player_ID": 1628963, "Game_ID": "0021800114", "GAME_DATE": "NOV 01, 2018", "MATCHUP": "SAC @ ATL", "WL": "W", "MIN": 24, "FGM": 7, "FGA": 10, "FG_PCT": 0.7, "FG3M": 0, "FG3A": 0, "FG3_PCT": 0.0, "FTM": 4, "FTA": 4, "FT_PCT": 1.0, "OREB": 4, "DREB": 1, "REB": 5, "AST": 0, "STL": 1, "BLK": 0, "TOV": 1, "PF": 2, "PTS": 18, "PLUS_MINUS": 20, "VIDEO_AVAILABLE": 1}, {"SEASON_ID": "22018", "Player_ID": 1628963, "Game_ID": "0021800098", "GAME_DATE": "OCT 30, 2018", "MATCHUP": "SAC @ ORL", "WL": "W", "MIN": 23, "FGM": 3, "FGA": 7, "FG_PCT": 0.429, "FG3M": 2, "FG3A": 3, "FG3_PCT": 0.667, "FTM": 2, "FTA": 4, "FT_PCT": 0.5, "OREB": 5, "DREB": 4, "REB": 9, "AST": 2, "STL": 1, "BLK": 1, "TOV": 3, "PF": 1, "PTS": 10, "PLUS_MINUS": -2, "VIDEO_AVAILABLE": 1}, {"SEASON_ID": "22018", "Player_ID": 1628963, "Game_ID": "0021800089", "GAME_DATE": "OCT 29, 2018", "MATCHUP": "SAC @ MIA", "WL": "W", "MIN": 17, "FGM": 3, "FGA": 7, "FG_PCT": 0.429, "FG3M": 1, "FG3A": 1, "FG3_PCT": 1.0, "FTM": 0, "FTA": 0, "FT_PCT": 0.0, "OREB": 2, "DREB": 3, "REB": 5, "AST": 1, "STL": 0, "BLK": 2, "TOV": 2, "PF": 2, "PTS": 7, "PLUS_MINUS": -5, "VIDEO_AVAILABLE": 1}, {"SEASON_ID": "22018", "Player_ID": 1628963, "Game_ID": "0021800073", "GAME_DATE": "OCT 26, 2018", "MATCHUP": "SAC vs. WAS", "WL": "W", "MIN": 23, "FGM": 5, "FGA": 11, "FG_PCT": 0.455, "FG3M": 1, "FG3A": 1, "FG3_PCT": 1.0, "FTM": 0, "FTA": 2, "FT_PCT": 0.0, "OREB": 4, "DREB": 4, "REB": 8, "AST": 0, "STL": 1, "BLK": 1, "TOV": 5, "PF": 2, "PTS": 11, "PLUS_MINUS": -17, "VIDEO_AVAILABLE": 1}, {"SEASON_ID": "22018", "Player_ID": 1628963, "Game_ID": "0021800061", "GAME_DATE": "OCT 24, 2018", "MATCHUP": "SAC vs. MEM", "WL": "W", "MIN": 22, "FGM": 4, "FGA": 8, "FG_PCT": 0.5, "FG3M": 0, "FG3A": 0, "FG3_PCT": 0.0, "FTM": 5, "FTA": 8, "FT_PCT": 0.625, "OREB": 3, "DREB": 3, "REB": 6, "AST": 1, "STL": 0, "BLK": 0, "TOV": 1, "PF": 2, "PTS": 13, "PLUS_MINUS": -8, "VIDEO_AVAILABLE": 1}, {"SEASON_ID": "22018", "Player_ID": 1628963, "Game_ID": "0021800051", "GAME_DATE": "OCT 23, 2018", "MATCHUP": "SAC @ DEN", "WL": "L", "MIN": 32, "FGM": 9, "FGA": 11, "FG_PCT": 0.818, "FG3M": 1, "FG3A": 1, "FG3_PCT": 1.0, "FTM": 1, "FTA": 3, "FT_PCT": 0.333, "OREB": 1, "DREB": 8, "REB": 9, "AST": 3, "STL": 0, "BLK": 5, "TOV": 4, "PF": 2, "PTS": 20, "PLUS_MINUS": -1, "VIDEO_AVAILABLE": 1}, {"SEASON_ID": "22018", "Player_ID": 1628963, "Game_ID": "0021800037", "GAME_DATE": "OCT 21, 2018", "MATCHUP": "SAC @ OKC", "WL": "W", "MIN": 24, "FGM": 5, "FGA": 13, "FG_PCT": 0.385, "FG3M": 0, "FG3A": 0, "FG3_PCT": 0.0, "FTM": 3, "FTA": 6, "FT_PCT": 0.5, "OREB": 5, "DREB": 2, "REB": 7, "AST": 0, "STL": 1, "BLK": 0, "TOV": 4, "PF": 3, "PTS": 13, "PLUS_MINUS": 6, "VIDEO_AVAILABLE": 1}, {"SEASON_ID": "22018", "Player_ID": 1628963, "Game_ID": "0021800022", "GAME_DATE": "OCT 19, 2018", "MATCHUP": "SAC @ NOP", "WL": "L", "MIN": 33, "FGM": 7, "FGA": 10, "FG_PCT": 0.7, "FG3M": 0, "FG3A": 3, "FG3_PCT": 0.0, "FTM": 5, "FTA": 6, "FT_PCT": 0.833, "OREB": 2, "DREB": 6, "REB": 8, "AST": 3, "STL": 3, "BLK": 1, "TOV": 1, "PF": 5, "PTS": 19, "PLUS_MINUS": -21, "VIDEO_AVAILABLE": 1}, {"SEASON_ID": "22018", "Player_ID": 1628963, "Game_ID": "0021800011", "GAME_DATE": "OCT 17, 2018", "MATCHUP": "SAC vs. UTA", "WL": "L", "MIN": 12, "FGM": 3, "FGA": 6, "FG_PCT": 0.5, "FG3M": 0, "FG3A": 0, "FG3_PCT": 0.0, "FTM": 0, "FTA": 0, "FT_PCT": 0.0, "OREB": 1, "DREB": 4, "REB": 5, "AST": 0, "STL": 0, "BLK": 0, "TOV": 0, "PF": 2, "PTS": 6, "PLUS_MINUS": -14, "VIDEO_AVAILABLE": 1}]