{"firstName": "Marvin", "lastName": "Bagley III", "temporaryDisplayName": "Bagley III, Marvin", "personId": "1628963", "teamId": "1610612758", "jersey": "35", "isActive": true, "pos": "F", "heightFeet": "6", "heightInches": "11", "heightMeters": "2.11", "weightPounds": "240", "weightKilograms": "108.9", "dateOfBirthUTC": "1999-03-14", "teamSitesOnly": {"playerCode": "marvin_bagley_iii", "posFull": "Forward", "displayAffiliation": "Duke/USA", "freeAgentCode": ""}, "teams": [{"teamId": "1610612758", "seasonStart": "2018", "seasonEnd": "2019"}], "draft": {"teamId": "1610612758", "pickNum": "2", "roundNum": "1", "seasonYear": "2018"}, "nbaDebutYear": "2018", "yearsPro": "1", "collegeName": "Duke", "lastAffiliation": "Duke University/USA", "country": "USA"}