{"firstName": "Jamal", "lastName": "Murray", "temporaryDisplayName": "Murray, Jamal", "personId": "1627750", "teamId": "1610612743", "jersey": "27", "isActive": true, "pos": "G", "heightFeet": "6", "heightInches": "4", "heightMeters": "1.93", "weightPounds": "207", "weightKilograms": "93.9", "dateOfBirthUTC": "1997-02-23", "teamSitesOnly": {"playerCode": "jamal_murray", "posFull": "Guard", "displayAffiliation": "Kentucky/Canada", "freeAgentCode": ""}, "teams": [{"teamId": "1610612743", "seasonStart": "2016", "seasonEnd": "2019"}], "draft": {"teamId": "1610612743", "pickNum": "7", "roundNum": "1", "seasonYear": "2016"}, "nbaDebutYear": "2016", "yearsPro": "3", "collegeName": "Kentucky", "lastAffiliation": "Kentucky/Canada", "country": "Canada"}