{"firstName": "Adam", "lastName": "Mokoka", "temporaryDisplayName": "Mokoka, Adam", "personId": "1629690", "teamId": "1610612741", "jersey": "20", "isActive": true, "pos": "G", "heightFeet": "6", "heightInches": "5", "heightMeters": "1.96", "weightPounds": "190", "weightKilograms": "86.2", "dateOfBirthUTC": "1998-07-18", "teamSitesOnly": {"playerCode": "adam_mokoka", "posFull": "Guard", "displayAffiliation": "France", "freeAgentCode": ""}, "teams": [{"teamId": "1610612741", "seasonStart": "2019", "seasonEnd": "2019"}], "draft": {"teamId": "", "pickNum": "", "roundNum": "", "seasonYear": ""}, "nbaDebutYear": "", "yearsPro": "0", "collegeName": " ", "lastAffiliation": "France/France", "country": "France"}