{"firstName": "Devon", "lastName": "Hall", "temporaryDisplayName": "Hall, Devon", "personId": "1628985", "teamId": "1610612760", "jersey": "22", "isActive": true, "pos": "G", "heightFeet": "6", "heightInches": "5", "heightMeters": "1.96", "weightPounds": "215", "weightKilograms": "97.5", "dateOfBirthUTC": "1995-07-07", "teamSitesOnly": {"playerCode": "devon_hall", "posFull": "Guard", "displayAffiliation": "Virginia/USA", "freeAgentCode": ""}, "teams": [{"teamId": "1610612760", "seasonStart": "2019", "seasonEnd": "2019"}], "draft": {"teamId": "1610612760", "pickNum": "53", "roundNum": "2", "seasonYear": "2018"}, "nbaDebutYear": "", "yearsPro": "0", "collegeName": "Virginia", "lastAffiliation": " USA/USA", "country": "USA"}