{"firstName": "CJ", "lastName": "Miles", "temporaryDisplayName": "Miles, CJ", "personId": "101139", "teamId": "1610612764", "jersey": "34", "isActive": true, "pos": "G", "heightFeet": "6", "heightInches": "6", "heightMeters": "1.98", "weightPounds": "220", "weightKilograms": "99.8", "dateOfBirthUTC": "1987-03-18", "teamSitesOnly": {"playerCode": "cj_miles", "posFull": "Guard", "displayAffiliation": "Skyline HS (Dallas, TX)/USA", "freeAgentCode": ""}, "teams": [{"teamId": "1610612762", "seasonStart": "2005", "seasonEnd": "2011"}, {"teamId": "1610612739", "seasonStart": "2012", "seasonEnd": "2013"}, {"teamId": "1610612754", "seasonStart": "2014", "seasonEnd": "2016"}, {"teamId": "1610612761", "seasonStart": "2017", "seasonEnd": "2018"}, {"teamId": "1610612763", "seasonStart": "2018", "seasonEnd": "2018"}, {"teamId": "1610612764", "seasonStart": "2019", "seasonEnd": "2019"}], "draft": {"teamId": "1610612762", "pickNum": "34", "roundNum": "2", "seasonYear": "2005"}, "nbaDebutYear": "2005", "yearsPro": "14", "collegeName": "No College", "lastAffiliation": "Skyline HS (Dallas, TX)USA/USA", "country": "USA"}