[{"SEASON_ID": "22018", "Player_ID": 1628398, "Game_ID": "0021801135", "GAME_DATE": "MAR 29, 2019", "MATCHUP": "LAL vs. CHA", "WL": "W", "MIN": 31, "FGM": 9, "FGA": 16, "FG_PCT": 0.563, "FG3M": 2, "FG3A": 8, "FG3_PCT": 0.25, "FTM": 0, "FTA": 0, "FT_PCT": 0.0, "OREB": 0, "DREB": 3, "REB": 3, "AST": 1, "STL": 0, "BLK": 0, "TOV": 1, "PF": 3, "PTS": 20, "PLUS_MINUS": 10, "VIDEO_AVAILABLE": 1}, {"SEASON_ID": "22018", "Player_ID": 1628398, "Game_ID": "0021801121", "GAME_DATE": "MAR 27, 2019", "MATCHUP": "LAL @ UTA", "WL": "L", "MIN": 31, "FGM": 8, "FGA": 18, "FG_PCT": 0.444, "FG3M": 2, "FG3A": 7, "FG3_PCT": 0.286, "FTM": 3, "FTA": 4, "FT_PCT": 0.75, "OREB": 0, "DREB": 2, "REB": 2, "AST": 0, "STL": 0, "BLK": 2, "TOV": 0, "PF": 1, "PTS": 21, "PLUS_MINUS": -17, "VIDEO_AVAILABLE": 1}, {"SEASON_ID": "22018", "Player_ID": 1628398, "Game_ID": "0021801116", "GAME_DATE": "MAR 26, 2019", "MATCHUP": "LAL vs. WAS", "WL": "W", "MIN": 30, "FGM": 5, "FGA": 15, "FG_PCT": 0.333, "FG3M": 1, "FG3A": 4, "FG3_PCT": 0.25, "FTM": 4, "FTA": 4, "FT_PCT": 1.0, "OREB": 0, "DREB": 4, "REB": 4, "AST": 0, "STL": 1, "BLK": 0, "TOV": 1, "PF": 2, "PTS": 15, "PLUS_MINUS": 12, "VIDEO_AVAILABLE": 1}, {"SEASON_ID": "22018", "Player_ID": 1628398, "Game_ID": "0021801102", "GAME_DATE": "MAR 24, 2019", "MATCHUP": "LAL vs. SAC", "WL": "W", "MIN": 40, "FGM": 10, "FGA": 22, "FG_PCT": 0.455, "FG3M": 5, "FG3A": 14, "FG3_PCT": 0.357, "FTM": 4, "FTA": 5, "FT_PCT": 0.8, "OREB": 1, "DREB": 5, "REB": 6, "AST": 2, "STL": 0, "BLK": 1, "TOV": 3, "PF": 4, "PTS": 29, "PLUS_MINUS": 6, "VIDEO_AVAILABLE": 1}, {"SEASON_ID": "22018", "Player_ID": 1628398, "Game_ID": "0021801086", "GAME_DATE": "MAR 22, 2019", "MATCHUP": "LAL vs. BKN", "WL": "L", "MIN": 35, "FGM": 5, "FGA": 19, "FG_PCT": 0.263, "FG3M": 3, "FG3A": 11, "FG3_PCT": 0.273, "FTM": 5, "FTA": 5, "FT_PCT": 1.0, "OREB": 1, "DREB": 4, "REB": 5, "AST": 0, "STL": 0, "BLK": 1, "TOV": 2, "PF": 5, "PTS": 18, "PLUS_MINUS": -6, "VIDEO_AVAILABLE": 1}, {"SEASON_ID": "22018", "Player_ID": 1628398, "Game_ID": "0021801061", "GAME_DATE": "MAR 19, 2019", "MATCHUP": "LAL @ MIL", "WL": "L", "MIN": 35, "FGM": 4, "FGA": 17, "FG_PCT": 0.235, "FG3M": 2, "FG3A": 8, "FG3_PCT": 0.25, "FTM": 7, "FTA": 10, "FT_PCT": 0.7, "OREB": 1, "DREB": 4, "REB": 5, "AST": 3, "STL": 1, "BLK": 0, "TOV": 3, "PF": 2, "PTS": 17, "PLUS_MINUS": -27, "VIDEO_AVAILABLE": 1}, {"SEASON_ID": "22018", "Player_ID": 1628398, "Game_ID": "0021801042", "GAME_DATE": "MAR 17, 2019", "MATCHUP": "LAL @ NYK", "WL": "L", "MIN": 33, "FGM": 8, "FGA": 14, "FG_PCT": 0.571, "FG3M": 0, "FG3A": 2, "FG3_PCT": 0.0, "FTM": 2, "FTA": 2, "FT_PCT": 1.0, "OREB": 0, "DREB": 0, "REB": 0, "AST": 8, "STL": 1, "BLK": 0, "TOV": 3, "PF": 3, "PTS": 18, "PLUS_MINUS": -17, "VIDEO_AVAILABLE": 2}, {"SEASON_ID": "22018", "Player_ID": 1628398, "Game_ID": "0021801026", "GAME_DATE": "MAR 15, 2019", "MATCHUP": "LAL @ DET", "WL": "L", "MIN": 38, "FGM": 5, "FGA": 14, "FG_PCT": 0.357, "FG3M": 0, "FG3A": 4, "FG3_PCT": 0.0, "FTM": 2, "FTA": 4, "FT_PCT": 0.5, "OREB": 0, "DREB": 6, "REB": 6, "AST": 10, "STL": 1, "BLK": 0, "TOV": 2, "PF": 2, "PTS": 12, "PLUS_MINUS": -10, "VIDEO_AVAILABLE": 1}, {"SEASON_ID": "22018", "Player_ID": 1628398, "Game_ID": "0021801023", "GAME_DATE": "MAR 14, 2019", "MATCHUP": "LAL @ TOR", "WL": "L", "MIN": 31, "FGM": 3, "FGA": 11, "FG_PCT": 0.273, "FG3M": 0, "FG3A": 3, "FG3_PCT": 0.0, "FTM": 1, "FTA": 4, "FT_PCT": 0.25, "OREB": 1, "DREB": 7, "REB": 8, "AST": 3, "STL": 1, "BLK": 0, "TOV": 1, "PF": 4, "PTS": 7, "PLUS_MINUS": 1, "VIDEO_AVAILABLE": 1}, {"SEASON_ID": "22018", "Player_ID": 1628398, "Game_ID": "0021801009", "GAME_DATE": "MAR 12, 2019", "MATCHUP": "LAL @ CHI", "WL": "W", "MIN": 34, "FGM": 9, "FGA": 17, "FG_PCT": 0.529, "FG3M": 2, "FG3A": 5, "FG3_PCT": 0.4, "FTM": 1, "FTA": 3, "FT_PCT": 0.333, "OREB": 0, "DREB": 5, "REB": 5, "AST": 4, "STL": 1, "BLK": 0, "TOV": 0, "PF": 2, "PTS": 21, "PLUS_MINUS": 19, "VIDEO_AVAILABLE": 1}, {"SEASON_ID": "22018", "Player_ID": 1628398, "Game_ID": "0021800958", "GAME_DATE": "MAR 04, 2019", "MATCHUP": "LAL vs. LAC", "WL": "L", "MIN": 36, "FGM": 5, "FGA": 15, "FG_PCT": 0.333, "FG3M": 1, "FG3A": 5, "FG3_PCT": 0.2, "FTM": 2, "FTA": 2, "FT_PCT": 1.0, "OREB": 2, "DREB": 4, "REB": 6, "AST": 1, "STL": 0, "BLK": 0, "TOV": 3, "PF": 4, "PTS": 13, "PLUS_MINUS": 3, "VIDEO_AVAILABLE": 1}, {"SEASON_ID": "22018", "Player_ID": 1628398, "Game_ID": "0021800942", "GAME_DATE": "MAR 02, 2019", "MATCHUP": "LAL @ PHX", "WL": "L", "MIN": 35, "FGM": 4, "FGA": 9, "FG_PCT": 0.444, "FG3M": 0, "FG3A": 1, "FG3_PCT": 0.0, "FTM": 5, "FTA": 7, "FT_PCT": 0.714, "OREB": 4, "DREB": 2, "REB": 6, "AST": 3, "STL": 0, "BLK": 1, "TOV": 1, "PF": 4, "PTS": 13, "PLUS_MINUS": -3, "VIDEO_AVAILABLE": 1}, {"SEASON_ID": "22018", "Player_ID": 1628398, "Game_ID": "0021800934", "GAME_DATE": "MAR 01, 2019", "MATCHUP": "LAL vs. MIL", "WL": "L", "MIN": 34, "FGM": 5, "FGA": 18, "FG_PCT": 0.278, "FG3M": 1, "FG3A": 6, "FG3_PCT": 0.167, "FTM": 1, "FTA": 1, "FT_PCT": 1.0, "OREB": 1, "DREB": 5, "REB": 6, "AST": 3, "STL": 0, "BLK": 0, "TOV": 1, "PF": 2, "PTS": 12, "PLUS_MINUS": -9, "VIDEO_AVAILABLE": 1}, {"SEASON_ID": "22018", "Player_ID": 1628398, "Game_ID": "0021800921", "GAME_DATE": "FEB 27, 2019", "MATCHUP": "LAL vs. NOP", "WL": "W", "MIN": 34, "FGM": 9, "FGA": 15, "FG_PCT": 0.6, "FG3M": 0, "FG3A": 3, "FG3_PCT": 0.0, "FTM": 4, "FTA": 6, "FT_PCT": 0.667, "OREB": 1, "DREB": 4, "REB": 5, "AST": 2, "STL": 0, "BLK": 1, "TOV": 1, "PF": 3, "PTS": 22, "PLUS_MINUS": 5, "VIDEO_AVAILABLE": 1}, {"SEASON_ID": "22018", "Player_ID": 1628398, "Game_ID": "0021800904", "GAME_DATE": "FEB 25, 2019", "MATCHUP": "LAL @ MEM", "WL": "L", "MIN": 34, "FGM": 9, "FGA": 15, "FG_PCT": 0.6, "FG3M": 2, "FG3A": 5, "FG3_PCT": 0.4, "FTM": 2, "FTA": 4, "FT_PCT": 0.5, "OREB": 0, "DREB": 4, "REB": 4, "AST": 2, "STL": 0, "BLK": 0, "TOV": 1, "PF": 5, "PTS": 22, "PLUS_MINUS": 7, "VIDEO_AVAILABLE": 1}, {"SEASON_ID": "22018", "Player_ID": 1628398, "Game_ID": "0021800887", "GAME_DATE": "FEB 23, 2019", "MATCHUP": "LAL @ NOP", "WL": "L", "MIN": 31, "FGM": 7, "FGA": 14, "FG_PCT": 0.5, "FG3M": 1, "FG3A": 5, "FG3_PCT": 0.2, "FTM": 1, "FTA": 2, "FT_PCT": 0.5, "OREB": 2, "DREB": 6, "REB": 8, "AST": 7, "STL": 0, "BLK": 0, "TOV": 1, "PF": 2, "PTS": 16, "PLUS_MINUS": -4, "VIDEO_AVAILABLE": 1}, {"SEASON_ID": "22018", "Player_ID": 1628398, "Game_ID": "0021800872", "GAME_DATE": "FEB 21, 2019", "MATCHUP": "LAL vs. HOU", "WL": "W", "MIN": 38, "FGM": 6, "FGA": 13, "FG_PCT": 0.462, "FG3M": 2, "FG3A": 5, "FG3_PCT": 0.4, "FTM": 4, "FTA": 4, "FT_PCT": 1.0, "OREB": 1, "DREB": 5, "REB": 6, "AST": 5, "STL": 1, "BLK": 1, "TOV": 3, "PF": 2, "PTS": 18, "PLUS_MINUS": 10, "VIDEO_AVAILABLE": 1}, {"SEASON_ID": "22018", "Player_ID": 1628398, "Game_ID": "0021800848", "GAME_DATE": "FEB 12, 2019", "MATCHUP": "LAL @ ATL", "WL": "L", "MIN": 35, "FGM": 8, "FGA": 20, "FG_PCT": 0.4, "FG3M": 3, "FG3A": 9, "FG3_PCT": 0.333, "FTM": 0, "FTA": 0, "FT_PCT": 0.0, "OREB": 2, "DREB": 3, "REB": 5, "AST": 1, "STL": 1, "BLK": 0, "TOV": 1, "PF": 4, "PTS": 19, "PLUS_MINUS": -5, "VIDEO_AVAILABLE": 1}, {"SEASON_ID": "22018", "Player_ID": 1628398, "Game_ID": "0021800835", "GAME_DATE": "FEB 10, 2019", "MATCHUP": "LAL @ PHI", "WL": "L", "MIN": 32, "FGM": 14, "FGA": 21, "FG_PCT": 0.667, "FG3M": 5, "FG3A": 8, "FG3_PCT": 0.625, "FTM": 6, "FTA": 7, "FT_PCT": 0.857, "OREB": 1, "DREB": 2, "REB": 3, "AST": 1, "STL": 0, "BLK": 0, "TOV": 1, "PF": 1, "PTS": 39, "PLUS_MINUS": -6, "VIDEO_AVAILABLE": 1}, {"SEASON_ID": "22018", "Player_ID": 1628398, "Game_ID": "0021800814", "GAME_DATE": "FEB 07, 2019", "MATCHUP": "LAL @ BOS", "WL": "W", "MIN": 34, "FGM": 10, "FGA": 21, "FG_PCT": 0.476, "FG3M": 5, "FG3A": 8, "FG3_PCT": 0.625, "FTM": 0, "FTA": 0, "FT_PCT": 0.0, "OREB": 0, "DREB": 5, "REB": 5, "AST": 2, "STL": 0, "BLK": 1, "TOV": 0, "PF": 2, "PTS": 25, "PLUS_MINUS": -1, "VIDEO_AVAILABLE": 1}, {"SEASON_ID": "22018", "Player_ID": 1628398, "Game_ID": "0021800798", "GAME_DATE": "FEB 05, 2019", "MATCHUP": "LAL @ IND", "WL": "L", "MIN": 25, "FGM": 5, "FGA": 13, "FG_PCT": 0.385, "FG3M": 0, "FG3A": 4, "FG3_PCT": 0.0, "FTM": 2, "FTA": 4, "FT_PCT": 0.5, "OREB": 0, "DREB": 1, "REB": 1, "AST": 0, "STL": 0, "BLK": 0, "TOV": 1, "PF": 2, "PTS": 12, "PLUS_MINUS": -19, "VIDEO_AVAILABLE": 1}, {"SEASON_ID": "22018", "Player_ID": 1628398, "Game_ID": "0021800782", "GAME_DATE": "FEB 02, 2019", "MATCHUP": "LAL @ GSW", "WL": "L", "MIN": 32, "FGM": 4, "FGA": 12, "FG_PCT": 0.333, "FG3M": 1, "FG3A": 4, "FG3_PCT": 0.25, "FTM": 4, "FTA": 4, "FT_PCT": 1.0, "OREB": 3, "DREB": 1, "REB": 4, "AST": 2, "STL": 0, "BLK": 0, "TOV": 2, "PF": 1, "PTS": 13, "PLUS_MINUS": -18, "VIDEO_AVAILABLE": 1}, {"SEASON_ID": "22018", "Player_ID": 1628398, "Game_ID": "0021800769", "GAME_DATE": "JAN 31, 2019", "MATCHUP": "LAL @ LAC", "WL": "W", "MIN": 23, "FGM": 4, "FGA": 8, "FG_PCT": 0.5, "FG3M": 2, "FG3A": 3, "FG3_PCT": 0.667, "FTM": 0, "FTA": 0, "FT_PCT": 0.0, "OREB": 0, "DREB": 0, "REB": 0, "AST": 2, "STL": 2, "BLK": 0, "TOV": 3, "PF": 2, "PTS": 10, "PLUS_MINUS": -2, "VIDEO_AVAILABLE": 1}, {"SEASON_ID": "22018", "Player_ID": 1628398, "Game_ID": "0021800719", "GAME_DATE": "JAN 24, 2019", "MATCHUP": "LAL vs. MIN", "WL": "L", "MIN": 28, "FGM": 4, "FGA": 12, "FG_PCT": 0.333, "FG3M": 0, "FG3A": 4, "FG3_PCT": 0.0, "FTM": 2, "FTA": 3, "FT_PCT": 0.667, "OREB": 1, "DREB": 3, "REB": 4, "AST": 4, "STL": 0, "BLK": 0, "TOV": 1, "PF": 0, "PTS": 10, "PLUS_MINUS": 0, "VIDEO_AVAILABLE": 1}, {"SEASON_ID": "22018", "Player_ID": 1628398, "Game_ID": "0021800701", "GAME_DATE": "JAN 21, 2019", "MATCHUP": "LAL vs. GSW", "WL": "L", "MIN": 33, "FGM": 7, "FGA": 18, "FG_PCT": 0.389, "FG3M": 0, "FG3A": 5, "FG3_PCT": 0.0, "FTM": 2, "FTA": 2, "FT_PCT": 1.0, "OREB": 1, "DREB": 1, "REB": 2, "AST": 2, "STL": 0, "BLK": 0, "TOV": 3, "PF": 1, "PTS": 16, "PLUS_MINUS": -32, "VIDEO_AVAILABLE": 1}, {"SEASON_ID": "22018", "Player_ID": 1628398, "Game_ID": "0021800686", "GAME_DATE": "JAN 19, 2019", "MATCHUP": "LAL @ HOU", "WL": "L", "MIN": 44, "FGM": 12, "FGA": 19, "FG_PCT": 0.632, "FG3M": 4, "FG3A": 9, "FG3_PCT": 0.444, "FTM": 4, "FTA": 5, "FT_PCT": 0.8, "OREB": 2, "DREB": 6, "REB": 8, "AST": 3, "STL": 2, "BLK": 0, "TOV": 3, "PF": 5, "PTS": 32, "PLUS_MINUS": -8, "VIDEO_AVAILABLE": 1}, {"SEASON_ID": "22018", "Player_ID": 1628398, "Game_ID": "0021800670", "GAME_DATE": "JAN 17, 2019", "MATCHUP": "LAL @ OKC", "WL": "W", "MIN": 36, "FGM": 11, "FGA": 20, "FG_PCT": 0.55, "FG3M": 7, "FG3A": 12, "FG3_PCT": 0.583, "FTM": 3, "FTA": 3, "FT_PCT": 1.0, "OREB": 1, "DREB": 7, "REB": 8, "AST": 4, "STL": 3, "BLK": 0, "TOV": 4, "PF": 4, "PTS": 32, "PLUS_MINUS": -4, "VIDEO_AVAILABLE": 1}, {"SEASON_ID": "22018", "Player_ID": 1628398, "Game_ID": "0021800656", "GAME_DATE": "JAN 15, 2019", "MATCHUP": "LAL vs. CHI", "WL": "W", "MIN": 31, "FGM": 6, "FGA": 15, "FG_PCT": 0.4, "FG3M": 1, "FG3A": 6, "FG3_PCT": 0.167, "FTM": 3, "FTA": 4, "FT_PCT": 0.75, "OREB": 2, "DREB": 10, "REB": 12, "AST": 2, "STL": 0, "BLK": 0, "TOV": 5, "PF": 2, "PTS": 16, "PLUS_MINUS": 10, "VIDEO_AVAILABLE": 1}, {"SEASON_ID": "22018", "Player_ID": 1628398, "Game_ID": "0021800644", "GAME_DATE": "JAN 13, 2019", "MATCHUP": "LAL vs. CLE", "WL": "L", "MIN": 36, "FGM": 11, "FGA": 23, "FG_PCT": 0.478, "FG3M": 2, "FG3A": 7, "FG3_PCT": 0.286, "FTM": 5, "FTA": 9, "FT_PCT": 0.556, "OREB": 3, "DREB": 5, "REB": 8, "AST": 4, "STL": 0, "BLK": 0, "TOV": 4, "PF": 5, "PTS": 29, "PLUS_MINUS": -14, "VIDEO_AVAILABLE": 1}, {"SEASON_ID": "22018", "Player_ID": 1628398, "Game_ID": "0021800627", "GAME_DATE": "JAN 11, 2019", "MATCHUP": "LAL @ UTA", "WL": "L", "MIN": 36, "FGM": 4, "FGA": 18, "FG_PCT": 0.222, "FG3M": 0, "FG3A": 5, "FG3_PCT": 0.0, "FTM": 3, "FTA": 4, "FT_PCT": 0.75, "OREB": 2, "DREB": 6, "REB": 8, "AST": 1, "STL": 1, "BLK": 0, "TOV": 1, "PF": 0, "PTS": 11, "PLUS_MINUS": -16, "VIDEO_AVAILABLE": 1}, {"SEASON_ID": "22018", "Player_ID": 1628398, "Game_ID": "0021800616", "GAME_DATE": "JAN 09, 2019", "MATCHUP": "LAL vs. DET", "WL": "W", "MIN": 29, "FGM": 16, "FGA": 24, "FG_PCT": 0.667, "FG3M": 5, "FG3A": 10, "FG3_PCT": 0.5, "FTM": 4, "FTA": 6, "FT_PCT": 0.667, "OREB": 1, "DREB": 1, "REB": 2, "AST": 0, "STL": 0, "BLK": 0, "TOV": 2, "PF": 2, "PTS": 41, "PLUS_MINUS": 14, "VIDEO_AVAILABLE": 1}, {"SEASON_ID": "22018", "Player_ID": 1628398, "Game_ID": "0021800596", "GAME_DATE": "JAN 07, 2019", "MATCHUP": "LAL @ DAL", "WL": "W", "MIN": 37, "FGM": 4, "FGA": 20, "FG_PCT": 0.2, "FG3M": 2, "FG3A": 10, "FG3_PCT": 0.2, "FTM": 3, "FTA": 5, "FT_PCT": 0.6, "OREB": 1, "DREB": 4, "REB": 5, "AST": 3, "STL": 0, "BLK": 0, "TOV": 2, "PF": 2, "PTS": 13, "PLUS_MINUS": 8, "VIDEO_AVAILABLE": 1}, {"SEASON_ID": "22018", "Player_ID": 1628398, "Game_ID": "0021800562", "GAME_DATE": "JAN 02, 2019", "MATCHUP": "LAL vs. OKC", "WL": "L", "MIN": 16, "FGM": 1, "FGA": 4, "FG_PCT": 0.25, "FG3M": 0, "FG3A": 2, "FG3_PCT": 0.0, "FTM": 2, "FTA": 2, "FT_PCT": 1.0, "OREB": 0, "DREB": 1, "REB": 1, "AST": 1, "STL": 3, "BLK": 0, "TOV": 3, "PF": 2, "PTS": 4, "PLUS_MINUS": -1, "VIDEO_AVAILABLE": 1}, {"SEASON_ID": "22018", "Player_ID": 1628398, "Game_ID": "0021800541", "GAME_DATE": "DEC 30, 2018", "MATCHUP": "LAL vs. SAC", "WL": "W", "MIN": 40, "FGM": 5, "FGA": 17, "FG_PCT": 0.294, "FG3M": 4, "FG3A": 10, "FG3_PCT": 0.4, "FTM": 4, "FTA": 4, "FT_PCT": 1.0, "OREB": 1, "DREB": 8, "REB": 9, "AST": 6, "STL": 0, "BLK": 0, "TOV": 2, "PF": 3, "PTS": 18, "PLUS_MINUS": 2, "VIDEO_AVAILABLE": 1}, {"SEASON_ID": "22018", "Player_ID": 1628398, "Game_ID": "0021800526", "GAME_DATE": "DEC 28, 2018", "MATCHUP": "LAL vs. LAC", "WL": "L", "MIN": 42, "FGM": 9, "FGA": 21, "FG_PCT": 0.429, "FG3M": 0, "FG3A": 7, "FG3_PCT": 0.0, "FTM": 6, "FTA": 7, "FT_PCT": 0.857, "OREB": 0, "DREB": 9, "REB": 9, "AST": 5, "STL": 1, "BLK": 0, "TOV": 4, "PF": 3, "PTS": 24, "PLUS_MINUS": 1, "VIDEO_AVAILABLE": 1}, {"SEASON_ID": "22018", "Player_ID": 1628398, "Game_ID": "0021800514", "GAME_DATE": "DEC 27, 2018", "MATCHUP": "LAL @ SAC", "WL": "L", "MIN": 40, "FGM": 12, "FGA": 24, "FG_PCT": 0.5, "FG3M": 2, "FG3A": 8, "FG3_PCT": 0.25, "FTM": 7, "FTA": 9, "FT_PCT": 0.778, "OREB": 0, "DREB": 9, "REB": 9, "AST": 4, "STL": 0, "BLK": 0, "TOV": 6, "PF": 2, "PTS": 33, "PLUS_MINUS": -13, "VIDEO_AVAILABLE": 1}, {"SEASON_ID": "22018", "Player_ID": 1628398, "Game_ID": "0021800500", "GAME_DATE": "DEC 25, 2018", "MATCHUP": "LAL @ GSW", "WL": "W", "MIN": 31, "FGM": 6, "FGA": 14, "FG_PCT": 0.429, "FG3M": 2, "FG3A": 6, "FG3_PCT": 0.333, "FTM": 5, "FTA": 7, "FT_PCT": 0.714, "OREB": 0, "DREB": 6, "REB": 6, "AST": 1, "STL": 0, "BLK": 0, "TOV": 1, "PF": 3, "PTS": 19, "PLUS_MINUS": 5, "VIDEO_AVAILABLE": 1}, {"SEASON_ID": "22018", "Player_ID": 1628398, "Game_ID": "0021800496", "GAME_DATE": "DEC 23, 2018", "MATCHUP": "LAL vs. MEM", "WL": "L", "MIN": 37, "FGM": 3, "FGA": 8, "FG_PCT": 0.375, "FG3M": 2, "FG3A": 6, "FG3_PCT": 0.333, "FTM": 3, "FTA": 6, "FT_PCT": 0.5, "OREB": 0, "DREB": 6, "REB": 6, "AST": 6, "STL": 0, "BLK": 0, "TOV": 3, "PF": 3, "PTS": 11, "PLUS_MINUS": -8, "VIDEO_AVAILABLE": 1}, {"SEASON_ID": "22018", "Player_ID": 1628398, "Game_ID": "0021800478", "GAME_DATE": "DEC 21, 2018", "MATCHUP": "LAL vs. NOP", "WL": "W", "MIN": 37, "FGM": 8, "FGA": 15, "FG_PCT": 0.533, "FG3M": 3, "FG3A": 8, "FG3_PCT": 0.375, "FTM": 4, "FTA": 5, "FT_PCT": 0.8, "OREB": 0, "DREB": 3, "REB": 3, "AST": 1, "STL": 1, "BLK": 0, "TOV": 0, "PF": 2, "PTS": 23, "PLUS_MINUS": 14, "VIDEO_AVAILABLE": 1}, {"SEASON_ID": "22018", "Player_ID": 1628398, "Game_ID": "0021800453", "GAME_DATE": "DEC 18, 2018", "MATCHUP": "LAL @ BKN", "WL": "L", "MIN": 43, "FGM": 9, "FGA": 21, "FG_PCT": 0.429, "FG3M": 2, "FG3A": 8, "FG3_PCT": 0.25, "FTM": 2, "FTA": 2, "FT_PCT": 1.0, "OREB": 0, "DREB": 11, "REB": 11, "AST": 3, "STL": 1, "BLK": 0, "TOV": 3, "PF": 0, "PTS": 22, "PLUS_MINUS": -1, "VIDEO_AVAILABLE": 1}, {"SEASON_ID": "22018", "Player_ID": 1628398, "Game_ID": "0021800439", "GAME_DATE": "DEC 16, 2018", "MATCHUP": "LAL @ WAS", "WL": "L", "MIN": 29, "FGM": 9, "FGA": 15, "FG_PCT": 0.6, "FG3M": 0, "FG3A": 4, "FG3_PCT": 0.0, "FTM": 2, "FTA": 2, "FT_PCT": 1.0, "OREB": 2, "DREB": 4, "REB": 6, "AST": 3, "STL": 1, "BLK": 1, "TOV": 6, "PF": 4, "PTS": 20, "PLUS_MINUS": -22, "VIDEO_AVAILABLE": 1}, {"SEASON_ID": "22018", "Player_ID": 1628398, "Game_ID": "0021800430", "GAME_DATE": "DEC 15, 2018", "MATCHUP": "LAL @ CHA", "WL": "W", "MIN": 28, "FGM": 4, "FGA": 9, "FG_PCT": 0.444, "FG3M": 2, "FG3A": 5, "FG3_PCT": 0.4, "FTM": 4, "FTA": 4, "FT_PCT": 1.0, "OREB": 1, "DREB": 2, "REB": 3, "AST": 3, "STL": 0, "BLK": 1, "TOV": 4, "PF": 4, "PTS": 14, "PLUS_MINUS": 29, "VIDEO_AVAILABLE": 1}, {"SEASON_ID": "22018", "Player_ID": 1628398, "Game_ID": "0021800416", "GAME_DATE": "DEC 13, 2018", "MATCHUP": "LAL @ HOU", "WL": "L", "MIN": 37, "FGM": 8, "FGA": 17, "FG_PCT": 0.471, "FG3M": 1, "FG3A": 5, "FG3_PCT": 0.2, "FTM": 7, "FTA": 7, "FT_PCT": 1.0, "OREB": 1, "DREB": 2, "REB": 3, "AST": 5, "STL": 2, "BLK": 1, "TOV": 2, "PF": 4, "PTS": 24, "PLUS_MINUS": -9, "VIDEO_AVAILABLE": 1}, {"SEASON_ID": "22018", "Player_ID": 1628398, "Game_ID": "0021800401", "GAME_DATE": "DEC 10, 2018", "MATCHUP": "LAL vs. MIA", "WL": "W", "MIN": 40, "FGM": 14, "FGA": 22, "FG_PCT": 0.636, "FG3M": 3, "FG3A": 7, "FG3_PCT": 0.429, "FTM": 2, "FTA": 2, "FT_PCT": 1.0, "OREB": 1, "DREB": 6, "REB": 7, "AST": 1, "STL": 0, "BLK": 0, "TOV": 3, "PF": 0, "PTS": 33, "PLUS_MINUS": 16, "VIDEO_AVAILABLE": 1}, {"SEASON_ID": "22018", "Player_ID": 1628398, "Game_ID": "0021800384", "GAME_DATE": "DEC 08, 2018", "MATCHUP": "LAL @ MEM", "WL": "W", "MIN": 34, "FGM": 8, "FGA": 16, "FG_PCT": 0.5, "FG3M": 4, "FG3A": 8, "FG3_PCT": 0.5, "FTM": 0, "FTA": 0, "FT_PCT": 0.0, "OREB": 3, "DREB": 6, "REB": 9, "AST": 6, "STL": 1, "BLK": 2, "TOV": 1, "PF": 2, "PTS": 20, "PLUS_MINUS": 17, "VIDEO_AVAILABLE": 1}, {"SEASON_ID": "22018", "Player_ID": 1628398, "Game_ID": "0021800375", "GAME_DATE": "DEC 07, 2018", "MATCHUP": "LAL @ SAS", "WL": "L", "MIN": 39, "FGM": 12, "FGA": 22, "FG_PCT": 0.545, "FG3M": 2, "FG3A": 7, "FG3_PCT": 0.286, "FTM": 1, "FTA": 2, "FT_PCT": 0.5, "OREB": 0, "DREB": 8, "REB": 8, "AST": 2, "STL": 2, "BLK": 0, "TOV": 2, "PF": 3, "PTS": 27, "PLUS_MINUS": -6, "VIDEO_AVAILABLE": 1}, {"SEASON_ID": "22018", "Player_ID": 1628398, "Game_ID": "0021800364", "GAME_DATE": "DEC 05, 2018", "MATCHUP": "LAL vs. SAS", "WL": "W", "MIN": 39, "FGM": 7, "FGA": 19, "FG_PCT": 0.368, "FG3M": 3, "FG3A": 9, "FG3_PCT": 0.333, "FTM": 5, "FTA": 7, "FT_PCT": 0.714, "OREB": 1, "DREB": 8, "REB": 9, "AST": 5, "STL": 0, "BLK": 0, "TOV": 1, "PF": 2, "PTS": 22, "PLUS_MINUS": 10, "VIDEO_AVAILABLE": 1}, {"SEASON_ID": "22018", "Player_ID": 1628398, "Game_ID": "0021800337", "GAME_DATE": "DEC 02, 2018", "MATCHUP": "LAL vs. PHX", "WL": "W", "MIN": 29, "FGM": 8, "FGA": 14, "FG_PCT": 0.571, "FG3M": 3, "FG3A": 8, "FG3_PCT": 0.375, "FTM": 4, "FTA": 4, "FT_PCT": 1.0, "OREB": 2, "DREB": 6, "REB": 8, "AST": 3, "STL": 1, "BLK": 1, "TOV": 1, "PF": 0, "PTS": 23, "PLUS_MINUS": 10, "VIDEO_AVAILABLE": 1}, {"SEASON_ID": "22018", "Player_ID": 1628398, "Game_ID": "0021800328", "GAME_DATE": "NOV 30, 2018", "MATCHUP": "LAL vs. DAL", "WL": "W", "MIN": 37, "FGM": 4, "FGA": 12, "FG_PCT": 0.333, "FG3M": 3, "FG3A": 7, "FG3_PCT": 0.429, "FTM": 4, "FTA": 7, "FT_PCT": 0.571, "OREB": 0, "DREB": 12, "REB": 12, "AST": 6, "STL": 0, "BLK": 0, "TOV": 2, "PF": 1, "PTS": 15, "PLUS_MINUS": 13, "VIDEO_AVAILABLE": 1}, {"SEASON_ID": "22018", "Player_ID": 1628398, "Game_ID": "0021800317", "GAME_DATE": "NOV 29, 2018", "MATCHUP": "LAL vs. IND", "WL": "W", "MIN": 33, "FGM": 4, "FGA": 9, "FG_PCT": 0.444, "FG3M": 1, "FG3A": 5, "FG3_PCT": 0.2, "FTM": 2, "FTA": 3, "FT_PCT": 0.667, "OREB": 0, "DREB": 9, "REB": 9, "AST": 2, "STL": 0, "BLK": 0, "TOV": 1, "PF": 3, "PTS": 11, "PLUS_MINUS": 8, "VIDEO_AVAILABLE": 1}, {"SEASON_ID": "22018", "Player_ID": 1628398, "Game_ID": "0021800304", "GAME_DATE": "NOV 27, 2018", "MATCHUP": "LAL @ DEN", "WL": "L", "MIN": 31, "FGM": 9, "FGA": 15, "FG_PCT": 0.6, "FG3M": 1, "FG3A": 7, "FG3_PCT": 0.143, "FTM": 2, "FTA": 2, "FT_PCT": 1.0, "OREB": 1, "DREB": 2, "REB": 3, "AST": 3, "STL": 0, "BLK": 1, "TOV": 2, "PF": 3, "PTS": 21, "PLUS_MINUS": -19, "VIDEO_AVAILABLE": 1}, {"SEASON_ID": "22018", "Player_ID": 1628398, "Game_ID": "0021800286", "GAME_DATE": "NOV 25, 2018", "MATCHUP": "LAL vs. ORL", "WL": "L", "MIN": 35, "FGM": 7, "FGA": 15, "FG_PCT": 0.467, "FG3M": 2, "FG3A": 4, "FG3_PCT": 0.5, "FTM": 5, "FTA": 7, "FT_PCT": 0.714, "OREB": 1, "DREB": 3, "REB": 4, "AST": 5, "STL": 1, "BLK": 0, "TOV": 1, "PF": 1, "PTS": 21, "PLUS_MINUS": 11, "VIDEO_AVAILABLE": 1}, {"SEASON_ID": "22018", "Player_ID": 1628398, "Game_ID": "0021800278", "GAME_DATE": "NOV 23, 2018", "MATCHUP": "LAL vs. UTA", "WL": "W", "MIN": 29, "FGM": 4, "FGA": 12, "FG_PCT": 0.333, "FG3M": 1, "FG3A": 5, "FG3_PCT": 0.2, "FTM": 0, "FTA": 1, "FT_PCT": 0.0, "OREB": 0, "DREB": 6, "REB": 6, "AST": 0, "STL": 2, "BLK": 0, "TOV": 1, "PF": 2, "PTS": 9, "PLUS_MINUS": 5, "VIDEO_AVAILABLE": 1}, {"SEASON_ID": "22018", "Player_ID": 1628398, "Game_ID": "0021800256", "GAME_DATE": "NOV 21, 2018", "MATCHUP": "LAL @ CLE", "WL": "W", "MIN": 29, "FGM": 4, "FGA": 9, "FG_PCT": 0.444, "FG3M": 2, "FG3A": 5, "FG3_PCT": 0.4, "FTM": 2, "FTA": 2, "FT_PCT": 1.0, "OREB": 0, "DREB": 5, "REB": 5, "AST": 0, "STL": 0, "BLK": 2, "TOV": 2, "PF": 3, "PTS": 12, "PLUS_MINUS": 13, "VIDEO_AVAILABLE": 1}, {"SEASON_ID": "22018", "Player_ID": 1628398, "Game_ID": "0021800235", "GAME_DATE": "NOV 18, 2018", "MATCHUP": "LAL @ MIA", "WL": "W", "MIN": 21, "FGM": 7, "FGA": 12, "FG_PCT": 0.583, "FG3M": 1, "FG3A": 3, "FG3_PCT": 0.333, "FTM": 0, "FTA": 0, "FT_PCT": 0.0, "OREB": 0, "DREB": 1, "REB": 1, "AST": 1, "STL": 1, "BLK": 0, "TOV": 1, "PF": 2, "PTS": 15, "PLUS_MINUS": 2, "VIDEO_AVAILABLE": 1}, {"SEASON_ID": "22018", "Player_ID": 1628398, "Game_ID": "0021800227", "GAME_DATE": "NOV 17, 2018", "MATCHUP": "LAL @ ORL", "WL": "L", "MIN": 27, "FGM": 3, "FGA": 10, "FG_PCT": 0.3, "FG3M": 1, "FG3A": 4, "FG3_PCT": 0.25, "FTM": 1, "FTA": 2, "FT_PCT": 0.5, "OREB": 0, "DREB": 6, "REB": 6, "AST": 0, "STL": 0, "BLK": 2, "TOV": 5, "PF": 2, "PTS": 8, "PLUS_MINUS": -7, "VIDEO_AVAILABLE": 1}, {"SEASON_ID": "22018", "Player_ID": 1628398, "Game_ID": "0021800212", "GAME_DATE": "NOV 14, 2018", "MATCHUP": "LAL vs. POR", "WL": "W", "MIN": 25, "FGM": 3, "FGA": 8, "FG_PCT": 0.375, "FG3M": 1, "FG3A": 2, "FG3_PCT": 0.5, "FTM": 0, "FTA": 0, "FT_PCT": 0.0, "OREB": 0, "DREB": 5, "REB": 5, "AST": 0, "STL": 1, "BLK": 0, "TOV": 1, "PF": 0, "PTS": 7, "PLUS_MINUS": 5, "VIDEO_AVAILABLE": 1}, {"SEASON_ID": "22018", "Player_ID": 1628398, "Game_ID": "0021800189", "GAME_DATE": "NOV 11, 2018", "MATCHUP": "LAL vs. ATL", "WL": "W", "MIN": 32, "FGM": 8, "FGA": 18, "FG_PCT": 0.444, "FG3M": 1, "FG3A": 6, "FG3_PCT": 0.167, "FTM": 1, "FTA": 1, "FT_PCT": 1.0, "OREB": 4, "DREB": 4, "REB": 8, "AST": 1, "STL": 2, "BLK": 0, "TOV": 1, "PF": 3, "PTS": 18, "PLUS_MINUS": 14, "VIDEO_AVAILABLE": 1}, {"SEASON_ID": "22018", "Player_ID": 1628398, "Game_ID": "0021800183", "GAME_DATE": "NOV 10, 2018", "MATCHUP": "LAL @ SAC", "WL": "W", "MIN": 31, "FGM": 5, "FGA": 13, "FG_PCT": 0.385, "FG3M": 1, "FG3A": 5, "FG3_PCT": 0.2, "FTM": 0, "FTA": 0, "FT_PCT": 0.0, "OREB": 1, "DREB": 2, "REB": 3, "AST": 3, "STL": 2, "BLK": 0, "TOV": 1, "PF": 1, "PTS": 11, "PLUS_MINUS": 0, "VIDEO_AVAILABLE": 1}, {"SEASON_ID": "22018", "Player_ID": 1628398, "Game_ID": "0021800162", "GAME_DATE": "NOV 07, 2018", "MATCHUP": "LAL vs. MIN", "WL": "W", "MIN": 33, "FGM": 8, "FGA": 15, "FG_PCT": 0.533, "FG3M": 4, "FG3A": 7, "FG3_PCT": 0.571, "FTM": 1, "FTA": 2, "FT_PCT": 0.5, "OREB": 0, "DREB": 2, "REB": 2, "AST": 1, "STL": 1, "BLK": 0, "TOV": 2, "PF": 2, "PTS": 21, "PLUS_MINUS": 3, "VIDEO_AVAILABLE": 1}, {"SEASON_ID": "22018", "Player_ID": 1628398, "Game_ID": "0021800139", "GAME_DATE": "NOV 04, 2018", "MATCHUP": "LAL vs. TOR", "WL": "L", "MIN": 32, "FGM": 10, "FGA": 16, "FG_PCT": 0.625, "FG3M": 0, "FG3A": 4, "FG3_PCT": 0.0, "FTM": 4, "FTA": 5, "FT_PCT": 0.8, "OREB": 0, "DREB": 5, "REB": 5, "AST": 2, "STL": 0, "BLK": 0, "TOV": 3, "PF": 3, "PTS": 24, "PLUS_MINUS": -18, "VIDEO_AVAILABLE": 1}, {"SEASON_ID": "22018", "Player_ID": 1628398, "Game_ID": "0021800132", "GAME_DATE": "NOV 03, 2018", "MATCHUP": "LAL @ POR", "WL": "W", "MIN": 29, "FGM": 5, "FGA": 10, "FG_PCT": 0.5, "FG3M": 1, "FG3A": 3, "FG3_PCT": 0.333, "FTM": 1, "FTA": 3, "FT_PCT": 0.333, "OREB": 0, "DREB": 6, "REB": 6, "AST": 0, "STL": 0, "BLK": 1, "TOV": 1, "PF": 3, "PTS": 12, "PLUS_MINUS": -15, "VIDEO_AVAILABLE": 1}, {"SEASON_ID": "22018", "Player_ID": 1628398, "Game_ID": "0021800109", "GAME_DATE": "OCT 31, 2018", "MATCHUP": "LAL vs. DAL", "WL": "W", "MIN": 31, "FGM": 7, "FGA": 11, "FG_PCT": 0.636, "FG3M": 1, "FG3A": 2, "FG3_PCT": 0.5, "FTM": 3, "FTA": 4, "FT_PCT": 0.75, "OREB": 1, "DREB": 7, "REB": 8, "AST": 3, "STL": 0, "BLK": 1, "TOV": 3, "PF": 3, "PTS": 18, "PLUS_MINUS": 12, "VIDEO_AVAILABLE": 1}, {"SEASON_ID": "22018", "Player_ID": 1628398, "Game_ID": "0021800093", "GAME_DATE": "OCT 29, 2018", "MATCHUP": "LAL @ MIN", "WL": "L", "MIN": 32, "FGM": 8, "FGA": 18, "FG_PCT": 0.444, "FG3M": 2, "FG3A": 7, "FG3_PCT": 0.286, "FTM": 1, "FTA": 2, "FT_PCT": 0.5, "OREB": 2, "DREB": 4, "REB": 6, "AST": 3, "STL": 0, "BLK": 0, "TOV": 0, "PF": 2, "PTS": 19, "PLUS_MINUS": -6, "VIDEO_AVAILABLE": 1}, {"SEASON_ID": "22018", "Player_ID": 1628398, "Game_ID": "0021800082", "GAME_DATE": "OCT 27, 2018", "MATCHUP": "LAL @ SAS", "WL": "L", "MIN": 31, "FGM": 6, "FGA": 14, "FG_PCT": 0.429, "FG3M": 3, "FG3A": 8, "FG3_PCT": 0.375, "FTM": 0, "FTA": 0, "FT_PCT": 0.0, "OREB": 1, "DREB": 3, "REB": 4, "AST": 1, "STL": 0, "BLK": 0, "TOV": 0, "PF": 3, "PTS": 15, "PLUS_MINUS": -1, "VIDEO_AVAILABLE": 1}, {"SEASON_ID": "22018", "Player_ID": 1628398, "Game_ID": "0021800066", "GAME_DATE": "OCT 25, 2018", "MATCHUP": "LAL vs. DEN", "WL": "W", "MIN": 34, "FGM": 8, "FGA": 18, "FG_PCT": 0.444, "FG3M": 2, "FG3A": 6, "FG3_PCT": 0.333, "FTM": 4, "FTA": 4, "FT_PCT": 1.0, "OREB": 0, "DREB": 3, "REB": 3, "AST": 0, "STL": 1, "BLK": 2, "TOV": 1, "PF": 4, "PTS": 22, "PLUS_MINUS": 7, "VIDEO_AVAILABLE": 1}, {"SEASON_ID": "22018", "Player_ID": 1628398, "Game_ID": "0021800060", "GAME_DATE": "OCT 24, 2018", "MATCHUP": "LAL @ PHX", "WL": "W", "MIN": 29, "FGM": 7, "FGA": 15, "FG_PCT": 0.467, "FG3M": 0, "FG3A": 2, "FG3_PCT": 0.0, "FTM": 3, "FTA": 3, "FT_PCT": 1.0, "OREB": 1, "DREB": 3, "REB": 4, "AST": 1, "STL": 0, "BLK": 1, "TOV": 0, "PF": 1, "PTS": 17, "PLUS_MINUS": 14, "VIDEO_AVAILABLE": 1}, {"SEASON_ID": "22018", "Player_ID": 1628398, "Game_ID": "0021800048", "GAME_DATE": "OCT 22, 2018", "MATCHUP": "LAL vs. SAS", "WL": "L", "MIN": 45, "FGM": 15, "FGA": 25, "FG_PCT": 0.6, "FG3M": 4, "FG3A": 10, "FG3_PCT": 0.4, "FTM": 3, "FTA": 4, "FT_PCT": 0.75, "OREB": 0, "DREB": 8, "REB": 8, "AST": 3, "STL": 0, "BLK": 0, "TOV": 2, "PF": 1, "PTS": 37, "PLUS_MINUS": -3, "VIDEO_AVAILABLE": 1}, {"SEASON_ID": "22018", "Player_ID": 1628398, "Game_ID": "0021800035", "GAME_DATE": "OCT 20, 2018", "MATCHUP": "LAL vs. HOU", "WL": "L", "MIN": 25, "FGM": 5, "FGA": 13, "FG_PCT": 0.385, "FG3M": 1, "FG3A": 5, "FG3_PCT": 0.2, "FTM": 0, "FTA": 0, "FT_PCT": 0.0, "OREB": 1, "DREB": 1, "REB": 2, "AST": 3, "STL": 0, "BLK": 2, "TOV": 0, "PF": 4, "PTS": 11, "PLUS_MINUS": -14, "VIDEO_AVAILABLE": 1}, {"SEASON_ID": "22018", "Player_ID": 1628398, "Game_ID": "0021800016", "GAME_DATE": "OCT 18, 2018", "MATCHUP": "LAL @ POR", "WL": "L", "MIN": 29, "FGM": 5, "FGA": 15, "FG_PCT": 0.333, "FG3M": 1, "FG3A": 7, "FG3_PCT": 0.143, "FTM": 4, "FTA": 5, "FT_PCT": 0.8, "OREB": 0, "DREB": 5, "REB": 5, "AST": 0, "STL": 1, "BLK": 0, "TOV": 1, "PF": 3, "PTS": 15, "PLUS_MINUS": -12, "VIDEO_AVAILABLE": 1}, {"SEASON_ID": "22017", "Player_ID": 1628398, "Game_ID": "0021701190", "GAME_DATE": "APR 06, 2018", "MATCHUP": "LAL vs. MIN", "WL": "L", "MIN": 18, "FGM": 1, "FGA": 6, "FG_PCT": 0.167, "FG3M": 0, "FG3A": 2, "FG3_PCT": 0.0, "FTM": 0, "FTA": 0, "FT_PCT": 0.0, "OREB": 0, "DREB": 3, "REB": 3, "AST": 0, "STL": 0, "BLK": 1, "TOV": 4, "PF": 2, "PTS": 2, "PLUS_MINUS": -2, "VIDEO_AVAILABLE": 1}, {"SEASON_ID": "22017", "Player_ID": 1628398, "Game_ID": "0021701174", "GAME_DATE": "APR 04, 2018", "MATCHUP": "LAL vs. SAS", "WL": "W", "MIN": 43, "FGM": 11, "FGA": 23, "FG_PCT": 0.478, "FG3M": 5, "FG3A": 9, "FG3_PCT": 0.556, "FTM": 3, "FTA": 4, "FT_PCT": 0.75, "OREB": 1, "DREB": 4, "REB": 5, "AST": 1, "STL": 1, "BLK": 0, "TOV": 3, "PF": 1, "PTS": 30, "PLUS_MINUS": 1, "VIDEO_AVAILABLE": 1}, {"SEASON_ID": "22017", "Player_ID": 1628398, "Game_ID": "0021701166", "GAME_DATE": "APR 03, 2018", "MATCHUP": "LAL @ UTA", "WL": "L", "MIN": 36, "FGM": 9, "FGA": 18, "FG_PCT": 0.5, "FG3M": 1, "FG3A": 4, "FG3_PCT": 0.25, "FTM": 7, "FTA": 12, "FT_PCT": 0.583, "OREB": 0, "DREB": 6, "REB": 6, "AST": 1, "STL": 1, "BLK": 0, "TOV": 4, "PF": 4, "PTS": 26, "PLUS_MINUS": -13, "VIDEO_AVAILABLE": 1}, {"SEASON_ID": "22017", "Player_ID": 1628398, "Game_ID": "0021701155", "GAME_DATE": "APR 01, 2018", "MATCHUP": "LAL vs. SAC", "WL": "L", "MIN": 39, "FGM": 5, "FGA": 16, "FG_PCT": 0.313, "FG3M": 3, "FG3A": 9, "FG3_PCT": 0.333, "FTM": 0, "FTA": 0, "FT_PCT": 0.0, "OREB": 1, "DREB": 4, "REB": 5, "AST": 2, "STL": 1, "BLK": 0, "TOV": 3, "PF": 0, "PTS": 13, "PLUS_MINUS": -2, "VIDEO_AVAILABLE": 1}, {"SEASON_ID": "22017", "Player_ID": 1628398, "Game_ID": "0021701136", "GAME_DATE": "MAR 30, 2018", "MATCHUP": "LAL vs. MIL", "WL": "L", "MIN": 46, "FGM": 11, "FGA": 20, "FG_PCT": 0.55, "FG3M": 2, "FG3A": 9, "FG3_PCT": 0.222, "FTM": 3, "FTA": 3, "FT_PCT": 1.0, "OREB": 3, "DREB": 9, "REB": 12, "AST": 6, "STL": 2, "BLK": 0, "TOV": 3, "PF": 4, "PTS": 27, "PLUS_MINUS": -5, "VIDEO_AVAILABLE": 1}, {"SEASON_ID": "22017", "Player_ID": 1628398, "Game_ID": "0021701123", "GAME_DATE": "MAR 28, 2018", "MATCHUP": "LAL vs. DAL", "WL": "W", "MIN": 34, "FGM": 7, "FGA": 14, "FG_PCT": 0.5, "FG3M": 3, "FG3A": 10, "FG3_PCT": 0.3, "FTM": 1, "FTA": 4, "FT_PCT": 0.25, "OREB": 0, "DREB": 4, "REB": 4, "AST": 3, "STL": 0, "BLK": 1, "TOV": 2, "PF": 2, "PTS": 18, "PLUS_MINUS": 23, "VIDEO_AVAILABLE": 1}, {"SEASON_ID": "22017", "Player_ID": 1628398, "Game_ID": "0021701104", "GAME_DATE": "MAR 26, 2018", "MATCHUP": "LAL @ DET", "WL": "L", "MIN": 41, "FGM": 8, "FGA": 15, "FG_PCT": 0.533, "FG3M": 2, "FG3A": 6, "FG3_PCT": 0.333, "FTM": 2, "FTA": 3, "FT_PCT": 0.667, "OREB": 0, "DREB": 11, "REB": 11, "AST": 1, "STL": 0, "BLK": 0, "TOV": 3, "PF": 1, "PTS": 20, "PLUS_MINUS": -9, "VIDEO_AVAILABLE": 1}, {"SEASON_ID": "22017", "Player_ID": 1628398, "Game_ID": "0021701092", "GAME_DATE": "MAR 24, 2018", "MATCHUP": "LAL @ MEM", "WL": "W", "MIN": 41, "FGM": 9, "FGA": 21, "FG_PCT": 0.429, "FG3M": 4, "FG3A": 10, "FG3_PCT": 0.4, "FTM": 3, "FTA": 3, "FT_PCT": 1.0, "OREB": 1, "DREB": 9, "REB": 10, "AST": 3, "STL": 1, "BLK": 1, "TOV": 2, "PF": 2, "PTS": 25, "PLUS_MINUS": 7, "VIDEO_AVAILABLE": 1}, {"SEASON_ID": "22017", "Player_ID": 1628398, "Game_ID": "0021701075", "GAME_DATE": "MAR 22, 2018", "MATCHUP": "LAL @ NOP", "WL": "L", "MIN": 43, "FGM": 5, "FGA": 11, "FG_PCT": 0.455, "FG3M": 4, "FG3A": 6, "FG3_PCT": 0.667, "FTM": 8, "FTA": 9, "FT_PCT": 0.889, "OREB": 0, "DREB": 5, "REB": 5, "AST": 2, "STL": 1, "BLK": 0, "TOV": 1, "PF": 1, "PTS": 22, "PLUS_MINUS": -12, "VIDEO_AVAILABLE": 1}, {"SEASON_ID": "22017", "Player_ID": 1628398, "Game_ID": "0021701051", "GAME_DATE": "MAR 19, 2018", "MATCHUP": "LAL @ IND", "WL": "L", "MIN": 37, "FGM": 10, "FGA": 18, "FG_PCT": 0.556, "FG3M": 3, "FG3A": 10, "FG3_PCT": 0.3, "FTM": 4, "FTA": 5, "FT_PCT": 0.8, "OREB": 2, "DREB": 6, "REB": 8, "AST": 1, "STL": 0, "BLK": 0, "TOV": 1, "PF": 2, "PTS": 27, "PLUS_MINUS": -6, "VIDEO_AVAILABLE": 1}, {"SEASON_ID": "22017", "Player_ID": 1628398, "Game_ID": "0021701034", "GAME_DATE": "MAR 16, 2018", "MATCHUP": "LAL vs. MIA", "WL": "L", "MIN": 33, "FGM": 5, "FGA": 10, "FG_PCT": 0.5, "FG3M": 1, "FG3A": 3, "FG3_PCT": 0.333, "FTM": 0, "FTA": 0, "FT_PCT": 0.0, "OREB": 0, "DREB": 8, "REB": 8, "AST": 3, "STL": 1, "BLK": 0, "TOV": 3, "PF": 3, "PTS": 11, "PLUS_MINUS": 8, "VIDEO_AVAILABLE": 1}, {"SEASON_ID": "22017", "Player_ID": 1628398, "Game_ID": "0021701015", "GAME_DATE": "MAR 13, 2018", "MATCHUP": "LAL vs. DEN", "WL": "W", "MIN": 39, "FGM": 10, "FGA": 20, "FG_PCT": 0.5, "FG3M": 5, "FG3A": 11, "FG3_PCT": 0.455, "FTM": 1, "FTA": 1, "FT_PCT": 1.0, "OREB": 0, "DREB": 13, "REB": 13, "AST": 2, "STL": 1, "BLK": 0, "TOV": 1, "PF": 2, "PTS": 26, "PLUS_MINUS": -9, "VIDEO_AVAILABLE": 1}, {"SEASON_ID": "22017", "Player_ID": 1628398, "Game_ID": "0021701000", "GAME_DATE": "MAR 11, 2018", "MATCHUP": "LAL vs. CLE", "WL": "W", "MIN": 39, "FGM": 4, "FGA": 14, "FG_PCT": 0.286, "FG3M": 2, "FG3A": 5, "FG3_PCT": 0.4, "FTM": 4, "FTA": 4, "FT_PCT": 1.0, "OREB": 1, "DREB": 9, "REB": 10, "AST": 2, "STL": 0, "BLK": 0, "TOV": 1, "PF": 3, "PTS": 14, "PLUS_MINUS": 14, "VIDEO_AVAILABLE": 1}, {"SEASON_ID": "22017", "Player_ID": 1628398, "Game_ID": "0021700983", "GAME_DATE": "MAR 09, 2018", "MATCHUP": "LAL @ DEN", "WL": "L", "MIN": 39, "FGM": 5, "FGA": 10, "FG_PCT": 0.5, "FG3M": 2, "FG3A": 3, "FG3_PCT": 0.667, "FTM": 2, "FTA": 2, "FT_PCT": 1.0, "OREB": 2, "DREB": 4, "REB": 6, "AST": 3, "STL": 0, "BLK": 0, "TOV": 1, "PF": 2, "PTS": 14, "PLUS_MINUS": 1, "VIDEO_AVAILABLE": 1}, {"SEASON_ID": "22017", "Player_ID": 1628398, "Game_ID": "0021700971", "GAME_DATE": "MAR 07, 2018", "MATCHUP": "LAL vs. ORL", "WL": "W", "MIN": 42, "FGM": 9, "FGA": 16, "FG_PCT": 0.563, "FG3M": 1, "FG3A": 4, "FG3_PCT": 0.25, "FTM": 1, "FTA": 1, "FT_PCT": 1.0, "OREB": 2, "DREB": 8, "REB": 10, "AST": 1, "STL": 3, "BLK": 1, "TOV": 2, "PF": 2, "PTS": 20, "PLUS_MINUS": 5, "VIDEO_AVAILABLE": 1}, {"SEASON_ID": "22017", "Player_ID": 1628398, "Game_ID": "0021700956", "GAME_DATE": "MAR 05, 2018", "MATCHUP": "LAL vs. POR", "WL": "L", "MIN": 38, "FGM": 4, "FGA": 10, "FG_PCT": 0.4, "FG3M": 2, "FG3A": 6, "FG3_PCT": 0.333, "FTM": 1, "FTA": 2, "FT_PCT": 0.5, "OREB": 0, "DREB": 8, "REB": 8, "AST": 3, "STL": 1, "BLK": 2, "TOV": 2, "PF": 3, "PTS": 11, "PLUS_MINUS": 5, "VIDEO_AVAILABLE": 1}, {"SEASON_ID": "22017", "Player_ID": 1628398, "Game_ID": "0021700940", "GAME_DATE": "MAR 03, 2018", "MATCHUP": "LAL @ SAS", "WL": "W", "MIN": 33, "FGM": 4, "FGA": 13, "FG_PCT": 0.308, "FG3M": 2, "FG3A": 6, "FG3_PCT": 0.333, "FTM": 1, "FTA": 4, "FT_PCT": 0.25, "OREB": 4, "DREB": 4, "REB": 8, "AST": 1, "STL": 2, "BLK": 0, "TOV": 2, "PF": 5, "PTS": 11, "PLUS_MINUS": -3, "VIDEO_AVAILABLE": 1}, {"SEASON_ID": "22017", "Player_ID": 1628398, "Game_ID": "0021700922", "GAME_DATE": "MAR 01, 2018", "MATCHUP": "LAL @ MIA", "WL": "W", "MIN": 28, "FGM": 6, "FGA": 10, "FG_PCT": 0.6, "FG3M": 3, "FG3A": 4, "FG3_PCT": 0.75, "FTM": 1, "FTA": 2, "FT_PCT": 0.5, "OREB": 1, "DREB": 5, "REB": 6, "AST": 2, "STL": 0, "BLK": 2, "TOV": 1, "PF": 0, "PTS": 16, "PLUS_MINUS": 16, "VIDEO_AVAILABLE": 1}, {"SEASON_ID": "22017", "Player_ID": 1628398, "Game_ID": "0021700897", "GAME_DATE": "FEB 26, 2018", "MATCHUP": "LAL @ ATL", "WL": "W", "MIN": 28, "FGM": 3, "FGA": 10, "FG_PCT": 0.3, "FG3M": 3, "FG3A": 7, "FG3_PCT": 0.429, "FTM": 1, "FTA": 2, "FT_PCT": 0.5, "OREB": 0, "DREB": 9, "REB": 9, "AST": 3, "STL": 1, "BLK": 0, "TOV": 2, "PF": 2, "PTS": 10, "PLUS_MINUS": 12, "VIDEO_AVAILABLE": 1}, {"SEASON_ID": "22017", "Player_ID": 1628398, "Game_ID": "0021700891", "GAME_DATE": "FEB 24, 2018", "MATCHUP": "LAL @ SAC", "WL": "W", "MIN": 23, "FGM": 3, "FGA": 9, "FG_PCT": 0.333, "FG3M": 2, "FG3A": 5, "FG3_PCT": 0.4, "FTM": 2, "FTA": 2, "FT_PCT": 1.0, "OREB": 0, "DREB": 5, "REB": 5, "AST": 1, "STL": 0, "BLK": 0, "TOV": 1, "PF": 2, "PTS": 10, "PLUS_MINUS": -8, "VIDEO_AVAILABLE": 1}, {"SEASON_ID": "22017", "Player_ID": 1628398, "Game_ID": "0021700883", "GAME_DATE": "FEB 23, 2018", "MATCHUP": "LAL vs. DAL", "WL": "W", "MIN": 25, "FGM": 4, "FGA": 10, "FG_PCT": 0.4, "FG3M": 2, "FG3A": 6, "FG3_PCT": 0.333, "FTM": 2, "FTA": 2, "FT_PCT": 1.0, "OREB": 2, "DREB": 1, "REB": 3, "AST": 1, "STL": 0, "BLK": 2, "TOV": 3, "PF": 3, "PTS": 12, "PLUS_MINUS": -3, "VIDEO_AVAILABLE": 1}, {"SEASON_ID": "22017", "Player_ID": 1628398, "Game_ID": "0021700866", "GAME_DATE": "FEB 15, 2018", "MATCHUP": "LAL @ MIN", "WL": "L", "MIN": 19, "FGM": 3, "FGA": 12, "FG_PCT": 0.25, "FG3M": 2, "FG3A": 9, "FG3_PCT": 0.222, "FTM": 0, "FTA": 0, "FT_PCT": 0.0, "OREB": 0, "DREB": 2, "REB": 2, "AST": 0, "STL": 0, "BLK": 1, "TOV": 1, "PF": 2, "PTS": 8, "PLUS_MINUS": -1, "VIDEO_AVAILABLE": 1}, {"SEASON_ID": "22017", "Player_ID": 1628398, "Game_ID": "0021700862", "GAME_DATE": "FEB 14, 2018", "MATCHUP": "LAL @ NOP", "WL": "L", "MIN": 27, "FGM": 10, "FGA": 20, "FG_PCT": 0.5, "FG3M": 3, "FG3A": 8, "FG3_PCT": 0.375, "FTM": 0, "FTA": 0, "FT_PCT": 0.0, "OREB": 1, "DREB": 4, "REB": 5, "AST": 1, "STL": 1, "BLK": 0, "TOV": 2, "PF": 2, "PTS": 23, "PLUS_MINUS": -14, "VIDEO_AVAILABLE": 1}, {"SEASON_ID": "22017", "Player_ID": 1628398, "Game_ID": "0021700830", "GAME_DATE": "FEB 10, 2018", "MATCHUP": "LAL @ DAL", "WL": "L", "MIN": 32, "FGM": 5, "FGA": 12, "FG_PCT": 0.417, "FG3M": 2, "FG3A": 5, "FG3_PCT": 0.4, "FTM": 0, "FTA": 2, "FT_PCT": 0.0, "OREB": 2, "DREB": 13, "REB": 15, "AST": 3, "STL": 2, "BLK": 0, "TOV": 1, "PF": 1, "PTS": 12, "PLUS_MINUS": -10, "VIDEO_AVAILABLE": 1}, {"SEASON_ID": "22017", "Player_ID": 1628398, "Game_ID": "0021700816", "GAME_DATE": "FEB 08, 2018", "MATCHUP": "LAL vs. OKC", "WL": "W", "MIN": 24, "FGM": 6, "FGA": 15, "FG_PCT": 0.4, "FG3M": 2, "FG3A": 8, "FG3_PCT": 0.25, "FTM": 2, "FTA": 2, "FT_PCT": 1.0, "OREB": 0, "DREB": 9, "REB": 9, "AST": 2, "STL": 1, "BLK": 2, "TOV": 0, "PF": 3, "PTS": 16, "PLUS_MINUS": 19, "VIDEO_AVAILABLE": 1}, {"SEASON_ID": "22017", "Player_ID": 1628398, "Game_ID": "0021700804", "GAME_DATE": "FEB 06, 2018", "MATCHUP": "LAL vs. PHX", "WL": "W", "MIN": 27, "FGM": 6, "FGA": 15, "FG_PCT": 0.4, "FG3M": 2, "FG3A": 7, "FG3_PCT": 0.286, "FTM": 2, "FTA": 2, "FT_PCT": 1.0, "OREB": 0, "DREB": 4, "REB": 4, "AST": 0, "STL": 1, "BLK": 0, "TOV": 0, "PF": 3, "PTS": 16, "PLUS_MINUS": 12, "VIDEO_AVAILABLE": 1}, {"SEASON_ID": "22017", "Player_ID": 1628398, "Game_ID": "0021700788", "GAME_DATE": "FEB 04, 2018", "MATCHUP": "LAL @ OKC", "WL": "W", "MIN": 16, "FGM": 1, "FGA": 4, "FG_PCT": 0.25, "FG3M": 0, "FG3A": 1, "FG3_PCT": 0.0, "FTM": 0, "FTA": 0, "FT_PCT": 0.0, "OREB": 1, "DREB": 2, "REB": 3, "AST": 0, "STL": 0, "BLK": 1, "TOV": 0, "PF": 1, "PTS": 2, "PLUS_MINUS": -7, "VIDEO_AVAILABLE": 1}, {"SEASON_ID": "22017", "Player_ID": 1628398, "Game_ID": "0021700768", "GAME_DATE": "FEB 02, 2018", "MATCHUP": "LAL @ BKN", "WL": "W", "MIN": 20, "FGM": 3, "FGA": 9, "FG_PCT": 0.333, "FG3M": 0, "FG3A": 1, "FG3_PCT": 0.0, "FTM": 0, "FTA": 0, "FT_PCT": 0.0, "OREB": 2, "DREB": 1, "REB": 3, "AST": 1, "STL": 1, "BLK": 0, "TOV": 0, "PF": 1, "PTS": 6, "PLUS_MINUS": -2, "VIDEO_AVAILABLE": 1}, {"SEASON_ID": "22017", "Player_ID": 1628398, "Game_ID": "0021700754", "GAME_DATE": "JAN 31, 2018", "MATCHUP": "LAL @ ORL", "WL": "L", "MIN": 28, "FGM": 5, "FGA": 13, "FG_PCT": 0.385, "FG3M": 0, "FG3A": 3, "FG3_PCT": 0.0, "FTM": 1, "FTA": 2, "FT_PCT": 0.5, "OREB": 0, "DREB": 4, "REB": 4, "AST": 1, "STL": 0, "BLK": 0, "TOV": 1, "PF": 0, "PTS": 11, "PLUS_MINUS": -7, "VIDEO_AVAILABLE": 1}, {"SEASON_ID": "22017", "Player_ID": 1628398, "Game_ID": "0021700735", "GAME_DATE": "JAN 28, 2018", "MATCHUP": "LAL @ TOR", "WL": "L", "MIN": 23, "FGM": 3, "FGA": 9, "FG_PCT": 0.333, "FG3M": 0, "FG3A": 3, "FG3_PCT": 0.0, "FTM": 1, "FTA": 2, "FT_PCT": 0.5, "OREB": 0, "DREB": 4, "REB": 4, "AST": 0, "STL": 1, "BLK": 0, "TOV": 3, "PF": 0, "PTS": 7, "PLUS_MINUS": -7, "VIDEO_AVAILABLE": 1}, {"SEASON_ID": "22017", "Player_ID": 1628398, "Game_ID": "0021700717", "GAME_DATE": "JAN 26, 2018", "MATCHUP": "LAL @ CHI", "WL": "W", "MIN": 27, "FGM": 4, "FGA": 12, "FG_PCT": 0.333, "FG3M": 1, "FG3A": 5, "FG3_PCT": 0.2, "FTM": 0, "FTA": 0, "FT_PCT": 0.0, "OREB": 0, "DREB": 2, "REB": 2, "AST": 2, "STL": 1, "BLK": 1, "TOV": 1, "PF": 1, "PTS": 9, "PLUS_MINUS": -12, "VIDEO_AVAILABLE": 1}, {"SEASON_ID": "22017", "Player_ID": 1628398, "Game_ID": "0021700700", "GAME_DATE": "JAN 23, 2018", "MATCHUP": "LAL vs. BOS", "WL": "W", "MIN": 27, "FGM": 10, "FGA": 16, "FG_PCT": 0.625, "FG3M": 5, "FG3A": 7, "FG3_PCT": 0.714, "FTM": 3, "FTA": 5, "FT_PCT": 0.6, "OREB": 1, "DREB": 3, "REB": 4, "AST": 3, "STL": 0, "BLK": 0, "TOV": 0, "PF": 0, "PTS": 28, "PLUS_MINUS": 2, "VIDEO_AVAILABLE": 1}, {"SEASON_ID": "22017", "Player_ID": 1628398, "Game_ID": "0021700684", "GAME_DATE": "JAN 21, 2018", "MATCHUP": "LAL vs. NYK", "WL": "W", "MIN": 10, "FGM": 6, "FGA": 8, "FG_PCT": 0.75, "FG3M": 2, "FG3A": 4, "FG3_PCT": 0.5, "FTM": 1, "FTA": 3, "FT_PCT": 0.333, "OREB": 0, "DREB": 0, "REB": 0, "AST": 0, "STL": 0, "BLK": 0, "TOV": 0, "PF": 2, "PTS": 15, "PLUS_MINUS": -1, "VIDEO_AVAILABLE": 2}, {"SEASON_ID": "22017", "Player_ID": 1628398, "Game_ID": "0021700673", "GAME_DATE": "JAN 19, 2018", "MATCHUP": "LAL vs. IND", "WL": "W", "MIN": 32, "FGM": 5, "FGA": 15, "FG_PCT": 0.333, "FG3M": 3, "FG3A": 9, "FG3_PCT": 0.333, "FTM": 0, "FTA": 3, "FT_PCT": 0.0, "OREB": 0, "DREB": 5, "REB": 5, "AST": 3, "STL": 0, "BLK": 1, "TOV": 3, "PF": 3, "PTS": 13, "PLUS_MINUS": 3, "VIDEO_AVAILABLE": 1}, {"SEASON_ID": "22017", "Player_ID": 1628398, "Game_ID": "0021700660", "GAME_DATE": "JAN 17, 2018", "MATCHUP": "LAL @ OKC", "WL": "L", "MIN": 23, "FGM": 3, "FGA": 9, "FG_PCT": 0.333, "FG3M": 1, "FG3A": 5, "FG3_PCT": 0.2, "FTM": 0, "FTA": 0, "FT_PCT": 0.0, "OREB": 1, "DREB": 0, "REB": 1, "AST": 2, "STL": 1, "BLK": 0, "TOV": 2, "PF": 1, "PTS": 7, "PLUS_MINUS": -6, "VIDEO_AVAILABLE": 1}, {"SEASON_ID": "22017", "Player_ID": 1628398, "Game_ID": "0021700645", "GAME_DATE": "JAN 15, 2018", "MATCHUP": "LAL @ MEM", "WL": "L", "MIN": 29, "FGM": 6, "FGA": 16, "FG_PCT": 0.375, "FG3M": 4, "FG3A": 8, "FG3_PCT": 0.5, "FTM": 2, "FTA": 2, "FT_PCT": 1.0, "OREB": 1, "DREB": 6, "REB": 7, "AST": 5, "STL": 2, "BLK": 0, "TOV": 3, "PF": 3, "PTS": 18, "PLUS_MINUS": -3, "VIDEO_AVAILABLE": 1}, {"SEASON_ID": "22017", "Player_ID": 1628398, "Game_ID": "0021700627", "GAME_DATE": "JAN 13, 2018", "MATCHUP": "LAL @ DAL", "WL": "W", "MIN": 36, "FGM": 8, "FGA": 13, "FG_PCT": 0.615, "FG3M": 1, "FG3A": 2, "FG3_PCT": 0.5, "FTM": 1, "FTA": 2, "FT_PCT": 0.5, "OREB": 2, "DREB": 8, "REB": 10, "AST": 3, "STL": 1, "BLK": 0, "TOV": 2, "PF": 3, "PTS": 18, "PLUS_MINUS": 4, "VIDEO_AVAILABLE": 1}, {"SEASON_ID": "22017", "Player_ID": 1628398, "Game_ID": "0021700617", "GAME_DATE": "JAN 11, 2018", "MATCHUP": "LAL vs. SAS", "WL": "W", "MIN": 30, "FGM": 3, "FGA": 12, "FG_PCT": 0.25, "FG3M": 2, "FG3A": 9, "FG3_PCT": 0.222, "FTM": 2, "FTA": 2, "FT_PCT": 1.0, "OREB": 0, "DREB": 6, "REB": 6, "AST": 4, "STL": 2, "BLK": 0, "TOV": 0, "PF": 0, "PTS": 10, "PLUS_MINUS": 26, "VIDEO_AVAILABLE": 1}, {"SEASON_ID": "22017", "Player_ID": 1628398, "Game_ID": "0021700602", "GAME_DATE": "JAN 09, 2018", "MATCHUP": "LAL vs. SAC", "WL": "W", "MIN": 24, "FGM": 4, "FGA": 9, "FG_PCT": 0.444, "FG3M": 1, "FG3A": 4, "FG3_PCT": 0.25, "FTM": 0, "FTA": 1, "FT_PCT": 0.0, "OREB": 1, "DREB": 3, "REB": 4, "AST": 3, "STL": 3, "BLK": 1, "TOV": 3, "PF": 2, "PTS": 9, "PLUS_MINUS": -15, "VIDEO_AVAILABLE": 1}, {"SEASON_ID": "22017", "Player_ID": 1628398, "Game_ID": "0021700590", "GAME_DATE": "JAN 07, 2018", "MATCHUP": "LAL vs. ATL", "WL": "W", "MIN": 24, "FGM": 6, "FGA": 12, "FG_PCT": 0.5, "FG3M": 0, "FG3A": 3, "FG3_PCT": 0.0, "FTM": 2, "FTA": 3, "FT_PCT": 0.667, "OREB": 0, "DREB": 6, "REB": 6, "AST": 3, "STL": 0, "BLK": 1, "TOV": 3, "PF": 4, "PTS": 14, "PLUS_MINUS": 15, "VIDEO_AVAILABLE": 1}, {"SEASON_ID": "22017", "Player_ID": 1628398, "Game_ID": "0021700577", "GAME_DATE": "JAN 05, 2018", "MATCHUP": "LAL vs. CHA", "WL": "L", "MIN": 26, "FGM": 2, "FGA": 14, "FG_PCT": 0.143, "FG3M": 0, "FG3A": 6, "FG3_PCT": 0.0, "FTM": 0, "FTA": 0, "FT_PCT": 0.0, "OREB": 0, "DREB": 2, "REB": 2, "AST": 1, "STL": 0, "BLK": 2, "TOV": 3, "PF": 3, "PTS": 4, "PLUS_MINUS": -9, "VIDEO_AVAILABLE": 1}, {"SEASON_ID": "22017", "Player_ID": 1628398, "Game_ID": "0021700565", "GAME_DATE": "JAN 03, 2018", "MATCHUP": "LAL vs. OKC", "WL": "L", "MIN": 28, "FGM": 7, "FGA": 14, "FG_PCT": 0.5, "FG3M": 3, "FG3A": 6, "FG3_PCT": 0.5, "FTM": 1, "FTA": 3, "FT_PCT": 0.333, "OREB": 0, "DREB": 3, "REB": 3, "AST": 1, "STL": 0, "BLK": 2, "TOV": 4, "PF": 2, "PTS": 18, "PLUS_MINUS": -26, "VIDEO_AVAILABLE": 1}, {"SEASON_ID": "22017", "Player_ID": 1628398, "Game_ID": "0021700548", "GAME_DATE": "JAN 01, 2018", "MATCHUP": "LAL @ MIN", "WL": "L", "MIN": 18, "FGM": 2, "FGA": 7, "FG_PCT": 0.286, "FG3M": 2, "FG3A": 4, "FG3_PCT": 0.5, "FTM": 0, "FTA": 1, "FT_PCT": 0.0, "OREB": 0, "DREB": 1, "REB": 1, "AST": 1, "STL": 0, "BLK": 0, "TOV": 1, "PF": 2, "PTS": 6, "PLUS_MINUS": -16, "VIDEO_AVAILABLE": 1}, {"SEASON_ID": "22017", "Player_ID": 1628398, "Game_ID": "0021700540", "GAME_DATE": "DEC 31, 2017", "MATCHUP": "LAL @ HOU", "WL": "L", "MIN": 43, "FGM": 7, "FGA": 20, "FG_PCT": 0.35, "FG3M": 5, "FG3A": 10, "FG3_PCT": 0.5, "FTM": 4, "FTA": 4, "FT_PCT": 1.0, "OREB": 1, "DREB": 4, "REB": 5, "AST": 3, "STL": 0, "BLK": 2, "TOV": 1, "PF": 4, "PTS": 23, "PLUS_MINUS": -7, "VIDEO_AVAILABLE": 1}, {"SEASON_ID": "22017", "Player_ID": 1628398, "Game_ID": "0021700529", "GAME_DATE": "DEC 29, 2017", "MATCHUP": "LAL vs. LAC", "WL": "L", "MIN": 37, "FGM": 6, "FGA": 14, "FG_PCT": 0.429, "FG3M": 1, "FG3A": 7, "FG3_PCT": 0.143, "FTM": 0, "FTA": 1, "FT_PCT": 0.0, "OREB": 1, "DREB": 4, "REB": 5, "AST": 2, "STL": 0, "BLK": 0, "TOV": 1, "PF": 3, "PTS": 13, "PLUS_MINUS": -9, "VIDEO_AVAILABLE": 1}, {"SEASON_ID": "22017", "Player_ID": 1628398, "Game_ID": "0021700515", "GAME_DATE": "DEC 27, 2017", "MATCHUP": "LAL vs. MEM", "WL": "L", "MIN": 34, "FGM": 4, "FGA": 24, "FG_PCT": 0.167, "FG3M": 1, "FG3A": 11, "FG3_PCT": 0.091, "FTM": 0, "FTA": 0, "FT_PCT": 0.0, "OREB": 2, "DREB": 6, "REB": 8, "AST": 1, "STL": 2, "BLK": 0, "TOV": 1, "PF": 4, "PTS": 9, "PLUS_MINUS": -7, "VIDEO_AVAILABLE": 1}, {"SEASON_ID": "22017", "Player_ID": 1628398, "Game_ID": "0021700497", "GAME_DATE": "DEC 25, 2017", "MATCHUP": "LAL vs. MIN", "WL": "L", "MIN": 41, "FGM": 8, "FGA": 18, "FG_PCT": 0.444, "FG3M": 6, "FG3A": 11, "FG3_PCT": 0.545, "FTM": 9, "FTA": 13, "FT_PCT": 0.692, "OREB": 1, "DREB": 2, "REB": 3, "AST": 4, "STL": 2, "BLK": 1, "TOV": 2, "PF": 0, "PTS": 31, "PLUS_MINUS": -9, "VIDEO_AVAILABLE": 1}, {"SEASON_ID": "22017", "Player_ID": 1628398, "Game_ID": "0021700491", "GAME_DATE": "DEC 23, 2017", "MATCHUP": "LAL vs. POR", "WL": "L", "MIN": 35, "FGM": 6, "FGA": 19, "FG_PCT": 0.316, "FG3M": 2, "FG3A": 6, "FG3_PCT": 0.333, "FTM": 4, "FTA": 5, "FT_PCT": 0.8, "OREB": 3, "DREB": 4, "REB": 7, "AST": 3, "STL": 1, "BLK": 0, "TOV": 3, "PF": 4, "PTS": 18, "PLUS_MINUS": 6, "VIDEO_AVAILABLE": 1}, {"SEASON_ID": "22017", "Player_ID": 1628398, "Game_ID": "0021700479", "GAME_DATE": "DEC 22, 2017", "MATCHUP": "LAL @ GSW", "WL": "L", "MIN": 43, "FGM": 9, "FGA": 15, "FG_PCT": 0.6, "FG3M": 3, "FG3A": 6, "FG3_PCT": 0.5, "FTM": 6, "FTA": 8, "FT_PCT": 0.75, "OREB": 3, "DREB": 11, "REB": 14, "AST": 1, "STL": 2, "BLK": 1, "TOV": 3, "PF": 3, "PTS": 27, "PLUS_MINUS": -5, "VIDEO_AVAILABLE": 1}, {"SEASON_ID": "22017", "Player_ID": 1628398, "Game_ID": "0021700459", "GAME_DATE": "DEC 20, 2017", "MATCHUP": "LAL @ HOU", "WL": "W", "MIN": 40, "FGM": 12, "FGA": 17, "FG_PCT": 0.706, "FG3M": 7, "FG3A": 10, "FG3_PCT": 0.7, "FTM": 7, "FTA": 10, "FT_PCT": 0.7, "OREB": 1, "DREB": 6, "REB": 7, "AST": 4, "STL": 0, "BLK": 1, "TOV": 0, "PF": 1, "PTS": 38, "PLUS_MINUS": 9, "VIDEO_AVAILABLE": 2}, {"SEASON_ID": "22017", "Player_ID": 1628398, "Game_ID": "0021700450", "GAME_DATE": "DEC 18, 2017", "MATCHUP": "LAL vs. GSW", "WL": "L", "MIN": 40, "FGM": 10, "FGA": 16, "FG_PCT": 0.625, "FG3M": 4, "FG3A": 6, "FG3_PCT": 0.667, "FTM": 1, "FTA": 1, "FT_PCT": 1.0, "OREB": 1, "DREB": 5, "REB": 6, "AST": 3, "STL": 0, "BLK": 1, "TOV": 2, "PF": 3, "PTS": 25, "PLUS_MINUS": -17, "VIDEO_AVAILABLE": 1}, {"SEASON_ID": "22017", "Player_ID": 1628398, "Game_ID": "0021700415", "GAME_DATE": "DEC 14, 2017", "MATCHUP": "LAL @ CLE", "WL": "L", "MIN": 31, "FGM": 8, "FGA": 16, "FG_PCT": 0.5, "FG3M": 1, "FG3A": 5, "FG3_PCT": 0.2, "FTM": 3, "FTA": 3, "FT_PCT": 1.0, "OREB": 3, "DREB": 4, "REB": 7, "AST": 1, "STL": 0, "BLK": 0, "TOV": 4, "PF": 3, "PTS": 20, "PLUS_MINUS": -8, "VIDEO_AVAILABLE": 1}, {"SEASON_ID": "22017", "Player_ID": 1628398, "Game_ID": "0021700399", "GAME_DATE": "DEC 12, 2017", "MATCHUP": "LAL @ NYK", "WL": "L", "MIN": 30, "FGM": 8, "FGA": 17, "FG_PCT": 0.471, "FG3M": 3, "FG3A": 6, "FG3_PCT": 0.5, "FTM": 0, "FTA": 0, "FT_PCT": 0.0, "OREB": 3, "DREB": 3, "REB": 6, "AST": 1, "STL": 0, "BLK": 2, "TOV": 0, "PF": 4, "PTS": 19, "PLUS_MINUS": 1, "VIDEO_AVAILABLE": 1}, {"SEASON_ID": "22017", "Player_ID": 1628398, "Game_ID": "0021700377", "GAME_DATE": "DEC 09, 2017", "MATCHUP": "LAL @ CHA", "WL": "W", "MIN": 32, "FGM": 6, "FGA": 11, "FG_PCT": 0.545, "FG3M": 0, "FG3A": 3, "FG3_PCT": 0.0, "FTM": 0, "FTA": 0, "FT_PCT": 0.0, "OREB": 3, "DREB": 11, "REB": 14, "AST": 2, "STL": 0, "BLK": 1, "TOV": 0, "PF": 0, "PTS": 12, "PLUS_MINUS": 21, "VIDEO_AVAILABLE": 1}, {"SEASON_ID": "22017", "Player_ID": 1628398, "Game_ID": "0021700363", "GAME_DATE": "DEC 07, 2017", "MATCHUP": "LAL @ PHI", "WL": "W", "MIN": 19, "FGM": 1, "FGA": 7, "FG_PCT": 0.143, "FG3M": 1, "FG3A": 3, "FG3_PCT": 0.333, "FTM": 0, "FTA": 0, "FT_PCT": 0.0, "OREB": 0, "DREB": 2, "REB": 2, "AST": 1, "STL": 0, "BLK": 0, "TOV": 1, "PF": 1, "PTS": 3, "PLUS_MINUS": 2, "VIDEO_AVAILABLE": 1}, {"SEASON_ID": "22017", "Player_ID": 1628398, "Game_ID": "0021700338", "GAME_DATE": "DEC 03, 2017", "MATCHUP": "LAL vs. HOU", "WL": "L", "MIN": 28, "FGM": 8, "FGA": 16, "FG_PCT": 0.5, "FG3M": 3, "FG3A": 7, "FG3_PCT": 0.429, "FTM": 3, "FTA": 5, "FT_PCT": 0.6, "OREB": 3, "DREB": 9, "REB": 12, "AST": 0, "STL": 1, "BLK": 1, "TOV": 2, "PF": 1, "PTS": 22, "PLUS_MINUS": -25, "VIDEO_AVAILABLE": 1}, {"SEASON_ID": "22017", "Player_ID": 1628398, "Game_ID": "0021700332", "GAME_DATE": "DEC 02, 2017", "MATCHUP": "LAL @ DEN", "WL": "L", "MIN": 27, "FGM": 5, "FGA": 13, "FG_PCT": 0.385, "FG3M": 1, "FG3A": 4, "FG3_PCT": 0.25, "FTM": 2, "FTA": 2, "FT_PCT": 1.0, "OREB": 2, "DREB": 8, "REB": 10, "AST": 2, "STL": 0, "BLK": 0, "TOV": 3, "PF": 3, "PTS": 13, "PLUS_MINUS": -7, "VIDEO_AVAILABLE": 1}, {"SEASON_ID": "22017", "Player_ID": 1628398, "Game_ID": "0021700297", "GAME_DATE": "NOV 27, 2017", "MATCHUP": "LAL @ LAC", "WL": "L", "MIN": 20, "FGM": 5, "FGA": 7, "FG_PCT": 0.714, "FG3M": 3, "FG3A": 5, "FG3_PCT": 0.6, "FTM": 2, "FTA": 2, "FT_PCT": 1.0, "OREB": 1, "DREB": 1, "REB": 2, "AST": 3, "STL": 0, "BLK": 0, "TOV": 3, "PF": 2, "PTS": 15, "PLUS_MINUS": 12, "VIDEO_AVAILABLE": 1}, {"SEASON_ID": "22017", "Player_ID": 1628398, "Game_ID": "0021700266", "GAME_DATE": "NOV 22, 2017", "MATCHUP": "LAL @ SAC", "WL": "L", "MIN": 36, "FGM": 7, "FGA": 17, "FG_PCT": 0.412, "FG3M": 3, "FG3A": 7, "FG3_PCT": 0.429, "FTM": 0, "FTA": 0, "FT_PCT": 0.0, "OREB": 0, "DREB": 2, "REB": 2, "AST": 0, "STL": 1, "BLK": 0, "TOV": 2, "PF": 4, "PTS": 17, "PLUS_MINUS": -15, "VIDEO_AVAILABLE": 2}, {"SEASON_ID": "22017", "Player_ID": 1628398, "Game_ID": "0021700252", "GAME_DATE": "NOV 21, 2017", "MATCHUP": "LAL vs. CHI", "WL": "W", "MIN": 40, "FGM": 7, "FGA": 15, "FG_PCT": 0.467, "FG3M": 4, "FG3A": 7, "FG3_PCT": 0.571, "FTM": 4, "FTA": 7, "FT_PCT": 0.571, "OREB": 1, "DREB": 2, "REB": 3, "AST": 5, "STL": 0, "BLK": 0, "TOV": 2, "PF": 4, "PTS": 22, "PLUS_MINUS": 9, "VIDEO_AVAILABLE": 1}, {"SEASON_ID": "22017", "Player_ID": 1628398, "Game_ID": "0021700240", "GAME_DATE": "NOV 19, 2017", "MATCHUP": "LAL vs. DEN", "WL": "W", "MIN": 26, "FGM": 7, "FGA": 11, "FG_PCT": 0.636, "FG3M": 3, "FG3A": 4, "FG3_PCT": 0.75, "FTM": 0, "FTA": 2, "FT_PCT": 0.0, "OREB": 1, "DREB": 2, "REB": 3, "AST": 3, "STL": 1, "BLK": 0, "TOV": 3, "PF": 2, "PTS": 17, "PLUS_MINUS": 1, "VIDEO_AVAILABLE": 1}, {"SEASON_ID": "22017", "Player_ID": 1628398, "Game_ID": "0021700227", "GAME_DATE": "NOV 17, 2017", "MATCHUP": "LAL vs. PHX", "WL": "L", "MIN": 38, "FGM": 11, "FGA": 23, "FG_PCT": 0.478, "FG3M": 2, "FG3A": 7, "FG3_PCT": 0.286, "FTM": 6, "FTA": 7, "FT_PCT": 0.857, "OREB": 2, "DREB": 8, "REB": 10, "AST": 1, "STL": 0, "BLK": 0, "TOV": 3, "PF": 1, "PTS": 30, "PLUS_MINUS": 0, "VIDEO_AVAILABLE": 1}, {"SEASON_ID": "22017", "Player_ID": 1628398, "Game_ID": "0021700214", "GAME_DATE": "NOV 15, 2017", "MATCHUP": "LAL vs. PHI", "WL": "L", "MIN": 31, "FGM": 9, "FGA": 18, "FG_PCT": 0.5, "FG3M": 1, "FG3A": 4, "FG3_PCT": 0.25, "FTM": 5, "FTA": 6, "FT_PCT": 0.833, "OREB": 4, "DREB": 3, "REB": 7, "AST": 1, "STL": 0, "BLK": 0, "TOV": 2, "PF": 2, "PTS": 24, "PLUS_MINUS": -4, "VIDEO_AVAILABLE": 1}, {"SEASON_ID": "22017", "Player_ID": 1628398, "Game_ID": "0021700196", "GAME_DATE": "NOV 13, 2017", "MATCHUP": "LAL @ PHX", "WL": "W", "MIN": 34, "FGM": 4, "FGA": 12, "FG_PCT": 0.333, "FG3M": 3, "FG3A": 6, "FG3_PCT": 0.5, "FTM": 0, "FTA": 0, "FT_PCT": 0.0, "OREB": 0, "DREB": 6, "REB": 6, "AST": 2, "STL": 0, "BLK": 0, "TOV": 1, "PF": 0, "PTS": 11, "PLUS_MINUS": -10, "VIDEO_AVAILABLE": 2}, {"SEASON_ID": "22017", "Player_ID": 1628398, "Game_ID": "0021700182", "GAME_DATE": "NOV 11, 2017", "MATCHUP": "LAL @ MIL", "WL": "L", "MIN": 42, "FGM": 8, "FGA": 17, "FG_PCT": 0.471, "FG3M": 1, "FG3A": 4, "FG3_PCT": 0.25, "FTM": 4, "FTA": 5, "FT_PCT": 0.8, "OREB": 3, "DREB": 8, "REB": 11, "AST": 1, "STL": 1, "BLK": 1, "TOV": 2, "PF": 3, "PTS": 21, "PLUS_MINUS": 0, "VIDEO_AVAILABLE": 1}, {"SEASON_ID": "22017", "Player_ID": 1628398, "Game_ID": "0021700164", "GAME_DATE": "NOV 09, 2017", "MATCHUP": "LAL @ WAS", "WL": "L", "MIN": 35, "FGM": 4, "FGA": 14, "FG_PCT": 0.286, "FG3M": 0, "FG3A": 2, "FG3_PCT": 0.0, "FTM": 5, "FTA": 6, "FT_PCT": 0.833, "OREB": 5, "DREB": 4, "REB": 9, "AST": 1, "STL": 0, "BLK": 0, "TOV": 5, "PF": 3, "PTS": 13, "PLUS_MINUS": -10, "VIDEO_AVAILABLE": 1}, {"SEASON_ID": "22017", "Player_ID": 1628398, "Game_ID": "0021700161", "GAME_DATE": "NOV 08, 2017", "MATCHUP": "LAL @ BOS", "WL": "L", "MIN": 34, "FGM": 4, "FGA": 10, "FG_PCT": 0.4, "FG3M": 0, "FG3A": 2, "FG3_PCT": 0.0, "FTM": 2, "FTA": 2, "FT_PCT": 1.0, "OREB": 2, "DREB": 4, "REB": 6, "AST": 1, "STL": 0, "BLK": 0, "TOV": 3, "PF": 5, "PTS": 10, "PLUS_MINUS": 0, "VIDEO_AVAILABLE": 1}, {"SEASON_ID": "22017", "Player_ID": 1628398, "Game_ID": "0021700145", "GAME_DATE": "NOV 05, 2017", "MATCHUP": "LAL vs. MEM", "WL": "W", "MIN": 38, "FGM": 5, "FGA": 9, "FG_PCT": 0.556, "FG3M": 1, "FG3A": 3, "FG3_PCT": 0.333, "FTM": 2, "FTA": 2, "FT_PCT": 1.0, "OREB": 1, "DREB": 11, "REB": 12, "AST": 1, "STL": 0, "BLK": 0, "TOV": 1, "PF": 0, "PTS": 13, "PLUS_MINUS": 4, "VIDEO_AVAILABLE": 1}, {"SEASON_ID": "22017", "Player_ID": 1628398, "Game_ID": "0021700130", "GAME_DATE": "NOV 03, 2017", "MATCHUP": "LAL vs. BKN", "WL": "W", "MIN": 39, "FGM": 8, "FGA": 11, "FG_PCT": 0.727, "FG3M": 1, "FG3A": 3, "FG3_PCT": 0.333, "FTM": 4, "FTA": 4, "FT_PCT": 1.0, "OREB": 0, "DREB": 13, "REB": 13, "AST": 1, "STL": 1, "BLK": 0, "TOV": 1, "PF": 2, "PTS": 21, "PLUS_MINUS": 13, "VIDEO_AVAILABLE": 1}, {"SEASON_ID": "22017", "Player_ID": 1628398, "Game_ID": "0021700118", "GAME_DATE": "NOV 02, 2017", "MATCHUP": "LAL @ POR", "WL": "L", "MIN": 29, "FGM": 10, "FGA": 17, "FG_PCT": 0.588, "FG3M": 1, "FG3A": 5, "FG3_PCT": 0.2, "FTM": 1, "FTA": 2, "FT_PCT": 0.5, "OREB": 1, "DREB": 2, "REB": 3, "AST": 0, "STL": 0, "BLK": 1, "TOV": 2, "PF": 3, "PTS": 22, "PLUS_MINUS": -11, "VIDEO_AVAILABLE": 2}, {"SEASON_ID": "22017", "Player_ID": 1628398, "Game_ID": "0021700104", "GAME_DATE": "OCT 31, 2017", "MATCHUP": "LAL vs. DET", "WL": "W", "MIN": 20, "FGM": 6, "FGA": 8, "FG_PCT": 0.75, "FG3M": 4, "FG3A": 4, "FG3_PCT": 1.0, "FTM": 0, "FTA": 0, "FT_PCT": 0.0, "OREB": 2, "DREB": 4, "REB": 6, "AST": 3, "STL": 0, "BLK": 0, "TOV": 0, "PF": 1, "PTS": 16, "PLUS_MINUS": 8, "VIDEO_AVAILABLE": 2}, {"SEASON_ID": "22017", "Player_ID": 1628398, "Game_ID": "0021700082", "GAME_DATE": "OCT 28, 2017", "MATCHUP": "LAL @ UTA", "WL": "L", "MIN": 22, "FGM": 4, "FGA": 10, "FG_PCT": 0.4, "FG3M": 1, "FG3A": 3, "FG3_PCT": 0.333, "FTM": 0, "FTA": 0, "FT_PCT": 0.0, "OREB": 1, "DREB": 2, "REB": 3, "AST": 3, "STL": 1, "BLK": 0, "TOV": 0, "PF": 1, "PTS": 9, "PLUS_MINUS": -4, "VIDEO_AVAILABLE": 1}, {"SEASON_ID": "22017", "Player_ID": 1628398, "Game_ID": "0021700076", "GAME_DATE": "OCT 27, 2017", "MATCHUP": "LAL vs. TOR", "WL": "L", "MIN": 32, "FGM": 7, "FGA": 14, "FG_PCT": 0.5, "FG3M": 1, "FG3A": 5, "FG3_PCT": 0.2, "FTM": 0, "FTA": 0, "FT_PCT": 0.0, "OREB": 2, "DREB": 8, "REB": 10, "AST": 1, "STL": 0, "BLK": 0, "TOV": 4, "PF": 2, "PTS": 15, "PLUS_MINUS": 3, "VIDEO_AVAILABLE": 1}, {"SEASON_ID": "22017", "Player_ID": 1628398, "Game_ID": "0021700064", "GAME_DATE": "OCT 25, 2017", "MATCHUP": "LAL vs. WAS", "WL": "W", "MIN": 34, "FGM": 6, "FGA": 15, "FG_PCT": 0.4, "FG3M": 1, "FG3A": 6, "FG3_PCT": 0.167, "FTM": 2, "FTA": 2, "FT_PCT": 1.0, "OREB": 0, "DREB": 3, "REB": 3, "AST": 0, "STL": 0, "BLK": 0, "TOV": 3, "PF": 1, "PTS": 15, "PLUS_MINUS": 4, "VIDEO_AVAILABLE": 1}, {"SEASON_ID": "22017", "Player_ID": 1628398, "Game_ID": "0021700040", "GAME_DATE": "OCT 22, 2017", "MATCHUP": "LAL vs. NOP", "WL": "L", "MIN": 30, "FGM": 7, "FGA": 13, "FG_PCT": 0.538, "FG3M": 2, "FG3A": 6, "FG3_PCT": 0.333, "FTM": 4, "FTA": 4, "FT_PCT": 1.0, "OREB": 1, "DREB": 5, "REB": 6, "AST": 2, "STL": 1, "BLK": 0, "TOV": 2, "PF": 3, "PTS": 20, "PLUS_MINUS": 2, "VIDEO_AVAILABLE": 1}, {"SEASON_ID": "22017", "Player_ID": 1628398, "Game_ID": "0021700026", "GAME_DATE": "OCT 20, 2017", "MATCHUP": "LAL @ PHX", "WL": "W", "MIN": 28, "FGM": 6, "FGA": 7, "FG_PCT": 0.857, "FG3M": 1, "FG3A": 2, "FG3_PCT": 0.5, "FTM": 2, "FTA": 3, "FT_PCT": 0.667, "OREB": 0, "DREB": 3, "REB": 3, "AST": 2, "STL": 0, "BLK": 0, "TOV": 0, "PF": 0, "PTS": 15, "PLUS_MINUS": -18, "VIDEO_AVAILABLE": 2}, {"SEASON_ID": "22017", "Player_ID": 1628398, "Game_ID": "0021700016", "GAME_DATE": "OCT 19, 2017", "MATCHUP": "LAL vs. LAC", "WL": "L", "MIN": 19, "FGM": 4, "FGA": 8, "FG_PCT": 0.5, "FG3M": 0, "FG3A": 2, "FG3_PCT": 0.0, "FTM": 0, "FTA": 2, "FT_PCT": 0.0, "OREB": 2, "DREB": 2, "REB": 4, "AST": 1, "STL": 2, "BLK": 0, "TOV": 0, "PF": 2, "PTS": 8, "PLUS_MINUS": -17, "VIDEO_AVAILABLE": 1}]