{"firstName": "Kyle", "lastName": "Kuzma", "temporaryDisplayName": "Kuzma, Kyle", "personId": "1628398", "teamId": "1610612747", "jersey": "0", "isActive": true, "pos": "F", "heightFeet": "6", "heightInches": "9", "heightMeters": "2.06", "weightPounds": "220", "weightKilograms": "99.8", "dateOfBirthUTC": "1995-07-24", "teamSitesOnly": {"playerCode": "kyle_kuzma", "posFull": "Forward", "displayAffiliation": "Utah/USA", "freeAgentCode": ""}, "teams": [{"teamId": "1610612747", "seasonStart": "2017", "seasonEnd": "2019"}], "draft": {"teamId": "1610612751", "pickNum": "27", "roundNum": "1", "seasonYear": "2017"}, "nbaDebutYear": "2017", "yearsPro": "2", "collegeName": "Utah", "lastAffiliation": "Utah/USA", "country": "USA"}