[{"SEASON_ID": "22015", "Player_ID": 204001, "Game_ID": "0021501102", "GAME_DATE": "MAR 28, 2016", "MATCHUP": "NYK @ NOP", "WL": "L", "MIN": 35, "FGM": 4, "FGA": 10, "FG_PCT": 0.4, "FG3M": 2, "FG3A": 4, "FG3_PCT": 0.5, "FTM": 6, "FTA": 8, "FT_PCT": 0.75, "OREB": 1, "DREB": 9, "REB": 10, "AST": 2, "STL": 2, "BLK": 3, "TOV": 1, "PF": 2, "PTS": 16, "PLUS_MINUS": -1, "VIDEO_AVAILABLE": 1}, {"SEASON_ID": "22015", "Player_ID": 204001, "Game_ID": "0021501086", "GAME_DATE": "MAR 26, 2016", "MATCHUP": "NYK vs. CLE", "WL": "L", "MIN": 41, "FGM": 7, "FGA": 16, "FG_PCT": 0.438, "FG3M": 1, "FG3A": 5, "FG3_PCT": 0.2, "FTM": 4, "FTA": 6, "FT_PCT": 0.667, "OREB": 3, "DREB": 3, "REB": 6, "AST": 3, "STL": 1, "BLK": 0, "TOV": 2, "PF": 2, "PTS": 19, "PLUS_MINUS": -11, "VIDEO_AVAILABLE": 1}, {"SEASON_ID": "22015", "Player_ID": 204001, "Game_ID": "0021501070", "GAME_DATE": "MAR 24, 2016", "MATCHUP": "NYK vs. CHI", "WL": "W", "MIN": 35, "FGM": 7, "FGA": 15, "FG_PCT": 0.467, "FG3M": 2, "FG3A": 5, "FG3_PCT": 0.4, "FTM": 3, "FTA": 3, "FT_PCT": 1.0, "OREB": 1, "DREB": 9, "REB": 10, "AST": 0, "STL": 0, "BLK": 3, "TOV": 1, "PF": 2, "PTS": 19, "PLUS_MINUS": 14, "VIDEO_AVAILABLE": 1}, {"SEASON_ID": "22015", "Player_ID": 204001, "Game_ID": "0021501060", "GAME_DATE": "MAR 23, 2016", "MATCHUP": "NYK @ CHI", "WL": "W", "MIN": 31, "FGM": 11, "FGA": 16, "FG_PCT": 0.688, "FG3M": 3, "FG3A": 6, "FG3_PCT": 0.5, "FTM": 4, "FTA": 6, "FT_PCT": 0.667, "OREB": 2, "DREB": 8, "REB": 10, "AST": 1, "STL": 0, "BLK": 0, "TOV": 3, "PF": 5, "PTS": 29, "PLUS_MINUS": 12, "VIDEO_AVAILABLE": 1}, {"SEASON_ID": "22015", "Player_ID": 204001, "Game_ID": "0021501042", "GAME_DATE": "MAR 20, 2016", "MATCHUP": "NYK vs. SAC", "WL": "L", "MIN": 35, "FGM": 6, "FGA": 17, "FG_PCT": 0.353, "FG3M": 0, "FG3A": 4, "FG3_PCT": 0.0, "FTM": 1, "FTA": 2, "FT_PCT": 0.5, "OREB": 2, "DREB": 5, "REB": 7, "AST": 2, "STL": 0, "BLK": 2, "TOV": 1, "PF": 3, "PTS": 13, "PLUS_MINUS": -2, "VIDEO_AVAILABLE": 1}, {"SEASON_ID": "22015", "Player_ID": 204001, "Game_ID": "0021501032", "GAME_DATE": "MAR 19, 2016", "MATCHUP": "NYK @ WAS", "WL": "L", "MIN": 39, "FGM": 7, "FGA": 14, "FG_PCT": 0.5, "FG3M": 2, "FG3A": 3, "FG3_PCT": 0.667, "FTM": 4, "FTA": 4, "FT_PCT": 1.0, "OREB": 3, "DREB": 4, "REB": 7, "AST": 2, "STL": 0, "BLK": 3, "TOV": 5, "PF": 3, "PTS": 20, "PLUS_MINUS": -11, "VIDEO_AVAILABLE": 1}, {"SEASON_ID": "22015", "Player_ID": 204001, "Game_ID": "0021501011", "GAME_DATE": "MAR 16, 2016", "MATCHUP": "NYK @ GSW", "WL": "L", "MIN": 26, "FGM": 1, "FGA": 11, "FG_PCT": 0.091, "FG3M": 0, "FG3A": 2, "FG3_PCT": 0.0, "FTM": 0, "FTA": 0, "FT_PCT": 0.0, "OREB": 0, "DREB": 7, "REB": 7, "AST": 3, "STL": 0, "BLK": 1, "TOV": 2, "PF": 2, "PTS": 2, "PLUS_MINUS": -24, "VIDEO_AVAILABLE": 1}, {"SEASON_ID": "22015", "Player_ID": 204001, "Game_ID": "0021500972", "GAME_DATE": "MAR 11, 2016", "MATCHUP": "NYK @ LAC", "WL": "L", "MIN": 31, "FGM": 6, "FGA": 17, "FG_PCT": 0.353, "FG3M": 1, "FG3A": 4, "FG3_PCT": 0.25, "FTM": 10, "FTA": 11, "FT_PCT": 0.909, "OREB": 0, "DREB": 4, "REB": 4, "AST": 2, "STL": 1, "BLK": 1, "TOV": 1, "PF": 3, "PTS": 23, "PLUS_MINUS": -2, "VIDEO_AVAILABLE": 1}, {"SEASON_ID": "22015", "Player_ID": 204001, "Game_ID": "0021500956", "GAME_DATE": "MAR 09, 2016", "MATCHUP": "NYK @ PHX", "WL": "W", "MIN": 22, "FGM": 2, "FGA": 10, "FG_PCT": 0.2, "FG3M": 1, "FG3A": 3, "FG3_PCT": 0.333, "FTM": 8, "FTA": 9, "FT_PCT": 0.889, "OREB": 1, "DREB": 4, "REB": 5, "AST": 0, "STL": 0, "BLK": 0, "TOV": 1, "PF": 4, "PTS": 13, "PLUS_MINUS": 27, "VIDEO_AVAILABLE": 1}, {"SEASON_ID": "22015", "Player_ID": 204001, "Game_ID": "0021500946", "GAME_DATE": "MAR 08, 2016", "MATCHUP": "NYK @ DEN", "WL": "L", "MIN": 20, "FGM": 3, "FGA": 11, "FG_PCT": 0.273, "FG3M": 0, "FG3A": 3, "FG3_PCT": 0.0, "FTM": 0, "FTA": 0, "FT_PCT": 0.0, "OREB": 0, "DREB": 5, "REB": 5, "AST": 3, "STL": 1, "BLK": 2, "TOV": 3, "PF": 3, "PTS": 6, "PLUS_MINUS": -8, "VIDEO_AVAILABLE": 1}, {"SEASON_ID": "22015", "Player_ID": 204001, "Game_ID": "0021500915", "GAME_DATE": "MAR 04, 2016", "MATCHUP": "NYK @ BOS", "WL": "L", "MIN": 20, "FGM": 6, "FGA": 14, "FG_PCT": 0.429, "FG3M": 1, "FG3A": 3, "FG3_PCT": 0.333, "FTM": 2, "FTA": 4, "FT_PCT": 0.5, "OREB": 3, "DREB": 2, "REB": 5, "AST": 2, "STL": 0, "BLK": 0, "TOV": 0, "PF": 1, "PTS": 15, "PLUS_MINUS": 8, "VIDEO_AVAILABLE": 1}, {"SEASON_ID": "22015", "Player_ID": 204001, "Game_ID": "0021500893", "GAME_DATE": "MAR 01, 2016", "MATCHUP": "NYK vs. POR", "WL": "L", "MIN": 25, "FGM": 4, "FGA": 10, "FG_PCT": 0.4, "FG3M": 1, "FG3A": 2, "FG3_PCT": 0.5, "FTM": 2, "FTA": 3, "FT_PCT": 0.667, "OREB": 0, "DREB": 7, "REB": 7, "AST": 1, "STL": 1, "BLK": 3, "TOV": 1, "PF": 5, "PTS": 11, "PLUS_MINUS": -9, "VIDEO_AVAILABLE": 1}, {"SEASON_ID": "22015", "Player_ID": 204001, "Game_ID": "0021500883", "GAME_DATE": "FEB 28, 2016", "MATCHUP": "NYK vs. MIA", "WL": "L", "MIN": 22, "FGM": 4, "FGA": 13, "FG_PCT": 0.308, "FG3M": 1, "FG3A": 3, "FG3_PCT": 0.333, "FTM": 0, "FTA": 0, "FT_PCT": 0.0, "OREB": 2, "DREB": 6, "REB": 8, "AST": 1, "STL": 0, "BLK": 4, "TOV": 0, "PF": 4, "PTS": 9, "PLUS_MINUS": -17, "VIDEO_AVAILABLE": 1}, {"SEASON_ID": "22015", "Player_ID": 204001, "Game_ID": "0021500863", "GAME_DATE": "FEB 26, 2016", "MATCHUP": "NYK vs. ORL", "WL": "W", "MIN": 25, "FGM": 7, "FGA": 15, "FG_PCT": 0.467, "FG3M": 0, "FG3A": 3, "FG3_PCT": 0.0, "FTM": 4, "FTA": 4, "FT_PCT": 1.0, "OREB": 2, "DREB": 4, "REB": 6, "AST": 2, "STL": 2, "BLK": 2, "TOV": 0, "PF": 1, "PTS": 18, "PLUS_MINUS": 12, "VIDEO_AVAILABLE": 1}, {"SEASON_ID": "22015", "Player_ID": 204001, "Game_ID": "0021500846", "GAME_DATE": "FEB 24, 2016", "MATCHUP": "NYK @ IND", "WL": "L", "MIN": 36, "FGM": 7, "FGA": 14, "FG_PCT": 0.5, "FG3M": 2, "FG3A": 7, "FG3_PCT": 0.286, "FTM": 6, "FTA": 8, "FT_PCT": 0.75, "OREB": 0, "DREB": 2, "REB": 2, "AST": 1, "STL": 2, "BLK": 1, "TOV": 1, "PF": 2, "PTS": 22, "PLUS_MINUS": -4, "VIDEO_AVAILABLE": 1}, {"SEASON_ID": "22015", "Player_ID": 204001, "Game_ID": "0021500835", "GAME_DATE": "FEB 22, 2016", "MATCHUP": "NYK vs. TOR", "WL": "L", "MIN": 33, "FGM": 7, "FGA": 14, "FG_PCT": 0.5, "FG3M": 2, "FG3A": 6, "FG3_PCT": 0.333, "FTM": 1, "FTA": 1, "FT_PCT": 1.0, "OREB": 0, "DREB": 2, "REB": 2, "AST": 1, "STL": 0, "BLK": 0, "TOV": 0, "PF": 2, "PTS": 17, "PLUS_MINUS": -27, "VIDEO_AVAILABLE": 1}, {"SEASON_ID": "22015", "Player_ID": 204001, "Game_ID": "0021500821", "GAME_DATE": "FEB 20, 2016", "MATCHUP": "NYK @ MIN", "WL": "W", "MIN": 12, "FGM": 2, "FGA": 6, "FG_PCT": 0.333, "FG3M": 0, "FG3A": 0, "FG3_PCT": 0.0, "FTM": 2, "FTA": 2, "FT_PCT": 1.0, "OREB": 0, "DREB": 2, "REB": 2, "AST": 0, "STL": 1, "BLK": 1, "TOV": 1, "PF": 4, "PTS": 6, "PLUS_MINUS": 10, "VIDEO_AVAILABLE": 1}, {"SEASON_ID": "22015", "Player_ID": 204001, "Game_ID": "0021500807", "GAME_DATE": "FEB 19, 2016", "MATCHUP": "NYK @ BKN", "WL": "L", "MIN": 35, "FGM": 6, "FGA": 15, "FG_PCT": 0.4, "FG3M": 1, "FG3A": 5, "FG3_PCT": 0.2, "FTM": 5, "FTA": 5, "FT_PCT": 1.0, "OREB": 1, "DREB": 7, "REB": 8, "AST": 2, "STL": 1, "BLK": 3, "TOV": 4, "PF": 4, "PTS": 18, "PLUS_MINUS": 1, "VIDEO_AVAILABLE": 1}, {"SEASON_ID": "22015", "Player_ID": 204001, "Game_ID": "0021500785", "GAME_DATE": "FEB 09, 2016", "MATCHUP": "NYK vs. WAS", "WL": "L", "MIN": 30, "FGM": 8, "FGA": 14, "FG_PCT": 0.571, "FG3M": 2, "FG3A": 6, "FG3_PCT": 0.333, "FTM": 2, "FTA": 2, "FT_PCT": 1.0, "OREB": 2, "DREB": 3, "REB": 5, "AST": 3, "STL": 0, "BLK": 3, "TOV": 3, "PF": 2, "PTS": 20, "PLUS_MINUS": -2, "VIDEO_AVAILABLE": 1}, {"SEASON_ID": "22015", "Player_ID": 204001, "Game_ID": "0021500770", "GAME_DATE": "FEB 07, 2016", "MATCHUP": "NYK vs. DEN", "WL": "L", "MIN": 35, "FGM": 10, "FGA": 23, "FG_PCT": 0.435, "FG3M": 1, "FG3A": 3, "FG3_PCT": 0.333, "FTM": 0, "FTA": 0, "FT_PCT": 0.0, "OREB": 3, "DREB": 10, "REB": 13, "AST": 2, "STL": 0, "BLK": 2, "TOV": 2, "PF": 2, "PTS": 21, "PLUS_MINUS": 7, "VIDEO_AVAILABLE": 1}, {"SEASON_ID": "22015", "Player_ID": 204001, "Game_ID": "0021500756", "GAME_DATE": "FEB 05, 2016", "MATCHUP": "NYK vs. MEM", "WL": "L", "MIN": 38, "FGM": 6, "FGA": 12, "FG_PCT": 0.5, "FG3M": 3, "FG3A": 5, "FG3_PCT": 0.6, "FTM": 2, "FTA": 2, "FT_PCT": 1.0, "OREB": 3, "DREB": 7, "REB": 10, "AST": 0, "STL": 0, "BLK": 6, "TOV": 3, "PF": 4, "PTS": 17, "PLUS_MINUS": 10, "VIDEO_AVAILABLE": 1}, {"SEASON_ID": "22015", "Player_ID": 204001, "Game_ID": "0021500746", "GAME_DATE": "FEB 04, 2016", "MATCHUP": "NYK @ DET", "WL": "L", "MIN": 24, "FGM": 2, "FGA": 9, "FG_PCT": 0.222, "FG3M": 1, "FG3A": 4, "FG3_PCT": 0.25, "FTM": 0, "FTA": 0, "FT_PCT": 0.0, "OREB": 0, "DREB": 4, "REB": 4, "AST": 0, "STL": 0, "BLK": 0, "TOV": 0, "PF": 0, "PTS": 5, "PLUS_MINUS": -6, "VIDEO_AVAILABLE": 1}, {"SEASON_ID": "22015", "Player_ID": 204001, "Game_ID": "0021500730", "GAME_DATE": "FEB 02, 2016", "MATCHUP": "NYK vs. BOS", "WL": "L", "MIN": 27, "FGM": 4, "FGA": 11, "FG_PCT": 0.364, "FG3M": 0, "FG3A": 2, "FG3_PCT": 0.0, "FTM": 2, "FTA": 2, "FT_PCT": 1.0, "OREB": 2, "DREB": 3, "REB": 5, "AST": 0, "STL": 1, "BLK": 1, "TOV": 3, "PF": 3, "PTS": 10, "PLUS_MINUS": -4, "VIDEO_AVAILABLE": 1}, {"SEASON_ID": "22015", "Player_ID": 204001, "Game_ID": "0021500718", "GAME_DATE": "JAN 31, 2016", "MATCHUP": "NYK vs. GSW", "WL": "L", "MIN": 20, "FGM": 3, "FGA": 8, "FG_PCT": 0.375, "FG3M": 2, "FG3A": 2, "FG3_PCT": 1.0, "FTM": 6, "FTA": 8, "FT_PCT": 0.75, "OREB": 3, "DREB": 3, "REB": 6, "AST": 1, "STL": 1, "BLK": 0, "TOV": 2, "PF": 3, "PTS": 14, "PLUS_MINUS": -18, "VIDEO_AVAILABLE": 1}, {"SEASON_ID": "22015", "Player_ID": 204001, "Game_ID": "0021500700", "GAME_DATE": "JAN 29, 2016", "MATCHUP": "NYK vs. PHX", "WL": "W", "MIN": 24, "FGM": 3, "FGA": 8, "FG_PCT": 0.375, "FG3M": 0, "FG3A": 1, "FG3_PCT": 0.0, "FTM": 1, "FTA": 2, "FT_PCT": 0.5, "OREB": 2, "DREB": 5, "REB": 7, "AST": 3, "STL": 2, "BLK": 1, "TOV": 0, "PF": 2, "PTS": 7, "PLUS_MINUS": 19, "VIDEO_AVAILABLE": 1}, {"SEASON_ID": "22015", "Player_ID": 204001, "Game_ID": "0021500679", "GAME_DATE": "JAN 26, 2016", "MATCHUP": "NYK vs. OKC", "WL": "L", "MIN": 31, "FGM": 5, "FGA": 12, "FG_PCT": 0.417, "FG3M": 2, "FG3A": 4, "FG3_PCT": 0.5, "FTM": 3, "FTA": 4, "FT_PCT": 0.75, "OREB": 1, "DREB": 4, "REB": 5, "AST": 2, "STL": 2, "BLK": 2, "TOV": 1, "PF": 3, "PTS": 15, "PLUS_MINUS": -16, "VIDEO_AVAILABLE": 1}, {"SEASON_ID": "22015", "Player_ID": 204001, "Game_ID": "0021500655", "GAME_DATE": "JAN 23, 2016", "MATCHUP": "NYK @ CHA", "WL": "L", "MIN": 30, "FGM": 4, "FGA": 9, "FG_PCT": 0.444, "FG3M": 2, "FG3A": 5, "FG3_PCT": 0.4, "FTM": 3, "FTA": 4, "FT_PCT": 0.75, "OREB": 0, "DREB": 4, "REB": 4, "AST": 0, "STL": 0, "BLK": 3, "TOV": 1, "PF": 5, "PTS": 13, "PLUS_MINUS": 4, "VIDEO_AVAILABLE": 1}, {"SEASON_ID": "22015", "Player_ID": 204001, "Game_ID": "0021500648", "GAME_DATE": "JAN 22, 2016", "MATCHUP": "NYK vs. LAC", "WL": "L", "MIN": 28, "FGM": 4, "FGA": 17, "FG_PCT": 0.235, "FG3M": 2, "FG3A": 6, "FG3_PCT": 0.333, "FTM": 3, "FTA": 4, "FT_PCT": 0.75, "OREB": 3, "DREB": 5, "REB": 8, "AST": 0, "STL": 0, "BLK": 0, "TOV": 2, "PF": 2, "PTS": 13, "PLUS_MINUS": -11, "VIDEO_AVAILABLE": 1}, {"SEASON_ID": "22015", "Player_ID": 204001, "Game_ID": "0021500632", "GAME_DATE": "JAN 20, 2016", "MATCHUP": "NYK vs. UTA", "WL": "W", "MIN": 29, "FGM": 4, "FGA": 9, "FG_PCT": 0.444, "FG3M": 2, "FG3A": 5, "FG3_PCT": 0.4, "FTM": 6, "FTA": 6, "FT_PCT": 1.0, "OREB": 1, "DREB": 4, "REB": 5, "AST": 2, "STL": 0, "BLK": 3, "TOV": 1, "PF": 6, "PTS": 16, "PLUS_MINUS": -4, "VIDEO_AVAILABLE": 1}, {"SEASON_ID": "22015", "Player_ID": 204001, "Game_ID": "0021500615", "GAME_DATE": "JAN 18, 2016", "MATCHUP": "NYK vs. PHI", "WL": "W", "MIN": 34, "FGM": 7, "FGA": 11, "FG_PCT": 0.636, "FG3M": 2, "FG3A": 4, "FG3_PCT": 0.5, "FTM": 0, "FTA": 0, "FT_PCT": 0.0, "OREB": 2, "DREB": 10, "REB": 12, "AST": 4, "STL": 1, "BLK": 3, "TOV": 1, "PF": 1, "PTS": 16, "PLUS_MINUS": 12, "VIDEO_AVAILABLE": 1}, {"SEASON_ID": "22015", "Player_ID": 204001, "Game_ID": "0021500607", "GAME_DATE": "JAN 16, 2016", "MATCHUP": "NYK @ MEM", "WL": "L", "MIN": 28, "FGM": 7, "FGA": 12, "FG_PCT": 0.583, "FG3M": 1, "FG3A": 3, "FG3_PCT": 0.333, "FTM": 2, "FTA": 3, "FT_PCT": 0.667, "OREB": 0, "DREB": 4, "REB": 4, "AST": 2, "STL": 2, "BLK": 0, "TOV": 1, "PF": 2, "PTS": 17, "PLUS_MINUS": -1, "VIDEO_AVAILABLE": 1}, {"SEASON_ID": "22015", "Player_ID": 204001, "Game_ID": "0021500579", "GAME_DATE": "JAN 13, 2016", "MATCHUP": "NYK @ BKN", "WL": "L", "MIN": 37, "FGM": 5, "FGA": 17, "FG_PCT": 0.294, "FG3M": 0, "FG3A": 3, "FG3_PCT": 0.0, "FTM": 2, "FTA": 3, "FT_PCT": 0.667, "OREB": 4, "DREB": 6, "REB": 10, "AST": 2, "STL": 3, "BLK": 2, "TOV": 1, "PF": 1, "PTS": 12, "PLUS_MINUS": -3, "VIDEO_AVAILABLE": 1}, {"SEASON_ID": "22015", "Player_ID": 204001, "Game_ID": "0021500571", "GAME_DATE": "JAN 12, 2016", "MATCHUP": "NYK vs. BOS", "WL": "W", "MIN": 27, "FGM": 10, "FGA": 18, "FG_PCT": 0.556, "FG3M": 3, "FG3A": 9, "FG3_PCT": 0.333, "FTM": 3, "FTA": 4, "FT_PCT": 0.75, "OREB": 1, "DREB": 5, "REB": 6, "AST": 2, "STL": 2, "BLK": 2, "TOV": 0, "PF": 6, "PTS": 26, "PLUS_MINUS": 0, "VIDEO_AVAILABLE": 1}, {"SEASON_ID": "22015", "Player_ID": 204001, "Game_ID": "0021500562", "GAME_DATE": "JAN 10, 2016", "MATCHUP": "NYK vs. MIL", "WL": "W", "MIN": 30, "FGM": 5, "FGA": 11, "FG_PCT": 0.455, "FG3M": 2, "FG3A": 5, "FG3_PCT": 0.4, "FTM": 3, "FTA": 4, "FT_PCT": 0.75, "OREB": 3, "DREB": 3, "REB": 6, "AST": 2, "STL": 1, "BLK": 5, "TOV": 4, "PF": 3, "PTS": 15, "PLUS_MINUS": 17, "VIDEO_AVAILABLE": 1}, {"SEASON_ID": "22015", "Player_ID": 204001, "Game_ID": "0021500546", "GAME_DATE": "JAN 08, 2016", "MATCHUP": "NYK @ SAS", "WL": "L", "MIN": 33, "FGM": 11, "FGA": 21, "FG_PCT": 0.524, "FG3M": 3, "FG3A": 7, "FG3_PCT": 0.429, "FTM": 3, "FTA": 4, "FT_PCT": 0.75, "OREB": 2, "DREB": 9, "REB": 11, "AST": 0, "STL": 1, "BLK": 0, "TOV": 3, "PF": 2, "PTS": 28, "PLUS_MINUS": -4, "VIDEO_AVAILABLE": 1}, {"SEASON_ID": "22015", "Player_ID": 204001, "Game_ID": "0021500525", "GAME_DATE": "JAN 06, 2016", "MATCHUP": "NYK @ MIA", "WL": "W", "MIN": 31, "FGM": 3, "FGA": 10, "FG_PCT": 0.3, "FG3M": 0, "FG3A": 1, "FG3_PCT": 0.0, "FTM": 6, "FTA": 6, "FT_PCT": 1.0, "OREB": 1, "DREB": 3, "REB": 4, "AST": 1, "STL": 0, "BLK": 2, "TOV": 1, "PF": 4, "PTS": 12, "PLUS_MINUS": 4, "VIDEO_AVAILABLE": 1}, {"SEASON_ID": "22015", "Player_ID": 204001, "Game_ID": "0021500521", "GAME_DATE": "JAN 05, 2016", "MATCHUP": "NYK @ ATL", "WL": "W", "MIN": 32, "FGM": 7, "FGA": 12, "FG_PCT": 0.583, "FG3M": 0, "FG3A": 3, "FG3_PCT": 0.0, "FTM": 3, "FTA": 3, "FT_PCT": 1.0, "OREB": 4, "DREB": 7, "REB": 11, "AST": 1, "STL": 0, "BLK": 1, "TOV": 1, "PF": 3, "PTS": 17, "PLUS_MINUS": 2, "VIDEO_AVAILABLE": 1}, {"SEASON_ID": "22015", "Player_ID": 204001, "Game_ID": "0021500506", "GAME_DATE": "JAN 03, 2016", "MATCHUP": "NYK vs. ATL", "WL": "W", "MIN": 30, "FGM": 5, "FGA": 13, "FG_PCT": 0.385, "FG3M": 2, "FG3A": 3, "FG3_PCT": 0.667, "FTM": 2, "FTA": 2, "FT_PCT": 1.0, "OREB": 2, "DREB": 5, "REB": 7, "AST": 0, "STL": 0, "BLK": 1, "TOV": 2, "PF": 3, "PTS": 14, "PLUS_MINUS": 13, "VIDEO_AVAILABLE": 1}, {"SEASON_ID": "22015", "Player_ID": 204001, "Game_ID": "0021500493", "GAME_DATE": "JAN 01, 2016", "MATCHUP": "NYK @ CHI", "WL": "L", "MIN": 28, "FGM": 4, "FGA": 14, "FG_PCT": 0.286, "FG3M": 1, "FG3A": 3, "FG3_PCT": 0.333, "FTM": 0, "FTA": 0, "FT_PCT": 0.0, "OREB": 0, "DREB": 9, "REB": 9, "AST": 1, "STL": 1, "BLK": 1, "TOV": 1, "PF": 2, "PTS": 9, "PLUS_MINUS": -11, "VIDEO_AVAILABLE": 1}, {"SEASON_ID": "22015", "Player_ID": 204001, "Game_ID": "0021500469", "GAME_DATE": "DEC 29, 2015", "MATCHUP": "NYK vs. DET", "WL": "W", "MIN": 19, "FGM": 4, "FGA": 6, "FG_PCT": 0.667, "FG3M": 0, "FG3A": 1, "FG3_PCT": 0.0, "FTM": 2, "FTA": 2, "FT_PCT": 1.0, "OREB": 1, "DREB": 1, "REB": 2, "AST": 1, "STL": 0, "BLK": 2, "TOV": 1, "PF": 2, "PTS": 10, "PLUS_MINUS": 0, "VIDEO_AVAILABLE": 1}, {"SEASON_ID": "22015", "Player_ID": 204001, "Game_ID": "0021500454", "GAME_DATE": "DEC 27, 2015", "MATCHUP": "NYK @ BOS", "WL": "L", "MIN": 28, "FGM": 4, "FGA": 13, "FG_PCT": 0.308, "FG3M": 0, "FG3A": 1, "FG3_PCT": 0.0, "FTM": 8, "FTA": 8, "FT_PCT": 1.0, "OREB": 4, "DREB": 8, "REB": 12, "AST": 0, "STL": 2, "BLK": 3, "TOV": 2, "PF": 4, "PTS": 16, "PLUS_MINUS": -6, "VIDEO_AVAILABLE": 1}, {"SEASON_ID": "22015", "Player_ID": 204001, "Game_ID": "0021500442", "GAME_DATE": "DEC 26, 2015", "MATCHUP": "NYK @ ATL", "WL": "L", "MIN": 21, "FGM": 3, "FGA": 10, "FG_PCT": 0.3, "FG3M": 1, "FG3A": 2, "FG3_PCT": 0.5, "FTM": 2, "FTA": 2, "FT_PCT": 1.0, "OREB": 1, "DREB": 1, "REB": 2, "AST": 1, "STL": 0, "BLK": 1, "TOV": 2, "PF": 1, "PTS": 9, "PLUS_MINUS": -3, "VIDEO_AVAILABLE": 1}, {"SEASON_ID": "22015", "Player_ID": 204001, "Game_ID": "0021500424", "GAME_DATE": "DEC 23, 2015", "MATCHUP": "NYK @ CLE", "WL": "L", "MIN": 38, "FGM": 8, "FGA": 18, "FG_PCT": 0.444, "FG3M": 4, "FG3A": 5, "FG3_PCT": 0.8, "FTM": 3, "FTA": 4, "FT_PCT": 0.75, "OREB": 3, "DREB": 10, "REB": 13, "AST": 4, "STL": 1, "BLK": 1, "TOV": 1, "PF": 1, "PTS": 23, "PLUS_MINUS": -8, "VIDEO_AVAILABLE": 1}, {"SEASON_ID": "22015", "Player_ID": 204001, "Game_ID": "0021500412", "GAME_DATE": "DEC 21, 2015", "MATCHUP": "NYK vs. ORL", "WL": "L", "MIN": 25, "FGM": 3, "FGA": 12, "FG_PCT": 0.25, "FG3M": 1, "FG3A": 6, "FG3_PCT": 0.167, "FTM": 2, "FTA": 2, "FT_PCT": 1.0, "OREB": 2, "DREB": 6, "REB": 8, "AST": 1, "STL": 0, "BLK": 4, "TOV": 2, "PF": 1, "PTS": 9, "PLUS_MINUS": 2, "VIDEO_AVAILABLE": 1}, {"SEASON_ID": "22015", "Player_ID": 204001, "Game_ID": "0021500400", "GAME_DATE": "DEC 19, 2015", "MATCHUP": "NYK vs. CHI", "WL": "W", "MIN": 29, "FGM": 4, "FGA": 9, "FG_PCT": 0.444, "FG3M": 0, "FG3A": 3, "FG3_PCT": 0.0, "FTM": 2, "FTA": 3, "FT_PCT": 0.667, "OREB": 2, "DREB": 5, "REB": 7, "AST": 3, "STL": 1, "BLK": 1, "TOV": 0, "PF": 5, "PTS": 10, "PLUS_MINUS": 13, "VIDEO_AVAILABLE": 1}, {"SEASON_ID": "22015", "Player_ID": 204001, "Game_ID": "0021500388", "GAME_DATE": "DEC 18, 2015", "MATCHUP": "NYK @ PHI", "WL": "W", "MIN": 26, "FGM": 3, "FGA": 9, "FG_PCT": 0.333, "FG3M": 0, "FG3A": 2, "FG3_PCT": 0.0, "FTM": 2, "FTA": 2, "FT_PCT": 1.0, "OREB": 1, "DREB": 3, "REB": 4, "AST": 1, "STL": 1, "BLK": 3, "TOV": 2, "PF": 1, "PTS": 8, "PLUS_MINUS": 15, "VIDEO_AVAILABLE": 1}, {"SEASON_ID": "22015", "Player_ID": 204001, "Game_ID": "0021500375", "GAME_DATE": "DEC 16, 2015", "MATCHUP": "NYK vs. MIN", "WL": "W", "MIN": 29, "FGM": 4, "FGA": 14, "FG_PCT": 0.286, "FG3M": 1, "FG3A": 6, "FG3_PCT": 0.167, "FTM": 2, "FTA": 2, "FT_PCT": 1.0, "OREB": 2, "DREB": 4, "REB": 6, "AST": 3, "STL": 0, "BLK": 7, "TOV": 3, "PF": 2, "PTS": 11, "PLUS_MINUS": 4, "VIDEO_AVAILABLE": 1}, {"SEASON_ID": "22015", "Player_ID": 204001, "Game_ID": "0021500352", "GAME_DATE": "DEC 12, 2015", "MATCHUP": "NYK @ POR", "WL": "W", "MIN": 19, "FGM": 0, "FGA": 6, "FG_PCT": 0.0, "FG3M": 0, "FG3A": 0, "FG3_PCT": 0.0, "FTM": 0, "FTA": 0, "FT_PCT": 0.0, "OREB": 0, "DREB": 3, "REB": 3, "AST": 0, "STL": 2, "BLK": 0, "TOV": 2, "PF": 3, "PTS": 0, "PLUS_MINUS": -8, "VIDEO_AVAILABLE": 1}, {"SEASON_ID": "22015", "Player_ID": 204001, "Game_ID": "0021500332", "GAME_DATE": "DEC 10, 2015", "MATCHUP": "NYK @ SAC", "WL": "L", "MIN": 34, "FGM": 4, "FGA": 11, "FG_PCT": 0.364, "FG3M": 1, "FG3A": 2, "FG3_PCT": 0.5, "FTM": 4, "FTA": 5, "FT_PCT": 0.8, "OREB": 2, "DREB": 5, "REB": 7, "AST": 2, "STL": 2, "BLK": 3, "TOV": 3, "PF": 4, "PTS": 13, "PLUS_MINUS": -2, "VIDEO_AVAILABLE": 1}, {"SEASON_ID": "22015", "Player_ID": 204001, "Game_ID": "0021500327", "GAME_DATE": "DEC 09, 2015", "MATCHUP": "NYK @ UTA", "WL": "L", "MIN": 13, "FGM": 2, "FGA": 8, "FG_PCT": 0.25, "FG3M": 0, "FG3A": 2, "FG3_PCT": 0.0, "FTM": 0, "FTA": 0, "FT_PCT": 0.0, "OREB": 1, "DREB": 2, "REB": 3, "AST": 0, "STL": 0, "BLK": 0, "TOV": 1, "PF": 2, "PTS": 4, "PLUS_MINUS": -27, "VIDEO_AVAILABLE": 1}, {"SEASON_ID": "22015", "Player_ID": 204001, "Game_ID": "0021500307", "GAME_DATE": "DEC 07, 2015", "MATCHUP": "NYK vs. DAL", "WL": "L", "MIN": 35, "FGM": 13, "FGA": 18, "FG_PCT": 0.722, "FG3M": 2, "FG3A": 4, "FG3_PCT": 0.5, "FTM": 0, "FTA": 0, "FT_PCT": 0.0, "OREB": 0, "DREB": 2, "REB": 2, "AST": 1, "STL": 1, "BLK": 2, "TOV": 2, "PF": 1, "PTS": 28, "PLUS_MINUS": -2, "VIDEO_AVAILABLE": 1}, {"SEASON_ID": "22015", "Player_ID": 204001, "Game_ID": "0021500295", "GAME_DATE": "DEC 05, 2015", "MATCHUP": "NYK @ MIL", "WL": "L", "MIN": 22, "FGM": 4, "FGA": 8, "FG_PCT": 0.5, "FG3M": 0, "FG3A": 1, "FG3_PCT": 0.0, "FTM": 4, "FTA": 4, "FT_PCT": 1.0, "OREB": 3, "DREB": 4, "REB": 7, "AST": 1, "STL": 0, "BLK": 0, "TOV": 5, "PF": 5, "PTS": 12, "PLUS_MINUS": -15, "VIDEO_AVAILABLE": 1}, {"SEASON_ID": "22015", "Player_ID": 204001, "Game_ID": "0021500283", "GAME_DATE": "DEC 04, 2015", "MATCHUP": "NYK vs. BKN", "WL": "W", "MIN": 26, "FGM": 7, "FGA": 13, "FG_PCT": 0.538, "FG3M": 3, "FG3A": 4, "FG3_PCT": 0.75, "FTM": 2, "FTA": 2, "FT_PCT": 1.0, "OREB": 2, "DREB": 8, "REB": 10, "AST": 2, "STL": 0, "BLK": 2, "TOV": 1, "PF": 3, "PTS": 19, "PLUS_MINUS": 15, "VIDEO_AVAILABLE": 1}, {"SEASON_ID": "22015", "Player_ID": 204001, "Game_ID": "0021500271", "GAME_DATE": "DEC 02, 2015", "MATCHUP": "NYK vs. PHI", "WL": "W", "MIN": 30, "FGM": 6, "FGA": 10, "FG_PCT": 0.6, "FG3M": 2, "FG3A": 2, "FG3_PCT": 1.0, "FTM": 3, "FTA": 3, "FT_PCT": 1.0, "OREB": 1, "DREB": 9, "REB": 10, "AST": 2, "STL": 0, "BLK": 4, "TOV": 2, "PF": 1, "PTS": 17, "PLUS_MINUS": 6, "VIDEO_AVAILABLE": 1}, {"SEASON_ID": "22015", "Player_ID": 204001, "Game_ID": "0021500252", "GAME_DATE": "NOV 29, 2015", "MATCHUP": "NYK vs. HOU", "WL": "L", "MIN": 41, "FGM": 8, "FGA": 13, "FG_PCT": 0.615, "FG3M": 0, "FG3A": 1, "FG3_PCT": 0.0, "FTM": 4, "FTA": 4, "FT_PCT": 1.0, "OREB": 3, "DREB": 10, "REB": 13, "AST": 1, "STL": 1, "BLK": 2, "TOV": 2, "PF": 5, "PTS": 20, "PLUS_MINUS": 2, "VIDEO_AVAILABLE": 1}, {"SEASON_ID": "22015", "Player_ID": 204001, "Game_ID": "0021500230", "GAME_DATE": "NOV 27, 2015", "MATCHUP": "NYK vs. MIA", "WL": "L", "MIN": 24, "FGM": 5, "FGA": 11, "FG_PCT": 0.455, "FG3M": 0, "FG3A": 1, "FG3_PCT": 0.0, "FTM": 1, "FTA": 2, "FT_PCT": 0.5, "OREB": 0, "DREB": 8, "REB": 8, "AST": 0, "STL": 2, "BLK": 3, "TOV": 3, "PF": 5, "PTS": 11, "PLUS_MINUS": -6, "VIDEO_AVAILABLE": 1}, {"SEASON_ID": "22015", "Player_ID": 204001, "Game_ID": "0021500216", "GAME_DATE": "NOV 25, 2015", "MATCHUP": "NYK @ ORL", "WL": "L", "MIN": 36, "FGM": 3, "FGA": 13, "FG_PCT": 0.231, "FG3M": 0, "FG3A": 4, "FG3_PCT": 0.0, "FTM": 4, "FTA": 6, "FT_PCT": 0.667, "OREB": 2, "DREB": 7, "REB": 9, "AST": 3, "STL": 0, "BLK": 6, "TOV": 2, "PF": 1, "PTS": 10, "PLUS_MINUS": -2, "VIDEO_AVAILABLE": 1}, {"SEASON_ID": "22015", "Player_ID": 204001, "Game_ID": "0021500204", "GAME_DATE": "NOV 23, 2015", "MATCHUP": "NYK @ MIA", "WL": "L", "MIN": 37, "FGM": 7, "FGA": 18, "FG_PCT": 0.389, "FG3M": 3, "FG3A": 5, "FG3_PCT": 0.6, "FTM": 3, "FTA": 3, "FT_PCT": 1.0, "OREB": 1, "DREB": 13, "REB": 14, "AST": 1, "STL": 1, "BLK": 2, "TOV": 1, "PF": 4, "PTS": 20, "PLUS_MINUS": -8, "VIDEO_AVAILABLE": 1}, {"SEASON_ID": "22015", "Player_ID": 204001, "Game_ID": "0021500194", "GAME_DATE": "NOV 21, 2015", "MATCHUP": "NYK @ HOU", "WL": "W", "MIN": 36, "FGM": 8, "FGA": 12, "FG_PCT": 0.667, "FG3M": 2, "FG3A": 3, "FG3_PCT": 0.667, "FTM": 6, "FTA": 6, "FT_PCT": 1.0, "OREB": 5, "DREB": 9, "REB": 14, "AST": 2, "STL": 0, "BLK": 7, "TOV": 3, "PF": 1, "PTS": 24, "PLUS_MINUS": 14, "VIDEO_AVAILABLE": 1}, {"SEASON_ID": "22015", "Player_ID": 204001, "Game_ID": "0021500183", "GAME_DATE": "NOV 20, 2015", "MATCHUP": "NYK @ OKC", "WL": "W", "MIN": 26, "FGM": 2, "FGA": 5, "FG_PCT": 0.4, "FG3M": 1, "FG3A": 2, "FG3_PCT": 0.5, "FTM": 2, "FTA": 4, "FT_PCT": 0.5, "OREB": 0, "DREB": 6, "REB": 6, "AST": 2, "STL": 0, "BLK": 1, "TOV": 2, "PF": 1, "PTS": 7, "PLUS_MINUS": 1, "VIDEO_AVAILABLE": 1}, {"SEASON_ID": "22015", "Player_ID": 204001, "Game_ID": "0021500162", "GAME_DATE": "NOV 17, 2015", "MATCHUP": "NYK vs. CHA", "WL": "W", "MIN": 31, "FGM": 10, "FGA": 17, "FG_PCT": 0.588, "FG3M": 2, "FG3A": 2, "FG3_PCT": 1.0, "FTM": 7, "FTA": 7, "FT_PCT": 1.0, "OREB": 2, "DREB": 9, "REB": 11, "AST": 0, "STL": 0, "BLK": 1, "TOV": 1, "PF": 2, "PTS": 29, "PLUS_MINUS": 20, "VIDEO_AVAILABLE": 1}, {"SEASON_ID": "22015", "Player_ID": 204001, "Game_ID": "0021500145", "GAME_DATE": "NOV 15, 2015", "MATCHUP": "NYK vs. NOP", "WL": "W", "MIN": 23, "FGM": 4, "FGA": 15, "FG_PCT": 0.267, "FG3M": 1, "FG3A": 4, "FG3_PCT": 0.25, "FTM": 1, "FTA": 2, "FT_PCT": 0.5, "OREB": 1, "DREB": 3, "REB": 4, "AST": 0, "STL": 1, "BLK": 1, "TOV": 0, "PF": 4, "PTS": 10, "PLUS_MINUS": 6, "VIDEO_AVAILABLE": 1}, {"SEASON_ID": "22015", "Player_ID": 204001, "Game_ID": "0021500130", "GAME_DATE": "NOV 13, 2015", "MATCHUP": "NYK vs. CLE", "WL": "L", "MIN": 28, "FGM": 5, "FGA": 11, "FG_PCT": 0.455, "FG3M": 1, "FG3A": 4, "FG3_PCT": 0.25, "FTM": 0, "FTA": 0, "FT_PCT": 0.0, "OREB": 3, "DREB": 4, "REB": 7, "AST": 1, "STL": 0, "BLK": 0, "TOV": 1, "PF": 1, "PTS": 11, "PLUS_MINUS": 1, "VIDEO_AVAILABLE": 1}, {"SEASON_ID": "22015", "Player_ID": 204001, "Game_ID": "0021500113", "GAME_DATE": "NOV 11, 2015", "MATCHUP": "NYK @ CHA", "WL": "L", "MIN": 32, "FGM": 5, "FGA": 10, "FG_PCT": 0.5, "FG3M": 0, "FG3A": 1, "FG3_PCT": 0.0, "FTM": 0, "FTA": 0, "FT_PCT": 0.0, "OREB": 2, "DREB": 13, "REB": 15, "AST": 0, "STL": 0, "BLK": 2, "TOV": 3, "PF": 2, "PTS": 10, "PLUS_MINUS": 9, "VIDEO_AVAILABLE": 1}, {"SEASON_ID": "22015", "Player_ID": 204001, "Game_ID": "0021500109", "GAME_DATE": "NOV 10, 2015", "MATCHUP": "NYK @ TOR", "WL": "W", "MIN": 20, "FGM": 3, "FGA": 11, "FG_PCT": 0.273, "FG3M": 0, "FG3A": 1, "FG3_PCT": 0.0, "FTM": 2, "FTA": 2, "FT_PCT": 1.0, "OREB": 3, "DREB": 3, "REB": 6, "AST": 1, "STL": 0, "BLK": 0, "TOV": 3, "PF": 3, "PTS": 8, "PLUS_MINUS": 7, "VIDEO_AVAILABLE": 1}, {"SEASON_ID": "22015", "Player_ID": 204001, "Game_ID": "0021500095", "GAME_DATE": "NOV 08, 2015", "MATCHUP": "NYK vs. LAL", "WL": "W", "MIN": 26, "FGM": 3, "FGA": 10, "FG_PCT": 0.3, "FG3M": 1, "FG3A": 3, "FG3_PCT": 0.333, "FTM": 5, "FTA": 6, "FT_PCT": 0.833, "OREB": 2, "DREB": 8, "REB": 10, "AST": 1, "STL": 0, "BLK": 2, "TOV": 0, "PF": 4, "PTS": 12, "PLUS_MINUS": 18, "VIDEO_AVAILABLE": 1}, {"SEASON_ID": "22015", "Player_ID": 204001, "Game_ID": "0021500079", "GAME_DATE": "NOV 06, 2015", "MATCHUP": "NYK vs. MIL", "WL": "L", "MIN": 28, "FGM": 6, "FGA": 13, "FG_PCT": 0.462, "FG3M": 1, "FG3A": 4, "FG3_PCT": 0.25, "FTM": 1, "FTA": 2, "FT_PCT": 0.5, "OREB": 9, "DREB": 4, "REB": 13, "AST": 1, "STL": 0, "BLK": 1, "TOV": 2, "PF": 3, "PTS": 14, "PLUS_MINUS": -6, "VIDEO_AVAILABLE": 1}, {"SEASON_ID": "22015", "Player_ID": 204001, "Game_ID": "0021500063", "GAME_DATE": "NOV 04, 2015", "MATCHUP": "NYK @ CLE", "WL": "L", "MIN": 21, "FGM": 6, "FGA": 11, "FG_PCT": 0.545, "FG3M": 1, "FG3A": 4, "FG3_PCT": 0.25, "FTM": 0, "FTA": 0, "FT_PCT": 0.0, "OREB": 1, "DREB": 3, "REB": 4, "AST": 1, "STL": 2, "BLK": 2, "TOV": 0, "PF": 5, "PTS": 13, "PLUS_MINUS": -1, "VIDEO_AVAILABLE": 1}, {"SEASON_ID": "22015", "Player_ID": 204001, "Game_ID": "0021500048", "GAME_DATE": "NOV 02, 2015", "MATCHUP": "NYK vs. SAS", "WL": "L", "MIN": 24, "FGM": 5, "FGA": 15, "FG_PCT": 0.333, "FG3M": 1, "FG3A": 5, "FG3_PCT": 0.2, "FTM": 2, "FTA": 2, "FT_PCT": 1.0, "OREB": 8, "DREB": 6, "REB": 14, "AST": 1, "STL": 3, "BLK": 2, "TOV": 2, "PF": 5, "PTS": 13, "PLUS_MINUS": -8, "VIDEO_AVAILABLE": 1}, {"SEASON_ID": "22015", "Player_ID": 204001, "Game_ID": "0021500034", "GAME_DATE": "OCT 31, 2015", "MATCHUP": "NYK @ WAS", "WL": "W", "MIN": 21, "FGM": 3, "FGA": 6, "FG_PCT": 0.5, "FG3M": 0, "FG3A": 0, "FG3_PCT": 0.0, "FTM": 2, "FTA": 2, "FT_PCT": 1.0, "OREB": 1, "DREB": 5, "REB": 6, "AST": 0, "STL": 0, "BLK": 0, "TOV": 1, "PF": 4, "PTS": 8, "PLUS_MINUS": 10, "VIDEO_AVAILABLE": 1}, {"SEASON_ID": "22015", "Player_ID": 204001, "Game_ID": "0021500019", "GAME_DATE": "OCT 29, 2015", "MATCHUP": "NYK vs. ATL", "WL": "L", "MIN": 26, "FGM": 4, "FGA": 10, "FG_PCT": 0.4, "FG3M": 0, "FG3A": 4, "FG3_PCT": 0.0, "FTM": 2, "FTA": 2, "FT_PCT": 1.0, "OREB": 2, "DREB": 6, "REB": 8, "AST": 0, "STL": 3, "BLK": 1, "TOV": 4, "PF": 5, "PTS": 10, "PLUS_MINUS": -5, "VIDEO_AVAILABLE": 1}, {"SEASON_ID": "22015", "Player_ID": 204001, "Game_ID": "0021500012", "GAME_DATE": "OCT 28, 2015", "MATCHUP": "NYK @ MIL", "WL": "W", "MIN": 24, "FGM": 3, "FGA": 11, "FG_PCT": 0.273, "FG3M": 1, "FG3A": 2, "FG3_PCT": 0.5, "FTM": 9, "FTA": 12, "FT_PCT": 0.75, "OREB": 2, "DREB": 3, "REB": 5, "AST": 1, "STL": 1, "BLK": 1, "TOV": 2, "PF": 3, "PTS": 16, "PLUS_MINUS": 1, "VIDEO_AVAILABLE": 1}, {"SEASON_ID": "22017", "Player_ID": 204001, "Game_ID": "0021700801", "GAME_DATE": "FEB 06, 2018", "MATCHUP": "NYK vs. MIL", "WL": "L", "MIN": 11, "FGM": 4, "FGA": 5, "FG_PCT": 0.8, "FG3M": 1, "FG3A": 2, "FG3_PCT": 0.5, "FTM": 1, "FTA": 4, "FT_PCT": 0.25, "OREB": 0, "DREB": 2, "REB": 2, "AST": 0, "STL": 0, "BLK": 3, "TOV": 0, "PF": 0, "PTS": 10, "PLUS_MINUS": 5, "VIDEO_AVAILABLE": 1}, {"SEASON_ID": "22017", "Player_ID": 204001, "Game_ID": "0021700786", "GAME_DATE": "FEB 04, 2018", "MATCHUP": "NYK vs. ATL", "WL": "L", "MIN": 32, "FGM": 9, "FGA": 20, "FG_PCT": 0.45, "FG3M": 2, "FG3A": 6, "FG3_PCT": 0.333, "FTM": 2, "FTA": 5, "FT_PCT": 0.4, "OREB": 3, "DREB": 5, "REB": 8, "AST": 0, "STL": 4, "BLK": 5, "TOV": 2, "PF": 4, "PTS": 22, "PLUS_MINUS": -3, "VIDEO_AVAILABLE": 1}, {"SEASON_ID": "22017", "Player_ID": 204001, "Game_ID": "0021700771", "GAME_DATE": "FEB 02, 2018", "MATCHUP": "NYK @ MIL", "WL": "L", "MIN": 35, "FGM": 6, "FGA": 15, "FG_PCT": 0.4, "FG3M": 1, "FG3A": 5, "FG3_PCT": 0.2, "FTM": 4, "FTA": 4, "FT_PCT": 1.0, "OREB": 2, "DREB": 5, "REB": 7, "AST": 0, "STL": 0, "BLK": 2, "TOV": 1, "PF": 4, "PTS": 17, "PLUS_MINUS": 0, "VIDEO_AVAILABLE": 1}, {"SEASON_ID": "22017", "Player_ID": 204001, "Game_ID": "0021700758", "GAME_DATE": "JAN 31, 2018", "MATCHUP": "NYK @ BOS", "WL": "L", "MIN": 35, "FGM": 7, "FGA": 18, "FG_PCT": 0.389, "FG3M": 1, "FG3A": 5, "FG3_PCT": 0.2, "FTM": 1, "FTA": 3, "FT_PCT": 0.333, "OREB": 1, "DREB": 3, "REB": 4, "AST": 3, "STL": 0, "BLK": 3, "TOV": 1, "PF": 2, "PTS": 16, "PLUS_MINUS": -37, "VIDEO_AVAILABLE": 1}, {"SEASON_ID": "22017", "Player_ID": 204001, "Game_ID": "0021700745", "GAME_DATE": "JAN 30, 2018", "MATCHUP": "NYK vs. BKN", "WL": "W", "MIN": 30, "FGM": 9, "FGA": 19, "FG_PCT": 0.474, "FG3M": 6, "FG3A": 8, "FG3_PCT": 0.75, "FTM": 4, "FTA": 4, "FT_PCT": 1.0, "OREB": 2, "DREB": 3, "REB": 5, "AST": 2, "STL": 1, "BLK": 2, "TOV": 1, "PF": 1, "PTS": 28, "PLUS_MINUS": 8, "VIDEO_AVAILABLE": 1}, {"SEASON_ID": "22017", "Player_ID": 204001, "Game_ID": "0021700723", "GAME_DATE": "JAN 26, 2018", "MATCHUP": "NYK @ PHX", "WL": "W", "MIN": 28, "FGM": 6, "FGA": 11, "FG_PCT": 0.545, "FG3M": 3, "FG3A": 4, "FG3_PCT": 0.75, "FTM": 4, "FTA": 6, "FT_PCT": 0.667, "OREB": 1, "DREB": 6, "REB": 7, "AST": 2, "STL": 0, "BLK": 3, "TOV": 1, "PF": 2, "PTS": 19, "PLUS_MINUS": 15, "VIDEO_AVAILABLE": 1}, {"SEASON_ID": "22017", "Player_ID": 204001, "Game_ID": "0021700712", "GAME_DATE": "JAN 25, 2018", "MATCHUP": "NYK @ DEN", "WL": "L", "MIN": 27, "FGM": 7, "FGA": 16, "FG_PCT": 0.438, "FG3M": 1, "FG3A": 4, "FG3_PCT": 0.25, "FTM": 6, "FTA": 6, "FT_PCT": 1.0, "OREB": 0, "DREB": 7, "REB": 7, "AST": 0, "STL": 0, "BLK": 1, "TOV": 1, "PF": 6, "PTS": 21, "PLUS_MINUS": -4, "VIDEO_AVAILABLE": 1}, {"SEASON_ID": "22017", "Player_ID": 204001, "Game_ID": "0021700684", "GAME_DATE": "JAN 21, 2018", "MATCHUP": "NYK @ LAL", "WL": "L", "MIN": 28, "FGM": 7, "FGA": 13, "FG_PCT": 0.538, "FG3M": 2, "FG3A": 2, "FG3_PCT": 1.0, "FTM": 1, "FTA": 3, "FT_PCT": 0.333, "OREB": 0, "DREB": 4, "REB": 4, "AST": 1, "STL": 1, "BLK": 1, "TOV": 0, "PF": 3, "PTS": 17, "PLUS_MINUS": -13, "VIDEO_AVAILABLE": 2}, {"SEASON_ID": "22017", "Player_ID": 204001, "Game_ID": "0021700672", "GAME_DATE": "JAN 19, 2018", "MATCHUP": "NYK @ UTA", "WL": "W", "MIN": 31, "FGM": 6, "FGA": 14, "FG_PCT": 0.429, "FG3M": 1, "FG3A": 3, "FG3_PCT": 0.333, "FTM": 5, "FTA": 7, "FT_PCT": 0.714, "OREB": 1, "DREB": 1, "REB": 2, "AST": 1, "STL": 1, "BLK": 3, "TOV": 1, "PF": 5, "PTS": 18, "PLUS_MINUS": 5, "VIDEO_AVAILABLE": 1}, {"SEASON_ID": "22017", "Player_ID": 204001, "Game_ID": "0021700658", "GAME_DATE": "JAN 17, 2018", "MATCHUP": "NYK @ MEM", "WL": "L", "MIN": 33, "FGM": 8, "FGA": 19, "FG_PCT": 0.421, "FG3M": 2, "FG3A": 7, "FG3_PCT": 0.286, "FTM": 3, "FTA": 3, "FT_PCT": 1.0, "OREB": 0, "DREB": 9, "REB": 9, "AST": 0, "STL": 3, "BLK": 6, "TOV": 0, "PF": 2, "PTS": 21, "PLUS_MINUS": -10, "VIDEO_AVAILABLE": 1}, {"SEASON_ID": "22017", "Player_ID": 204001, "Game_ID": "0021700642", "GAME_DATE": "JAN 15, 2018", "MATCHUP": "NYK @ BKN", "WL": "W", "MIN": 27, "FGM": 8, "FGA": 14, "FG_PCT": 0.571, "FG3M": 2, "FG3A": 3, "FG3_PCT": 0.667, "FTM": 8, "FTA": 11, "FT_PCT": 0.727, "OREB": 2, "DREB": 7, "REB": 9, "AST": 0, "STL": 0, "BLK": 2, "TOV": 1, "PF": 4, "PTS": 26, "PLUS_MINUS": 8, "VIDEO_AVAILABLE": 1}, {"SEASON_ID": "22017", "Player_ID": 204001, "Game_ID": "0021700635", "GAME_DATE": "JAN 14, 2018", "MATCHUP": "NYK vs. NOP", "WL": "L", "MIN": 44, "FGM": 10, "FGA": 24, "FG_PCT": 0.417, "FG3M": 4, "FG3A": 10, "FG3_PCT": 0.4, "FTM": 1, "FTA": 2, "FT_PCT": 0.5, "OREB": 0, "DREB": 6, "REB": 6, "AST": 3, "STL": 5, "BLK": 2, "TOV": 3, "PF": 5, "PTS": 25, "PLUS_MINUS": 11, "VIDEO_AVAILABLE": 1}, {"SEASON_ID": "22017", "Player_ID": 204001, "Game_ID": "0021700623", "GAME_DATE": "JAN 12, 2018", "MATCHUP": "NYK @ MIN", "WL": "L", "MIN": 36, "FGM": 6, "FGA": 19, "FG_PCT": 0.316, "FG3M": 3, "FG3A": 5, "FG3_PCT": 0.6, "FTM": 2, "FTA": 4, "FT_PCT": 0.5, "OREB": 4, "DREB": 6, "REB": 10, "AST": 2, "STL": 2, "BLK": 3, "TOV": 3, "PF": 3, "PTS": 17, "PLUS_MINUS": -15, "VIDEO_AVAILABLE": 1}, {"SEASON_ID": "22017", "Player_ID": 204001, "Game_ID": "0021700607", "GAME_DATE": "JAN 10, 2018", "MATCHUP": "NYK vs. CHI", "WL": "L", "MIN": 44, "FGM": 11, "FGA": 24, "FG_PCT": 0.458, "FG3M": 2, "FG3A": 6, "FG3_PCT": 0.333, "FTM": 0, "FTA": 4, "FT_PCT": 0.0, "OREB": 0, "DREB": 6, "REB": 6, "AST": 1, "STL": 0, "BLK": 4, "TOV": 5, "PF": 2, "PTS": 24, "PLUS_MINUS": -3, "VIDEO_AVAILABLE": 1}, {"SEASON_ID": "22017", "Player_ID": 204001, "Game_ID": "0021700587", "GAME_DATE": "JAN 07, 2018", "MATCHUP": "NYK @ DAL", "WL": "W", "MIN": 38, "FGM": 9, "FGA": 25, "FG_PCT": 0.36, "FG3M": 3, "FG3A": 5, "FG3_PCT": 0.6, "FTM": 8, "FTA": 8, "FT_PCT": 1.0, "OREB": 0, "DREB": 8, "REB": 8, "AST": 1, "STL": 0, "BLK": 1, "TOV": 2, "PF": 3, "PTS": 29, "PLUS_MINUS": 10, "VIDEO_AVAILABLE": 1}, {"SEASON_ID": "22017", "Player_ID": 204001, "Game_ID": "0021700568", "GAME_DATE": "JAN 05, 2018", "MATCHUP": "NYK @ MIA", "WL": "L", "MIN": 37, "FGM": 5, "FGA": 14, "FG_PCT": 0.357, "FG3M": 1, "FG3A": 3, "FG3_PCT": 0.333, "FTM": 4, "FTA": 4, "FT_PCT": 1.0, "OREB": 1, "DREB": 6, "REB": 7, "AST": 1, "STL": 1, "BLK": 3, "TOV": 2, "PF": 4, "PTS": 15, "PLUS_MINUS": -11, "VIDEO_AVAILABLE": 1}, {"SEASON_ID": "22017", "Player_ID": 204001, "Game_ID": "0021700556", "GAME_DATE": "JAN 03, 2018", "MATCHUP": "NYK @ WAS", "WL": "L", "MIN": 36, "FGM": 5, "FGA": 13, "FG_PCT": 0.385, "FG3M": 1, "FG3A": 4, "FG3_PCT": 0.25, "FTM": 5, "FTA": 6, "FT_PCT": 0.833, "OREB": 0, "DREB": 6, "REB": 6, "AST": 1, "STL": 0, "BLK": 2, "TOV": 3, "PF": 2, "PTS": 16, "PLUS_MINUS": -16, "VIDEO_AVAILABLE": 1}, {"SEASON_ID": "22017", "Player_ID": 204001, "Game_ID": "0021700550", "GAME_DATE": "JAN 02, 2018", "MATCHUP": "NYK vs. SAS", "WL": "L", "MIN": 36, "FGM": 5, "FGA": 19, "FG_PCT": 0.263, "FG3M": 0, "FG3A": 1, "FG3_PCT": 0.0, "FTM": 3, "FTA": 4, "FT_PCT": 0.75, "OREB": 4, "DREB": 5, "REB": 9, "AST": 1, "STL": 0, "BLK": 2, "TOV": 4, "PF": 4, "PTS": 13, "PLUS_MINUS": -12, "VIDEO_AVAILABLE": 1}, {"SEASON_ID": "22017", "Player_ID": 204001, "Game_ID": "0021700532", "GAME_DATE": "DEC 30, 2017", "MATCHUP": "NYK @ NOP", "WL": "W", "MIN": 32, "FGM": 11, "FGA": 22, "FG_PCT": 0.5, "FG3M": 1, "FG3A": 5, "FG3_PCT": 0.2, "FTM": 7, "FTA": 8, "FT_PCT": 0.875, "OREB": 2, "DREB": 5, "REB": 7, "AST": 3, "STL": 2, "BLK": 2, "TOV": 0, "PF": 5, "PTS": 30, "PLUS_MINUS": 7, "VIDEO_AVAILABLE": 1}, {"SEASON_ID": "22017", "Player_ID": 204001, "Game_ID": "0021700519", "GAME_DATE": "DEC 28, 2017", "MATCHUP": "NYK @ SAS", "WL": "L", "MIN": 34, "FGM": 6, "FGA": 16, "FG_PCT": 0.375, "FG3M": 1, "FG3A": 2, "FG3_PCT": 0.5, "FTM": 5, "FTA": 6, "FT_PCT": 0.833, "OREB": 3, "DREB": 4, "REB": 7, "AST": 1, "STL": 0, "BLK": 6, "TOV": 1, "PF": 6, "PTS": 18, "PLUS_MINUS": -9, "VIDEO_AVAILABLE": 1}, {"SEASON_ID": "22017", "Player_ID": 204001, "Game_ID": "0021700509", "GAME_DATE": "DEC 27, 2017", "MATCHUP": "NYK @ CHI", "WL": "L", "MIN": 39, "FGM": 9, "FGA": 22, "FG_PCT": 0.409, "FG3M": 1, "FG3A": 6, "FG3_PCT": 0.167, "FTM": 4, "FTA": 4, "FT_PCT": 1.0, "OREB": 1, "DREB": 5, "REB": 6, "AST": 1, "STL": 1, "BLK": 3, "TOV": 0, "PF": 2, "PTS": 23, "PLUS_MINUS": 0, "VIDEO_AVAILABLE": 1}, {"SEASON_ID": "22017", "Player_ID": 204001, "Game_ID": "0021700493", "GAME_DATE": "DEC 25, 2017", "MATCHUP": "NYK vs. PHI", "WL": "L", "MIN": 34, "FGM": 6, "FGA": 19, "FG_PCT": 0.316, "FG3M": 1, "FG3A": 2, "FG3_PCT": 0.5, "FTM": 9, "FTA": 14, "FT_PCT": 0.643, "OREB": 5, "DREB": 2, "REB": 7, "AST": 0, "STL": 0, "BLK": 5, "TOV": 1, "PF": 1, "PTS": 22, "PLUS_MINUS": 3, "VIDEO_AVAILABLE": 1}, {"SEASON_ID": "22017", "Player_ID": 204001, "Game_ID": "0021700471", "GAME_DATE": "DEC 22, 2017", "MATCHUP": "NYK @ DET", "WL": "L", "MIN": 38, "FGM": 12, "FGA": 28, "FG_PCT": 0.429, "FG3M": 3, "FG3A": 9, "FG3_PCT": 0.333, "FTM": 2, "FTA": 2, "FT_PCT": 1.0, "OREB": 2, "DREB": 7, "REB": 9, "AST": 2, "STL": 1, "BLK": 1, "TOV": 3, "PF": 4, "PTS": 29, "PLUS_MINUS": 13, "VIDEO_AVAILABLE": 1}, {"SEASON_ID": "22017", "Player_ID": 204001, "Game_ID": "0021700468", "GAME_DATE": "DEC 21, 2017", "MATCHUP": "NYK vs. BOS", "WL": "W", "MIN": 23, "FGM": 0, "FGA": 11, "FG_PCT": 0.0, "FG3M": 0, "FG3A": 3, "FG3_PCT": 0.0, "FTM": 1, "FTA": 2, "FT_PCT": 0.5, "OREB": 0, "DREB": 5, "REB": 5, "AST": 1, "STL": 0, "BLK": 0, "TOV": 2, "PF": 4, "PTS": 1, "PLUS_MINUS": -9, "VIDEO_AVAILABLE": 1}, {"SEASON_ID": "22017", "Player_ID": 204001, "Game_ID": "0021700414", "GAME_DATE": "DEC 14, 2017", "MATCHUP": "NYK @ BKN", "WL": "W", "MIN": 18, "FGM": 5, "FGA": 10, "FG_PCT": 0.5, "FG3M": 1, "FG3A": 3, "FG3_PCT": 0.333, "FTM": 2, "FTA": 2, "FT_PCT": 1.0, "OREB": 0, "DREB": 2, "REB": 2, "AST": 4, "STL": 1, "BLK": 0, "TOV": 2, "PF": 3, "PTS": 13, "PLUS_MINUS": 4, "VIDEO_AVAILABLE": 1}, {"SEASON_ID": "22017", "Player_ID": 204001, "Game_ID": "0021700399", "GAME_DATE": "DEC 12, 2017", "MATCHUP": "NYK vs. LAL", "WL": "W", "MIN": 40, "FGM": 14, "FGA": 26, "FG_PCT": 0.538, "FG3M": 5, "FG3A": 8, "FG3_PCT": 0.625, "FTM": 4, "FTA": 5, "FT_PCT": 0.8, "OREB": 3, "DREB": 8, "REB": 11, "AST": 1, "STL": 1, "BLK": 5, "TOV": 3, "PF": 3, "PTS": 37, "PLUS_MINUS": 5, "VIDEO_AVAILABLE": 1}, {"SEASON_ID": "22017", "Player_ID": 204001, "Game_ID": "0021700390", "GAME_DATE": "DEC 10, 2017", "MATCHUP": "NYK vs. ATL", "WL": "W", "MIN": 38, "FGM": 10, "FGA": 23, "FG_PCT": 0.435, "FG3M": 1, "FG3A": 5, "FG3_PCT": 0.2, "FTM": 9, "FTA": 10, "FT_PCT": 0.9, "OREB": 0, "DREB": 8, "REB": 8, "AST": 2, "STL": 2, "BLK": 3, "TOV": 2, "PF": 2, "PTS": 30, "PLUS_MINUS": -1, "VIDEO_AVAILABLE": 1}, {"SEASON_ID": "22017", "Player_ID": 204001, "Game_ID": "0021700380", "GAME_DATE": "DEC 09, 2017", "MATCHUP": "NYK @ CHI", "WL": "L", "MIN": 36, "FGM": 10, "FGA": 25, "FG_PCT": 0.4, "FG3M": 1, "FG3A": 7, "FG3_PCT": 0.143, "FTM": 2, "FTA": 2, "FT_PCT": 1.0, "OREB": 0, "DREB": 4, "REB": 4, "AST": 2, "STL": 0, "BLK": 1, "TOV": 2, "PF": 1, "PTS": 23, "PLUS_MINUS": -2, "VIDEO_AVAILABLE": 1}, {"SEASON_ID": "22017", "Player_ID": 204001, "Game_ID": "0021700357", "GAME_DATE": "DEC 06, 2017", "MATCHUP": "NYK vs. MEM", "WL": "W", "MIN": 34, "FGM": 8, "FGA": 19, "FG_PCT": 0.421, "FG3M": 2, "FG3A": 3, "FG3_PCT": 0.667, "FTM": 0, "FTA": 0, "FT_PCT": 0.0, "OREB": 2, "DREB": 3, "REB": 5, "AST": 0, "STL": 1, "BLK": 1, "TOV": 1, "PF": 0, "PTS": 18, "PLUS_MINUS": 1, "VIDEO_AVAILABLE": 1}, {"SEASON_ID": "22017", "Player_ID": 204001, "Game_ID": "0021700306", "GAME_DATE": "NOV 29, 2017", "MATCHUP": "NYK vs. MIA", "WL": "W", "MIN": 3, "FGM": 2, "FGA": 2, "FG_PCT": 1.0, "FG3M": 0, "FG3A": 0, "FG3_PCT": 0.0, "FTM": 0, "FTA": 0, "FT_PCT": 0.0, "OREB": 0, "DREB": 0, "REB": 0, "AST": 0, "STL": 0, "BLK": 0, "TOV": 1, "PF": 0, "PTS": 4, "PLUS_MINUS": 2, "VIDEO_AVAILABLE": 1}, {"SEASON_ID": "22017", "Player_ID": 204001, "Game_ID": "0021700293", "GAME_DATE": "NOV 27, 2017", "MATCHUP": "NYK vs. POR", "WL": "L", "MIN": 33, "FGM": 6, "FGA": 16, "FG_PCT": 0.375, "FG3M": 2, "FG3A": 6, "FG3_PCT": 0.333, "FTM": 8, "FTA": 9, "FT_PCT": 0.889, "OREB": 3, "DREB": 4, "REB": 7, "AST": 1, "STL": 1, "BLK": 1, "TOV": 3, "PF": 4, "PTS": 22, "PLUS_MINUS": -14, "VIDEO_AVAILABLE": 1}, {"SEASON_ID": "22017", "Player_ID": 204001, "Game_ID": "0021700268", "GAME_DATE": "NOV 24, 2017", "MATCHUP": "NYK @ ATL", "WL": "L", "MIN": 36, "FGM": 9, "FGA": 18, "FG_PCT": 0.5, "FG3M": 4, "FG3A": 8, "FG3_PCT": 0.5, "FTM": 6, "FTA": 8, "FT_PCT": 0.75, "OREB": 0, "DREB": 4, "REB": 4, "AST": 2, "STL": 0, "BLK": 2, "TOV": 3, "PF": 4, "PTS": 28, "PLUS_MINUS": -1, "VIDEO_AVAILABLE": 1}, {"SEASON_ID": "22017", "Player_ID": 204001, "Game_ID": "0021700258", "GAME_DATE": "NOV 22, 2017", "MATCHUP": "NYK vs. TOR", "WL": "W", "MIN": 35, "FGM": 8, "FGA": 21, "FG_PCT": 0.381, "FG3M": 1, "FG3A": 4, "FG3_PCT": 0.25, "FTM": 5, "FTA": 5, "FT_PCT": 1.0, "OREB": 1, "DREB": 11, "REB": 12, "AST": 1, "STL": 0, "BLK": 3, "TOV": 1, "PF": 4, "PTS": 22, "PLUS_MINUS": 6, "VIDEO_AVAILABLE": 2}, {"SEASON_ID": "22017", "Player_ID": 204001, "Game_ID": "0021700245", "GAME_DATE": "NOV 20, 2017", "MATCHUP": "NYK vs. LAC", "WL": "W", "MIN": 29, "FGM": 7, "FGA": 20, "FG_PCT": 0.35, "FG3M": 2, "FG3A": 7, "FG3_PCT": 0.286, "FTM": 9, "FTA": 9, "FT_PCT": 1.0, "OREB": 2, "DREB": 5, "REB": 7, "AST": 2, "STL": 2, "BLK": 2, "TOV": 5, "PF": 4, "PTS": 25, "PLUS_MINUS": 27, "VIDEO_AVAILABLE": 1}, {"SEASON_ID": "22017", "Player_ID": 204001, "Game_ID": "0021700221", "GAME_DATE": "NOV 17, 2017", "MATCHUP": "NYK @ TOR", "WL": "L", "MIN": 35, "FGM": 3, "FGA": 13, "FG_PCT": 0.231, "FG3M": 2, "FG3A": 3, "FG3_PCT": 0.667, "FTM": 5, "FTA": 6, "FT_PCT": 0.833, "OREB": 0, "DREB": 4, "REB": 4, "AST": 0, "STL": 0, "BLK": 4, "TOV": 3, "PF": 4, "PTS": 13, "PLUS_MINUS": -17, "VIDEO_AVAILABLE": 2}, {"SEASON_ID": "22017", "Player_ID": 204001, "Game_ID": "0021700206", "GAME_DATE": "NOV 15, 2017", "MATCHUP": "NYK vs. UTA", "WL": "W", "MIN": 36, "FGM": 8, "FGA": 19, "FG_PCT": 0.421, "FG3M": 1, "FG3A": 4, "FG3_PCT": 0.25, "FTM": 5, "FTA": 6, "FT_PCT": 0.833, "OREB": 2, "DREB": 6, "REB": 8, "AST": 2, "STL": 0, "BLK": 2, "TOV": 2, "PF": 1, "PTS": 22, "PLUS_MINUS": 3, "VIDEO_AVAILABLE": 1}, {"SEASON_ID": "22017", "Player_ID": 204001, "Game_ID": "0021700193", "GAME_DATE": "NOV 13, 2017", "MATCHUP": "NYK vs. CLE", "WL": "L", "MIN": 34, "FGM": 7, "FGA": 21, "FG_PCT": 0.333, "FG3M": 2, "FG3A": 5, "FG3_PCT": 0.4, "FTM": 4, "FTA": 7, "FT_PCT": 0.571, "OREB": 1, "DREB": 6, "REB": 7, "AST": 1, "STL": 2, "BLK": 1, "TOV": 2, "PF": 4, "PTS": 20, "PLUS_MINUS": 5, "VIDEO_AVAILABLE": 2}, {"SEASON_ID": "22017", "Player_ID": 204001, "Game_ID": "0021700179", "GAME_DATE": "NOV 11, 2017", "MATCHUP": "NYK vs. SAC", "WL": "W", "MIN": 27, "FGM": 11, "FGA": 21, "FG_PCT": 0.524, "FG3M": 4, "FG3A": 6, "FG3_PCT": 0.667, "FTM": 8, "FTA": 9, "FT_PCT": 0.889, "OREB": 1, "DREB": 4, "REB": 5, "AST": 2, "STL": 0, "BLK": 2, "TOV": 0, "PF": 2, "PTS": 34, "PLUS_MINUS": 31, "VIDEO_AVAILABLE": 1}, {"SEASON_ID": "22017", "Player_ID": 204001, "Game_ID": "0021700152", "GAME_DATE": "NOV 07, 2017", "MATCHUP": "NYK vs. CHA", "WL": "W", "MIN": 29, "FGM": 10, "FGA": 15, "FG_PCT": 0.667, "FG3M": 4, "FG3A": 8, "FG3_PCT": 0.5, "FTM": 4, "FTA": 4, "FT_PCT": 1.0, "OREB": 1, "DREB": 4, "REB": 5, "AST": 1, "STL": 0, "BLK": 3, "TOV": 5, "PF": 3, "PTS": 28, "PLUS_MINUS": -1, "VIDEO_AVAILABLE": 1}, {"SEASON_ID": "22017", "Player_ID": 204001, "Game_ID": "0021700142", "GAME_DATE": "NOV 05, 2017", "MATCHUP": "NYK vs. IND", "WL": "W", "MIN": 38, "FGM": 15, "FGA": 24, "FG_PCT": 0.625, "FG3M": 2, "FG3A": 4, "FG3_PCT": 0.5, "FTM": 8, "FTA": 9, "FT_PCT": 0.889, "OREB": 0, "DREB": 8, "REB": 8, "AST": 1, "STL": 0, "BLK": 6, "TOV": 1, "PF": 2, "PTS": 40, "PLUS_MINUS": 20, "VIDEO_AVAILABLE": 1}, {"SEASON_ID": "22017", "Player_ID": 204001, "Game_ID": "0021700124", "GAME_DATE": "NOV 03, 2017", "MATCHUP": "NYK vs. PHX", "WL": "W", "MIN": 31, "FGM": 13, "FGA": 22, "FG_PCT": 0.591, "FG3M": 1, "FG3A": 2, "FG3_PCT": 0.5, "FTM": 10, "FTA": 13, "FT_PCT": 0.769, "OREB": 2, "DREB": 5, "REB": 7, "AST": 0, "STL": 1, "BLK": 3, "TOV": 2, "PF": 1, "PTS": 37, "PLUS_MINUS": 13, "VIDEO_AVAILABLE": 1}, {"SEASON_ID": "22017", "Player_ID": 204001, "Game_ID": "0021700111", "GAME_DATE": "NOV 01, 2017", "MATCHUP": "NYK vs. HOU", "WL": "L", "MIN": 28, "FGM": 7, "FGA": 18, "FG_PCT": 0.389, "FG3M": 0, "FG3A": 2, "FG3_PCT": 0.0, "FTM": 5, "FTA": 5, "FT_PCT": 1.0, "OREB": 0, "DREB": 5, "REB": 5, "AST": 3, "STL": 0, "BLK": 1, "TOV": 3, "PF": 2, "PTS": 19, "PLUS_MINUS": -7, "VIDEO_AVAILABLE": 2}, {"SEASON_ID": "22017", "Player_ID": 204001, "Game_ID": "0021700094", "GAME_DATE": "OCT 30, 2017", "MATCHUP": "NYK vs. DEN", "WL": "W", "MIN": 34, "FGM": 14, "FGA": 26, "FG_PCT": 0.538, "FG3M": 4, "FG3A": 7, "FG3_PCT": 0.571, "FTM": 6, "FTA": 6, "FT_PCT": 1.0, "OREB": 2, "DREB": 5, "REB": 7, "AST": 2, "STL": 0, "BLK": 3, "TOV": 5, "PF": 5, "PTS": 38, "PLUS_MINUS": 0, "VIDEO_AVAILABLE": 1}, {"SEASON_ID": "22017", "Player_ID": 204001, "Game_ID": "0021700090", "GAME_DATE": "OCT 29, 2017", "MATCHUP": "NYK @ CLE", "WL": "W", "MIN": 36, "FGM": 13, "FGA": 27, "FG_PCT": 0.481, "FG3M": 2, "FG3A": 5, "FG3_PCT": 0.4, "FTM": 4, "FTA": 5, "FT_PCT": 0.8, "OREB": 1, "DREB": 11, "REB": 12, "AST": 0, "STL": 1, "BLK": 2, "TOV": 3, "PF": 4, "PTS": 32, "PLUS_MINUS": 21, "VIDEO_AVAILABLE": 1}, {"SEASON_ID": "22017", "Player_ID": 204001, "Game_ID": "0021700073", "GAME_DATE": "OCT 27, 2017", "MATCHUP": "NYK vs. BKN", "WL": "W", "MIN": 29, "FGM": 13, "FGA": 24, "FG_PCT": 0.542, "FG3M": 1, "FG3A": 6, "FG3_PCT": 0.167, "FTM": 3, "FTA": 3, "FT_PCT": 1.0, "OREB": 3, "DREB": 6, "REB": 9, "AST": 0, "STL": 1, "BLK": 3, "TOV": 0, "PF": 3, "PTS": 30, "PLUS_MINUS": 12, "VIDEO_AVAILABLE": 1}, {"SEASON_ID": "22017", "Player_ID": 204001, "Game_ID": "0021700051", "GAME_DATE": "OCT 24, 2017", "MATCHUP": "NYK @ BOS", "WL": "L", "MIN": 32, "FGM": 3, "FGA": 14, "FG_PCT": 0.214, "FG3M": 0, "FG3A": 2, "FG3_PCT": 0.0, "FTM": 6, "FTA": 9, "FT_PCT": 0.667, "OREB": 1, "DREB": 4, "REB": 5, "AST": 0, "STL": 0, "BLK": 0, "TOV": 2, "PF": 1, "PTS": 12, "PLUS_MINUS": -14, "VIDEO_AVAILABLE": 2}, {"SEASON_ID": "22017", "Player_ID": 204001, "Game_ID": "0021700030", "GAME_DATE": "OCT 21, 2017", "MATCHUP": "NYK vs. DET", "WL": "L", "MIN": 35, "FGM": 11, "FGA": 20, "FG_PCT": 0.55, "FG3M": 3, "FG3A": 7, "FG3_PCT": 0.429, "FTM": 8, "FTA": 10, "FT_PCT": 0.8, "OREB": 0, "DREB": 5, "REB": 5, "AST": 2, "STL": 1, "BLK": 1, "TOV": 2, "PF": 3, "PTS": 33, "PLUS_MINUS": -5, "VIDEO_AVAILABLE": 1}, {"SEASON_ID": "22017", "Player_ID": 204001, "Game_ID": "0021700015", "GAME_DATE": "OCT 19, 2017", "MATCHUP": "NYK @ OKC", "WL": "L", "MIN": 38, "FGM": 11, "FGA": 25, "FG_PCT": 0.44, "FG3M": 2, "FG3A": 6, "FG3_PCT": 0.333, "FTM": 7, "FTA": 9, "FT_PCT": 0.778, "OREB": 3, "DREB": 9, "REB": 12, "AST": 1, "STL": 0, "BLK": 1, "TOV": 2, "PF": 3, "PTS": 31, "PLUS_MINUS": -17, "VIDEO_AVAILABLE": 1}, {"SEASON_ID": "22016", "Player_ID": 204001, "Game_ID": "0021601145", "GAME_DATE": "APR 02, 2017", "MATCHUP": "NYK vs. BOS", "WL": "L", "MIN": 28, "FGM": 6, "FGA": 10, "FG_PCT": 0.6, "FG3M": 0, "FG3A": 0, "FG3_PCT": 0.0, "FTM": 2, "FTA": 4, "FT_PCT": 0.5, "OREB": 0, "DREB": 1, "REB": 1, "AST": 0, "STL": 1, "BLK": 0, "TOV": 0, "PF": 1, "PTS": 14, "PLUS_MINUS": -18, "VIDEO_AVAILABLE": 1}, {"SEASON_ID": "22016", "Player_ID": 204001, "Game_ID": "0021601133", "GAME_DATE": "MAR 31, 2017", "MATCHUP": "NYK @ MIA", "WL": "W", "MIN": 36, "FGM": 10, "FGA": 18, "FG_PCT": 0.556, "FG3M": 2, "FG3A": 5, "FG3_PCT": 0.4, "FTM": 0, "FTA": 0, "FT_PCT": 0.0, "OREB": 2, "DREB": 5, "REB": 7, "AST": 3, "STL": 0, "BLK": 1, "TOV": 4, "PF": 3, "PTS": 22, "PLUS_MINUS": 10, "VIDEO_AVAILABLE": 1}, {"SEASON_ID": "22016", "Player_ID": 204001, "Game_ID": "0021601115", "GAME_DATE": "MAR 29, 2017", "MATCHUP": "NYK vs. MIA", "WL": "L", "MIN": 36, "FGM": 6, "FGA": 13, "FG_PCT": 0.462, "FG3M": 1, "FG3A": 3, "FG3_PCT": 0.333, "FTM": 7, "FTA": 10, "FT_PCT": 0.7, "OREB": 2, "DREB": 6, "REB": 8, "AST": 2, "STL": 0, "BLK": 3, "TOV": 3, "PF": 3, "PTS": 20, "PLUS_MINUS": -14, "VIDEO_AVAILABLE": 1}, {"SEASON_ID": "22016", "Player_ID": 204001, "Game_ID": "0021601098", "GAME_DATE": "MAR 27, 2017", "MATCHUP": "NYK vs. DET", "WL": "W", "MIN": 37, "FGM": 10, "FGA": 16, "FG_PCT": 0.625, "FG3M": 1, "FG3A": 4, "FG3_PCT": 0.25, "FTM": 4, "FTA": 4, "FT_PCT": 1.0, "OREB": 0, "DREB": 8, "REB": 8, "AST": 3, "STL": 2, "BLK": 3, "TOV": 1, "PF": 5, "PTS": 25, "PLUS_MINUS": 11, "VIDEO_AVAILABLE": 1}, {"SEASON_ID": "22016", "Player_ID": 204001, "Game_ID": "0021601085", "GAME_DATE": "MAR 25, 2017", "MATCHUP": "NYK @ SAS", "WL": "L", "MIN": 26, "FGM": 3, "FGA": 8, "FG_PCT": 0.375, "FG3M": 0, "FG3A": 1, "FG3_PCT": 0.0, "FTM": 6, "FTA": 6, "FT_PCT": 1.0, "OREB": 0, "DREB": 5, "REB": 5, "AST": 2, "STL": 1, "BLK": 1, "TOV": 5, "PF": 5, "PTS": 12, "PLUS_MINUS": -4, "VIDEO_AVAILABLE": 1}, {"SEASON_ID": "22016", "Player_ID": 204001, "Game_ID": "0021601071", "GAME_DATE": "MAR 23, 2017", "MATCHUP": "NYK @ POR", "WL": "L", "MIN": 38, "FGM": 8, "FGA": 21, "FG_PCT": 0.381, "FG3M": 0, "FG3A": 5, "FG3_PCT": 0.0, "FTM": 2, "FTA": 3, "FT_PCT": 0.667, "OREB": 3, "DREB": 6, "REB": 9, "AST": 1, "STL": 1, "BLK": 3, "TOV": 2, "PF": 2, "PTS": 18, "PLUS_MINUS": -16, "VIDEO_AVAILABLE": 1}, {"SEASON_ID": "22016", "Player_ID": 204001, "Game_ID": "0021601066", "GAME_DATE": "MAR 22, 2017", "MATCHUP": "NYK @ UTA", "WL": "L", "MIN": 31, "FGM": 8, "FGA": 17, "FG_PCT": 0.471, "FG3M": 3, "FG3A": 7, "FG3_PCT": 0.429, "FTM": 5, "FTA": 6, "FT_PCT": 0.833, "OREB": 2, "DREB": 5, "REB": 7, "AST": 0, "STL": 1, "BLK": 1, "TOV": 0, "PF": 5, "PTS": 24, "PLUS_MINUS": -4, "VIDEO_AVAILABLE": 1}, {"SEASON_ID": "22016", "Player_ID": 204001, "Game_ID": "0021601050", "GAME_DATE": "MAR 20, 2017", "MATCHUP": "NYK @ LAC", "WL": "L", "MIN": 32, "FGM": 9, "FGA": 16, "FG_PCT": 0.563, "FG3M": 0, "FG3A": 4, "FG3_PCT": 0.0, "FTM": 0, "FTA": 0, "FT_PCT": 0.0, "OREB": 3, "DREB": 8, "REB": 11, "AST": 2, "STL": 2, "BLK": 0, "TOV": 2, "PF": 3, "PTS": 18, "PLUS_MINUS": -7, "VIDEO_AVAILABLE": 1}, {"SEASON_ID": "22016", "Player_ID": 204001, "Game_ID": "0021601001", "GAME_DATE": "MAR 14, 2017", "MATCHUP": "NYK vs. IND", "WL": "W", "MIN": 25, "FGM": 5, "FGA": 17, "FG_PCT": 0.294, "FG3M": 1, "FG3A": 6, "FG3_PCT": 0.167, "FTM": 0, "FTA": 0, "FT_PCT": 0.0, "OREB": 2, "DREB": 1, "REB": 3, "AST": 3, "STL": 1, "BLK": 3, "TOV": 2, "PF": 1, "PTS": 11, "PLUS_MINUS": -2, "VIDEO_AVAILABLE": 1}, {"SEASON_ID": "22016", "Player_ID": 204001, "Game_ID": "0021600986", "GAME_DATE": "MAR 12, 2017", "MATCHUP": "NYK @ BKN", "WL": "L", "MIN": 34, "FGM": 7, "FGA": 16, "FG_PCT": 0.438, "FG3M": 2, "FG3A": 6, "FG3_PCT": 0.333, "FTM": 3, "FTA": 4, "FT_PCT": 0.75, "OREB": 2, "DREB": 8, "REB": 10, "AST": 4, "STL": 0, "BLK": 5, "TOV": 4, "PF": 6, "PTS": 19, "PLUS_MINUS": -3, "VIDEO_AVAILABLE": 1}, {"SEASON_ID": "22016", "Player_ID": 204001, "Game_ID": "0021600975", "GAME_DATE": "MAR 11, 2017", "MATCHUP": "NYK @ DET", "WL": "L", "MIN": 36, "FGM": 7, "FGA": 16, "FG_PCT": 0.438, "FG3M": 3, "FG3A": 7, "FG3_PCT": 0.429, "FTM": 1, "FTA": 3, "FT_PCT": 0.333, "OREB": 2, "DREB": 4, "REB": 6, "AST": 4, "STL": 0, "BLK": 6, "TOV": 0, "PF": 4, "PTS": 18, "PLUS_MINUS": -8, "VIDEO_AVAILABLE": 1}, {"SEASON_ID": "22016", "Player_ID": 204001, "Game_ID": "0021600952", "GAME_DATE": "MAR 08, 2017", "MATCHUP": "NYK @ MIL", "WL": "L", "MIN": 37, "FGM": 5, "FGA": 15, "FG_PCT": 0.333, "FG3M": 2, "FG3A": 5, "FG3_PCT": 0.4, "FTM": 1, "FTA": 2, "FT_PCT": 0.5, "OREB": 1, "DREB": 7, "REB": 8, "AST": 2, "STL": 0, "BLK": 3, "TOV": 2, "PF": 2, "PTS": 13, "PLUS_MINUS": -6, "VIDEO_AVAILABLE": 1}, {"SEASON_ID": "22016", "Player_ID": 204001, "Game_ID": "0021600935", "GAME_DATE": "MAR 06, 2017", "MATCHUP": "NYK @ ORL", "WL": "W", "MIN": 30, "FGM": 6, "FGA": 12, "FG_PCT": 0.5, "FG3M": 0, "FG3A": 0, "FG3_PCT": 0.0, "FTM": 2, "FTA": 2, "FT_PCT": 1.0, "OREB": 2, "DREB": 5, "REB": 7, "AST": 1, "STL": 0, "BLK": 1, "TOV": 1, "PF": 4, "PTS": 14, "PLUS_MINUS": -9, "VIDEO_AVAILABLE": 1}, {"SEASON_ID": "22016", "Player_ID": 204001, "Game_ID": "0021600928", "GAME_DATE": "MAR 05, 2017", "MATCHUP": "NYK vs. GSW", "WL": "L", "MIN": 40, "FGM": 9, "FGA": 21, "FG_PCT": 0.429, "FG3M": 2, "FG3A": 6, "FG3_PCT": 0.333, "FTM": 4, "FTA": 4, "FT_PCT": 1.0, "OREB": 4, "DREB": 11, "REB": 15, "AST": 2, "STL": 0, "BLK": 2, "TOV": 2, "PF": 3, "PTS": 24, "PLUS_MINUS": -1, "VIDEO_AVAILABLE": 1}, {"SEASON_ID": "22016", "Player_ID": 204001, "Game_ID": "0021600909", "GAME_DATE": "MAR 03, 2017", "MATCHUP": "NYK @ PHI", "WL": "L", "MIN": 31, "FGM": 6, "FGA": 12, "FG_PCT": 0.5, "FG3M": 0, "FG3A": 2, "FG3_PCT": 0.0, "FTM": 6, "FTA": 6, "FT_PCT": 1.0, "OREB": 0, "DREB": 8, "REB": 8, "AST": 1, "STL": 1, "BLK": 0, "TOV": 0, "PF": 5, "PTS": 18, "PLUS_MINUS": 16, "VIDEO_AVAILABLE": 1}, {"SEASON_ID": "22016", "Player_ID": 204001, "Game_ID": "0021600895", "GAME_DATE": "MAR 01, 2017", "MATCHUP": "NYK @ ORL", "WL": "W", "MIN": 33, "FGM": 6, "FGA": 15, "FG_PCT": 0.4, "FG3M": 2, "FG3A": 7, "FG3_PCT": 0.286, "FTM": 6, "FTA": 8, "FT_PCT": 0.75, "OREB": 3, "DREB": 6, "REB": 9, "AST": 2, "STL": 1, "BLK": 0, "TOV": 1, "PF": 3, "PTS": 20, "PLUS_MINUS": 6, "VIDEO_AVAILABLE": 1}, {"SEASON_ID": "22016", "Player_ID": 204001, "Game_ID": "0021600853", "GAME_DATE": "FEB 23, 2017", "MATCHUP": "NYK @ CLE", "WL": "L", "MIN": 16, "FGM": 4, "FGA": 10, "FG_PCT": 0.4, "FG3M": 0, "FG3A": 4, "FG3_PCT": 0.0, "FTM": 0, "FTA": 0, "FT_PCT": 0.0, "OREB": 1, "DREB": 4, "REB": 5, "AST": 0, "STL": 0, "BLK": 2, "TOV": 0, "PF": 0, "PTS": 8, "PLUS_MINUS": -6, "VIDEO_AVAILABLE": 1}, {"SEASON_ID": "22016", "Player_ID": 204001, "Game_ID": "0021600845", "GAME_DATE": "FEB 15, 2017", "MATCHUP": "NYK @ OKC", "WL": "L", "MIN": 33, "FGM": 4, "FGA": 13, "FG_PCT": 0.308, "FG3M": 1, "FG3A": 4, "FG3_PCT": 0.25, "FTM": 2, "FTA": 2, "FT_PCT": 1.0, "OREB": 0, "DREB": 7, "REB": 7, "AST": 1, "STL": 1, "BLK": 2, "TOV": 4, "PF": 4, "PTS": 11, "PLUS_MINUS": -1, "VIDEO_AVAILABLE": 1}, {"SEASON_ID": "22016", "Player_ID": 204001, "Game_ID": "0021600817", "GAME_DATE": "FEB 12, 2017", "MATCHUP": "NYK vs. SAS", "WL": "W", "MIN": 37, "FGM": 4, "FGA": 10, "FG_PCT": 0.4, "FG3M": 3, "FG3A": 5, "FG3_PCT": 0.6, "FTM": 5, "FTA": 5, "FT_PCT": 1.0, "OREB": 0, "DREB": 7, "REB": 7, "AST": 2, "STL": 1, "BLK": 4, "TOV": 2, "PF": 3, "PTS": 16, "PLUS_MINUS": 20, "VIDEO_AVAILABLE": 1}, {"SEASON_ID": "22016", "Player_ID": 204001, "Game_ID": "0021600800", "GAME_DATE": "FEB 10, 2017", "MATCHUP": "NYK vs. DEN", "WL": "L", "MIN": 33, "FGM": 7, "FGA": 14, "FG_PCT": 0.5, "FG3M": 2, "FG3A": 4, "FG3_PCT": 0.5, "FTM": 1, "FTA": 2, "FT_PCT": 0.5, "OREB": 2, "DREB": 2, "REB": 4, "AST": 2, "STL": 1, "BLK": 1, "TOV": 1, "PF": 3, "PTS": 17, "PLUS_MINUS": -3, "VIDEO_AVAILABLE": 1}, {"SEASON_ID": "22016", "Player_ID": 204001, "Game_ID": "0021600791", "GAME_DATE": "FEB 08, 2017", "MATCHUP": "NYK vs. LAC", "WL": "L", "MIN": 27, "FGM": 10, "FGA": 19, "FG_PCT": 0.526, "FG3M": 4, "FG3A": 7, "FG3_PCT": 0.571, "FTM": 3, "FTA": 4, "FT_PCT": 0.75, "OREB": 4, "DREB": 2, "REB": 6, "AST": 2, "STL": 2, "BLK": 0, "TOV": 1, "PF": 5, "PTS": 27, "PLUS_MINUS": -1, "VIDEO_AVAILABLE": 1}, {"SEASON_ID": "22016", "Player_ID": 204001, "Game_ID": "0021600768", "GAME_DATE": "FEB 06, 2017", "MATCHUP": "NYK vs. LAL", "WL": "L", "MIN": 33, "FGM": 5, "FGA": 14, "FG_PCT": 0.357, "FG3M": 1, "FG3A": 5, "FG3_PCT": 0.2, "FTM": 5, "FTA": 7, "FT_PCT": 0.714, "OREB": 1, "DREB": 8, "REB": 9, "AST": 0, "STL": 0, "BLK": 2, "TOV": 2, "PF": 2, "PTS": 16, "PLUS_MINUS": -17, "VIDEO_AVAILABLE": 1}, {"SEASON_ID": "22016", "Player_ID": 204001, "Game_ID": "0021600759", "GAME_DATE": "FEB 04, 2017", "MATCHUP": "NYK vs. CLE", "WL": "L", "MIN": 29, "FGM": 3, "FGA": 10, "FG_PCT": 0.3, "FG3M": 1, "FG3A": 3, "FG3_PCT": 0.333, "FTM": 2, "FTA": 5, "FT_PCT": 0.4, "OREB": 1, "DREB": 7, "REB": 8, "AST": 2, "STL": 1, "BLK": 3, "TOV": 2, "PF": 5, "PTS": 9, "PLUS_MINUS": 12, "VIDEO_AVAILABLE": 1}, {"SEASON_ID": "22016", "Player_ID": 204001, "Game_ID": "0021600733", "GAME_DATE": "FEB 01, 2017", "MATCHUP": "NYK @ BKN", "WL": "W", "MIN": 26, "FGM": 7, "FGA": 15, "FG_PCT": 0.467, "FG3M": 1, "FG3A": 4, "FG3_PCT": 0.25, "FTM": 4, "FTA": 7, "FT_PCT": 0.571, "OREB": 4, "DREB": 8, "REB": 12, "AST": 1, "STL": 0, "BLK": 2, "TOV": 2, "PF": 5, "PTS": 19, "PLUS_MINUS": 15, "VIDEO_AVAILABLE": 1}, {"SEASON_ID": "22016", "Player_ID": 204001, "Game_ID": "0021600711", "GAME_DATE": "JAN 29, 2017", "MATCHUP": "NYK @ ATL", "WL": "L", "MIN": 30, "FGM": 6, "FGA": 14, "FG_PCT": 0.429, "FG3M": 0, "FG3A": 3, "FG3_PCT": 0.0, "FTM": 3, "FTA": 3, "FT_PCT": 1.0, "OREB": 3, "DREB": 2, "REB": 5, "AST": 1, "STL": 0, "BLK": 3, "TOV": 2, "PF": 6, "PTS": 15, "PLUS_MINUS": -1, "VIDEO_AVAILABLE": 1}, {"SEASON_ID": "22016", "Player_ID": 204001, "Game_ID": "0021600699", "GAME_DATE": "JAN 27, 2017", "MATCHUP": "NYK vs. CHA", "WL": "W", "MIN": 35, "FGM": 8, "FGA": 11, "FG_PCT": 0.727, "FG3M": 2, "FG3A": 4, "FG3_PCT": 0.5, "FTM": 0, "FTA": 0, "FT_PCT": 0.0, "OREB": 1, "DREB": 3, "REB": 4, "AST": 0, "STL": 0, "BLK": 3, "TOV": 2, "PF": 6, "PTS": 18, "PLUS_MINUS": -6, "VIDEO_AVAILABLE": 1}, {"SEASON_ID": "22016", "Player_ID": 204001, "Game_ID": "0021600688", "GAME_DATE": "JAN 25, 2017", "MATCHUP": "NYK @ DAL", "WL": "L", "MIN": 23, "FGM": 4, "FGA": 11, "FG_PCT": 0.364, "FG3M": 0, "FG3A": 2, "FG3_PCT": 0.0, "FTM": 5, "FTA": 5, "FT_PCT": 1.0, "OREB": 2, "DREB": 6, "REB": 8, "AST": 1, "STL": 0, "BLK": 1, "TOV": 1, "PF": 5, "PTS": 13, "PLUS_MINUS": -11, "VIDEO_AVAILABLE": 1}, {"SEASON_ID": "22016", "Player_ID": 204001, "Game_ID": "0021600672", "GAME_DATE": "JAN 23, 2017", "MATCHUP": "NYK @ IND", "WL": "W", "MIN": 25, "FGM": 3, "FGA": 11, "FG_PCT": 0.273, "FG3M": 2, "FG3A": 6, "FG3_PCT": 0.333, "FTM": 0, "FTA": 0, "FT_PCT": 0.0, "OREB": 0, "DREB": 4, "REB": 4, "AST": 0, "STL": 1, "BLK": 1, "TOV": 3, "PF": 6, "PTS": 8, "PLUS_MINUS": -7, "VIDEO_AVAILABLE": 1}, {"SEASON_ID": "22016", "Player_ID": 204001, "Game_ID": "0021600654", "GAME_DATE": "JAN 21, 2017", "MATCHUP": "NYK vs. PHX", "WL": "L", "MIN": 33, "FGM": 7, "FGA": 13, "FG_PCT": 0.538, "FG3M": 0, "FG3A": 3, "FG3_PCT": 0.0, "FTM": 0, "FTA": 0, "FT_PCT": 0.0, "OREB": 1, "DREB": 0, "REB": 1, "AST": 2, "STL": 1, "BLK": 1, "TOV": 2, "PF": 3, "PTS": 14, "PLUS_MINUS": -6, "VIDEO_AVAILABLE": 1}, {"SEASON_ID": "22016", "Player_ID": 204001, "Game_ID": "0021600638", "GAME_DATE": "JAN 19, 2017", "MATCHUP": "NYK vs. WAS", "WL": "L", "MIN": 29, "FGM": 6, "FGA": 11, "FG_PCT": 0.545, "FG3M": 0, "FG3A": 3, "FG3_PCT": 0.0, "FTM": 3, "FTA": 3, "FT_PCT": 1.0, "OREB": 3, "DREB": 2, "REB": 5, "AST": 2, "STL": 1, "BLK": 0, "TOV": 1, "PF": 3, "PTS": 15, "PLUS_MINUS": -1, "VIDEO_AVAILABLE": 1}, {"SEASON_ID": "22016", "Player_ID": 204001, "Game_ID": "0021600580", "GAME_DATE": "JAN 11, 2017", "MATCHUP": "NYK @ PHI", "WL": "L", "MIN": 28, "FGM": 3, "FGA": 10, "FG_PCT": 0.3, "FG3M": 1, "FG3A": 6, "FG3_PCT": 0.167, "FTM": 0, "FTA": 0, "FT_PCT": 0.0, "OREB": 0, "DREB": 2, "REB": 2, "AST": 2, "STL": 1, "BLK": 2, "TOV": 1, "PF": 4, "PTS": 7, "PLUS_MINUS": -4, "VIDEO_AVAILABLE": 1}, {"SEASON_ID": "22016", "Player_ID": 204001, "Game_ID": "0021600568", "GAME_DATE": "JAN 09, 2017", "MATCHUP": "NYK vs. NOP", "WL": "L", "MIN": 24, "FGM": 3, "FGA": 13, "FG_PCT": 0.231, "FG3M": 0, "FG3A": 4, "FG3_PCT": 0.0, "FTM": 3, "FTA": 4, "FT_PCT": 0.75, "OREB": 0, "DREB": 4, "REB": 4, "AST": 1, "STL": 0, "BLK": 2, "TOV": 2, "PF": 2, "PTS": 9, "PLUS_MINUS": -6, "VIDEO_AVAILABLE": 1}, {"SEASON_ID": "22016", "Player_ID": 204001, "Game_ID": "0021600552", "GAME_DATE": "JAN 07, 2017", "MATCHUP": "NYK @ IND", "WL": "L", "MIN": 34, "FGM": 5, "FGA": 11, "FG_PCT": 0.455, "FG3M": 4, "FG3A": 6, "FG3_PCT": 0.667, "FTM": 2, "FTA": 2, "FT_PCT": 1.0, "OREB": 1, "DREB": 3, "REB": 4, "AST": 3, "STL": 1, "BLK": 4, "TOV": 5, "PF": 4, "PTS": 16, "PLUS_MINUS": -9, "VIDEO_AVAILABLE": 1}, {"SEASON_ID": "22016", "Player_ID": 204001, "Game_ID": "0021600548", "GAME_DATE": "JAN 06, 2017", "MATCHUP": "NYK @ MIL", "WL": "W", "MIN": 30, "FGM": 9, "FGA": 14, "FG_PCT": 0.643, "FG3M": 3, "FG3A": 4, "FG3_PCT": 0.75, "FTM": 3, "FTA": 4, "FT_PCT": 0.75, "OREB": 0, "DREB": 6, "REB": 6, "AST": 0, "STL": 0, "BLK": 3, "TOV": 1, "PF": 6, "PTS": 24, "PLUS_MINUS": -5, "VIDEO_AVAILABLE": 1}, {"SEASON_ID": "22016", "Player_ID": 204001, "Game_ID": "0021600495", "GAME_DATE": "DEC 30, 2016", "MATCHUP": "NYK @ NOP", "WL": "L", "MIN": 38, "FGM": 8, "FGA": 20, "FG_PCT": 0.4, "FG3M": 0, "FG3A": 2, "FG3_PCT": 0.0, "FTM": 5, "FTA": 5, "FT_PCT": 1.0, "OREB": 3, "DREB": 9, "REB": 12, "AST": 3, "STL": 2, "BLK": 2, "TOV": 0, "PF": 4, "PTS": 21, "PLUS_MINUS": -8, "VIDEO_AVAILABLE": 1}, {"SEASON_ID": "22016", "Player_ID": 204001, "Game_ID": "0021600478", "GAME_DATE": "DEC 28, 2016", "MATCHUP": "NYK @ ATL", "WL": "L", "MIN": 42, "FGM": 7, "FGA": 17, "FG_PCT": 0.412, "FG3M": 4, "FG3A": 8, "FG3_PCT": 0.5, "FTM": 6, "FTA": 9, "FT_PCT": 0.667, "OREB": 2, "DREB": 6, "REB": 8, "AST": 1, "STL": 1, "BLK": 3, "TOV": 5, "PF": 4, "PTS": 24, "PLUS_MINUS": -3, "VIDEO_AVAILABLE": 1}, {"SEASON_ID": "22016", "Player_ID": 204001, "Game_ID": "0021600456", "GAME_DATE": "DEC 25, 2016", "MATCHUP": "NYK vs. BOS", "WL": "L", "MIN": 37, "FGM": 9, "FGA": 16, "FG_PCT": 0.563, "FG3M": 2, "FG3A": 4, "FG3_PCT": 0.5, "FTM": 2, "FTA": 2, "FT_PCT": 1.0, "OREB": 2, "DREB": 10, "REB": 12, "AST": 1, "STL": 2, "BLK": 3, "TOV": 5, "PF": 4, "PTS": 22, "PLUS_MINUS": -3, "VIDEO_AVAILABLE": 1}, {"SEASON_ID": "22016", "Player_ID": 204001, "Game_ID": "0021600438", "GAME_DATE": "DEC 22, 2016", "MATCHUP": "NYK vs. ORL", "WL": "W", "MIN": 27, "FGM": 5, "FGA": 11, "FG_PCT": 0.455, "FG3M": 2, "FG3A": 2, "FG3_PCT": 1.0, "FTM": 0, "FTA": 0, "FT_PCT": 0.0, "OREB": 2, "DREB": 2, "REB": 4, "AST": 1, "STL": 1, "BLK": 2, "TOV": 3, "PF": 1, "PTS": 12, "PLUS_MINUS": 10, "VIDEO_AVAILABLE": 1}, {"SEASON_ID": "22016", "Player_ID": 204001, "Game_ID": "0021600421", "GAME_DATE": "DEC 20, 2016", "MATCHUP": "NYK vs. IND", "WL": "W", "MIN": 33, "FGM": 7, "FGA": 15, "FG_PCT": 0.467, "FG3M": 4, "FG3A": 7, "FG3_PCT": 0.571, "FTM": 3, "FTA": 4, "FT_PCT": 0.75, "OREB": 0, "DREB": 8, "REB": 8, "AST": 1, "STL": 0, "BLK": 3, "TOV": 3, "PF": 2, "PTS": 21, "PLUS_MINUS": 11, "VIDEO_AVAILABLE": 1}, {"SEASON_ID": "22016", "Player_ID": 204001, "Game_ID": "0021600404", "GAME_DATE": "DEC 17, 2016", "MATCHUP": "NYK @ DEN", "WL": "L", "MIN": 38, "FGM": 7, "FGA": 19, "FG_PCT": 0.368, "FG3M": 1, "FG3A": 6, "FG3_PCT": 0.167, "FTM": 7, "FTA": 7, "FT_PCT": 1.0, "OREB": 1, "DREB": 7, "REB": 8, "AST": 3, "STL": 2, "BLK": 0, "TOV": 0, "PF": 4, "PTS": 22, "PLUS_MINUS": -5, "VIDEO_AVAILABLE": 1}, {"SEASON_ID": "22016", "Player_ID": 204001, "Game_ID": "0021600388", "GAME_DATE": "DEC 15, 2016", "MATCHUP": "NYK @ GSW", "WL": "L", "MIN": 35, "FGM": 4, "FGA": 13, "FG_PCT": 0.308, "FG3M": 0, "FG3A": 2, "FG3_PCT": 0.0, "FTM": 0, "FTA": 2, "FT_PCT": 0.0, "OREB": 2, "DREB": 3, "REB": 5, "AST": 0, "STL": 0, "BLK": 0, "TOV": 2, "PF": 2, "PTS": 8, "PLUS_MINUS": -21, "VIDEO_AVAILABLE": 1}, {"SEASON_ID": "22016", "Player_ID": 204001, "Game_ID": "0021600372", "GAME_DATE": "DEC 13, 2016", "MATCHUP": "NYK @ PHX", "WL": "L", "MIN": 42, "FGM": 12, "FGA": 23, "FG_PCT": 0.522, "FG3M": 4, "FG3A": 4, "FG3_PCT": 1.0, "FTM": 6, "FTA": 7, "FT_PCT": 0.857, "OREB": 1, "DREB": 7, "REB": 8, "AST": 0, "STL": 3, "BLK": 3, "TOV": 2, "PF": 6, "PTS": 34, "PLUS_MINUS": 4, "VIDEO_AVAILABLE": 1}, {"SEASON_ID": "22016", "Player_ID": 204001, "Game_ID": "0021600360", "GAME_DATE": "DEC 11, 2016", "MATCHUP": "NYK @ LAL", "WL": "W", "MIN": 39, "FGM": 8, "FGA": 15, "FG_PCT": 0.533, "FG3M": 3, "FG3A": 4, "FG3_PCT": 0.75, "FTM": 7, "FTA": 9, "FT_PCT": 0.778, "OREB": 3, "DREB": 10, "REB": 13, "AST": 2, "STL": 1, "BLK": 7, "TOV": 1, "PF": 3, "PTS": 26, "PLUS_MINUS": 13, "VIDEO_AVAILABLE": 1}, {"SEASON_ID": "22016", "Player_ID": 204001, "Game_ID": "0021600345", "GAME_DATE": "DEC 09, 2016", "MATCHUP": "NYK @ SAC", "WL": "W", "MIN": 35, "FGM": 6, "FGA": 19, "FG_PCT": 0.316, "FG3M": 1, "FG3A": 5, "FG3_PCT": 0.2, "FTM": 4, "FTA": 4, "FT_PCT": 1.0, "OREB": 2, "DREB": 9, "REB": 11, "AST": 2, "STL": 0, "BLK": 0, "TOV": 2, "PF": 3, "PTS": 17, "PLUS_MINUS": 11, "VIDEO_AVAILABLE": 1}, {"SEASON_ID": "22016", "Player_ID": 204001, "Game_ID": "0021600327", "GAME_DATE": "DEC 07, 2016", "MATCHUP": "NYK vs. CLE", "WL": "L", "MIN": 30, "FGM": 5, "FGA": 15, "FG_PCT": 0.333, "FG3M": 2, "FG3A": 5, "FG3_PCT": 0.4, "FTM": 0, "FTA": 0, "FT_PCT": 0.0, "OREB": 1, "DREB": 2, "REB": 3, "AST": 0, "STL": 0, "BLK": 2, "TOV": 1, "PF": 5, "PTS": 12, "PLUS_MINUS": -19, "VIDEO_AVAILABLE": 1}, {"SEASON_ID": "22016", "Player_ID": 204001, "Game_ID": "0021600316", "GAME_DATE": "DEC 06, 2016", "MATCHUP": "NYK @ MIA", "WL": "W", "MIN": 30, "FGM": 6, "FGA": 16, "FG_PCT": 0.375, "FG3M": 0, "FG3A": 4, "FG3_PCT": 0.0, "FTM": 2, "FTA": 4, "FT_PCT": 0.5, "OREB": 2, "DREB": 10, "REB": 12, "AST": 0, "STL": 0, "BLK": 1, "TOV": 0, "PF": 4, "PTS": 14, "PLUS_MINUS": 7, "VIDEO_AVAILABLE": 1}, {"SEASON_ID": "22016", "Player_ID": 204001, "Game_ID": "0021600302", "GAME_DATE": "DEC 04, 2016", "MATCHUP": "NYK vs. SAC", "WL": "W", "MIN": 35, "FGM": 6, "FGA": 18, "FG_PCT": 0.333, "FG3M": 1, "FG3A": 6, "FG3_PCT": 0.167, "FTM": 2, "FTA": 2, "FT_PCT": 1.0, "OREB": 3, "DREB": 11, "REB": 14, "AST": 2, "STL": 0, "BLK": 5, "TOV": 3, "PF": 4, "PTS": 15, "PLUS_MINUS": 11, "VIDEO_AVAILABLE": 1}, {"SEASON_ID": "22016", "Player_ID": 204001, "Game_ID": "0021600285", "GAME_DATE": "DEC 02, 2016", "MATCHUP": "NYK vs. MIN", "WL": "W", "MIN": 40, "FGM": 2, "FGA": 12, "FG_PCT": 0.167, "FG3M": 2, "FG3A": 6, "FG3_PCT": 0.333, "FTM": 5, "FTA": 7, "FT_PCT": 0.714, "OREB": 2, "DREB": 3, "REB": 5, "AST": 3, "STL": 0, "BLK": 3, "TOV": 4, "PF": 4, "PTS": 11, "PLUS_MINUS": 6, "VIDEO_AVAILABLE": 1}, {"SEASON_ID": "22016", "Player_ID": 204001, "Game_ID": "0021600271", "GAME_DATE": "NOV 30, 2016", "MATCHUP": "NYK @ MIN", "WL": "W", "MIN": 39, "FGM": 11, "FGA": 20, "FG_PCT": 0.55, "FG3M": 3, "FG3A": 7, "FG3_PCT": 0.429, "FTM": 4, "FTA": 5, "FT_PCT": 0.8, "OREB": 3, "DREB": 5, "REB": 8, "AST": 4, "STL": 0, "BLK": 2, "TOV": 1, "PF": 4, "PTS": 29, "PLUS_MINUS": 9, "VIDEO_AVAILABLE": 1}, {"SEASON_ID": "22016", "Player_ID": 204001, "Game_ID": "0021600255", "GAME_DATE": "NOV 28, 2016", "MATCHUP": "NYK vs. OKC", "WL": "L", "MIN": 39, "FGM": 9, "FGA": 20, "FG_PCT": 0.45, "FG3M": 3, "FG3A": 6, "FG3_PCT": 0.5, "FTM": 0, "FTA": 0, "FT_PCT": 0.0, "OREB": 1, "DREB": 4, "REB": 5, "AST": 2, "STL": 2, "BLK": 5, "TOV": 2, "PF": 2, "PTS": 21, "PLUS_MINUS": -7, "VIDEO_AVAILABLE": 1}, {"SEASON_ID": "22016", "Player_ID": 204001, "Game_ID": "0021600241", "GAME_DATE": "NOV 26, 2016", "MATCHUP": "NYK @ CHA", "WL": "L", "MIN": 37, "FGM": 7, "FGA": 16, "FG_PCT": 0.438, "FG3M": 2, "FG3A": 5, "FG3_PCT": 0.4, "FTM": 9, "FTA": 11, "FT_PCT": 0.818, "OREB": 0, "DREB": 6, "REB": 6, "AST": 0, "STL": 0, "BLK": 2, "TOV": 0, "PF": 4, "PTS": 25, "PLUS_MINUS": 0, "VIDEO_AVAILABLE": 1}, {"SEASON_ID": "22016", "Player_ID": 204001, "Game_ID": "0021600228", "GAME_DATE": "NOV 25, 2016", "MATCHUP": "NYK vs. CHA", "WL": "W", "MIN": 34, "FGM": 6, "FGA": 16, "FG_PCT": 0.375, "FG3M": 4, "FG3A": 8, "FG3_PCT": 0.5, "FTM": 0, "FTA": 0, "FT_PCT": 0.0, "OREB": 2, "DREB": 6, "REB": 8, "AST": 2, "STL": 1, "BLK": 3, "TOV": 3, "PF": 4, "PTS": 16, "PLUS_MINUS": -12, "VIDEO_AVAILABLE": 1}, {"SEASON_ID": "22016", "Player_ID": 204001, "Game_ID": "0021600208", "GAME_DATE": "NOV 22, 2016", "MATCHUP": "NYK vs. POR", "WL": "W", "MIN": 40, "FGM": 13, "FGA": 23, "FG_PCT": 0.565, "FG3M": 3, "FG3A": 8, "FG3_PCT": 0.375, "FTM": 2, "FTA": 2, "FT_PCT": 1.0, "OREB": 3, "DREB": 6, "REB": 9, "AST": 1, "STL": 0, "BLK": 1, "TOV": 2, "PF": 4, "PTS": 31, "PLUS_MINUS": 5, "VIDEO_AVAILABLE": 1}, {"SEASON_ID": "22016", "Player_ID": 204001, "Game_ID": "0021600193", "GAME_DATE": "NOV 20, 2016", "MATCHUP": "NYK vs. ATL", "WL": "W", "MIN": 31, "FGM": 8, "FGA": 15, "FG_PCT": 0.533, "FG3M": 1, "FG3A": 5, "FG3_PCT": 0.2, "FTM": 2, "FTA": 4, "FT_PCT": 0.5, "OREB": 1, "DREB": 10, "REB": 11, "AST": 0, "STL": 0, "BLK": 0, "TOV": 0, "PF": 4, "PTS": 19, "PLUS_MINUS": 5, "VIDEO_AVAILABLE": 1}, {"SEASON_ID": "22016", "Player_ID": 204001, "Game_ID": "0021600169", "GAME_DATE": "NOV 17, 2016", "MATCHUP": "NYK @ WAS", "WL": "L", "MIN": 37, "FGM": 7, "FGA": 16, "FG_PCT": 0.438, "FG3M": 2, "FG3A": 5, "FG3_PCT": 0.4, "FTM": 0, "FTA": 0, "FT_PCT": 0.0, "OREB": 2, "DREB": 5, "REB": 7, "AST": 2, "STL": 4, "BLK": 0, "TOV": 2, "PF": 4, "PTS": 16, "PLUS_MINUS": -11, "VIDEO_AVAILABLE": 1}, {"SEASON_ID": "22016", "Player_ID": 204001, "Game_ID": "0021600162", "GAME_DATE": "NOV 16, 2016", "MATCHUP": "NYK vs. DET", "WL": "W", "MIN": 40, "FGM": 13, "FGA": 22, "FG_PCT": 0.591, "FG3M": 3, "FG3A": 7, "FG3_PCT": 0.429, "FTM": 6, "FTA": 7, "FT_PCT": 0.857, "OREB": 4, "DREB": 3, "REB": 7, "AST": 3, "STL": 1, "BLK": 1, "TOV": 1, "PF": 2, "PTS": 35, "PLUS_MINUS": 15, "VIDEO_AVAILABLE": 1}, {"SEASON_ID": "22016", "Player_ID": 204001, "Game_ID": "0021600146", "GAME_DATE": "NOV 14, 2016", "MATCHUP": "NYK vs. DAL", "WL": "W", "MIN": 36, "FGM": 8, "FGA": 16, "FG_PCT": 0.5, "FG3M": 2, "FG3A": 5, "FG3_PCT": 0.4, "FTM": 6, "FTA": 6, "FT_PCT": 1.0, "OREB": 2, "DREB": 9, "REB": 11, "AST": 1, "STL": 0, "BLK": 1, "TOV": 3, "PF": 3, "PTS": 24, "PLUS_MINUS": 16, "VIDEO_AVAILABLE": 1}, {"SEASON_ID": "22016", "Player_ID": 204001, "Game_ID": "0021600131", "GAME_DATE": "NOV 12, 2016", "MATCHUP": "NYK @ TOR", "WL": "L", "MIN": 30, "FGM": 9, "FGA": 16, "FG_PCT": 0.563, "FG3M": 2, "FG3A": 8, "FG3_PCT": 0.25, "FTM": 1, "FTA": 1, "FT_PCT": 1.0, "OREB": 1, "DREB": 3, "REB": 4, "AST": 2, "STL": 0, "BLK": 0, "TOV": 2, "PF": 5, "PTS": 21, "PLUS_MINUS": -12, "VIDEO_AVAILABLE": 1}, {"SEASON_ID": "22016", "Player_ID": 204001, "Game_ID": "0021600125", "GAME_DATE": "NOV 11, 2016", "MATCHUP": "NYK @ BOS", "WL": "L", "MIN": 23, "FGM": 5, "FGA": 15, "FG_PCT": 0.333, "FG3M": 0, "FG3A": 2, "FG3_PCT": 0.0, "FTM": 4, "FTA": 4, "FT_PCT": 1.0, "OREB": 2, "DREB": 4, "REB": 6, "AST": 1, "STL": 1, "BLK": 2, "TOV": 1, "PF": 4, "PTS": 14, "PLUS_MINUS": -24, "VIDEO_AVAILABLE": 1}, {"SEASON_ID": "22016", "Player_ID": 204001, "Game_ID": "0021600106", "GAME_DATE": "NOV 09, 2016", "MATCHUP": "NYK vs. BKN", "WL": "W", "MIN": 31, "FGM": 7, "FGA": 15, "FG_PCT": 0.467, "FG3M": 4, "FG3A": 8, "FG3_PCT": 0.5, "FTM": 3, "FTA": 5, "FT_PCT": 0.6, "OREB": 1, "DREB": 7, "REB": 8, "AST": 1, "STL": 2, "BLK": 2, "TOV": 2, "PF": 2, "PTS": 21, "PLUS_MINUS": 4, "VIDEO_AVAILABLE": 1}, {"SEASON_ID": "22016", "Player_ID": 204001, "Game_ID": "0021600087", "GAME_DATE": "NOV 06, 2016", "MATCHUP": "NYK vs. UTA", "WL": "L", "MIN": 33, "FGM": 10, "FGA": 18, "FG_PCT": 0.556, "FG3M": 3, "FG3A": 7, "FG3_PCT": 0.429, "FTM": 5, "FTA": 5, "FT_PCT": 1.0, "OREB": 1, "DREB": 7, "REB": 8, "AST": 1, "STL": 0, "BLK": 2, "TOV": 2, "PF": 4, "PTS": 28, "PLUS_MINUS": 0, "VIDEO_AVAILABLE": 1}, {"SEASON_ID": "22016", "Player_ID": 204001, "Game_ID": "0021600073", "GAME_DATE": "NOV 04, 2016", "MATCHUP": "NYK @ CHI", "WL": "W", "MIN": 33, "FGM": 10, "FGA": 15, "FG_PCT": 0.667, "FG3M": 4, "FG3A": 7, "FG3_PCT": 0.571, "FTM": 3, "FTA": 5, "FT_PCT": 0.6, "OREB": 2, "DREB": 3, "REB": 5, "AST": 1, "STL": 0, "BLK": 0, "TOV": 0, "PF": 5, "PTS": 27, "PLUS_MINUS": 14, "VIDEO_AVAILABLE": 1}, {"SEASON_ID": "22016", "Player_ID": 204001, "Game_ID": "0021600058", "GAME_DATE": "NOV 02, 2016", "MATCHUP": "NYK vs. HOU", "WL": "L", "MIN": 28, "FGM": 0, "FGA": 4, "FG_PCT": 0.0, "FG3M": 0, "FG3A": 0, "FG3_PCT": 0.0, "FTM": 3, "FTA": 4, "FT_PCT": 0.75, "OREB": 2, "DREB": 6, "REB": 8, "AST": 0, "STL": 1, "BLK": 2, "TOV": 1, "PF": 4, "PTS": 3, "PLUS_MINUS": -8, "VIDEO_AVAILABLE": 1}, {"SEASON_ID": "22016", "Player_ID": 204001, "Game_ID": "0021600050", "GAME_DATE": "NOV 01, 2016", "MATCHUP": "NYK @ DET", "WL": "L", "MIN": 30, "FGM": 7, "FGA": 18, "FG_PCT": 0.389, "FG3M": 2, "FG3A": 7, "FG3_PCT": 0.286, "FTM": 2, "FTA": 2, "FT_PCT": 1.0, "OREB": 2, "DREB": 4, "REB": 6, "AST": 1, "STL": 0, "BLK": 1, "TOV": 0, "PF": 2, "PTS": 18, "PLUS_MINUS": -14, "VIDEO_AVAILABLE": 1}, {"SEASON_ID": "22016", "Player_ID": 204001, "Game_ID": "0021600028", "GAME_DATE": "OCT 29, 2016", "MATCHUP": "NYK vs. MEM", "WL": "W", "MIN": 36, "FGM": 7, "FGA": 11, "FG_PCT": 0.636, "FG3M": 1, "FG3A": 4, "FG3_PCT": 0.25, "FTM": 6, "FTA": 8, "FT_PCT": 0.75, "OREB": 0, "DREB": 5, "REB": 5, "AST": 2, "STL": 0, "BLK": 1, "TOV": 0, "PF": 5, "PTS": 21, "PLUS_MINUS": 14, "VIDEO_AVAILABLE": 1}, {"SEASON_ID": "22016", "Player_ID": 204001, "Game_ID": "0021600001", "GAME_DATE": "OCT 25, 2016", "MATCHUP": "NYK @ CLE", "WL": "L", "MIN": 33, "FGM": 5, "FGA": 13, "FG_PCT": 0.385, "FG3M": 3, "FG3A": 5, "FG3_PCT": 0.6, "FTM": 3, "FTA": 6, "FT_PCT": 0.5, "OREB": 4, "DREB": 3, "REB": 7, "AST": 0, "STL": 1, "BLK": 2, "TOV": 2, "PF": 5, "PTS": 16, "PLUS_MINUS": -21, "VIDEO_AVAILABLE": 1}]