{"firstName": "Kristaps", "lastName": "Porzingis", "temporaryDisplayName": "Porzingis, Kristaps", "personId": "204001", "teamId": "1610612742", "jersey": "6", "isActive": true, "pos": "F-C", "heightFeet": "7", "heightInches": "3", "heightMeters": "2.21", "weightPounds": "240", "weightKilograms": "108.9", "dateOfBirthUTC": "1995-08-02", "teamSitesOnly": {"playerCode": "kristaps_porzingis", "posFull": "Forward-Center", "displayAffiliation": "Cajasol Sevilla/Latvia", "freeAgentCode": ""}, "teams": [{"teamId": "1610612752", "seasonStart": "2015", "seasonEnd": "2017"}, {"teamId": "1610612742", "seasonStart": "2018", "seasonEnd": "2019"}], "draft": {"teamId": "1610612752", "pickNum": "4", "roundNum": "1", "seasonYear": "2015"}, "nbaDebutYear": "2015", "yearsPro": "4", "collegeName": " ", "lastAffiliation": "Cajasol Sevilla/Latvia", "country": "Latvia"}