{"firstName": "Gorgui", "lastName": "Dieng", "temporaryDisplayName": "Dieng, Gorgui", "personId": "203476", "teamId": "1610612750", "jersey": "5", "isActive": true, "pos": "C", "heightFeet": "6", "heightInches": "11", "heightMeters": "2.11", "weightPounds": "252", "weightKilograms": "114.3", "dateOfBirthUTC": "1990-01-18", "teamSitesOnly": {"playerCode": "gorgui_dieng", "posFull": "Center", "displayAffiliation": "Louisville/Senegal", "freeAgentCode": ""}, "teams": [{"teamId": "1610612750", "seasonStart": "2013", "seasonEnd": "2019"}], "draft": {"teamId": "1610612762", "pickNum": "21", "roundNum": "1", "seasonYear": "2013"}, "nbaDebutYear": "2013", "yearsPro": "6", "collegeName": "Louisville", "lastAffiliation": "Louisville/Senegal", "country": "Senegal"}