{"firstName": "Meyers", "lastName": "Leonard", "temporaryDisplayName": "Leonard, Meyers", "personId": "203086", "teamId": "1610612748", "jersey": "0", "isActive": true, "pos": "F-C", "heightFeet": "7", "heightInches": "0", "heightMeters": "2.13", "weightPounds": "260", "weightKilograms": "117.9", "dateOfBirthUTC": "1992-02-27", "teamSitesOnly": {"playerCode": "meyers_leonard", "posFull": "Forward-Center", "displayAffiliation": "Illinois/USA", "freeAgentCode": ""}, "teams": [{"teamId": "1610612757", "seasonStart": "2012", "seasonEnd": "2018"}, {"teamId": "1610612748", "seasonStart": "2019", "seasonEnd": "2019"}], "draft": {"teamId": "1610612757", "pickNum": "11", "roundNum": "1", "seasonYear": "2012"}, "nbaDebutYear": "2012", "yearsPro": "7", "collegeName": "Illinois", "lastAffiliation": "Illinois/USA", "country": "USA"}