[{"SEASON_ID": "22018", "Player_ID": 1629244, "Game_ID": "0021801228", "GAME_DATE": "APR 10, 2019", "MATCHUP": "MIN @ DEN", "WL": "L", "MIN": 26, "FGM": 7, "FGA": 11, "FG_PCT": 0.636, "FG3M": 5, "FG3A": 7, "FG3_PCT": 0.714, "FTM": 0, "FTA": 0, "FT_PCT": 0.0, "OREB": 0, "DREB": 6, "REB": 6, "AST": 1, "STL": 0, "BLK": 0, "TOV": 0, "PF": 3, "PTS": 19, "PLUS_MINUS": 6, "VIDEO_AVAILABLE": 1}, {"SEASON_ID": "22018", "Player_ID": 1629244, "Game_ID": "0021801214", "GAME_DATE": "APR 09, 2019", "MATCHUP": "MIN vs. TOR", "WL": "L", "MIN": 19, "FGM": 3, "FGA": 10, "FG_PCT": 0.3, "FG3M": 2, "FG3A": 7, "FG3_PCT": 0.286, "FTM": 0, "FTA": 0, "FT_PCT": 0.0, "OREB": 0, "DREB": 1, "REB": 1, "AST": 1, "STL": 1, "BLK": 0, "TOV": 1, "PF": 1, "PTS": 8, "PLUS_MINUS": 0, "VIDEO_AVAILABLE": 1}, {"SEASON_ID": "22018", "Player_ID": 1629244, "Game_ID": "0021801197", "GAME_DATE": "APR 07, 2019", "MATCHUP": "MIN vs. OKC", "WL": "L", "MIN": 7, "FGM": 0, "FGA": 0, "FG_PCT": 0.0, "FG3M": 0, "FG3A": 0, "FG3_PCT": 0.0, "FTM": 0, "FTA": 0, "FT_PCT": 0.0, "OREB": 0, "DREB": 1, "REB": 1, "AST": 1, "STL": 0, "BLK": 0, "TOV": 2, "PF": 3, "PTS": 0, "PLUS_MINUS": -13, "VIDEO_AVAILABLE": 1}, {"SEASON_ID": "22018", "Player_ID": 1629244, "Game_ID": "0021801185", "GAME_DATE": "APR 05, 2019", "MATCHUP": "MIN vs. MIA", "WL": "W", "MIN": 13, "FGM": 1, "FGA": 2, "FG_PCT": 0.5, "FG3M": 1, "FG3A": 2, "FG3_PCT": 0.5, "FTM": 0, "FTA": 0, "FT_PCT": 0.0, "OREB": 0, "DREB": 0, "REB": 0, "AST": 0, "STL": 0, "BLK": 0, "TOV": 0, "PF": 0, "PTS": 3, "PLUS_MINUS": -11, "VIDEO_AVAILABLE": 1}, {"SEASON_ID": "22018", "Player_ID": 1629244, "Game_ID": "0021801172", "GAME_DATE": "APR 03, 2019", "MATCHUP": "MIN @ DAL", "WL": "W", "MIN": 15, "FGM": 2, "FGA": 4, "FG_PCT": 0.5, "FG3M": 1, "FG3A": 3, "FG3_PCT": 0.333, "FTM": 2, "FTA": 2, "FT_PCT": 1.0, "OREB": 0, "DREB": 4, "REB": 4, "AST": 0, "STL": 0, "BLK": 0, "TOV": 1, "PF": 4, "PTS": 7, "PLUS_MINUS": -1, "VIDEO_AVAILABLE": 1}, {"SEASON_ID": "22018", "Player_ID": 1629244, "Game_ID": "0021801157", "GAME_DATE": "APR 01, 2019", "MATCHUP": "MIN vs. POR", "WL": "L", "MIN": 21, "FGM": 3, "FGA": 5, "FG_PCT": 0.6, "FG3M": 1, "FG3A": 3, "FG3_PCT": 0.333, "FTM": 0, "FTA": 0, "FT_PCT": 0.0, "OREB": 0, "DREB": 2, "REB": 2, "AST": 1, "STL": 1, "BLK": 0, "TOV": 0, "PF": 4, "PTS": 7, "PLUS_MINUS": 0, "VIDEO_AVAILABLE": 1}, {"SEASON_ID": "22018", "Player_ID": 1629244, "Game_ID": "0021801143", "GAME_DATE": "MAR 30, 2019", "MATCHUP": "MIN vs. PHI", "WL": "L", "MIN": 18, "FGM": 3, "FGA": 5, "FG_PCT": 0.6, "FG3M": 2, "FG3A": 3, "FG3_PCT": 0.667, "FTM": 2, "FTA": 2, "FT_PCT": 1.0, "OREB": 1, "DREB": 3, "REB": 4, "AST": 1, "STL": 0, "BLK": 1, "TOV": 0, "PF": 2, "PTS": 10, "PLUS_MINUS": 2, "VIDEO_AVAILABLE": 1}, {"SEASON_ID": "22018", "Player_ID": 1629244, "Game_ID": "0021801132", "GAME_DATE": "MAR 29, 2019", "MATCHUP": "MIN vs. GSW", "WL": "W", "MIN": 10, "FGM": 1, "FGA": 2, "FG_PCT": 0.5, "FG3M": 1, "FG3A": 2, "FG3_PCT": 0.5, "FTM": 1, "FTA": 2, "FT_PCT": 0.5, "OREB": 1, "DREB": 0, "REB": 1, "AST": 2, "STL": 0, "BLK": 0, "TOV": 0, "PF": 0, "PTS": 4, "PLUS_MINUS": 4, "VIDEO_AVAILABLE": 1}, {"SEASON_ID": "22018", "Player_ID": 1629244, "Game_ID": "0021801112", "GAME_DATE": "MAR 26, 2019", "MATCHUP": "MIN vs. LAC", "WL": "L", "MIN": 6, "FGM": 2, "FGA": 5, "FG_PCT": 0.4, "FG3M": 0, "FG3A": 1, "FG3_PCT": 0.0, "FTM": 1, "FTA": 1, "FT_PCT": 1.0, "OREB": 1, "DREB": 1, "REB": 2, "AST": 1, "STL": 0, "BLK": 0, "TOV": 0, "PF": 1, "PTS": 5, "PLUS_MINUS": 4, "VIDEO_AVAILABLE": 1}, {"SEASON_ID": "22018", "Player_ID": 1629244, "Game_ID": "0021801091", "GAME_DATE": "MAR 23, 2019", "MATCHUP": "MIN @ MEM", "WL": "W", "MIN": 3, "FGM": 0, "FGA": 1, "FG_PCT": 0.0, "FG3M": 0, "FG3A": 0, "FG3_PCT": 0.0, "FTM": 0, "FTA": 0, "FT_PCT": 0.0, "OREB": 0, "DREB": 0, "REB": 0, "AST": 0, "STL": 0, "BLK": 0, "TOV": 0, "PF": 0, "PTS": 0, "PLUS_MINUS": 1, "VIDEO_AVAILABLE": 1}, {"SEASON_ID": "22018", "Player_ID": 1629244, "Game_ID": "0021801074", "GAME_DATE": "MAR 21, 2019", "MATCHUP": "MIN @ CHA", "WL": "L", "MIN": 9, "FGM": 2, "FGA": 4, "FG_PCT": 0.5, "FG3M": 2, "FG3A": 4, "FG3_PCT": 0.5, "FTM": 0, "FTA": 0, "FT_PCT": 0.0, "OREB": 0, "DREB": 2, "REB": 2, "AST": 1, "STL": 0, "BLK": 0, "TOV": 0, "PF": 1, "PTS": 6, "PLUS_MINUS": -2, "VIDEO_AVAILABLE": 1}, {"SEASON_ID": "22018", "Player_ID": 1629244, "Game_ID": "0021801062", "GAME_DATE": "MAR 19, 2019", "MATCHUP": "MIN vs. GSW", "WL": "L", "MIN": 8, "FGM": 0, "FGA": 2, "FG_PCT": 0.0, "FG3M": 0, "FG3A": 1, "FG3_PCT": 0.0, "FTM": 0, "FTA": 0, "FT_PCT": 0.0, "OREB": 0, "DREB": 0, "REB": 0, "AST": 0, "STL": 0, "BLK": 0, "TOV": 0, "PF": 2, "PTS": 0, "PLUS_MINUS": -6, "VIDEO_AVAILABLE": 1}, {"SEASON_ID": "22018", "Player_ID": 1629244, "Game_ID": "0021801048", "GAME_DATE": "MAR 17, 2019", "MATCHUP": "MIN @ HOU", "WL": "L", "MIN": 15, "FGM": 0, "FGA": 2, "FG_PCT": 0.0, "FG3M": 0, "FG3A": 2, "FG3_PCT": 0.0, "FTM": 0, "FTA": 0, "FT_PCT": 0.0, "OREB": 0, "DREB": 2, "REB": 2, "AST": 0, "STL": 0, "BLK": 0, "TOV": 0, "PF": 1, "PTS": 0, "PLUS_MINUS": 9, "VIDEO_AVAILABLE": 2}, {"SEASON_ID": "22018", "Player_ID": 1629244, "Game_ID": "0021801024", "GAME_DATE": "MAR 14, 2019", "MATCHUP": "MIN @ UTA", "WL": "L", "MIN": 18, "FGM": 1, "FGA": 5, "FG_PCT": 0.2, "FG3M": 0, "FG3A": 2, "FG3_PCT": 0.0, "FTM": 0, "FTA": 0, "FT_PCT": 0.0, "OREB": 0, "DREB": 1, "REB": 1, "AST": 1, "STL": 1, "BLK": 0, "TOV": 0, "PF": 1, "PTS": 2, "PLUS_MINUS": -14, "VIDEO_AVAILABLE": 1}, {"SEASON_ID": "22018", "Player_ID": 1629244, "Game_ID": "0021801012", "GAME_DATE": "MAR 12, 2019", "MATCHUP": "MIN @ DEN", "WL": "L", "MIN": 25, "FGM": 4, "FGA": 7, "FG_PCT": 0.571, "FG3M": 4, "FG3A": 7, "FG3_PCT": 0.571, "FTM": 0, "FTA": 0, "FT_PCT": 0.0, "OREB": 0, "DREB": 1, "REB": 1, "AST": 2, "STL": 2, "BLK": 0, "TOV": 1, "PF": 1, "PTS": 12, "PLUS_MINUS": -15, "VIDEO_AVAILABLE": 1}, {"SEASON_ID": "22018", "Player_ID": 1629244, "Game_ID": "0021800998", "GAME_DATE": "MAR 10, 2019", "MATCHUP": "MIN vs. NYK", "WL": "W", "MIN": 18, "FGM": 1, "FGA": 4, "FG_PCT": 0.25, "FG3M": 1, "FG3A": 1, "FG3_PCT": 1.0, "FTM": 0, "FTA": 0, "FT_PCT": 0.0, "OREB": 0, "DREB": 2, "REB": 2, "AST": 0, "STL": 0, "BLK": 0, "TOV": 0, "PF": 0, "PTS": 3, "PLUS_MINUS": 0, "VIDEO_AVAILABLE": 1}, {"SEASON_ID": "22018", "Player_ID": 1629244, "Game_ID": "0021800988", "GAME_DATE": "MAR 09, 2019", "MATCHUP": "MIN vs. WAS", "WL": "W", "MIN": 20, "FGM": 2, "FGA": 6, "FG_PCT": 0.333, "FG3M": 1, "FG3A": 4, "FG3_PCT": 0.25, "FTM": 0, "FTA": 0, "FT_PCT": 0.0, "OREB": 0, "DREB": 1, "REB": 1, "AST": 0, "STL": 1, "BLK": 1, "TOV": 0, "PF": 2, "PTS": 5, "PLUS_MINUS": 3, "VIDEO_AVAILABLE": 1}, {"SEASON_ID": "22018", "Player_ID": 1629244, "Game_ID": "0021800966", "GAME_DATE": "MAR 06, 2019", "MATCHUP": "MIN @ DET", "WL": "L", "MIN": 5, "FGM": 0, "FGA": 1, "FG_PCT": 0.0, "FG3M": 0, "FG3A": 1, "FG3_PCT": 0.0, "FTM": 2, "FTA": 2, "FT_PCT": 1.0, "OREB": 0, "DREB": 0, "REB": 0, "AST": 1, "STL": 0, "BLK": 0, "TOV": 0, "PF": 0, "PTS": 2, "PLUS_MINUS": 8, "VIDEO_AVAILABLE": 1}, {"SEASON_ID": "22018", "Player_ID": 1629244, "Game_ID": "0021800950", "GAME_DATE": "MAR 03, 2019", "MATCHUP": "MIN @ WAS", "WL": "L", "MIN": 2, "FGM": 1, "FGA": 2, "FG_PCT": 0.5, "FG3M": 0, "FG3A": 1, "FG3_PCT": 0.0, "FTM": 0, "FTA": 0, "FT_PCT": 0.0, "OREB": 1, "DREB": 0, "REB": 1, "AST": 0, "STL": 0, "BLK": 0, "TOV": 0, "PF": 0, "PTS": 2, "PLUS_MINUS": -1, "VIDEO_AVAILABLE": 1}]