{"firstName": "Cameron", "lastName": "Reynolds", "temporaryDisplayName": "Reynolds, Cameron", "personId": "1629244", "teamId": "1610612749", "jersey": "13", "isActive": true, "pos": "G-F", "heightFeet": "6", "heightInches": "8", "heightMeters": "2.03", "weightPounds": "225", "weightKilograms": "102.1", "dateOfBirthUTC": "1995-02-07", "teamSitesOnly": {"playerCode": "cameron_reynolds", "posFull": "Guard-Forward", "displayAffiliation": "Tulane/USA", "freeAgentCode": ""}, "teams": [{"teamId": "1610612750", "seasonStart": "2018", "seasonEnd": "2018"}, {"teamId": "1610612749", "seasonStart": "2019", "seasonEnd": "2019"}], "draft": {"teamId": "", "pickNum": "", "roundNum": "", "seasonYear": ""}, "nbaDebutYear": "2018", "yearsPro": "1", "collegeName": "Tulane", "lastAffiliation": "Tulane University/USA", "country": "USA"}