{"firstName": "Trey", "lastName": "Burke", "temporaryDisplayName": "Burke, Trey", "personId": "203504", "teamId": "1610612755", "jersey": "23", "isActive": true, "pos": "G", "heightFeet": "6", "heightInches": "1", "heightMeters": "1.85", "weightPounds": "175", "weightKilograms": "79.4", "dateOfBirthUTC": "1992-11-12", "teamSitesOnly": {"playerCode": "trey_burke", "posFull": "Guard", "displayAffiliation": "Michigan/USA", "freeAgentCode": ""}, "teams": [{"teamId": "1610612762", "seasonStart": "2013", "seasonEnd": "2015"}, {"teamId": "1610612764", "seasonStart": "2016", "seasonEnd": "2016"}, {"teamId": "1610612752", "seasonStart": "2017", "seasonEnd": "2018"}, {"teamId": "1610612742", "seasonStart": "2018", "seasonEnd": "2018"}, {"teamId": "1610612755", "seasonStart": "2019", "seasonEnd": "2019"}], "draft": {"teamId": "1610612750", "pickNum": "9", "roundNum": "1", "seasonYear": "2013"}, "nbaDebutYear": "2013", "yearsPro": "6", "collegeName": "Michigan", "lastAffiliation": "Michigan/USA", "country": "USA"}