{"firstName": "Talen", "lastName": "Horton-Tucker", "temporaryDisplayName": "Horton-Tucker, Talen", "personId": "1629659", "teamId": "1610612747", "jersey": "5", "isActive": true, "pos": "G", "heightFeet": "6", "heightInches": "4", "heightMeters": "1.93", "weightPounds": "235", "weightKilograms": "106.6", "dateOfBirthUTC": "2000-11-25", "teamSitesOnly": {"playerCode": "talen_horton-tucker", "posFull": "Guard", "displayAffiliation": "Iowa State/USA", "freeAgentCode": ""}, "teams": [{"teamId": "1610612747", "seasonStart": "2019", "seasonEnd": "2019"}], "draft": {"teamId": "1610612753", "pickNum": "46", "roundNum": "2", "seasonYear": "2019"}, "nbaDebutYear": "", "yearsPro": "0", "collegeName": "Iowa State", "lastAffiliation": "Iowa State University/USA", "country": "USA"}