{"firstName": "Robert", "lastName": "Covington", "temporaryDisplayName": "Covington, Robert", "personId": "203496", "teamId": "1610612750", "jersey": "33", "isActive": true, "pos": "F", "heightFeet": "6", "heightInches": "9", "heightMeters": "2.06", "weightPounds": "225", "weightKilograms": "102.1", "dateOfBirthUTC": "1990-12-14", "teamSitesOnly": {"playerCode": "robert_covington", "posFull": "Forward", "displayAffiliation": "Tennessee State/USA", "freeAgentCode": ""}, "teams": [{"teamId": "1610612745", "seasonStart": "2013", "seasonEnd": "2013"}, {"teamId": "1610612755", "seasonStart": "2014", "seasonEnd": "2018"}, {"teamId": "1610612750", "seasonStart": "2018", "seasonEnd": "2019"}], "draft": {"teamId": "", "pickNum": "", "roundNum": "", "seasonYear": ""}, "nbaDebutYear": "2013", "yearsPro": "6", "collegeName": "Tennessee State", "lastAffiliation": "Tennessee State/USA", "country": "USA"}