{"firstName": "Rodney", "lastName": "Hood", "temporaryDisplayName": "Hood, Rodney", "personId": "203918", "teamId": "1610612757", "jersey": "5", "isActive": true, "pos": "G-F", "heightFeet": "6", "heightInches": "8", "heightMeters": "2.03", "weightPounds": "205", "weightKilograms": "93.0", "dateOfBirthUTC": "1992-10-20", "teamSitesOnly": {"playerCode": "rodney_hood", "posFull": "Guard-Forward", "displayAffiliation": "Duke/USA", "freeAgentCode": ""}, "teams": [{"teamId": "1610612762", "seasonStart": "2014", "seasonEnd": "2017"}, {"teamId": "1610612739", "seasonStart": "2017", "seasonEnd": "2018"}, {"teamId": "1610612757", "seasonStart": "2018", "seasonEnd": "2019"}], "draft": {"teamId": "1610612762", "pickNum": "23", "roundNum": "1", "seasonYear": "2014"}, "nbaDebutYear": "2014", "yearsPro": "5", "collegeName": "Duke", "lastAffiliation": "Duke/USA", "country": "USA"}