{"firstName": "Michael", "lastName": "Porter Jr.", "temporaryDisplayName": "Porter Jr., Michael", "personId": "1629008", "teamId": "1610612743", "jersey": "1", "isActive": true, "pos": "F", "heightFeet": "6", "heightInches": "10", "heightMeters": "2.08", "weightPounds": "210", "weightKilograms": "95.3", "dateOfBirthUTC": "1998-06-29", "teamSitesOnly": {"playerCode": "michael_porter_jr", "posFull": "Forward", "displayAffiliation": "Missouri/USA", "freeAgentCode": ""}, "teams": [{"teamId": "1610612743", "seasonStart": "2018", "seasonEnd": "2019"}], "draft": {"teamId": "1610612743", "pickNum": "14", "roundNum": "1", "seasonYear": "2018"}, "nbaDebutYear": "", "yearsPro": "1", "collegeName": "Missouri", "lastAffiliation": "University of Missouri/USA", "country": "USA"}