{"firstName": "Aaron", "lastName": "Gordon", "temporaryDisplayName": "Gordon, Aaron", "personId": "203932", "teamId": "1610612753", "jersey": "00", "isActive": true, "pos": "F", "heightFeet": "6", "heightInches": "9", "heightMeters": "2.06", "weightPounds": "220", "weightKilograms": "99.8", "dateOfBirthUTC": "1995-09-16", "teamSitesOnly": {"playerCode": "aaron_gordon", "posFull": "Forward", "displayAffiliation": "Arizona/USA", "freeAgentCode": ""}, "teams": [{"teamId": "1610612753", "seasonStart": "2014", "seasonEnd": "2019"}], "draft": {"teamId": "1610612753", "pickNum": "4", "roundNum": "1", "seasonYear": "2014"}, "nbaDebutYear": "2014", "yearsPro": "5", "collegeName": "Arizona", "lastAffiliation": "Arizona/USA", "country": "USA"}