{"firstName": "Cody", "lastName": "Martin", "temporaryDisplayName": "Martin, Cody", "personId": "1628998", "teamId": "1610612766", "jersey": "11", "isActive": true, "pos": "F", "heightFeet": "6", "heightInches": "7", "heightMeters": "2.01", "weightPounds": "205", "weightKilograms": "93.0", "dateOfBirthUTC": "1995-09-28", "teamSitesOnly": {"playerCode": "cody_martin", "posFull": "Forward", "displayAffiliation": "Nevada/USA", "freeAgentCode": ""}, "teams": [{"teamId": "1610612766", "seasonStart": "2019", "seasonEnd": "2019"}], "draft": {"teamId": "1610612766", "pickNum": "36", "roundNum": "2", "seasonYear": "2019"}, "nbaDebutYear": "", "yearsPro": "0", "collegeName": "Nevada-Reno", "lastAffiliation": " USA/USA", "country": "USA"}