{"firstName": "Marco", "lastName": "Belinelli", "temporaryDisplayName": "Belinelli, Marco", "personId": "201158", "teamId": "1610612759", "jersey": "18", "isActive": true, "pos": "G-F", "heightFeet": "6", "heightInches": "5", "heightMeters": "1.96", "weightPounds": "210", "weightKilograms": "95.3", "dateOfBirthUTC": "1986-03-25", "teamSitesOnly": {"playerCode": "marco_belinelli", "posFull": "Guard-Forward", "displayAffiliation": "Fortitudo Bologna/Italy", "freeAgentCode": ""}, "teams": [{"teamId": "1610612744", "seasonStart": "2007", "seasonEnd": "2008"}, {"teamId": "1610612761", "seasonStart": "2009", "seasonEnd": "2009"}, {"teamId": "1610612740", "seasonStart": "2010", "seasonEnd": "2011"}, {"teamId": "1610612741", "seasonStart": "2012", "seasonEnd": "2012"}, {"teamId": "1610612759", "seasonStart": "2013", "seasonEnd": "2014"}, {"teamId": "1610612758", "seasonStart": "2015", "seasonEnd": "2015"}, {"teamId": "1610612766", "seasonStart": "2016", "seasonEnd": "2016"}, {"teamId": "1610612755", "seasonStart": "2017", "seasonEnd": "2017"}, {"teamId": "1610612737", "seasonStart": "2017", "seasonEnd": "2017"}, {"teamId": "1610612759", "seasonStart": "2018", "seasonEnd": "2019"}], "draft": {"teamId": "1610612744", "pickNum": "18", "roundNum": "1", "seasonYear": "2007"}, "nbaDebutYear": "2007", "yearsPro": "12", "collegeName": " ", "lastAffiliation": "Fortitudo Bologna/Italy", "country": "Italy"}