{"firstName": "Willie", "lastName": "Cauley-Stein", "temporaryDisplayName": "Cauley-Stein, Willie", "personId": "1626161", "teamId": "1610612744", "jersey": "2", "isActive": true, "pos": "C", "heightFeet": "7", "heightInches": "0", "heightMeters": "2.13", "weightPounds": "240", "weightKilograms": "108.9", "dateOfBirthUTC": "1993-08-18", "teamSitesOnly": {"playerCode": "willie_cauley-stein", "posFull": "Center", "displayAffiliation": "Kentucky/USA", "freeAgentCode": ""}, "teams": [{"teamId": "1610612758", "seasonStart": "2015", "seasonEnd": "2018"}, {"teamId": "1610612744", "seasonStart": "2019", "seasonEnd": "2019"}], "draft": {"teamId": "1610612758", "pickNum": "6", "roundNum": "1", "seasonYear": "2015"}, "nbaDebutYear": "2015", "yearsPro": "4", "collegeName": "Kentucky", "lastAffiliation": "Kentucky/USA", "country": "USA"}