{"firstName": "Ricky", "lastName": "Rubio", "temporaryDisplayName": "Rubio, Ricky", "personId": "201937", "teamId": "1610612756", "jersey": "11", "isActive": true, "pos": "G", "heightFeet": "6", "heightInches": "4", "heightMeters": "1.93", "weightPounds": "190", "weightKilograms": "86.2", "dateOfBirthUTC": "1990-10-21", "teamSitesOnly": {"playerCode": "ricky_rubio", "posFull": "Guard", "displayAffiliation": "FC Barcelona/Spain", "freeAgentCode": ""}, "teams": [{"teamId": "1610612750", "seasonStart": "2011", "seasonEnd": "2016"}, {"teamId": "1610612762", "seasonStart": "2017", "seasonEnd": "2018"}, {"teamId": "1610612756", "seasonStart": "2019", "seasonEnd": "2019"}], "draft": {"teamId": "1610612750", "pickNum": "5", "roundNum": "1", "seasonYear": "2009"}, "nbaDebutYear": "2011", "yearsPro": "8", "collegeName": " ", "lastAffiliation": "FC Barcelona/Spain", "country": "Spain"}