{"firstName": "Terrence", "lastName": "Ross", "temporaryDisplayName": "Ross, Terrence", "personId": "203082", "teamId": "1610612753", "jersey": "8", "isActive": true, "pos": "G-F", "heightFeet": "6", "heightInches": "7", "heightMeters": "2.01", "weightPounds": "206", "weightKilograms": "93.4", "dateOfBirthUTC": "1991-02-05", "teamSitesOnly": {"playerCode": "terrence_ross", "posFull": "Guard-Forward", "displayAffiliation": "Washington/USA", "freeAgentCode": ""}, "teams": [{"teamId": "1610612761", "seasonStart": "2012", "seasonEnd": "2016"}, {"teamId": "1610612753", "seasonStart": "2016", "seasonEnd": "2019"}], "draft": {"teamId": "1610612761", "pickNum": "8", "roundNum": "1", "seasonYear": "2012"}, "nbaDebutYear": "2012", "yearsPro": "7", "collegeName": "Washington", "lastAffiliation": "Washington/USA", "country": "USA"}