{"firstName": "Jalen", "lastName": "Lecque", "temporaryDisplayName": "Lecque, Jalen", "personId": "1629665", "teamId": "1610612756", "jersey": "0", "isActive": true, "pos": "G", "heightFeet": "6", "heightInches": "4", "heightMeters": "1.93", "weightPounds": "185", "weightKilograms": "83.9", "dateOfBirthUTC": "2000-06-13", "teamSitesOnly": {"playerCode": "jalen_lecque", "posFull": "Guard", "displayAffiliation": "Brewster Academy (NH)/USA", "freeAgentCode": ""}, "teams": [{"teamId": "1610612756", "seasonStart": "2019", "seasonEnd": "2019"}], "draft": {"teamId": "", "pickNum": "", "roundNum": "", "seasonYear": ""}, "nbaDebutYear": "", "yearsPro": "0", "collegeName": " ", "lastAffiliation": " /USA", "country": "USA"}