{"firstName": "Evan", "lastName": "Turner", "temporaryDisplayName": "Turner, Evan", "personId": "202323", "teamId": "1610612737", "jersey": "1", "isActive": true, "pos": "G-F", "heightFeet": "6", "heightInches": "7", "heightMeters": "2.01", "weightPounds": "220", "weightKilograms": "99.8", "dateOfBirthUTC": "1988-10-27", "teamSitesOnly": {"playerCode": "evan_turner", "posFull": "Guard-Forward", "displayAffiliation": "Ohio State/USA", "freeAgentCode": ""}, "teams": [{"teamId": "1610612755", "seasonStart": "2010", "seasonEnd": "2013"}, {"teamId": "1610612754", "seasonStart": "2013", "seasonEnd": "2013"}, {"teamId": "1610612738", "seasonStart": "2014", "seasonEnd": "2015"}, {"teamId": "1610612757", "seasonStart": "2016", "seasonEnd": "2018"}, {"teamId": "1610612737", "seasonStart": "2019", "seasonEnd": "2019"}], "draft": {"teamId": "1610612755", "pickNum": "2", "roundNum": "1", "seasonYear": "2010"}, "nbaDebutYear": "2010", "yearsPro": "9", "collegeName": "Ohio State", "lastAffiliation": "Ohio State/USA", "country": "USA"}