{"firstName": "Brad", "lastName": "Wanamaker", "temporaryDisplayName": "Wanamaker, Brad", "personId": "202954", "teamId": "1610612738", "jersey": "9", "isActive": true, "pos": "G", "heightFeet": "6", "heightInches": "4", "heightMeters": "1.93", "weightPounds": "210", "weightKilograms": "95.3", "dateOfBirthUTC": "1989-07-25", "teamSitesOnly": {"playerCode": "brad_wanamaker", "posFull": "Guard", "displayAffiliation": "Pittsburgh/USA", "freeAgentCode": ""}, "teams": [{"teamId": "1610612738", "seasonStart": "2018", "seasonEnd": "2019"}], "draft": {"teamId": "", "pickNum": "", "roundNum": "", "seasonYear": ""}, "nbaDebutYear": "2018", "yearsPro": "1", "collegeName": "Pittsburgh", "lastAffiliation": "Pittsburgh/USA", "country": "USA"}