{"firstName": "Grant", "lastName": "Williams", "temporaryDisplayName": "Williams, Grant", "personId": "1629684", "teamId": "1610612738", "jersey": "12", "isActive": true, "pos": "F", "heightFeet": "6", "heightInches": "7", "heightMeters": "2.01", "weightPounds": "240", "weightKilograms": "108.9", "dateOfBirthUTC": "1998-11-30", "teamSitesOnly": {"playerCode": "grant_williams", "posFull": "Forward", "displayAffiliation": "Tennessee/USA", "freeAgentCode": ""}, "teams": [{"teamId": "1610612738", "seasonStart": "2019", "seasonEnd": "2019"}], "draft": {"teamId": "1610612738", "pickNum": "22", "roundNum": "1", "seasonYear": "2019"}, "nbaDebutYear": "", "yearsPro": "0", "collegeName": "Tennessee", "lastAffiliation": "University of Tennessee/USA", "country": "USA"}