[{"SEASON_ID": "22018", "Player_ID": 204025, "Game_ID": "0021801226", "GAME_DATE": "APR 10, 2019", "MATCHUP": "MIL vs. OKC", "WL": "L", "MIN": 48, "FGM": 10, "FGA": 23, "FG_PCT": 0.435, "FG3M": 4, "FG3A": 6, "FG3_PCT": 0.667, "FTM": 5, "FTA": 7, "FT_PCT": 0.714, "OREB": 1, "DREB": 5, "REB": 6, "AST": 13, "STL": 0, "BLK": 1, "TOV": 3, "PF": 2, "PTS": 29, "PLUS_MINUS": -11, "VIDEO_AVAILABLE": 1}, {"SEASON_ID": "22018", "Player_ID": 204025, "Game_ID": "0021801202", "GAME_DATE": "APR 07, 2019", "MATCHUP": "MIL vs. ATL", "WL": "W", "MIN": 24, "FGM": 4, "FGA": 6, "FG_PCT": 0.667, "FG3M": 0, "FG3A": 1, "FG3_PCT": 0.0, "FTM": 0, "FTA": 0, "FT_PCT": 0.0, "OREB": 2, "DREB": 5, "REB": 7, "AST": 1, "STL": 2, "BLK": 0, "TOV": 2, "PF": 3, "PTS": 8, "PLUS_MINUS": -15, "VIDEO_AVAILABLE": 1}, {"SEASON_ID": "22018", "Player_ID": 204025, "Game_ID": "0021801193", "GAME_DATE": "APR 06, 2019", "MATCHUP": "MIL vs. BKN", "WL": "L", "MIN": 18, "FGM": 3, "FGA": 5, "FG_PCT": 0.6, "FG3M": 2, "FG3A": 2, "FG3_PCT": 1.0, "FTM": 1, "FTA": 2, "FT_PCT": 0.5, "OREB": 0, "DREB": 1, "REB": 1, "AST": 1, "STL": 1, "BLK": 0, "TOV": 2, "PF": 1, "PTS": 9, "PLUS_MINUS": 8, "VIDEO_AVAILABLE": 1}, {"SEASON_ID": "22018", "Player_ID": 204025, "Game_ID": "0021801177", "GAME_DATE": "APR 04, 2019", "MATCHUP": "MIL @ PHI", "WL": "W", "MIN": 11, "FGM": 1, "FGA": 2, "FG_PCT": 0.5, "FG3M": 0, "FG3A": 0, "FG3_PCT": 0.0, "FTM": 0, "FTA": 0, "FT_PCT": 0.0, "OREB": 0, "DREB": 3, "REB": 3, "AST": 2, "STL": 0, "BLK": 0, "TOV": 1, "PF": 3, "PTS": 2, "PLUS_MINUS": -3, "VIDEO_AVAILABLE": 1}, {"SEASON_ID": "22018", "Player_ID": 204025, "Game_ID": "0021801154", "GAME_DATE": "APR 01, 2019", "MATCHUP": "MIL @ BKN", "WL": "W", "MIN": 22, "FGM": 2, "FGA": 4, "FG_PCT": 0.5, "FG3M": 2, "FG3A": 3, "FG3_PCT": 0.667, "FTM": 1, "FTA": 2, "FT_PCT": 0.5, "OREB": 0, "DREB": 3, "REB": 3, "AST": 7, "STL": 1, "BLK": 0, "TOV": 1, "PF": 2, "PTS": 7, "PLUS_MINUS": 3, "VIDEO_AVAILABLE": 1}, {"SEASON_ID": "22018", "Player_ID": 204025, "Game_ID": "0021801145", "GAME_DATE": "MAR 31, 2019", "MATCHUP": "MIL @ ATL", "WL": "L", "MIN": 53, "FGM": 8, "FGA": 17, "FG_PCT": 0.471, "FG3M": 2, "FG3A": 7, "FG3_PCT": 0.286, "FTM": 2, "FTA": 2, "FT_PCT": 1.0, "OREB": 5, "DREB": 2, "REB": 7, "AST": 15, "STL": 1, "BLK": 0, "TOV": 5, "PF": 4, "PTS": 20, "PLUS_MINUS": -1, "VIDEO_AVAILABLE": 1}, {"SEASON_ID": "22018", "Player_ID": 204025, "Game_ID": "0021801127", "GAME_DATE": "MAR 28, 2019", "MATCHUP": "MIL vs. LAC", "WL": "W", "MIN": 1, "FGM": 0, "FGA": 1, "FG_PCT": 0.0, "FG3M": 0, "FG3A": 0, "FG3_PCT": 0.0, "FTM": 0, "FTA": 0, "FT_PCT": 0.0, "OREB": 0, "DREB": 0, "REB": 0, "AST": 0, "STL": 0, "BLK": 0, "TOV": 1, "PF": 0, "PTS": 0, "PLUS_MINUS": -4, "VIDEO_AVAILABLE": 1}, {"SEASON_ID": "22018", "Player_ID": 204025, "Game_ID": "0021801111", "GAME_DATE": "MAR 26, 2019", "MATCHUP": "MIL vs. HOU", "WL": "W", "MIN": 1, "FGM": 0, "FGA": 0, "FG_PCT": 0.0, "FG3M": 0, "FG3A": 0, "FG3_PCT": 0.0, "FTM": 0, "FTA": 0, "FT_PCT": 0.0, "OREB": 0, "DREB": 0, "REB": 0, "AST": 0, "STL": 0, "BLK": 0, "TOV": 0, "PF": 1, "PTS": 0, "PLUS_MINUS": -1, "VIDEO_AVAILABLE": 1}, {"SEASON_ID": "22018", "Player_ID": 204025, "Game_ID": "0021801096", "GAME_DATE": "MAR 24, 2019", "MATCHUP": "MIL vs. CLE", "WL": "W", "MIN": 2, "FGM": 0, "FGA": 0, "FG_PCT": 0.0, "FG3M": 0, "FG3A": 0, "FG3_PCT": 0.0, "FTM": 0, "FTA": 0, "FT_PCT": 0.0, "OREB": 0, "DREB": 0, "REB": 0, "AST": 1, "STL": 0, "BLK": 0, "TOV": 0, "PF": 0, "PTS": 0, "PLUS_MINUS": 5, "VIDEO_AVAILABLE": 1}, {"SEASON_ID": "22018", "Player_ID": 204025, "Game_ID": "0021801085", "GAME_DATE": "MAR 22, 2019", "MATCHUP": "MIL vs. MIA", "WL": "W", "MIN": 4, "FGM": 0, "FGA": 2, "FG_PCT": 0.0, "FG3M": 0, "FG3A": 1, "FG3_PCT": 0.0, "FTM": 0, "FTA": 0, "FT_PCT": 0.0, "OREB": 1, "DREB": 0, "REB": 1, "AST": 1, "STL": 0, "BLK": 0, "TOV": 0, "PF": 0, "PTS": 0, "PLUS_MINUS": 4, "VIDEO_AVAILABLE": 1}, {"SEASON_ID": "22018", "Player_ID": 204025, "Game_ID": "0021801065", "GAME_DATE": "MAR 20, 2019", "MATCHUP": "MIL @ CLE", "WL": "L", "MIN": 15, "FGM": 0, "FGA": 4, "FG_PCT": 0.0, "FG3M": 0, "FG3A": 2, "FG3_PCT": 0.0, "FTM": 0, "FTA": 0, "FT_PCT": 0.0, "OREB": 0, "DREB": 1, "REB": 1, "AST": 0, "STL": 0, "BLK": 0, "TOV": 0, "PF": 1, "PTS": 0, "PLUS_MINUS": -7, "VIDEO_AVAILABLE": 1}, {"SEASON_ID": "22018", "Player_ID": 204025, "Game_ID": "0021801061", "GAME_DATE": "MAR 19, 2019", "MATCHUP": "MIL vs. LAL", "WL": "W", "MIN": 12, "FGM": 0, "FGA": 2, "FG_PCT": 0.0, "FG3M": 0, "FG3A": 2, "FG3_PCT": 0.0, "FTM": 0, "FTA": 0, "FT_PCT": 0.0, "OREB": 0, "DREB": 2, "REB": 2, "AST": 1, "STL": 0, "BLK": 0, "TOV": 1, "PF": 2, "PTS": 0, "PLUS_MINUS": -18, "VIDEO_AVAILABLE": 1}, {"SEASON_ID": "22018", "Player_ID": 204025, "Game_ID": "0021800866", "GAME_DATE": "FEB 14, 2019", "MATCHUP": "NOP vs. OKC", "WL": "W", "MIN": 7, "FGM": 0, "FGA": 1, "FG_PCT": 0.0, "FG3M": 0, "FG3A": 0, "FG3_PCT": 0.0, "FTM": 0, "FTA": 0, "FT_PCT": 0.0, "OREB": 0, "DREB": 0, "REB": 0, "AST": 2, "STL": 0, "BLK": 0, "TOV": 1, "PF": 0, "PTS": 0, "PLUS_MINUS": -6, "VIDEO_AVAILABLE": 1}, {"SEASON_ID": "22018", "Player_ID": 204025, "Game_ID": "0021800851", "GAME_DATE": "FEB 12, 2019", "MATCHUP": "NOP vs. ORL", "WL": "L", "MIN": 31, "FGM": 4, "FGA": 8, "FG_PCT": 0.5, "FG3M": 0, "FG3A": 1, "FG3_PCT": 0.0, "FTM": 2, "FTA": 2, "FT_PCT": 1.0, "OREB": 0, "DREB": 4, "REB": 4, "AST": 7, "STL": 0, "BLK": 0, "TOV": 2, "PF": 3, "PTS": 10, "PLUS_MINUS": -10, "VIDEO_AVAILABLE": 1}, {"SEASON_ID": "22018", "Player_ID": 204025, "Game_ID": "0021800831", "GAME_DATE": "FEB 09, 2019", "MATCHUP": "NOP @ MEM", "WL": "L", "MIN": 21, "FGM": 1, "FGA": 3, "FG_PCT": 0.333, "FG3M": 1, "FG3A": 3, "FG3_PCT": 0.333, "FTM": 2, "FTA": 2, "FT_PCT": 1.0, "OREB": 0, "DREB": 1, "REB": 1, "AST": 3, "STL": 0, "BLK": 0, "TOV": 2, "PF": 4, "PTS": 5, "PLUS_MINUS": -14, "VIDEO_AVAILABLE": 1}, {"SEASON_ID": "22018", "Player_ID": 204025, "Game_ID": "0021800823", "GAME_DATE": "FEB 08, 2019", "MATCHUP": "NOP vs. MIN", "WL": "W", "MIN": 32, "FGM": 5, "FGA": 8, "FG_PCT": 0.625, "FG3M": 2, "FG3A": 2, "FG3_PCT": 1.0, "FTM": 0, "FTA": 0, "FT_PCT": 0.0, "OREB": 2, "DREB": 7, "REB": 9, "AST": 8, "STL": 2, "BLK": 0, "TOV": 0, "PF": 2, "PTS": 12, "PLUS_MINUS": 19, "VIDEO_AVAILABLE": 1}, {"SEASON_ID": "22018", "Player_ID": 204025, "Game_ID": "0021800805", "GAME_DATE": "FEB 06, 2019", "MATCHUP": "NOP @ CHI", "WL": "W", "MIN": 24, "FGM": 3, "FGA": 4, "FG_PCT": 0.75, "FG3M": 0, "FG3A": 0, "FG3_PCT": 0.0, "FTM": 2, "FTA": 4, "FT_PCT": 0.5, "OREB": 3, "DREB": 1, "REB": 4, "AST": 3, "STL": 1, "BLK": 0, "TOV": 2, "PF": 1, "PTS": 8, "PLUS_MINUS": 3, "VIDEO_AVAILABLE": 1}, {"SEASON_ID": "22018", "Player_ID": 204025, "Game_ID": "0021800793", "GAME_DATE": "FEB 04, 2019", "MATCHUP": "NOP vs. IND", "WL": "L", "MIN": 18, "FGM": 0, "FGA": 3, "FG_PCT": 0.0, "FG3M": 0, "FG3A": 2, "FG3_PCT": 0.0, "FTM": 2, "FTA": 2, "FT_PCT": 1.0, "OREB": 0, "DREB": 1, "REB": 1, "AST": 3, "STL": 1, "BLK": 0, "TOV": 2, "PF": 1, "PTS": 2, "PLUS_MINUS": -1, "VIDEO_AVAILABLE": 1}, {"SEASON_ID": "22018", "Player_ID": 204025, "Game_ID": "0021800779", "GAME_DATE": "FEB 02, 2019", "MATCHUP": "NOP @ SAS", "WL": "L", "MIN": 27, "FGM": 4, "FGA": 10, "FG_PCT": 0.4, "FG3M": 1, "FG3A": 4, "FG3_PCT": 0.25, "FTM": 0, "FTA": 0, "FT_PCT": 0.0, "OREB": 2, "DREB": 2, "REB": 4, "AST": 8, "STL": 2, "BLK": 0, "TOV": 1, "PF": 3, "PTS": 9, "PLUS_MINUS": 10, "VIDEO_AVAILABLE": 1}, {"SEASON_ID": "22018", "Player_ID": 204025, "Game_ID": "0021800761", "GAME_DATE": "JAN 30, 2019", "MATCHUP": "NOP vs. DEN", "WL": "L", "MIN": 21, "FGM": 1, "FGA": 4, "FG_PCT": 0.25, "FG3M": 0, "FG3A": 2, "FG3_PCT": 0.0, "FTM": 2, "FTA": 2, "FT_PCT": 1.0, "OREB": 1, "DREB": 7, "REB": 8, "AST": 8, "STL": 0, "BLK": 0, "TOV": 0, "PF": 1, "PTS": 4, "PLUS_MINUS": 0, "VIDEO_AVAILABLE": 1}, {"SEASON_ID": "22018", "Player_ID": 204025, "Game_ID": "0021800753", "GAME_DATE": "JAN 29, 2019", "MATCHUP": "NOP @ HOU", "WL": "W", "MIN": 20, "FGM": 3, "FGA": 4, "FG_PCT": 0.75, "FG3M": 0, "FG3A": 0, "FG3_PCT": 0.0, "FTM": 4, "FTA": 5, "FT_PCT": 0.8, "OREB": 0, "DREB": 4, "REB": 4, "AST": 10, "STL": 1, "BLK": 0, "TOV": 3, "PF": 3, "PTS": 10, "PLUS_MINUS": 0, "VIDEO_AVAILABLE": 1}, {"SEASON_ID": "22018", "Player_ID": 204025, "Game_ID": "0021800730", "GAME_DATE": "JAN 26, 2019", "MATCHUP": "NOP vs. SAS", "WL": "L", "MIN": 16, "FGM": 3, "FGA": 6, "FG_PCT": 0.5, "FG3M": 0, "FG3A": 1, "FG3_PCT": 0.0, "FTM": 0, "FTA": 0, "FT_PCT": 0.0, "OREB": 0, "DREB": 3, "REB": 3, "AST": 6, "STL": 0, "BLK": 0, "TOV": 0, "PF": 3, "PTS": 6, "PLUS_MINUS": 4, "VIDEO_AVAILABLE": 1}, {"SEASON_ID": "22018", "Player_ID": 204025, "Game_ID": "0021800714", "GAME_DATE": "JAN 23, 2019", "MATCHUP": "NOP vs. DET", "WL": "L", "MIN": 6, "FGM": 0, "FGA": 1, "FG_PCT": 0.0, "FG3M": 0, "FG3A": 0, "FG3_PCT": 0.0, "FTM": 0, "FTA": 0, "FT_PCT": 0.0, "OREB": 0, "DREB": 0, "REB": 0, "AST": 1, "STL": 0, "BLK": 0, "TOV": 1, "PF": 0, "PTS": 0, "PLUS_MINUS": -7, "VIDEO_AVAILABLE": 1}, {"SEASON_ID": "22018", "Player_ID": 204025, "Game_ID": "0021800697", "GAME_DATE": "JAN 21, 2019", "MATCHUP": "NOP @ MEM", "WL": "W", "MIN": 9, "FGM": 1, "FGA": 3, "FG_PCT": 0.333, "FG3M": 0, "FG3A": 1, "FG3_PCT": 0.0, "FTM": 0, "FTA": 0, "FT_PCT": 0.0, "OREB": 0, "DREB": 1, "REB": 1, "AST": 1, "STL": 0, "BLK": 1, "TOV": 0, "PF": 0, "PTS": 2, "PLUS_MINUS": 8, "VIDEO_AVAILABLE": 1}, {"SEASON_ID": "22018", "Player_ID": 204025, "Game_ID": "0021800677", "GAME_DATE": "JAN 18, 2019", "MATCHUP": "NOP @ POR", "WL": "L", "MIN": 19, "FGM": 2, "FGA": 4, "FG_PCT": 0.5, "FG3M": 0, "FG3A": 1, "FG3_PCT": 0.0, "FTM": 1, "FTA": 2, "FT_PCT": 0.5, "OREB": 1, "DREB": 2, "REB": 3, "AST": 3, "STL": 0, "BLK": 0, "TOV": 1, "PF": 3, "PTS": 5, "PLUS_MINUS": -3, "VIDEO_AVAILABLE": 1}, {"SEASON_ID": "22018", "Player_ID": 204025, "Game_ID": "0021800633", "GAME_DATE": "JAN 12, 2019", "MATCHUP": "NOP @ MIN", "WL": "L", "MIN": 7, "FGM": 0, "FGA": 1, "FG_PCT": 0.0, "FG3M": 0, "FG3A": 1, "FG3_PCT": 0.0, "FTM": 0, "FTA": 0, "FT_PCT": 0.0, "OREB": 1, "DREB": 1, "REB": 2, "AST": 1, "STL": 0, "BLK": 0, "TOV": 1, "PF": 1, "PTS": 0, "PLUS_MINUS": -9, "VIDEO_AVAILABLE": 1}, {"SEASON_ID": "22018", "Player_ID": 204025, "Game_ID": "0021800612", "GAME_DATE": "JAN 09, 2019", "MATCHUP": "NOP vs. CLE", "WL": "W", "MIN": 16, "FGM": 3, "FGA": 5, "FG_PCT": 0.6, "FG3M": 1, "FG3A": 2, "FG3_PCT": 0.5, "FTM": 0, "FTA": 0, "FT_PCT": 0.0, "OREB": 0, "DREB": 3, "REB": 3, "AST": 2, "STL": 0, "BLK": 0, "TOV": 2, "PF": 1, "PTS": 7, "PLUS_MINUS": 2, "VIDEO_AVAILABLE": 1}, {"SEASON_ID": "22018", "Player_ID": 204025, "Game_ID": "0021800595", "GAME_DATE": "JAN 07, 2019", "MATCHUP": "NOP vs. MEM", "WL": "W", "MIN": 23, "FGM": 3, "FGA": 6, "FG_PCT": 0.5, "FG3M": 0, "FG3A": 2, "FG3_PCT": 0.0, "FTM": 0, "FTA": 0, "FT_PCT": 0.0, "OREB": 0, "DREB": 3, "REB": 3, "AST": 4, "STL": 1, "BLK": 0, "TOV": 1, "PF": 3, "PTS": 6, "PLUS_MINUS": 10, "VIDEO_AVAILABLE": 1}, {"SEASON_ID": "22018", "Player_ID": 204025, "Game_ID": "0021800579", "GAME_DATE": "JAN 05, 2019", "MATCHUP": "NOP @ CLE", "WL": "W", "MIN": 20, "FGM": 1, "FGA": 2, "FG_PCT": 0.5, "FG3M": 1, "FG3A": 2, "FG3_PCT": 0.5, "FTM": 0, "FTA": 0, "FT_PCT": 0.0, "OREB": 0, "DREB": 1, "REB": 1, "AST": 3, "STL": 0, "BLK": 1, "TOV": 2, "PF": 1, "PTS": 3, "PLUS_MINUS": 9, "VIDEO_AVAILABLE": 1}, {"SEASON_ID": "22018", "Player_ID": 204025, "Game_ID": "0021800557", "GAME_DATE": "JAN 02, 2019", "MATCHUP": "NOP @ BKN", "WL": "L", "MIN": 9, "FGM": 1, "FGA": 3, "FG_PCT": 0.333, "FG3M": 0, "FG3A": 1, "FG3_PCT": 0.0, "FTM": 0, "FTA": 0, "FT_PCT": 0.0, "OREB": 0, "DREB": 0, "REB": 0, "AST": 0, "STL": 0, "BLK": 0, "TOV": 1, "PF": 1, "PTS": 2, "PLUS_MINUS": -21, "VIDEO_AVAILABLE": 1}, {"SEASON_ID": "22018", "Player_ID": 204025, "Game_ID": "0021800546", "GAME_DATE": "DEC 31, 2018", "MATCHUP": "NOP vs. MIN", "WL": "W", "MIN": 21, "FGM": 2, "FGA": 4, "FG_PCT": 0.5, "FG3M": 1, "FG3A": 2, "FG3_PCT": 0.5, "FTM": 0, "FTA": 0, "FT_PCT": 0.0, "OREB": 1, "DREB": 3, "REB": 4, "AST": 3, "STL": 1, "BLK": 0, "TOV": 0, "PF": 1, "PTS": 5, "PLUS_MINUS": 20, "VIDEO_AVAILABLE": 1}, {"SEASON_ID": "22018", "Player_ID": 204025, "Game_ID": "0021800528", "GAME_DATE": "DEC 29, 2018", "MATCHUP": "NOP vs. HOU", "WL": "L", "MIN": 21, "FGM": 3, "FGA": 7, "FG_PCT": 0.429, "FG3M": 1, "FG3A": 3, "FG3_PCT": 0.333, "FTM": 0, "FTA": 0, "FT_PCT": 0.0, "OREB": 0, "DREB": 6, "REB": 6, "AST": 5, "STL": 1, "BLK": 0, "TOV": 1, "PF": 2, "PTS": 7, "PLUS_MINUS": 11, "VIDEO_AVAILABLE": 1}, {"SEASON_ID": "22018", "Player_ID": 204025, "Game_ID": "0021800523", "GAME_DATE": "DEC 28, 2018", "MATCHUP": "NOP vs. DAL", "WL": "W", "MIN": 22, "FGM": 3, "FGA": 5, "FG_PCT": 0.6, "FG3M": 1, "FG3A": 3, "FG3_PCT": 0.333, "FTM": 0, "FTA": 0, "FT_PCT": 0.0, "OREB": 1, "DREB": 3, "REB": 4, "AST": 3, "STL": 0, "BLK": 0, "TOV": 1, "PF": 1, "PTS": 7, "PLUS_MINUS": -3, "VIDEO_AVAILABLE": 1}, {"SEASON_ID": "22018", "Player_ID": 204025, "Game_ID": "0021800509", "GAME_DATE": "DEC 26, 2018", "MATCHUP": "NOP @ DAL", "WL": "L", "MIN": 24, "FGM": 3, "FGA": 8, "FG_PCT": 0.375, "FG3M": 1, "FG3A": 1, "FG3_PCT": 1.0, "FTM": 2, "FTA": 3, "FT_PCT": 0.667, "OREB": 0, "DREB": 1, "REB": 1, "AST": 7, "STL": 0, "BLK": 0, "TOV": 1, "PF": 1, "PTS": 9, "PLUS_MINUS": -1, "VIDEO_AVAILABLE": 1}, {"SEASON_ID": "22018", "Player_ID": 204025, "Game_ID": "0021800492", "GAME_DATE": "DEC 23, 2018", "MATCHUP": "NOP @ SAC", "WL": "L", "MIN": 23, "FGM": 4, "FGA": 7, "FG_PCT": 0.571, "FG3M": 2, "FG3A": 2, "FG3_PCT": 1.0, "FTM": 2, "FTA": 2, "FT_PCT": 1.0, "OREB": 2, "DREB": 2, "REB": 4, "AST": 7, "STL": 2, "BLK": 1, "TOV": 2, "PF": 4, "PTS": 12, "PLUS_MINUS": -6, "VIDEO_AVAILABLE": 1}, {"SEASON_ID": "22018", "Player_ID": 204025, "Game_ID": "0021800478", "GAME_DATE": "DEC 21, 2018", "MATCHUP": "NOP @ LAL", "WL": "L", "MIN": 12, "FGM": 1, "FGA": 2, "FG_PCT": 0.5, "FG3M": 0, "FG3A": 1, "FG3_PCT": 0.0, "FTM": 0, "FTA": 0, "FT_PCT": 0.0, "OREB": 2, "DREB": 2, "REB": 4, "AST": 2, "STL": 0, "BLK": 0, "TOV": 0, "PF": 3, "PTS": 2, "PLUS_MINUS": -15, "VIDEO_AVAILABLE": 1}, {"SEASON_ID": "22018", "Player_ID": 204025, "Game_ID": "0021800462", "GAME_DATE": "DEC 19, 2018", "MATCHUP": "NOP @ MIL", "WL": "L", "MIN": 24, "FGM": 0, "FGA": 3, "FG_PCT": 0.0, "FG3M": 0, "FG3A": 1, "FG3_PCT": 0.0, "FTM": 2, "FTA": 2, "FT_PCT": 1.0, "OREB": 1, "DREB": 4, "REB": 5, "AST": 3, "STL": 0, "BLK": 0, "TOV": 3, "PF": 5, "PTS": 2, "PLUS_MINUS": 0, "VIDEO_AVAILABLE": 1}, {"SEASON_ID": "22018", "Player_ID": 204025, "Game_ID": "0021800441", "GAME_DATE": "DEC 16, 2018", "MATCHUP": "NOP vs. MIA", "WL": "L", "MIN": 12, "FGM": 0, "FGA": 2, "FG_PCT": 0.0, "FG3M": 0, "FG3A": 1, "FG3_PCT": 0.0, "FTM": 0, "FTA": 0, "FT_PCT": 0.0, "OREB": 1, "DREB": 0, "REB": 1, "AST": 2, "STL": 0, "BLK": 0, "TOV": 1, "PF": 1, "PTS": 0, "PLUS_MINUS": -6, "VIDEO_AVAILABLE": 1}, {"SEASON_ID": "22018", "Player_ID": 204025, "Game_ID": "0021800411", "GAME_DATE": "DEC 12, 2018", "MATCHUP": "NOP vs. OKC", "WL": "W", "MIN": 36, "FGM": 3, "FGA": 9, "FG_PCT": 0.333, "FG3M": 0, "FG3A": 2, "FG3_PCT": 0.0, "FTM": 0, "FTA": 0, "FT_PCT": 0.0, "OREB": 2, "DREB": 7, "REB": 9, "AST": 9, "STL": 2, "BLK": 0, "TOV": 1, "PF": 3, "PTS": 6, "PLUS_MINUS": 5, "VIDEO_AVAILABLE": 1}, {"SEASON_ID": "22018", "Player_ID": 204025, "Game_ID": "0021800393", "GAME_DATE": "DEC 10, 2018", "MATCHUP": "NOP @ BOS", "WL": "L", "MIN": 32, "FGM": 3, "FGA": 6, "FG_PCT": 0.5, "FG3M": 2, "FG3A": 3, "FG3_PCT": 0.667, "FTM": 0, "FTA": 0, "FT_PCT": 0.0, "OREB": 1, "DREB": 0, "REB": 1, "AST": 10, "STL": 1, "BLK": 0, "TOV": 2, "PF": 5, "PTS": 8, "PLUS_MINUS": -8, "VIDEO_AVAILABLE": 1}, {"SEASON_ID": "22018", "Player_ID": 204025, "Game_ID": "0021800387", "GAME_DATE": "DEC 09, 2018", "MATCHUP": "NOP @ DET", "WL": "W", "MIN": 34, "FGM": 4, "FGA": 5, "FG_PCT": 0.8, "FG3M": 2, "FG3A": 3, "FG3_PCT": 0.667, "FTM": 4, "FTA": 4, "FT_PCT": 1.0, "OREB": 0, "DREB": 3, "REB": 3, "AST": 8, "STL": 2, "BLK": 0, "TOV": 2, "PF": 2, "PTS": 14, "PLUS_MINUS": 5, "VIDEO_AVAILABLE": 1}, {"SEASON_ID": "22018", "Player_ID": 204025, "Game_ID": "0021800374", "GAME_DATE": "DEC 07, 2018", "MATCHUP": "NOP vs. MEM", "WL": "L", "MIN": 29, "FGM": 3, "FGA": 3, "FG_PCT": 1.0, "FG3M": 1, "FG3A": 1, "FG3_PCT": 1.0, "FTM": 0, "FTA": 0, "FT_PCT": 0.0, "OREB": 1, "DREB": 3, "REB": 4, "AST": 6, "STL": 1, "BLK": 0, "TOV": 4, "PF": 3, "PTS": 7, "PLUS_MINUS": 0, "VIDEO_AVAILABLE": 1}, {"SEASON_ID": "22018", "Player_ID": 204025, "Game_ID": "0021800363", "GAME_DATE": "DEC 05, 2018", "MATCHUP": "NOP vs. DAL", "WL": "W", "MIN": 23, "FGM": 3, "FGA": 5, "FG_PCT": 0.6, "FG3M": 1, "FG3A": 3, "FG3_PCT": 0.333, "FTM": 1, "FTA": 2, "FT_PCT": 0.5, "OREB": 0, "DREB": 6, "REB": 6, "AST": 7, "STL": 1, "BLK": 0, "TOV": 2, "PF": 1, "PTS": 8, "PLUS_MINUS": -2, "VIDEO_AVAILABLE": 1}, {"SEASON_ID": "22018", "Player_ID": 204025, "Game_ID": "0021800349", "GAME_DATE": "DEC 03, 2018", "MATCHUP": "NOP vs. LAC", "WL": "L", "MIN": 29, "FGM": 3, "FGA": 5, "FG_PCT": 0.6, "FG3M": 1, "FG3A": 2, "FG3_PCT": 0.5, "FTM": 0, "FTA": 0, "FT_PCT": 0.0, "OREB": 1, "DREB": 3, "REB": 4, "AST": 4, "STL": 1, "BLK": 0, "TOV": 4, "PF": 0, "PTS": 7, "PLUS_MINUS": -8, "VIDEO_AVAILABLE": 1}, {"SEASON_ID": "22018", "Player_ID": 204025, "Game_ID": "0021800338", "GAME_DATE": "DEC 02, 2018", "MATCHUP": "NOP @ CHA", "WL": "W", "MIN": 38, "FGM": 3, "FGA": 6, "FG_PCT": 0.5, "FG3M": 1, "FG3A": 3, "FG3_PCT": 0.333, "FTM": 0, "FTA": 0, "FT_PCT": 0.0, "OREB": 1, "DREB": 0, "REB": 1, "AST": 9, "STL": 0, "BLK": 0, "TOV": 1, "PF": 3, "PTS": 7, "PLUS_MINUS": 11, "VIDEO_AVAILABLE": 1}, {"SEASON_ID": "22018", "Player_ID": 204025, "Game_ID": "0021800324", "GAME_DATE": "NOV 30, 2018", "MATCHUP": "NOP @ MIA", "WL": "L", "MIN": 24, "FGM": 1, "FGA": 2, "FG_PCT": 0.5, "FG3M": 1, "FG3A": 1, "FG3_PCT": 1.0, "FTM": 3, "FTA": 4, "FT_PCT": 0.75, "OREB": 2, "DREB": 4, "REB": 6, "AST": 9, "STL": 0, "BLK": 0, "TOV": 1, "PF": 3, "PTS": 6, "PLUS_MINUS": 12, "VIDEO_AVAILABLE": 1}, {"SEASON_ID": "22018", "Player_ID": 204025, "Game_ID": "0021800312", "GAME_DATE": "NOV 28, 2018", "MATCHUP": "NOP vs. WAS", "WL": "W", "MIN": 37, "FGM": 4, "FGA": 8, "FG_PCT": 0.5, "FG3M": 2, "FG3A": 6, "FG3_PCT": 0.333, "FTM": 2, "FTA": 2, "FT_PCT": 1.0, "OREB": 2, "DREB": 4, "REB": 6, "AST": 12, "STL": 2, "BLK": 0, "TOV": 3, "PF": 4, "PTS": 12, "PLUS_MINUS": 24, "VIDEO_AVAILABLE": 1}, {"SEASON_ID": "22018", "Player_ID": 204025, "Game_ID": "0021800298", "GAME_DATE": "NOV 26, 2018", "MATCHUP": "NOP vs. BOS", "WL": "L", "MIN": 5, "FGM": 1, "FGA": 1, "FG_PCT": 1.0, "FG3M": 0, "FG3A": 0, "FG3_PCT": 0.0, "FTM": 0, "FTA": 0, "FT_PCT": 0.0, "OREB": 0, "DREB": 2, "REB": 2, "AST": 1, "STL": 0, "BLK": 0, "TOV": 1, "PF": 1, "PTS": 2, "PLUS_MINUS": 1, "VIDEO_AVAILABLE": 1}, {"SEASON_ID": "22018", "Player_ID": 204025, "Game_ID": "0021800208", "GAME_DATE": "NOV 14, 2018", "MATCHUP": "NOP @ MIN", "WL": "L", "MIN": 6, "FGM": 0, "FGA": 1, "FG_PCT": 0.0, "FG3M": 0, "FG3A": 1, "FG3_PCT": 0.0, "FTM": 0, "FTA": 0, "FT_PCT": 0.0, "OREB": 0, "DREB": 0, "REB": 0, "AST": 2, "STL": 1, "BLK": 0, "TOV": 0, "PF": 0, "PTS": 0, "PLUS_MINUS": -8, "VIDEO_AVAILABLE": 1}, {"SEASON_ID": "22018", "Player_ID": 204025, "Game_ID": "0021800192", "GAME_DATE": "NOV 12, 2018", "MATCHUP": "NOP @ TOR", "WL": "W", "MIN": 7, "FGM": 0, "FGA": 2, "FG_PCT": 0.0, "FG3M": 0, "FG3A": 0, "FG3_PCT": 0.0, "FTM": 0, "FTA": 0, "FT_PCT": 0.0, "OREB": 0, "DREB": 2, "REB": 2, "AST": 2, "STL": 0, "BLK": 0, "TOV": 0, "PF": 1, "PTS": 0, "PLUS_MINUS": 1, "VIDEO_AVAILABLE": 1}, {"SEASON_ID": "22018", "Player_ID": 204025, "Game_ID": "0021800176", "GAME_DATE": "NOV 10, 2018", "MATCHUP": "NOP vs. PHX", "WL": "W", "MIN": 12, "FGM": 0, "FGA": 1, "FG_PCT": 0.0, "FG3M": 0, "FG3A": 0, "FG3_PCT": 0.0, "FTM": 0, "FTA": 0, "FT_PCT": 0.0, "OREB": 0, "DREB": 1, "REB": 1, "AST": 3, "STL": 0, "BLK": 0, "TOV": 1, "PF": 1, "PTS": 0, "PLUS_MINUS": 4, "VIDEO_AVAILABLE": 1}, {"SEASON_ID": "22018", "Player_ID": 204025, "Game_ID": "0021800159", "GAME_DATE": "NOV 07, 2018", "MATCHUP": "NOP vs. CHI", "WL": "W", "MIN": 8, "FGM": 0, "FGA": 3, "FG_PCT": 0.0, "FG3M": 0, "FG3A": 1, "FG3_PCT": 0.0, "FTM": 0, "FTA": 0, "FT_PCT": 0.0, "OREB": 0, "DREB": 0, "REB": 0, "AST": 2, "STL": 0, "BLK": 0, "TOV": 0, "PF": 0, "PTS": 0, "PLUS_MINUS": -3, "VIDEO_AVAILABLE": 1}, {"SEASON_ID": "22018", "Player_ID": 204025, "Game_ID": "0021800144", "GAME_DATE": "NOV 05, 2018", "MATCHUP": "NOP @ OKC", "WL": "L", "MIN": 8, "FGM": 0, "FGA": 3, "FG_PCT": 0.0, "FG3M": 0, "FG3A": 1, "FG3_PCT": 0.0, "FTM": 0, "FTA": 0, "FT_PCT": 0.0, "OREB": 0, "DREB": 0, "REB": 0, "AST": 2, "STL": 0, "BLK": 0, "TOV": 0, "PF": 3, "PTS": 0, "PLUS_MINUS": -6, "VIDEO_AVAILABLE": 1}, {"SEASON_ID": "22018", "Player_ID": 204025, "Game_ID": "0021800130", "GAME_DATE": "NOV 03, 2018", "MATCHUP": "NOP @ SAS", "WL": "L", "MIN": 7, "FGM": 0, "FGA": 3, "FG_PCT": 0.0, "FG3M": 0, "FG3A": 0, "FG3_PCT": 0.0, "FTM": 0, "FTA": 0, "FT_PCT": 0.0, "OREB": 2, "DREB": 0, "REB": 2, "AST": 1, "STL": 0, "BLK": 0, "TOV": 1, "PF": 1, "PTS": 0, "PLUS_MINUS": -9, "VIDEO_AVAILABLE": 1}, {"SEASON_ID": "22018", "Player_ID": 204025, "Game_ID": "0021800116", "GAME_DATE": "NOV 01, 2018", "MATCHUP": "NOP @ POR", "WL": "L", "MIN": 30, "FGM": 3, "FGA": 7, "FG_PCT": 0.429, "FG3M": 1, "FG3A": 4, "FG3_PCT": 0.25, "FTM": 1, "FTA": 2, "FT_PCT": 0.5, "OREB": 0, "DREB": 2, "REB": 2, "AST": 5, "STL": 0, "BLK": 0, "TOV": 2, "PF": 4, "PTS": 8, "PLUS_MINUS": -21, "VIDEO_AVAILABLE": 1}, {"SEASON_ID": "22018", "Player_ID": 204025, "Game_ID": "0021800108", "GAME_DATE": "OCT 31, 2018", "MATCHUP": "NOP @ GSW", "WL": "L", "MIN": 21, "FGM": 3, "FGA": 5, "FG_PCT": 0.6, "FG3M": 2, "FG3A": 3, "FG3_PCT": 0.667, "FTM": 0, "FTA": 0, "FT_PCT": 0.0, "OREB": 0, "DREB": 1, "REB": 1, "AST": 1, "STL": 1, "BLK": 0, "TOV": 2, "PF": 3, "PTS": 8, "PLUS_MINUS": -7, "VIDEO_AVAILABLE": 1}, {"SEASON_ID": "22018", "Player_ID": 204025, "Game_ID": "0021800095", "GAME_DATE": "OCT 29, 2018", "MATCHUP": "NOP @ DEN", "WL": "L", "MIN": 20, "FGM": 2, "FGA": 2, "FG_PCT": 1.0, "FG3M": 1, "FG3A": 1, "FG3_PCT": 1.0, "FTM": 0, "FTA": 0, "FT_PCT": 0.0, "OREB": 0, "DREB": 3, "REB": 3, "AST": 3, "STL": 1, "BLK": 1, "TOV": 0, "PF": 2, "PTS": 5, "PLUS_MINUS": -13, "VIDEO_AVAILABLE": 1}, {"SEASON_ID": "22018", "Player_ID": 204025, "Game_ID": "0021800075", "GAME_DATE": "OCT 27, 2018", "MATCHUP": "NOP vs. UTA", "WL": "L", "MIN": 13, "FGM": 1, "FGA": 3, "FG_PCT": 0.333, "FG3M": 0, "FG3A": 2, "FG3_PCT": 0.0, "FTM": 0, "FTA": 1, "FT_PCT": 0.0, "OREB": 2, "DREB": 2, "REB": 4, "AST": 4, "STL": 0, "BLK": 0, "TOV": 2, "PF": 4, "PTS": 2, "PLUS_MINUS": 3, "VIDEO_AVAILABLE": 1}, {"SEASON_ID": "22018", "Player_ID": 204025, "Game_ID": "0021800022", "GAME_DATE": "OCT 19, 2018", "MATCHUP": "NOP vs. SAC", "WL": "W", "MIN": 4, "FGM": 0, "FGA": 1, "FG_PCT": 0.0, "FG3M": 0, "FG3A": 1, "FG3_PCT": 0.0, "FTM": 0, "FTA": 0, "FT_PCT": 0.0, "OREB": 0, "DREB": 0, "REB": 0, "AST": 1, "STL": 0, "BLK": 0, "TOV": 0, "PF": 0, "PTS": 0, "PLUS_MINUS": -4, "VIDEO_AVAILABLE": 1}, {"SEASON_ID": "22017", "Player_ID": 204025, "Game_ID": "0021701222", "GAME_DATE": "APR 11, 2018", "MATCHUP": "WAS @ ORL", "WL": "L", "MIN": 11, "FGM": 0, "FGA": 3, "FG_PCT": 0.0, "FG3M": 0, "FG3A": 0, "FG3_PCT": 0.0, "FTM": 0, "FTA": 0, "FT_PCT": 0.0, "OREB": 0, "DREB": 1, "REB": 1, "AST": 2, "STL": 2, "BLK": 0, "TOV": 1, "PF": 1, "PTS": 0, "PLUS_MINUS": -3, "VIDEO_AVAILABLE": 1}, {"SEASON_ID": "22017", "Player_ID": 204025, "Game_ID": "0021701215", "GAME_DATE": "APR 10, 2018", "MATCHUP": "WAS vs. BOS", "WL": "W", "MIN": 2, "FGM": 0, "FGA": 0, "FG_PCT": 0.0, "FG3M": 0, "FG3A": 0, "FG3_PCT": 0.0, "FTM": 0, "FTA": 0, "FT_PCT": 0.0, "OREB": 0, "DREB": 0, "REB": 0, "AST": 0, "STL": 0, "BLK": 0, "TOV": 0, "PF": 0, "PTS": 0, "PLUS_MINUS": 1, "VIDEO_AVAILABLE": 1}, {"SEASON_ID": "22017", "Player_ID": 204025, "Game_ID": "0021701184", "GAME_DATE": "APR 06, 2018", "MATCHUP": "WAS vs. ATL", "WL": "L", "MIN": 19, "FGM": 3, "FGA": 5, "FG_PCT": 0.6, "FG3M": 1, "FG3A": 1, "FG3_PCT": 1.0, "FTM": 0, "FTA": 0, "FT_PCT": 0.0, "OREB": 0, "DREB": 5, "REB": 5, "AST": 3, "STL": 3, "BLK": 0, "TOV": 1, "PF": 3, "PTS": 7, "PLUS_MINUS": 4, "VIDEO_AVAILABLE": 1}, {"SEASON_ID": "22017", "Player_ID": 204025, "Game_ID": "0021701161", "GAME_DATE": "APR 03, 2018", "MATCHUP": "WAS @ HOU", "WL": "L", "MIN": 10, "FGM": 1, "FGA": 2, "FG_PCT": 0.5, "FG3M": 0, "FG3A": 0, "FG3_PCT": 0.0, "FTM": 0, "FTA": 0, "FT_PCT": 0.0, "OREB": 0, "DREB": 2, "REB": 2, "AST": 2, "STL": 0, "BLK": 0, "TOV": 0, "PF": 2, "PTS": 2, "PLUS_MINUS": 6, "VIDEO_AVAILABLE": 1}, {"SEASON_ID": "22017", "Player_ID": 204025, "Game_ID": "0021701144", "GAME_DATE": "APR 01, 2018", "MATCHUP": "WAS @ CHI", "WL": "L", "MIN": 8, "FGM": 0, "FGA": 1, "FG_PCT": 0.0, "FG3M": 0, "FG3A": 1, "FG3_PCT": 0.0, "FTM": 0, "FTA": 0, "FT_PCT": 0.0, "OREB": 0, "DREB": 1, "REB": 1, "AST": 3, "STL": 0, "BLK": 0, "TOV": 0, "PF": 0, "PTS": 0, "PLUS_MINUS": -5, "VIDEO_AVAILABLE": 1}, {"SEASON_ID": "22017", "Player_ID": 204025, "Game_ID": "0021701108", "GAME_DATE": "MAR 27, 2018", "MATCHUP": "WAS vs. SAS", "WL": "W", "MIN": 4, "FGM": 0, "FGA": 0, "FG_PCT": 0.0, "FG3M": 0, "FG3A": 0, "FG3_PCT": 0.0, "FTM": 1, "FTA": 2, "FT_PCT": 0.5, "OREB": 0, "DREB": 0, "REB": 0, "AST": 0, "STL": 0, "BLK": 0, "TOV": 0, "PF": 1, "PTS": 1, "PLUS_MINUS": -10, "VIDEO_AVAILABLE": 1}, {"SEASON_ID": "22017", "Player_ID": 204025, "Game_ID": "0021701071", "GAME_DATE": "MAR 21, 2018", "MATCHUP": "WAS @ SAS", "WL": "L", "MIN": 13, "FGM": 1, "FGA": 5, "FG_PCT": 0.2, "FG3M": 0, "FG3A": 2, "FG3_PCT": 0.0, "FTM": 0, "FTA": 0, "FT_PCT": 0.0, "OREB": 0, "DREB": 1, "REB": 1, "AST": 3, "STL": 1, "BLK": 0, "TOV": 0, "PF": 2, "PTS": 2, "PLUS_MINUS": 8, "VIDEO_AVAILABLE": 1}, {"SEASON_ID": "22017", "Player_ID": 204025, "Game_ID": "0021700988", "GAME_DATE": "MAR 10, 2018", "MATCHUP": "WAS @ MIA", "WL": "L", "MIN": 15, "FGM": 1, "FGA": 1, "FG_PCT": 1.0, "FG3M": 1, "FG3A": 1, "FG3_PCT": 1.0, "FTM": 0, "FTA": 0, "FT_PCT": 0.0, "OREB": 1, "DREB": 2, "REB": 3, "AST": 6, "STL": 0, "BLK": 0, "TOV": 2, "PF": 1, "PTS": 3, "PLUS_MINUS": -2, "VIDEO_AVAILABLE": 1}, {"SEASON_ID": "22017", "Player_ID": 204025, "Game_ID": "0021700982", "GAME_DATE": "MAR 09, 2018", "MATCHUP": "WAS @ NOP", "WL": "W", "MIN": 6, "FGM": 0, "FGA": 0, "FG_PCT": 0.0, "FG3M": 0, "FG3A": 0, "FG3_PCT": 0.0, "FTM": 0, "FTA": 0, "FT_PCT": 0.0, "OREB": 0, "DREB": 1, "REB": 1, "AST": 0, "STL": 0, "BLK": 0, "TOV": 0, "PF": 1, "PTS": 0, "PLUS_MINUS": -6, "VIDEO_AVAILABLE": 1}, {"SEASON_ID": "22017", "Player_ID": 204025, "Game_ID": "0021700945", "GAME_DATE": "MAR 04, 2018", "MATCHUP": "WAS vs. IND", "WL": "L", "MIN": 18, "FGM": 1, "FGA": 4, "FG_PCT": 0.25, "FG3M": 0, "FG3A": 3, "FG3_PCT": 0.0, "FTM": 0, "FTA": 0, "FT_PCT": 0.0, "OREB": 0, "DREB": 0, "REB": 0, "AST": 2, "STL": 1, "BLK": 0, "TOV": 0, "PF": 2, "PTS": 2, "PLUS_MINUS": 2, "VIDEO_AVAILABLE": 1}, {"SEASON_ID": "22017", "Player_ID": 204025, "Game_ID": "0021700929", "GAME_DATE": "MAR 02, 2018", "MATCHUP": "WAS vs. TOR", "WL": "L", "MIN": 13, "FGM": 0, "FGA": 2, "FG_PCT": 0.0, "FG3M": 0, "FG3A": 1, "FG3_PCT": 0.0, "FTM": 0, "FTA": 0, "FT_PCT": 0.0, "OREB": 0, "DREB": 4, "REB": 4, "AST": 4, "STL": 0, "BLK": 0, "TOV": 2, "PF": 1, "PTS": 0, "PLUS_MINUS": -5, "VIDEO_AVAILABLE": 1}, {"SEASON_ID": "22017", "Player_ID": 204025, "Game_ID": "0021700917", "GAME_DATE": "FEB 28, 2018", "MATCHUP": "WAS vs. GSW", "WL": "L", "MIN": 10, "FGM": 0, "FGA": 3, "FG_PCT": 0.0, "FG3M": 0, "FG3A": 0, "FG3_PCT": 0.0, "FTM": 0, "FTA": 0, "FT_PCT": 0.0, "OREB": 2, "DREB": 0, "REB": 2, "AST": 3, "STL": 0, "BLK": 0, "TOV": 0, "PF": 2, "PTS": 0, "PLUS_MINUS": 10, "VIDEO_AVAILABLE": 2}, {"SEASON_ID": "22017", "Player_ID": 204025, "Game_ID": "0021700910", "GAME_DATE": "FEB 27, 2018", "MATCHUP": "WAS @ MIL", "WL": "W", "MIN": 20, "FGM": 1, "FGA": 4, "FG_PCT": 0.25, "FG3M": 0, "FG3A": 1, "FG3_PCT": 0.0, "FTM": 6, "FTA": 6, "FT_PCT": 1.0, "OREB": 0, "DREB": 3, "REB": 3, "AST": 3, "STL": 1, "BLK": 2, "TOV": 1, "PF": 0, "PTS": 8, "PLUS_MINUS": -2, "VIDEO_AVAILABLE": 1}, {"SEASON_ID": "22017", "Player_ID": 204025, "Game_ID": "0021700895", "GAME_DATE": "FEB 25, 2018", "MATCHUP": "WAS vs. PHI", "WL": "W", "MIN": 11, "FGM": 1, "FGA": 3, "FG_PCT": 0.333, "FG3M": 0, "FG3A": 0, "FG3_PCT": 0.0, "FTM": 0, "FTA": 0, "FT_PCT": 0.0, "OREB": 0, "DREB": 3, "REB": 3, "AST": 4, "STL": 1, "BLK": 0, "TOV": 1, "PF": 2, "PTS": 2, "PLUS_MINUS": 6, "VIDEO_AVAILABLE": 1}, {"SEASON_ID": "22017", "Player_ID": 204025, "Game_ID": "0021700875", "GAME_DATE": "FEB 23, 2018", "MATCHUP": "WAS vs. CHA", "WL": "L", "MIN": 11, "FGM": 2, "FGA": 2, "FG_PCT": 1.0, "FG3M": 0, "FG3A": 0, "FG3_PCT": 0.0, "FTM": 2, "FTA": 2, "FT_PCT": 1.0, "OREB": 0, "DREB": 3, "REB": 3, "AST": 0, "STL": 0, "BLK": 0, "TOV": 0, "PF": 2, "PTS": 6, "PLUS_MINUS": -7, "VIDEO_AVAILABLE": 1}, {"SEASON_ID": "22017", "Player_ID": 204025, "Game_ID": "0021700869", "GAME_DATE": "FEB 22, 2018", "MATCHUP": "WAS @ CLE", "WL": "W", "MIN": 12, "FGM": 1, "FGA": 2, "FG_PCT": 0.5, "FG3M": 0, "FG3A": 1, "FG3_PCT": 0.0, "FTM": 0, "FTA": 0, "FT_PCT": 0.0, "OREB": 1, "DREB": 3, "REB": 4, "AST": 2, "STL": 0, "BLK": 0, "TOV": 0, "PF": 3, "PTS": 2, "PLUS_MINUS": -2, "VIDEO_AVAILABLE": 1}, {"SEASON_ID": "22017", "Player_ID": 204025, "Game_ID": "0021700829", "GAME_DATE": "FEB 10, 2018", "MATCHUP": "WAS @ CHI", "WL": "W", "MIN": 6, "FGM": 2, "FGA": 3, "FG_PCT": 0.667, "FG3M": 1, "FG3A": 2, "FG3_PCT": 0.5, "FTM": 0, "FTA": 0, "FT_PCT": 0.0, "OREB": 0, "DREB": 0, "REB": 0, "AST": 3, "STL": 0, "BLK": 0, "TOV": 0, "PF": 1, "PTS": 5, "PLUS_MINUS": -1, "VIDEO_AVAILABLE": 1}, {"SEASON_ID": "22017", "Player_ID": 204025, "Game_ID": "0021700813", "GAME_DATE": "FEB 08, 2018", "MATCHUP": "WAS vs. BOS", "WL": "L", "MIN": 14, "FGM": 0, "FGA": 3, "FG_PCT": 0.0, "FG3M": 0, "FG3A": 1, "FG3_PCT": 0.0, "FTM": 0, "FTA": 0, "FT_PCT": 0.0, "OREB": 1, "DREB": 1, "REB": 2, "AST": 2, "STL": 2, "BLK": 0, "TOV": 3, "PF": 1, "PTS": 0, "PLUS_MINUS": -7, "VIDEO_AVAILABLE": 1}, {"SEASON_ID": "22017", "Player_ID": 204025, "Game_ID": "0021700802", "GAME_DATE": "FEB 06, 2018", "MATCHUP": "WAS @ PHI", "WL": "L", "MIN": 15, "FGM": 1, "FGA": 2, "FG_PCT": 0.5, "FG3M": 0, "FG3A": 0, "FG3_PCT": 0.0, "FTM": 0, "FTA": 2, "FT_PCT": 0.0, "OREB": 1, "DREB": 3, "REB": 4, "AST": 3, "STL": 1, "BLK": 0, "TOV": 0, "PF": 0, "PTS": 2, "PLUS_MINUS": 4, "VIDEO_AVAILABLE": 1}, {"SEASON_ID": "22017", "Player_ID": 204025, "Game_ID": "0021700791", "GAME_DATE": "FEB 05, 2018", "MATCHUP": "WAS @ IND", "WL": "W", "MIN": 19, "FGM": 1, "FGA": 2, "FG_PCT": 0.5, "FG3M": 0, "FG3A": 0, "FG3_PCT": 0.0, "FTM": 0, "FTA": 0, "FT_PCT": 0.0, "OREB": 0, "DREB": 1, "REB": 1, "AST": 6, "STL": 2, "BLK": 0, "TOV": 1, "PF": 2, "PTS": 2, "PLUS_MINUS": -1, "VIDEO_AVAILABLE": 1}, {"SEASON_ID": "22017", "Player_ID": 204025, "Game_ID": "0021700778", "GAME_DATE": "FEB 03, 2018", "MATCHUP": "WAS @ ORL", "WL": "W", "MIN": 20, "FGM": 4, "FGA": 7, "FG_PCT": 0.571, "FG3M": 1, "FG3A": 2, "FG3_PCT": 0.5, "FTM": 0, "FTA": 0, "FT_PCT": 0.0, "OREB": 1, "DREB": 1, "REB": 2, "AST": 7, "STL": 2, "BLK": 0, "TOV": 2, "PF": 3, "PTS": 9, "PLUS_MINUS": -3, "VIDEO_AVAILABLE": 1}, {"SEASON_ID": "22017", "Player_ID": 204025, "Game_ID": "0021700762", "GAME_DATE": "FEB 01, 2018", "MATCHUP": "WAS vs. TOR", "WL": "W", "MIN": 17, "FGM": 1, "FGA": 2, "FG_PCT": 0.5, "FG3M": 1, "FG3A": 2, "FG3_PCT": 0.5, "FTM": 0, "FTA": 0, "FT_PCT": 0.0, "OREB": 0, "DREB": 0, "REB": 0, "AST": 5, "STL": 1, "BLK": 0, "TOV": 1, "PF": 3, "PTS": 3, "PLUS_MINUS": 4, "VIDEO_AVAILABLE": 1}, {"SEASON_ID": "22017", "Player_ID": 204025, "Game_ID": "0021700744", "GAME_DATE": "JAN 30, 2018", "MATCHUP": "WAS vs. OKC", "WL": "W", "MIN": 15, "FGM": 0, "FGA": 4, "FG_PCT": 0.0, "FG3M": 0, "FG3A": 1, "FG3_PCT": 0.0, "FTM": 0, "FTA": 0, "FT_PCT": 0.0, "OREB": 1, "DREB": 1, "REB": 2, "AST": 1, "STL": 1, "BLK": 0, "TOV": 0, "PF": 3, "PTS": 0, "PLUS_MINUS": -11, "VIDEO_AVAILABLE": 1}, {"SEASON_ID": "22017", "Player_ID": 204025, "Game_ID": "0021700726", "GAME_DATE": "JAN 27, 2018", "MATCHUP": "WAS @ ATL", "WL": "W", "MIN": 27, "FGM": 2, "FGA": 5, "FG_PCT": 0.4, "FG3M": 0, "FG3A": 0, "FG3_PCT": 0.0, "FTM": 0, "FTA": 0, "FT_PCT": 0.0, "OREB": 1, "DREB": 2, "REB": 3, "AST": 14, "STL": 2, "BLK": 2, "TOV": 2, "PF": 3, "PTS": 4, "PLUS_MINUS": 13, "VIDEO_AVAILABLE": 1}, {"SEASON_ID": "22017", "Player_ID": 204025, "Game_ID": "0021700693", "GAME_DATE": "JAN 22, 2018", "MATCHUP": "WAS @ DAL", "WL": "L", "MIN": 5, "FGM": 2, "FGA": 2, "FG_PCT": 1.0, "FG3M": 1, "FG3A": 1, "FG3_PCT": 1.0, "FTM": 0, "FTA": 0, "FT_PCT": 0.0, "OREB": 0, "DREB": 1, "REB": 1, "AST": 2, "STL": 0, "BLK": 0, "TOV": 0, "PF": 0, "PTS": 5, "PLUS_MINUS": -2, "VIDEO_AVAILABLE": 1}, {"SEASON_ID": "22017", "Player_ID": 204025, "Game_ID": "0021700653", "GAME_DATE": "JAN 17, 2018", "MATCHUP": "WAS @ CHA", "WL": "L", "MIN": 3, "FGM": 0, "FGA": 0, "FG_PCT": 0.0, "FG3M": 0, "FG3A": 0, "FG3_PCT": 0.0, "FTM": 0, "FTA": 2, "FT_PCT": 0.0, "OREB": 0, "DREB": 0, "REB": 0, "AST": 1, "STL": 0, "BLK": 0, "TOV": 0, "PF": 0, "PTS": 0, "PLUS_MINUS": 1, "VIDEO_AVAILABLE": 1}, {"SEASON_ID": "22017", "Player_ID": 204025, "Game_ID": "0021700521", "GAME_DATE": "DEC 29, 2017", "MATCHUP": "WAS vs. HOU", "WL": "W", "MIN": 3, "FGM": 0, "FGA": 0, "FG_PCT": 0.0, "FG3M": 0, "FG3A": 0, "FG3_PCT": 0.0, "FTM": 0, "FTA": 0, "FT_PCT": 0.0, "OREB": 0, "DREB": 0, "REB": 0, "AST": 2, "STL": 0, "BLK": 0, "TOV": 0, "PF": 0, "PTS": 0, "PLUS_MINUS": -8, "VIDEO_AVAILABLE": 1}, {"SEASON_ID": "22017", "Player_ID": 204025, "Game_ID": "0021700483", "GAME_DATE": "DEC 23, 2017", "MATCHUP": "WAS vs. ORL", "WL": "W", "MIN": 3, "FGM": 0, "FGA": 0, "FG_PCT": 0.0, "FG3M": 0, "FG3A": 0, "FG3_PCT": 0.0, "FTM": 0, "FTA": 0, "FT_PCT": 0.0, "OREB": 0, "DREB": 0, "REB": 0, "AST": 1, "STL": 0, "BLK": 0, "TOV": 0, "PF": 0, "PTS": 0, "PLUS_MINUS": 5, "VIDEO_AVAILABLE": 1}, {"SEASON_ID": "22017", "Player_ID": 204025, "Game_ID": "0021700473", "GAME_DATE": "DEC 22, 2017", "MATCHUP": "WAS @ BKN", "WL": "L", "MIN": 8, "FGM": 1, "FGA": 2, "FG_PCT": 0.5, "FG3M": 0, "FG3A": 0, "FG3_PCT": 0.0, "FTM": 0, "FTA": 0, "FT_PCT": 0.0, "OREB": 0, "DREB": 0, "REB": 0, "AST": 5, "STL": 1, "BLK": 0, "TOV": 1, "PF": 3, "PTS": 2, "PLUS_MINUS": -6, "VIDEO_AVAILABLE": 1}, {"SEASON_ID": "22017", "Player_ID": 204025, "Game_ID": "0021700452", "GAME_DATE": "DEC 19, 2017", "MATCHUP": "WAS vs. NOP", "WL": "W", "MIN": 5, "FGM": 1, "FGA": 3, "FG_PCT": 0.333, "FG3M": 0, "FG3A": 2, "FG3_PCT": 0.0, "FTM": 0, "FTA": 0, "FT_PCT": 0.0, "OREB": 0, "DREB": 0, "REB": 0, "AST": 1, "STL": 1, "BLK": 0, "TOV": 1, "PF": 2, "PTS": 2, "PLUS_MINUS": -3, "VIDEO_AVAILABLE": 1}, {"SEASON_ID": "22017", "Player_ID": 204025, "Game_ID": "0021700422", "GAME_DATE": "DEC 15, 2017", "MATCHUP": "WAS vs. LAC", "WL": "W", "MIN": 3, "FGM": 0, "FGA": 2, "FG_PCT": 0.0, "FG3M": 0, "FG3A": 2, "FG3_PCT": 0.0, "FTM": 0, "FTA": 0, "FT_PCT": 0.0, "OREB": 0, "DREB": 0, "REB": 0, "AST": 1, "STL": 0, "BLK": 0, "TOV": 0, "PF": 0, "PTS": 0, "PLUS_MINUS": -6, "VIDEO_AVAILABLE": 1}, {"SEASON_ID": "22017", "Player_ID": 204025, "Game_ID": "0021700406", "GAME_DATE": "DEC 13, 2017", "MATCHUP": "WAS vs. MEM", "WL": "W", "MIN": 5, "FGM": 0, "FGA": 1, "FG_PCT": 0.0, "FG3M": 0, "FG3A": 0, "FG3_PCT": 0.0, "FTM": 0, "FTA": 0, "FT_PCT": 0.0, "OREB": 0, "DREB": 2, "REB": 2, "AST": 2, "STL": 0, "BLK": 0, "TOV": 0, "PF": 1, "PTS": 0, "PLUS_MINUS": -4, "VIDEO_AVAILABLE": 1}, {"SEASON_ID": "22017", "Player_ID": 204025, "Game_ID": "0021700400", "GAME_DATE": "DEC 12, 2017", "MATCHUP": "WAS @ BKN", "WL": "L", "MIN": 16, "FGM": 2, "FGA": 4, "FG_PCT": 0.5, "FG3M": 1, "FG3A": 1, "FG3_PCT": 1.0, "FTM": 0, "FTA": 0, "FT_PCT": 0.0, "OREB": 0, "DREB": 3, "REB": 3, "AST": 2, "STL": 0, "BLK": 0, "TOV": 0, "PF": 2, "PTS": 5, "PLUS_MINUS": -19, "VIDEO_AVAILABLE": 1}, {"SEASON_ID": "22017", "Player_ID": 204025, "Game_ID": "0021700375", "GAME_DATE": "DEC 09, 2017", "MATCHUP": "WAS @ LAC", "WL": "L", "MIN": 21, "FGM": 1, "FGA": 4, "FG_PCT": 0.25, "FG3M": 0, "FG3A": 0, "FG3_PCT": 0.0, "FTM": 0, "FTA": 0, "FT_PCT": 0.0, "OREB": 1, "DREB": 4, "REB": 5, "AST": 6, "STL": 1, "BLK": 0, "TOV": 1, "PF": 2, "PTS": 2, "PLUS_MINUS": 2, "VIDEO_AVAILABLE": 1}, {"SEASON_ID": "22017", "Player_ID": 204025, "Game_ID": "0021700364", "GAME_DATE": "DEC 07, 2017", "MATCHUP": "WAS @ PHX", "WL": "W", "MIN": 21, "FGM": 3, "FGA": 5, "FG_PCT": 0.6, "FG3M": 1, "FG3A": 1, "FG3_PCT": 1.0, "FTM": 0, "FTA": 0, "FT_PCT": 0.0, "OREB": 0, "DREB": 1, "REB": 1, "AST": 3, "STL": 0, "BLK": 0, "TOV": 1, "PF": 1, "PTS": 7, "PLUS_MINUS": -2, "VIDEO_AVAILABLE": 1}, {"SEASON_ID": "22017", "Player_ID": 204025, "Game_ID": "0021700352", "GAME_DATE": "DEC 05, 2017", "MATCHUP": "WAS @ POR", "WL": "W", "MIN": 24, "FGM": 3, "FGA": 6, "FG_PCT": 0.5, "FG3M": 1, "FG3A": 2, "FG3_PCT": 0.5, "FTM": 0, "FTA": 0, "FT_PCT": 0.0, "OREB": 1, "DREB": 2, "REB": 3, "AST": 3, "STL": 3, "BLK": 0, "TOV": 0, "PF": 3, "PTS": 7, "PLUS_MINUS": 8, "VIDEO_AVAILABLE": 1}, {"SEASON_ID": "22017", "Player_ID": 204025, "Game_ID": "0021700349", "GAME_DATE": "DEC 04, 2017", "MATCHUP": "WAS @ UTA", "WL": "L", "MIN": 20, "FGM": 1, "FGA": 1, "FG_PCT": 1.0, "FG3M": 1, "FG3A": 1, "FG3_PCT": 1.0, "FTM": 2, "FTA": 2, "FT_PCT": 1.0, "OREB": 0, "DREB": 0, "REB": 0, "AST": 1, "STL": 1, "BLK": 0, "TOV": 2, "PF": 1, "PTS": 5, "PLUS_MINUS": -8, "VIDEO_AVAILABLE": 1}, {"SEASON_ID": "22017", "Player_ID": 204025, "Game_ID": "0021700320", "GAME_DATE": "DEC 01, 2017", "MATCHUP": "WAS vs. DET", "WL": "W", "MIN": 24, "FGM": 3, "FGA": 5, "FG_PCT": 0.6, "FG3M": 0, "FG3A": 1, "FG3_PCT": 0.0, "FTM": 0, "FTA": 0, "FT_PCT": 0.0, "OREB": 0, "DREB": 5, "REB": 5, "AST": 6, "STL": 2, "BLK": 0, "TOV": 1, "PF": 2, "PTS": 6, "PLUS_MINUS": 16, "VIDEO_AVAILABLE": 1}, {"SEASON_ID": "22017", "Player_ID": 204025, "Game_ID": "0021700305", "GAME_DATE": "NOV 29, 2017", "MATCHUP": "WAS @ PHI", "WL": "L", "MIN": 19, "FGM": 2, "FGA": 4, "FG_PCT": 0.5, "FG3M": 0, "FG3A": 1, "FG3_PCT": 0.0, "FTM": 0, "FTA": 0, "FT_PCT": 0.0, "OREB": 1, "DREB": 2, "REB": 3, "AST": 3, "STL": 0, "BLK": 0, "TOV": 3, "PF": 2, "PTS": 4, "PLUS_MINUS": -15, "VIDEO_AVAILABLE": 1}, {"SEASON_ID": "22017", "Player_ID": 204025, "Game_ID": "0021700300", "GAME_DATE": "NOV 28, 2017", "MATCHUP": "WAS @ MIN", "WL": "W", "MIN": 16, "FGM": 1, "FGA": 2, "FG_PCT": 0.5, "FG3M": 0, "FG3A": 0, "FG3_PCT": 0.0, "FTM": 0, "FTA": 1, "FT_PCT": 0.0, "OREB": 0, "DREB": 1, "REB": 1, "AST": 4, "STL": 0, "BLK": 0, "TOV": 0, "PF": 1, "PTS": 2, "PLUS_MINUS": -11, "VIDEO_AVAILABLE": 1}, {"SEASON_ID": "22017", "Player_ID": 204025, "Game_ID": "0021700279", "GAME_DATE": "NOV 25, 2017", "MATCHUP": "WAS vs. POR", "WL": "L", "MIN": 28, "FGM": 4, "FGA": 9, "FG_PCT": 0.444, "FG3M": 1, "FG3A": 3, "FG3_PCT": 0.333, "FTM": 2, "FTA": 2, "FT_PCT": 1.0, "OREB": 0, "DREB": 3, "REB": 3, "AST": 2, "STL": 2, "BLK": 0, "TOV": 2, "PF": 0, "PTS": 11, "PLUS_MINUS": -4, "VIDEO_AVAILABLE": 1}, {"SEASON_ID": "22017", "Player_ID": 204025, "Game_ID": "0021700253", "GAME_DATE": "NOV 22, 2017", "MATCHUP": "WAS @ CHA", "WL": "L", "MIN": 12, "FGM": 1, "FGA": 1, "FG_PCT": 1.0, "FG3M": 1, "FG3A": 1, "FG3_PCT": 1.0, "FTM": 0, "FTA": 0, "FT_PCT": 0.0, "OREB": 0, "DREB": 2, "REB": 2, "AST": 3, "STL": 0, "BLK": 1, "TOV": 2, "PF": 2, "PTS": 3, "PLUS_MINUS": -3, "VIDEO_AVAILABLE": 2}, {"SEASON_ID": "22017", "Player_ID": 204025, "Game_ID": "0021700247", "GAME_DATE": "NOV 20, 2017", "MATCHUP": "WAS @ MIL", "WL": "W", "MIN": 17, "FGM": 1, "FGA": 2, "FG_PCT": 0.5, "FG3M": 0, "FG3A": 0, "FG3_PCT": 0.0, "FTM": 0, "FTA": 0, "FT_PCT": 0.0, "OREB": 0, "DREB": 2, "REB": 2, "AST": 3, "STL": 0, "BLK": 0, "TOV": 2, "PF": 3, "PTS": 2, "PLUS_MINUS": 8, "VIDEO_AVAILABLE": 1}, {"SEASON_ID": "22017", "Player_ID": 204025, "Game_ID": "0021700237", "GAME_DATE": "NOV 19, 2017", "MATCHUP": "WAS @ TOR", "WL": "L", "MIN": 36, "FGM": 2, "FGA": 4, "FG_PCT": 0.5, "FG3M": 1, "FG3A": 1, "FG3_PCT": 1.0, "FTM": 1, "FTA": 2, "FT_PCT": 0.5, "OREB": 2, "DREB": 6, "REB": 8, "AST": 8, "STL": 0, "BLK": 0, "TOV": 4, "PF": 2, "PTS": 6, "PLUS_MINUS": -4, "VIDEO_AVAILABLE": 1}, {"SEASON_ID": "22017", "Player_ID": 204025, "Game_ID": "0021700218", "GAME_DATE": "NOV 17, 2017", "MATCHUP": "WAS vs. MIA", "WL": "L", "MIN": 14, "FGM": 0, "FGA": 3, "FG_PCT": 0.0, "FG3M": 0, "FG3A": 1, "FG3_PCT": 0.0, "FTM": 0, "FTA": 0, "FT_PCT": 0.0, "OREB": 0, "DREB": 5, "REB": 5, "AST": 1, "STL": 0, "BLK": 0, "TOV": 0, "PF": 2, "PTS": 0, "PLUS_MINUS": 0, "VIDEO_AVAILABLE": 1}, {"SEASON_ID": "22017", "Player_ID": 204025, "Game_ID": "0021700205", "GAME_DATE": "NOV 15, 2017", "MATCHUP": "WAS @ MIA", "WL": "W", "MIN": 11, "FGM": 2, "FGA": 3, "FG_PCT": 0.667, "FG3M": 1, "FG3A": 1, "FG3_PCT": 1.0, "FTM": 0, "FTA": 0, "FT_PCT": 0.0, "OREB": 0, "DREB": 1, "REB": 1, "AST": 0, "STL": 0, "BLK": 0, "TOV": 1, "PF": 1, "PTS": 5, "PLUS_MINUS": -9, "VIDEO_AVAILABLE": 1}, {"SEASON_ID": "22017", "Player_ID": 204025, "Game_ID": "0021700192", "GAME_DATE": "NOV 13, 2017", "MATCHUP": "WAS vs. SAC", "WL": "W", "MIN": 19, "FGM": 0, "FGA": 3, "FG_PCT": 0.0, "FG3M": 0, "FG3A": 1, "FG3_PCT": 0.0, "FTM": 2, "FTA": 2, "FT_PCT": 1.0, "OREB": 0, "DREB": 0, "REB": 0, "AST": 4, "STL": 1, "BLK": 0, "TOV": 0, "PF": 4, "PTS": 2, "PLUS_MINUS": -2, "VIDEO_AVAILABLE": 2}, {"SEASON_ID": "22017", "Player_ID": 204025, "Game_ID": "0021700177", "GAME_DATE": "NOV 11, 2017", "MATCHUP": "WAS vs. ATL", "WL": "W", "MIN": 24, "FGM": 2, "FGA": 6, "FG_PCT": 0.333, "FG3M": 0, "FG3A": 3, "FG3_PCT": 0.0, "FTM": 0, "FTA": 0, "FT_PCT": 0.0, "OREB": 0, "DREB": 2, "REB": 2, "AST": 5, "STL": 2, "BLK": 1, "TOV": 5, "PF": 2, "PTS": 4, "PLUS_MINUS": 10, "VIDEO_AVAILABLE": 1}, {"SEASON_ID": "22017", "Player_ID": 204025, "Game_ID": "0021700164", "GAME_DATE": "NOV 09, 2017", "MATCHUP": "WAS vs. LAL", "WL": "W", "MIN": 17, "FGM": 3, "FGA": 3, "FG_PCT": 1.0, "FG3M": 1, "FG3A": 1, "FG3_PCT": 1.0, "FTM": 0, "FTA": 0, "FT_PCT": 0.0, "OREB": 0, "DREB": 0, "REB": 0, "AST": 5, "STL": 1, "BLK": 1, "TOV": 2, "PF": 2, "PTS": 7, "PLUS_MINUS": -5, "VIDEO_AVAILABLE": 1}, {"SEASON_ID": "22017", "Player_ID": 204025, "Game_ID": "0021700151", "GAME_DATE": "NOV 07, 2017", "MATCHUP": "WAS vs. DAL", "WL": "L", "MIN": 13, "FGM": 2, "FGA": 3, "FG_PCT": 0.667, "FG3M": 0, "FG3A": 0, "FG3_PCT": 0.0, "FTM": 0, "FTA": 0, "FT_PCT": 0.0, "OREB": 1, "DREB": 6, "REB": 7, "AST": 1, "STL": 2, "BLK": 0, "TOV": 1, "PF": 2, "PTS": 4, "PLUS_MINUS": 0, "VIDEO_AVAILABLE": 1}, {"SEASON_ID": "22017", "Player_ID": 204025, "Game_ID": "0021700139", "GAME_DATE": "NOV 05, 2017", "MATCHUP": "WAS @ TOR", "WL": "W", "MIN": 31, "FGM": 2, "FGA": 6, "FG_PCT": 0.333, "FG3M": 0, "FG3A": 2, "FG3_PCT": 0.0, "FTM": 0, "FTA": 0, "FT_PCT": 0.0, "OREB": 0, "DREB": 2, "REB": 2, "AST": 8, "STL": 1, "BLK": 0, "TOV": 0, "PF": 4, "PTS": 4, "PLUS_MINUS": 10, "VIDEO_AVAILABLE": 1}, {"SEASON_ID": "22017", "Player_ID": 204025, "Game_ID": "0021700122", "GAME_DATE": "NOV 03, 2017", "MATCHUP": "WAS vs. CLE", "WL": "L", "MIN": 6, "FGM": 0, "FGA": 1, "FG_PCT": 0.0, "FG3M": 0, "FG3A": 1, "FG3_PCT": 0.0, "FTM": 0, "FTA": 0, "FT_PCT": 0.0, "OREB": 0, "DREB": 1, "REB": 1, "AST": 1, "STL": 0, "BLK": 0, "TOV": 0, "PF": 0, "PTS": 0, "PLUS_MINUS": -1, "VIDEO_AVAILABLE": 1}, {"SEASON_ID": "22017", "Player_ID": 204025, "Game_ID": "0021700108", "GAME_DATE": "NOV 01, 2017", "MATCHUP": "WAS vs. PHX", "WL": "L", "MIN": 12, "FGM": 2, "FGA": 7, "FG_PCT": 0.286, "FG3M": 0, "FG3A": 3, "FG3_PCT": 0.0, "FTM": 2, "FTA": 2, "FT_PCT": 1.0, "OREB": 0, "DREB": 2, "REB": 2, "AST": 3, "STL": 2, "BLK": 0, "TOV": 1, "PF": 1, "PTS": 6, "PLUS_MINUS": -10, "VIDEO_AVAILABLE": 2}, {"SEASON_ID": "22017", "Player_ID": 204025, "Game_ID": "0021700089", "GAME_DATE": "OCT 29, 2017", "MATCHUP": "WAS @ SAC", "WL": "W", "MIN": 22, "FGM": 1, "FGA": 2, "FG_PCT": 0.5, "FG3M": 1, "FG3A": 2, "FG3_PCT": 0.5, "FTM": 0, "FTA": 0, "FT_PCT": 0.0, "OREB": 1, "DREB": 2, "REB": 3, "AST": 6, "STL": 1, "BLK": 0, "TOV": 2, "PF": 3, "PTS": 3, "PLUS_MINUS": 1, "VIDEO_AVAILABLE": 1}, {"SEASON_ID": "22017", "Player_ID": 204025, "Game_ID": "0021700075", "GAME_DATE": "OCT 27, 2017", "MATCHUP": "WAS @ GSW", "WL": "L", "MIN": 13, "FGM": 0, "FGA": 4, "FG_PCT": 0.0, "FG3M": 0, "FG3A": 1, "FG3_PCT": 0.0, "FTM": 0, "FTA": 0, "FT_PCT": 0.0, "OREB": 1, "DREB": 0, "REB": 1, "AST": 6, "STL": 1, "BLK": 0, "TOV": 3, "PF": 1, "PTS": 0, "PLUS_MINUS": -9, "VIDEO_AVAILABLE": 1}, {"SEASON_ID": "22017", "Player_ID": 204025, "Game_ID": "0021700064", "GAME_DATE": "OCT 25, 2017", "MATCHUP": "WAS @ LAL", "WL": "L", "MIN": 12, "FGM": 0, "FGA": 1, "FG_PCT": 0.0, "FG3M": 0, "FG3A": 0, "FG3_PCT": 0.0, "FTM": 2, "FTA": 2, "FT_PCT": 1.0, "OREB": 0, "DREB": 2, "REB": 2, "AST": 5, "STL": 1, "BLK": 0, "TOV": 0, "PF": 0, "PTS": 2, "PLUS_MINUS": 9, "VIDEO_AVAILABLE": 1}, {"SEASON_ID": "22017", "Player_ID": 204025, "Game_ID": "0021700047", "GAME_DATE": "OCT 23, 2017", "MATCHUP": "WAS @ DEN", "WL": "W", "MIN": 14, "FGM": 3, "FGA": 4, "FG_PCT": 0.75, "FG3M": 1, "FG3A": 2, "FG3_PCT": 0.5, "FTM": 3, "FTA": 3, "FT_PCT": 1.0, "OREB": 1, "DREB": 1, "REB": 2, "AST": 3, "STL": 2, "BLK": 0, "TOV": 0, "PF": 4, "PTS": 10, "PLUS_MINUS": -4, "VIDEO_AVAILABLE": 1}, {"SEASON_ID": "22017", "Player_ID": 204025, "Game_ID": "0021700020", "GAME_DATE": "OCT 20, 2017", "MATCHUP": "WAS vs. DET", "WL": "W", "MIN": 14, "FGM": 0, "FGA": 3, "FG_PCT": 0.0, "FG3M": 0, "FG3A": 2, "FG3_PCT": 0.0, "FTM": 0, "FTA": 0, "FT_PCT": 0.0, "OREB": 0, "DREB": 1, "REB": 1, "AST": 4, "STL": 2, "BLK": 0, "TOV": 3, "PF": 2, "PTS": 0, "PLUS_MINUS": 0, "VIDEO_AVAILABLE": 1}, {"SEASON_ID": "22017", "Player_ID": 204025, "Game_ID": "0021700006", "GAME_DATE": "OCT 18, 2017", "MATCHUP": "WAS vs. PHI", "WL": "W", "MIN": 13, "FGM": 0, "FGA": 1, "FG_PCT": 0.0, "FG3M": 0, "FG3A": 0, "FG3_PCT": 0.0, "FTM": 0, "FTA": 0, "FT_PCT": 0.0, "OREB": 0, "DREB": 0, "REB": 0, "AST": 5, "STL": 0, "BLK": 0, "TOV": 2, "PF": 3, "PTS": 0, "PLUS_MINUS": -12, "VIDEO_AVAILABLE": 1}, {"SEASON_ID": "22014", "Player_ID": 204025, "Game_ID": "0021401218", "GAME_DATE": "APR 15, 2015", "MATCHUP": "POR @ DAL", "WL": "L", "MIN": 30, "FGM": 4, "FGA": 6, "FG_PCT": 0.667, "FG3M": 1, "FG3A": 2, "FG3_PCT": 0.5, "FTM": 4, "FTA": 4, "FT_PCT": 1.0, "OREB": 1, "DREB": 3, "REB": 4, "AST": 10, "STL": 0, "BLK": 0, "TOV": 5, "PF": 3, "PTS": 13, "PLUS_MINUS": -7, "VIDEO_AVAILABLE": 1}, {"SEASON_ID": "22014", "Player_ID": 204025, "Game_ID": "0021401209", "GAME_DATE": "APR 13, 2015", "MATCHUP": "POR @ OKC", "WL": "L", "MIN": 27, "FGM": 1, "FGA": 8, "FG_PCT": 0.125, "FG3M": 1, "FG3A": 3, "FG3_PCT": 0.333, "FTM": 0, "FTA": 0, "FT_PCT": 0.0, "OREB": 0, "DREB": 4, "REB": 4, "AST": 7, "STL": 0, "BLK": 0, "TOV": 1, "PF": 5, "PTS": 3, "PLUS_MINUS": -8, "VIDEO_AVAILABLE": 1}, {"SEASON_ID": "22014", "Player_ID": 204025, "Game_ID": "0021401172", "GAME_DATE": "APR 08, 2015", "MATCHUP": "POR vs. MIN", "WL": "W", "MIN": 5, "FGM": 1, "FGA": 2, "FG_PCT": 0.5, "FG3M": 0, "FG3A": 1, "FG3_PCT": 0.0, "FTM": 1, "FTA": 2, "FT_PCT": 0.5, "OREB": 0, "DREB": 0, "REB": 0, "AST": 0, "STL": 0, "BLK": 0, "TOV": 0, "PF": 1, "PTS": 3, "PLUS_MINUS": 0, "VIDEO_AVAILABLE": 1}, {"SEASON_ID": "22014", "Player_ID": 204025, "Game_ID": "0021400668", "GAME_DATE": "APR 06, 2015", "MATCHUP": "POR @ BKN", "WL": "L", "MIN": 1, "FGM": 1, "FGA": 1, "FG_PCT": 1.0, "FG3M": 0, "FG3A": 0, "FG3_PCT": 0.0, "FTM": 0, "FTA": 0, "FT_PCT": 0.0, "OREB": 0, "DREB": 0, "REB": 0, "AST": 0, "STL": 0, "BLK": 0, "TOV": 0, "PF": 0, "PTS": 2, "PLUS_MINUS": 2, "VIDEO_AVAILABLE": 1}, {"SEASON_ID": "22014", "Player_ID": 204025, "Game_ID": "0021401136", "GAME_DATE": "APR 03, 2015", "MATCHUP": "POR @ LAL", "WL": "W", "MIN": 5, "FGM": 1, "FGA": 1, "FG_PCT": 1.0, "FG3M": 0, "FG3A": 0, "FG3_PCT": 0.0, "FTM": 0, "FTA": 0, "FT_PCT": 0.0, "OREB": 1, "DREB": 0, "REB": 1, "AST": 0, "STL": 2, "BLK": 0, "TOV": 1, "PF": 1, "PTS": 2, "PLUS_MINUS": 1, "VIDEO_AVAILABLE": 1}, {"SEASON_ID": "22014", "Player_ID": 204025, "Game_ID": "0021400830", "GAME_DATE": "FEB 23, 2015", "MATCHUP": "PHI @ MIA", "WL": "L", "MIN": 12, "FGM": 0, "FGA": 1, "FG_PCT": 0.0, "FG3M": 0, "FG3A": 1, "FG3_PCT": 0.0, "FTM": 0, "FTA": 2, "FT_PCT": 0.0, "OREB": 0, "DREB": 0, "REB": 0, "AST": 4, "STL": 1, "BLK": 0, "TOV": 0, "PF": 0, "PTS": 0, "PLUS_MINUS": -1, "VIDEO_AVAILABLE": 1}, {"SEASON_ID": "22014", "Player_ID": 204025, "Game_ID": "0021400825", "GAME_DATE": "FEB 22, 2015", "MATCHUP": "PHI @ ORL", "WL": "L", "MIN": 20, "FGM": 2, "FGA": 6, "FG_PCT": 0.333, "FG3M": 0, "FG3A": 2, "FG3_PCT": 0.0, "FTM": 2, "FTA": 3, "FT_PCT": 0.667, "OREB": 0, "DREB": 2, "REB": 2, "AST": 6, "STL": 1, "BLK": 0, "TOV": 1, "PF": 3, "PTS": 6, "PLUS_MINUS": -4, "VIDEO_AVAILABLE": 1}, {"SEASON_ID": "22014", "Player_ID": 204025, "Game_ID": "0021400804", "GAME_DATE": "FEB 20, 2015", "MATCHUP": "PHI vs. IND", "WL": "L", "MIN": 33, "FGM": 5, "FGA": 9, "FG_PCT": 0.556, "FG3M": 2, "FG3A": 3, "FG3_PCT": 0.667, "FTM": 1, "FTA": 3, "FT_PCT": 0.333, "OREB": 0, "DREB": 3, "REB": 3, "AST": 7, "STL": 1, "BLK": 0, "TOV": 4, "PF": 4, "PTS": 13, "PLUS_MINUS": 7, "VIDEO_AVAILABLE": 1}, {"SEASON_ID": "22014", "Player_ID": 204025, "Game_ID": "0021400775", "GAME_DATE": "FEB 09, 2015", "MATCHUP": "PHI vs. GSW", "WL": "L", "MIN": 36, "FGM": 4, "FGA": 11, "FG_PCT": 0.364, "FG3M": 1, "FG3A": 2, "FG3_PCT": 0.5, "FTM": 1, "FTA": 2, "FT_PCT": 0.5, "OREB": 3, "DREB": 3, "REB": 6, "AST": 7, "STL": 0, "BLK": 0, "TOV": 7, "PF": 3, "PTS": 10, "PLUS_MINUS": -2, "VIDEO_AVAILABLE": 1}, {"SEASON_ID": "22014", "Player_ID": 204025, "Game_ID": "0021400761", "GAME_DATE": "FEB 07, 2015", "MATCHUP": "PHI vs. CHA", "WL": "W", "MIN": 37, "FGM": 0, "FGA": 7, "FG_PCT": 0.0, "FG3M": 0, "FG3A": 2, "FG3_PCT": 0.0, "FTM": 0, "FTA": 0, "FT_PCT": 0.0, "OREB": 0, "DREB": 3, "REB": 3, "AST": 8, "STL": 1, "BLK": 0, "TOV": 4, "PF": 2, "PTS": 0, "PLUS_MINUS": 15, "VIDEO_AVAILABLE": 1}, {"SEASON_ID": "22014", "Player_ID": 204025, "Game_ID": "0021400750", "GAME_DATE": "FEB 06, 2015", "MATCHUP": "PHI @ BOS", "WL": "L", "MIN": 35, "FGM": 2, "FGA": 9, "FG_PCT": 0.222, "FG3M": 0, "FG3A": 1, "FG3_PCT": 0.0, "FTM": 1, "FTA": 5, "FT_PCT": 0.2, "OREB": 1, "DREB": 4, "REB": 5, "AST": 11, "STL": 2, "BLK": 0, "TOV": 2, "PF": 4, "PTS": 5, "PLUS_MINUS": -9, "VIDEO_AVAILABLE": 1}, {"SEASON_ID": "22015", "Player_ID": 204025, "Game_ID": "0021501226", "GAME_DATE": "APR 13, 2016", "MATCHUP": "NOP @ MIN", "WL": "L", "MIN": 36, "FGM": 3, "FGA": 15, "FG_PCT": 0.2, "FG3M": 0, "FG3A": 2, "FG3_PCT": 0.0, "FTM": 0, "FTA": 0, "FT_PCT": 0.0, "OREB": 1, "DREB": 3, "REB": 4, "AST": 15, "STL": 1, "BLK": 0, "TOV": 3, "PF": 4, "PTS": 6, "PLUS_MINUS": -21, "VIDEO_AVAILABLE": 1}, {"SEASON_ID": "22015", "Player_ID": 204025, "Game_ID": "0021501208", "GAME_DATE": "APR 11, 2016", "MATCHUP": "NOP vs. CHI", "WL": "L", "MIN": 33, "FGM": 6, "FGA": 15, "FG_PCT": 0.4, "FG3M": 1, "FG3A": 3, "FG3_PCT": 0.333, "FTM": 7, "FTA": 9, "FT_PCT": 0.778, "OREB": 1, "DREB": 5, "REB": 6, "AST": 11, "STL": 3, "BLK": 0, "TOV": 2, "PF": 5, "PTS": 20, "PLUS_MINUS": -8, "VIDEO_AVAILABLE": 1}, {"SEASON_ID": "22015", "Player_ID": 204025, "Game_ID": "0021501189", "GAME_DATE": "APR 09, 2016", "MATCHUP": "NOP vs. PHX", "WL": "L", "MIN": 31, "FGM": 5, "FGA": 14, "FG_PCT": 0.357, "FG3M": 1, "FG3A": 3, "FG3_PCT": 0.333, "FTM": 0, "FTA": 2, "FT_PCT": 0.0, "OREB": 3, "DREB": 5, "REB": 8, "AST": 7, "STL": 1, "BLK": 0, "TOV": 1, "PF": 2, "PTS": 11, "PLUS_MINUS": -5, "VIDEO_AVAILABLE": 1}, {"SEASON_ID": "22015", "Player_ID": 204025, "Game_ID": "0021501184", "GAME_DATE": "APR 08, 2016", "MATCHUP": "NOP vs. LAL", "WL": "W", "MIN": 26, "FGM": 3, "FGA": 7, "FG_PCT": 0.429, "FG3M": 1, "FG3A": 2, "FG3_PCT": 0.5, "FTM": 0, "FTA": 2, "FT_PCT": 0.0, "OREB": 0, "DREB": 3, "REB": 3, "AST": 12, "STL": 1, "BLK": 0, "TOV": 3, "PF": 3, "PTS": 7, "PLUS_MINUS": 2, "VIDEO_AVAILABLE": 1}, {"SEASON_ID": "22015", "Player_ID": 204025, "Game_ID": "0021501168", "GAME_DATE": "APR 06, 2016", "MATCHUP": "NOP @ BOS", "WL": "L", "MIN": 34, "FGM": 7, "FGA": 14, "FG_PCT": 0.5, "FG3M": 1, "FG3A": 2, "FG3_PCT": 0.5, "FTM": 3, "FTA": 3, "FT_PCT": 1.0, "OREB": 0, "DREB": 5, "REB": 5, "AST": 6, "STL": 2, "BLK": 1, "TOV": 4, "PF": 3, "PTS": 18, "PLUS_MINUS": -2, "VIDEO_AVAILABLE": 1}, {"SEASON_ID": "22015", "Player_ID": 204025, "Game_ID": "0021501154", "GAME_DATE": "APR 05, 2016", "MATCHUP": "NOP @ PHI", "WL": "L", "MIN": 36, "FGM": 4, "FGA": 12, "FG_PCT": 0.333, "FG3M": 0, "FG3A": 2, "FG3_PCT": 0.0, "FTM": 4, "FTA": 4, "FT_PCT": 1.0, "OREB": 3, "DREB": 3, "REB": 6, "AST": 9, "STL": 3, "BLK": 0, "TOV": 1, "PF": 2, "PTS": 12, "PLUS_MINUS": 5, "VIDEO_AVAILABLE": 1}, {"SEASON_ID": "22015", "Player_ID": 204025, "Game_ID": "0021501143", "GAME_DATE": "APR 03, 2016", "MATCHUP": "NOP @ BKN", "WL": "W", "MIN": 37, "FGM": 7, "FGA": 11, "FG_PCT": 0.636, "FG3M": 2, "FG3A": 3, "FG3_PCT": 0.667, "FTM": 3, "FTA": 4, "FT_PCT": 0.75, "OREB": 0, "DREB": 2, "REB": 2, "AST": 13, "STL": 3, "BLK": 0, "TOV": 0, "PF": 3, "PTS": 19, "PLUS_MINUS": 30, "VIDEO_AVAILABLE": 1}, {"SEASON_ID": "22015", "Player_ID": 204025, "Game_ID": "0021501125", "GAME_DATE": "MAR 31, 2016", "MATCHUP": "NOP vs. DEN", "WL": "W", "MIN": 29, "FGM": 6, "FGA": 12, "FG_PCT": 0.5, "FG3M": 3, "FG3A": 5, "FG3_PCT": 0.6, "FTM": 2, "FTA": 2, "FT_PCT": 1.0, "OREB": 1, "DREB": 4, "REB": 5, "AST": 8, "STL": 0, "BLK": 0, "TOV": 2, "PF": 3, "PTS": 17, "PLUS_MINUS": 6, "VIDEO_AVAILABLE": 1}, {"SEASON_ID": "22015", "Player_ID": 204025, "Game_ID": "0021501118", "GAME_DATE": "MAR 30, 2016", "MATCHUP": "NOP @ SAS", "WL": "L", "MIN": 25, "FGM": 4, "FGA": 8, "FG_PCT": 0.5, "FG3M": 0, "FG3A": 0, "FG3_PCT": 0.0, "FTM": 3, "FTA": 4, "FT_PCT": 0.75, "OREB": 1, "DREB": 2, "REB": 3, "AST": 7, "STL": 2, "BLK": 0, "TOV": 3, "PF": 2, "PTS": 11, "PLUS_MINUS": 3, "VIDEO_AVAILABLE": 1}, {"SEASON_ID": "22015", "Player_ID": 204025, "Game_ID": "0021501102", "GAME_DATE": "MAR 28, 2016", "MATCHUP": "NOP vs. NYK", "WL": "W", "MIN": 23, "FGM": 1, "FGA": 7, "FG_PCT": 0.143, "FG3M": 0, "FG3A": 1, "FG3_PCT": 0.0, "FTM": 2, "FTA": 6, "FT_PCT": 0.333, "OREB": 0, "DREB": 6, "REB": 6, "AST": 2, "STL": 2, "BLK": 0, "TOV": 1, "PF": 1, "PTS": 4, "PLUS_MINUS": -2, "VIDEO_AVAILABLE": 1}, {"SEASON_ID": "22015", "Player_ID": 204025, "Game_ID": "0021501084", "GAME_DATE": "MAR 26, 2016", "MATCHUP": "NOP vs. TOR", "WL": "L", "MIN": 29, "FGM": 5, "FGA": 9, "FG_PCT": 0.556, "FG3M": 0, "FG3A": 1, "FG3_PCT": 0.0, "FTM": 2, "FTA": 2, "FT_PCT": 1.0, "OREB": 1, "DREB": 2, "REB": 3, "AST": 6, "STL": 0, "BLK": 0, "TOV": 2, "PF": 1, "PTS": 12, "PLUS_MINUS": -9, "VIDEO_AVAILABLE": 1}, {"SEASON_ID": "22015", "Player_ID": 204025, "Game_ID": "0021501068", "GAME_DATE": "MAR 24, 2016", "MATCHUP": "NOP @ IND", "WL": "L", "MIN": 29, "FGM": 7, "FGA": 11, "FG_PCT": 0.636, "FG3M": 1, "FG3A": 1, "FG3_PCT": 1.0, "FTM": 3, "FTA": 3, "FT_PCT": 1.0, "OREB": 2, "DREB": 3, "REB": 5, "AST": 5, "STL": 0, "BLK": 0, "TOV": 6, "PF": 2, "PTS": 18, "PLUS_MINUS": -5, "VIDEO_AVAILABLE": 1}, {"SEASON_ID": "22015", "Player_ID": 204025, "Game_ID": "0021501053", "GAME_DATE": "MAR 22, 2016", "MATCHUP": "NOP vs. MIA", "WL": "L", "MIN": 28, "FGM": 3, "FGA": 10, "FG_PCT": 0.3, "FG3M": 1, "FG3A": 2, "FG3_PCT": 0.5, "FTM": 4, "FTA": 4, "FT_PCT": 1.0, "OREB": 0, "DREB": 2, "REB": 2, "AST": 4, "STL": 0, "BLK": 0, "TOV": 1, "PF": 2, "PTS": 11, "PLUS_MINUS": -7, "VIDEO_AVAILABLE": 1}, {"SEASON_ID": "22015", "Player_ID": 204025, "Game_ID": "0021501040", "GAME_DATE": "MAR 20, 2016", "MATCHUP": "NOP vs. LAC", "WL": "W", "MIN": 20, "FGM": 5, "FGA": 8, "FG_PCT": 0.625, "FG3M": 1, "FG3A": 1, "FG3_PCT": 1.0, "FTM": 6, "FTA": 7, "FT_PCT": 0.857, "OREB": 2, "DREB": 5, "REB": 7, "AST": 2, "STL": 4, "BLK": 0, "TOV": 5, "PF": 5, "PTS": 17, "PLUS_MINUS": -1, "VIDEO_AVAILABLE": 1}, {"SEASON_ID": "22015", "Player_ID": 204025, "Game_ID": "0021501025", "GAME_DATE": "MAR 18, 2016", "MATCHUP": "NOP vs. POR", "WL": "L", "MIN": 27, "FGM": 4, "FGA": 6, "FG_PCT": 0.667, "FG3M": 1, "FG3A": 1, "FG3_PCT": 1.0, "FTM": 4, "FTA": 5, "FT_PCT": 0.8, "OREB": 0, "DREB": 3, "REB": 3, "AST": 4, "STL": 0, "BLK": 0, "TOV": 4, "PF": 2, "PTS": 13, "PLUS_MINUS": 1, "VIDEO_AVAILABLE": 1}, {"SEASON_ID": "22015", "Player_ID": 204025, "Game_ID": "0021501010", "GAME_DATE": "MAR 16, 2016", "MATCHUP": "NOP @ SAC", "WL": "W", "MIN": 27, "FGM": 6, "FGA": 10, "FG_PCT": 0.6, "FG3M": 0, "FG3A": 2, "FG3_PCT": 0.0, "FTM": 2, "FTA": 2, "FT_PCT": 1.0, "OREB": 0, "DREB": 3, "REB": 3, "AST": 9, "STL": 1, "BLK": 0, "TOV": 0, "PF": 2, "PTS": 14, "PLUS_MINUS": 4, "VIDEO_AVAILABLE": 1}, {"SEASON_ID": "22015", "Player_ID": 204025, "Game_ID": "0021500800", "GAME_DATE": "FEB 10, 2016", "MATCHUP": "POR vs. HOU", "WL": "W", "MIN": 1, "FGM": 0, "FGA": 0, "FG_PCT": 0.0, "FG3M": 0, "FG3A": 0, "FG3_PCT": 0.0, "FTM": 0, "FTA": 0, "FT_PCT": 0.0, "OREB": 0, "DREB": 0, "REB": 0, "AST": 0, "STL": 0, "BLK": 0, "TOV": 0, "PF": 0, "PTS": 0, "PLUS_MINUS": -3, "VIDEO_AVAILABLE": 1}, {"SEASON_ID": "22015", "Player_ID": 204025, "Game_ID": "0021500781", "GAME_DATE": "FEB 08, 2016", "MATCHUP": "POR @ MEM", "WL": "W", "MIN": 2, "FGM": 0, "FGA": 1, "FG_PCT": 0.0, "FG3M": 0, "FG3A": 1, "FG3_PCT": 0.0, "FTM": 0, "FTA": 0, "FT_PCT": 0.0, "OREB": 0, "DREB": 0, "REB": 0, "AST": 0, "STL": 0, "BLK": 0, "TOV": 0, "PF": 0, "PTS": 0, "PLUS_MINUS": -1, "VIDEO_AVAILABLE": 1}, {"SEASON_ID": "22015", "Player_ID": 204025, "Game_ID": "0021500760", "GAME_DATE": "FEB 06, 2016", "MATCHUP": "POR @ HOU", "WL": "W", "MIN": 15, "FGM": 1, "FGA": 2, "FG_PCT": 0.5, "FG3M": 0, "FG3A": 0, "FG3_PCT": 0.0, "FTM": 0, "FTA": 2, "FT_PCT": 0.0, "OREB": 1, "DREB": 1, "REB": 2, "AST": 1, "STL": 0, "BLK": 0, "TOV": 1, "PF": 1, "PTS": 2, "PLUS_MINUS": 11, "VIDEO_AVAILABLE": 1}, {"SEASON_ID": "22015", "Player_ID": 204025, "Game_ID": "0021500733", "GAME_DATE": "FEB 02, 2016", "MATCHUP": "POR vs. MIL", "WL": "W", "MIN": 2, "FGM": 0, "FGA": 0, "FG_PCT": 0.0, "FG3M": 0, "FG3A": 0, "FG3_PCT": 0.0, "FTM": 0, "FTA": 0, "FT_PCT": 0.0, "OREB": 0, "DREB": 0, "REB": 0, "AST": 0, "STL": 0, "BLK": 0, "TOV": 0, "PF": 0, "PTS": 0, "PLUS_MINUS": -3, "VIDEO_AVAILABLE": 1}, {"SEASON_ID": "22015", "Player_ID": 204025, "Game_ID": "0021500682", "GAME_DATE": "JAN 26, 2016", "MATCHUP": "POR vs. SAC", "WL": "W", "MIN": 3, "FGM": 0, "FGA": 1, "FG_PCT": 0.0, "FG3M": 0, "FG3A": 0, "FG3_PCT": 0.0, "FTM": 0, "FTA": 0, "FT_PCT": 0.0, "OREB": 1, "DREB": 0, "REB": 1, "AST": 1, "STL": 0, "BLK": 0, "TOV": 0, "PF": 1, "PTS": 0, "PLUS_MINUS": -5, "VIDEO_AVAILABLE": 1}, {"SEASON_ID": "22015", "Player_ID": 204025, "Game_ID": "0021500662", "GAME_DATE": "JAN 23, 2016", "MATCHUP": "POR vs. LAL", "WL": "W", "MIN": 4, "FGM": 0, "FGA": 1, "FG_PCT": 0.0, "FG3M": 0, "FG3A": 0, "FG3_PCT": 0.0, "FTM": 1, "FTA": 2, "FT_PCT": 0.5, "OREB": 1, "DREB": 0, "REB": 1, "AST": 1, "STL": 0, "BLK": 0, "TOV": 0, "PF": 0, "PTS": 1, "PLUS_MINUS": -2, "VIDEO_AVAILABLE": 1}, {"SEASON_ID": "22015", "Player_ID": 204025, "Game_ID": "0021500617", "GAME_DATE": "JAN 18, 2016", "MATCHUP": "POR @ WAS", "WL": "W", "MIN": 2, "FGM": 0, "FGA": 0, "FG_PCT": 0.0, "FG3M": 0, "FG3A": 0, "FG3_PCT": 0.0, "FTM": 0, "FTA": 0, "FT_PCT": 0.0, "OREB": 0, "DREB": 0, "REB": 0, "AST": 0, "STL": 0, "BLK": 0, "TOV": 0, "PF": 0, "PTS": 0, "PLUS_MINUS": -3, "VIDEO_AVAILABLE": 1}, {"SEASON_ID": "22015", "Player_ID": 204025, "Game_ID": "0021500606", "GAME_DATE": "JAN 16, 2016", "MATCHUP": "POR @ PHI", "WL": "L", "MIN": 12, "FGM": 1, "FGA": 3, "FG_PCT": 0.333, "FG3M": 0, "FG3A": 2, "FG3_PCT": 0.0, "FTM": 1, "FTA": 2, "FT_PCT": 0.5, "OREB": 0, "DREB": 1, "REB": 1, "AST": 5, "STL": 1, "BLK": 0, "TOV": 0, "PF": 2, "PTS": 3, "PLUS_MINUS": 3, "VIDEO_AVAILABLE": 1}, {"SEASON_ID": "22015", "Player_ID": 204025, "Game_ID": "0021500596", "GAME_DATE": "JAN 15, 2016", "MATCHUP": "POR @ BKN", "WL": "W", "MIN": 1, "FGM": 0, "FGA": 1, "FG_PCT": 0.0, "FG3M": 0, "FG3A": 0, "FG3_PCT": 0.0, "FTM": 0, "FTA": 0, "FT_PCT": 0.0, "OREB": 0, "DREB": 0, "REB": 0, "AST": 0, "STL": 0, "BLK": 0, "TOV": 0, "PF": 0, "PTS": 0, "PLUS_MINUS": 0, "VIDEO_AVAILABLE": 1}, {"SEASON_ID": "22015", "Player_ID": 204025, "Game_ID": "0021500584", "GAME_DATE": "JAN 13, 2016", "MATCHUP": "POR vs. UTA", "WL": "W", "MIN": 3, "FGM": 0, "FGA": 0, "FG_PCT": 0.0, "FG3M": 0, "FG3A": 0, "FG3_PCT": 0.0, "FTM": 0, "FTA": 0, "FT_PCT": 0.0, "OREB": 0, "DREB": 1, "REB": 1, "AST": 0, "STL": 0, "BLK": 0, "TOV": 0, "PF": 1, "PTS": 0, "PLUS_MINUS": -3, "VIDEO_AVAILABLE": 1}, {"SEASON_ID": "22015", "Player_ID": 204025, "Game_ID": "0021500548", "GAME_DATE": "JAN 08, 2016", "MATCHUP": "POR vs. GSW", "WL": "L", "MIN": 5, "FGM": 0, "FGA": 1, "FG_PCT": 0.0, "FG3M": 0, "FG3A": 0, "FG3_PCT": 0.0, "FTM": 0, "FTA": 0, "FT_PCT": 0.0, "OREB": 0, "DREB": 0, "REB": 0, "AST": 2, "STL": 1, "BLK": 0, "TOV": 0, "PF": 0, "PTS": 0, "PLUS_MINUS": -1, "VIDEO_AVAILABLE": 1}, {"SEASON_ID": "22015", "Player_ID": 204025, "Game_ID": "0021500535", "GAME_DATE": "JAN 06, 2016", "MATCHUP": "POR vs. LAC", "WL": "L", "MIN": 8, "FGM": 1, "FGA": 2, "FG_PCT": 0.5, "FG3M": 0, "FG3A": 0, "FG3_PCT": 0.0, "FTM": 0, "FTA": 0, "FT_PCT": 0.0, "OREB": 0, "DREB": 0, "REB": 0, "AST": 0, "STL": 0, "BLK": 0, "TOV": 0, "PF": 3, "PTS": 2, "PLUS_MINUS": -8, "VIDEO_AVAILABLE": 1}, {"SEASON_ID": "22015", "Player_ID": 204025, "Game_ID": "0021500519", "GAME_DATE": "JAN 04, 2016", "MATCHUP": "POR vs. MEM", "WL": "L", "MIN": 1, "FGM": 0, "FGA": 0, "FG_PCT": 0.0, "FG3M": 0, "FG3A": 0, "FG3_PCT": 0.0, "FTM": 0, "FTA": 0, "FT_PCT": 0.0, "OREB": 0, "DREB": 0, "REB": 0, "AST": 0, "STL": 0, "BLK": 0, "TOV": 1, "PF": 0, "PTS": 0, "PLUS_MINUS": 0, "VIDEO_AVAILABLE": 1}, {"SEASON_ID": "22015", "Player_ID": 204025, "Game_ID": "0021500509", "GAME_DATE": "JAN 03, 2016", "MATCHUP": "POR @ DEN", "WL": "W", "MIN": 15, "FGM": 3, "FGA": 4, "FG_PCT": 0.75, "FG3M": 1, "FG3A": 1, "FG3_PCT": 1.0, "FTM": 0, "FTA": 0, "FT_PCT": 0.0, "OREB": 2, "DREB": 3, "REB": 5, "AST": 2, "STL": 0, "BLK": 0, "TOV": 2, "PF": 0, "PTS": 7, "PLUS_MINUS": 0, "VIDEO_AVAILABLE": 1}, {"SEASON_ID": "22015", "Player_ID": 204025, "Game_ID": "0021500489", "GAME_DATE": "DEC 31, 2015", "MATCHUP": "POR @ UTA", "WL": "L", "MIN": 23, "FGM": 0, "FGA": 3, "FG_PCT": 0.0, "FG3M": 0, "FG3A": 1, "FG3_PCT": 0.0, "FTM": 0, "FTA": 0, "FT_PCT": 0.0, "OREB": 1, "DREB": 0, "REB": 1, "AST": 3, "STL": 0, "BLK": 0, "TOV": 1, "PF": 3, "PTS": 0, "PLUS_MINUS": 2, "VIDEO_AVAILABLE": 1}, {"SEASON_ID": "22015", "Player_ID": 204025, "Game_ID": "0021500482", "GAME_DATE": "DEC 30, 2015", "MATCHUP": "POR vs. DEN", "WL": "W", "MIN": 12, "FGM": 1, "FGA": 2, "FG_PCT": 0.5, "FG3M": 1, "FG3A": 1, "FG3_PCT": 1.0, "FTM": 1, "FTA": 2, "FT_PCT": 0.5, "OREB": 1, "DREB": 1, "REB": 2, "AST": 3, "STL": 1, "BLK": 0, "TOV": 1, "PF": 1, "PTS": 4, "PLUS_MINUS": 4, "VIDEO_AVAILABLE": 1}, {"SEASON_ID": "22015", "Player_ID": 204025, "Game_ID": "0021500457", "GAME_DATE": "DEC 27, 2015", "MATCHUP": "POR @ SAC", "WL": "W", "MIN": 25, "FGM": 3, "FGA": 6, "FG_PCT": 0.5, "FG3M": 0, "FG3A": 1, "FG3_PCT": 0.0, "FTM": 2, "FTA": 2, "FT_PCT": 1.0, "OREB": 0, "DREB": 5, "REB": 5, "AST": 2, "STL": 1, "BLK": 0, "TOV": 3, "PF": 2, "PTS": 8, "PLUS_MINUS": 11, "VIDEO_AVAILABLE": 1}, {"SEASON_ID": "22015", "Player_ID": 204025, "Game_ID": "0021500453", "GAME_DATE": "DEC 26, 2015", "MATCHUP": "POR vs. CLE", "WL": "W", "MIN": 18, "FGM": 1, "FGA": 4, "FG_PCT": 0.25, "FG3M": 0, "FG3A": 1, "FG3_PCT": 0.0, "FTM": 0, "FTA": 0, "FT_PCT": 0.0, "OREB": 0, "DREB": 3, "REB": 3, "AST": 4, "STL": 1, "BLK": 0, "TOV": 3, "PF": 0, "PTS": 2, "PLUS_MINUS": -8, "VIDEO_AVAILABLE": 1}, {"SEASON_ID": "22015", "Player_ID": 204025, "Game_ID": "0021500432", "GAME_DATE": "DEC 23, 2015", "MATCHUP": "POR @ NOP", "WL": "L", "MIN": 18, "FGM": 0, "FGA": 5, "FG_PCT": 0.0, "FG3M": 0, "FG3A": 2, "FG3_PCT": 0.0, "FTM": 1, "FTA": 2, "FT_PCT": 0.5, "OREB": 1, "DREB": 2, "REB": 3, "AST": 1, "STL": 1, "BLK": 0, "TOV": 1, "PF": 2, "PTS": 1, "PLUS_MINUS": -17, "VIDEO_AVAILABLE": 1}, {"SEASON_ID": "22015", "Player_ID": 204025, "Game_ID": "0021500413", "GAME_DATE": "DEC 21, 2015", "MATCHUP": "POR @ ATL", "WL": "L", "MIN": 48, "FGM": 5, "FGA": 15, "FG_PCT": 0.333, "FG3M": 0, "FG3A": 4, "FG3_PCT": 0.0, "FTM": 2, "FTA": 3, "FT_PCT": 0.667, "OREB": 2, "DREB": 5, "REB": 7, "AST": 7, "STL": 2, "BLK": 1, "TOV": 5, "PF": 5, "PTS": 12, "PLUS_MINUS": -6, "VIDEO_AVAILABLE": 1}, {"SEASON_ID": "22015", "Player_ID": 204025, "Game_ID": "0021500404", "GAME_DATE": "DEC 20, 2015", "MATCHUP": "POR @ MIA", "WL": "L", "MIN": 0, "FGM": 0, "FGA": 0, "FG_PCT": 0.0, "FG3M": 0, "FG3A": 0, "FG3_PCT": 0.0, "FTM": 0, "FTA": 0, "FT_PCT": 0.0, "OREB": 0, "DREB": 0, "REB": 0, "AST": 0, "STL": 0, "BLK": 0, "TOV": 0, "PF": 0, "PTS": 0, "PLUS_MINUS": -2, "VIDEO_AVAILABLE": 1}, {"SEASON_ID": "22015", "Player_ID": 204025, "Game_ID": "0021500378", "GAME_DATE": "DEC 16, 2015", "MATCHUP": "POR @ OKC", "WL": "L", "MIN": 11, "FGM": 2, "FGA": 3, "FG_PCT": 0.667, "FG3M": 1, "FG3A": 1, "FG3_PCT": 1.0, "FTM": 0, "FTA": 0, "FT_PCT": 0.0, "OREB": 0, "DREB": 0, "REB": 0, "AST": 1, "STL": 0, "BLK": 0, "TOV": 2, "PF": 2, "PTS": 5, "PLUS_MINUS": 9, "VIDEO_AVAILABLE": 1}, {"SEASON_ID": "22015", "Player_ID": 204025, "Game_ID": "0021500366", "GAME_DATE": "DEC 14, 2015", "MATCHUP": "POR vs. NOP", "WL": "W", "MIN": 4, "FGM": 0, "FGA": 0, "FG_PCT": 0.0, "FG3M": 0, "FG3A": 0, "FG3_PCT": 0.0, "FTM": 0, "FTA": 0, "FT_PCT": 0.0, "OREB": 0, "DREB": 0, "REB": 0, "AST": 1, "STL": 0, "BLK": 0, "TOV": 1, "PF": 1, "PTS": 0, "PLUS_MINUS": 2, "VIDEO_AVAILABLE": 1}, {"SEASON_ID": "22015", "Player_ID": 204025, "Game_ID": "0021500313", "GAME_DATE": "DEC 08, 2015", "MATCHUP": "POR @ CLE", "WL": "L", "MIN": 5, "FGM": 0, "FGA": 1, "FG_PCT": 0.0, "FG3M": 0, "FG3A": 1, "FG3_PCT": 0.0, "FTM": 0, "FTA": 0, "FT_PCT": 0.0, "OREB": 0, "DREB": 0, "REB": 0, "AST": 1, "STL": 0, "BLK": 0, "TOV": 1, "PF": 0, "PTS": 0, "PLUS_MINUS": -9, "VIDEO_AVAILABLE": 1}, {"SEASON_ID": "22015", "Player_ID": 204025, "Game_ID": "0021500294", "GAME_DATE": "DEC 05, 2015", "MATCHUP": "POR @ MIN", "WL": "W", "MIN": 0, "FGM": 0, "FGA": 0, "FG_PCT": 0.0, "FG3M": 0, "FG3A": 0, "FG3_PCT": 0.0, "FTM": 0, "FTA": 0, "FT_PCT": 0.0, "OREB": 0, "DREB": 0, "REB": 0, "AST": 0, "STL": 0, "BLK": 0, "TOV": 0, "PF": 0, "PTS": 0, "PLUS_MINUS": -2, "VIDEO_AVAILABLE": 1}, {"SEASON_ID": "22015", "Player_ID": 204025, "Game_ID": "0021500261", "GAME_DATE": "NOV 30, 2015", "MATCHUP": "POR @ LAC", "WL": "L", "MIN": 9, "FGM": 1, "FGA": 2, "FG_PCT": 0.5, "FG3M": 0, "FG3A": 1, "FG3_PCT": 0.0, "FTM": 0, "FTA": 0, "FT_PCT": 0.0, "OREB": 0, "DREB": 4, "REB": 4, "AST": 2, "STL": 0, "BLK": 0, "TOV": 3, "PF": 3, "PTS": 2, "PLUS_MINUS": 2, "VIDEO_AVAILABLE": 1}, {"SEASON_ID": "22015", "Player_ID": 204025, "Game_ID": "0021500244", "GAME_DATE": "NOV 28, 2015", "MATCHUP": "POR vs. LAL", "WL": "W", "MIN": 1, "FGM": 0, "FGA": 0, "FG_PCT": 0.0, "FG3M": 0, "FG3A": 0, "FG3_PCT": 0.0, "FTM": 0, "FTA": 0, "FT_PCT": 0.0, "OREB": 0, "DREB": 0, "REB": 0, "AST": 0, "STL": 0, "BLK": 0, "TOV": 0, "PF": 0, "PTS": 0, "PLUS_MINUS": -2, "VIDEO_AVAILABLE": 1}, {"SEASON_ID": "22015", "Player_ID": 204025, "Game_ID": "0021500201", "GAME_DATE": "NOV 22, 2015", "MATCHUP": "POR @ LAL", "WL": "W", "MIN": 5, "FGM": 1, "FGA": 1, "FG_PCT": 1.0, "FG3M": 0, "FG3A": 0, "FG3_PCT": 0.0, "FTM": 0, "FTA": 0, "FT_PCT": 0.0, "OREB": 0, "DREB": 0, "REB": 0, "AST": 0, "STL": 0, "BLK": 0, "TOV": 0, "PF": 2, "PTS": 2, "PLUS_MINUS": 2, "VIDEO_AVAILABLE": 1}, {"SEASON_ID": "22015", "Player_ID": 204025, "Game_ID": "0021500186", "GAME_DATE": "NOV 20, 2015", "MATCHUP": "POR vs. LAC", "WL": "W", "MIN": 0, "FGM": 0, "FGA": 0, "FG_PCT": 0.0, "FG3M": 0, "FG3A": 0, "FG3_PCT": 0.0, "FTM": 0, "FTA": 0, "FT_PCT": 0.0, "OREB": 0, "DREB": 0, "REB": 0, "AST": 0, "STL": 0, "BLK": 0, "TOV": 0, "PF": 0, "PTS": 0, "PLUS_MINUS": 0, "VIDEO_AVAILABLE": 1}, {"SEASON_ID": "22015", "Player_ID": 204025, "Game_ID": "0021500170", "GAME_DATE": "NOV 18, 2015", "MATCHUP": "POR @ HOU", "WL": "L", "MIN": 6, "FGM": 0, "FGA": 0, "FG_PCT": 0.0, "FG3M": 0, "FG3A": 0, "FG3_PCT": 0.0, "FTM": 0, "FTA": 0, "FT_PCT": 0.0, "OREB": 0, "DREB": 1, "REB": 1, "AST": 3, "STL": 1, "BLK": 0, "TOV": 1, "PF": 0, "PTS": 0, "PLUS_MINUS": 11, "VIDEO_AVAILABLE": 1}, {"SEASON_ID": "22015", "Player_ID": 204025, "Game_ID": "0021500147", "GAME_DATE": "NOV 15, 2015", "MATCHUP": "POR @ CHA", "WL": "L", "MIN": 1, "FGM": 0, "FGA": 1, "FG_PCT": 0.0, "FG3M": 0, "FG3A": 0, "FG3_PCT": 0.0, "FTM": 0, "FTA": 0, "FT_PCT": 0.0, "OREB": 0, "DREB": 0, "REB": 0, "AST": 1, "STL": 0, "BLK": 0, "TOV": 0, "PF": 0, "PTS": 0, "PLUS_MINUS": 2, "VIDEO_AVAILABLE": 1}, {"SEASON_ID": "22015", "Player_ID": 204025, "Game_ID": "0021500123", "GAME_DATE": "NOV 11, 2015", "MATCHUP": "POR vs. SAS", "WL": "L", "MIN": 1, "FGM": 0, "FGA": 0, "FG_PCT": 0.0, "FG3M": 0, "FG3A": 0, "FG3_PCT": 0.0, "FTM": 0, "FTA": 0, "FT_PCT": 0.0, "OREB": 0, "DREB": 0, "REB": 0, "AST": 0, "STL": 0, "BLK": 0, "TOV": 0, "PF": 0, "PTS": 0, "PLUS_MINUS": -2, "VIDEO_AVAILABLE": 1}, {"SEASON_ID": "22015", "Player_ID": 204025, "Game_ID": "0021500074", "GAME_DATE": "NOV 05, 2015", "MATCHUP": "POR vs. MEM", "WL": "W", "MIN": 4, "FGM": 0, "FGA": 0, "FG_PCT": 0.0, "FG3M": 0, "FG3A": 0, "FG3_PCT": 0.0, "FTM": 0, "FTA": 0, "FT_PCT": 0.0, "OREB": 0, "DREB": 0, "REB": 0, "AST": 0, "STL": 0, "BLK": 0, "TOV": 0, "PF": 0, "PTS": 0, "PLUS_MINUS": -5, "VIDEO_AVAILABLE": 1}, {"SEASON_ID": "22015", "Player_ID": 204025, "Game_ID": "0021500037", "GAME_DATE": "OCT 31, 2015", "MATCHUP": "POR vs. PHX", "WL": "L", "MIN": 5, "FGM": 0, "FGA": 1, "FG_PCT": 0.0, "FG3M": 0, "FG3A": 0, "FG3_PCT": 0.0, "FTM": 0, "FTA": 0, "FT_PCT": 0.0, "OREB": 1, "DREB": 1, "REB": 2, "AST": 0, "STL": 0, "BLK": 0, "TOV": 1, "PF": 1, "PTS": 0, "PLUS_MINUS": 0, "VIDEO_AVAILABLE": 1}, {"SEASON_ID": "22015", "Player_ID": 204025, "Game_ID": "0021500032", "GAME_DATE": "OCT 30, 2015", "MATCHUP": "POR @ PHX", "WL": "L", "MIN": 2, "FGM": 0, "FGA": 0, "FG_PCT": 0.0, "FG3M": 0, "FG3A": 0, "FG3_PCT": 0.0, "FTM": 0, "FTA": 0, "FT_PCT": 0.0, "OREB": 0, "DREB": 0, "REB": 0, "AST": 1, "STL": 1, "BLK": 0, "TOV": 0, "PF": 1, "PTS": 0, "PLUS_MINUS": 1, "VIDEO_AVAILABLE": 1}, {"SEASON_ID": "22016", "Player_ID": 204025, "Game_ID": "0021601230", "GAME_DATE": "APR 12, 2017", "MATCHUP": "NOP @ POR", "WL": "W", "MIN": 27, "FGM": 1, "FGA": 8, "FG_PCT": 0.125, "FG3M": 1, "FG3A": 5, "FG3_PCT": 0.2, "FTM": 3, "FTA": 4, "FT_PCT": 0.75, "OREB": 1, "DREB": 1, "REB": 2, "AST": 8, "STL": 1, "BLK": 0, "TOV": 1, "PF": 2, "PTS": 6, "PLUS_MINUS": -3, "VIDEO_AVAILABLE": 1}, {"SEASON_ID": "22016", "Player_ID": 204025, "Game_ID": "0021601215", "GAME_DATE": "APR 11, 2017", "MATCHUP": "NOP @ LAL", "WL": "L", "MIN": 19, "FGM": 1, "FGA": 7, "FG_PCT": 0.143, "FG3M": 1, "FG3A": 1, "FG3_PCT": 1.0, "FTM": 3, "FTA": 4, "FT_PCT": 0.75, "OREB": 0, "DREB": 1, "REB": 1, "AST": 6, "STL": 0, "BLK": 0, "TOV": 1, "PF": 2, "PTS": 6, "PLUS_MINUS": -1, "VIDEO_AVAILABLE": 2}, {"SEASON_ID": "22016", "Player_ID": 204025, "Game_ID": "0021601195", "GAME_DATE": "APR 08, 2017", "MATCHUP": "NOP @ GSW", "WL": "L", "MIN": 23, "FGM": 2, "FGA": 3, "FG_PCT": 0.667, "FG3M": 1, "FG3A": 2, "FG3_PCT": 0.5, "FTM": 3, "FTA": 6, "FT_PCT": 0.5, "OREB": 0, "DREB": 2, "REB": 2, "AST": 3, "STL": 0, "BLK": 0, "TOV": 2, "PF": 4, "PTS": 8, "PLUS_MINUS": -4, "VIDEO_AVAILABLE": 1}, {"SEASON_ID": "22016", "Player_ID": 204025, "Game_ID": "0021601158", "GAME_DATE": "APR 04, 2017", "MATCHUP": "NOP vs. DEN", "WL": "L", "MIN": 16, "FGM": 1, "FGA": 3, "FG_PCT": 0.333, "FG3M": 0, "FG3A": 0, "FG3_PCT": 0.0, "FTM": 0, "FTA": 0, "FT_PCT": 0.0, "OREB": 0, "DREB": 3, "REB": 3, "AST": 4, "STL": 1, "BLK": 0, "TOV": 0, "PF": 0, "PTS": 2, "PLUS_MINUS": -4, "VIDEO_AVAILABLE": 1}, {"SEASON_ID": "22016", "Player_ID": 204025, "Game_ID": "0021601146", "GAME_DATE": "APR 02, 2017", "MATCHUP": "NOP vs. CHI", "WL": "L", "MIN": 21, "FGM": 1, "FGA": 6, "FG_PCT": 0.167, "FG3M": 1, "FG3A": 3, "FG3_PCT": 0.333, "FTM": 0, "FTA": 0, "FT_PCT": 0.0, "OREB": 1, "DREB": 2, "REB": 3, "AST": 5, "STL": 0, "BLK": 0, "TOV": 1, "PF": 1, "PTS": 3, "PLUS_MINUS": -9, "VIDEO_AVAILABLE": 1}, {"SEASON_ID": "22016", "Player_ID": 204025, "Game_ID": "0021601132", "GAME_DATE": "MAR 31, 2017", "MATCHUP": "NOP vs. SAC", "WL": "W", "MIN": 31, "FGM": 4, "FGA": 8, "FG_PCT": 0.5, "FG3M": 0, "FG3A": 2, "FG3_PCT": 0.0, "FTM": 0, "FTA": 0, "FT_PCT": 0.0, "OREB": 1, "DREB": 0, "REB": 1, "AST": 5, "STL": 4, "BLK": 0, "TOV": 0, "PF": 1, "PTS": 8, "PLUS_MINUS": 11, "VIDEO_AVAILABLE": 1}, {"SEASON_ID": "22016", "Player_ID": 204025, "Game_ID": "0021601117", "GAME_DATE": "MAR 29, 2017", "MATCHUP": "NOP vs. DAL", "WL": "W", "MIN": 24, "FGM": 1, "FGA": 2, "FG_PCT": 0.5, "FG3M": 0, "FG3A": 1, "FG3_PCT": 0.0, "FTM": 0, "FTA": 0, "FT_PCT": 0.0, "OREB": 1, "DREB": 1, "REB": 2, "AST": 3, "STL": 0, "BLK": 0, "TOV": 1, "PF": 4, "PTS": 2, "PLUS_MINUS": 6, "VIDEO_AVAILABLE": 1}, {"SEASON_ID": "22016", "Player_ID": 204025, "Game_ID": "0021601102", "GAME_DATE": "MAR 27, 2017", "MATCHUP": "NOP @ UTA", "WL": "L", "MIN": 23, "FGM": 2, "FGA": 4, "FG_PCT": 0.5, "FG3M": 0, "FG3A": 1, "FG3_PCT": 0.0, "FTM": 0, "FTA": 0, "FT_PCT": 0.0, "OREB": 0, "DREB": 2, "REB": 2, "AST": 6, "STL": 2, "BLK": 0, "TOV": 2, "PF": 0, "PTS": 4, "PLUS_MINUS": -5, "VIDEO_AVAILABLE": 1}, {"SEASON_ID": "22016", "Player_ID": 204025, "Game_ID": "0021601095", "GAME_DATE": "MAR 26, 2017", "MATCHUP": "NOP @ DEN", "WL": "W", "MIN": 36, "FGM": 4, "FGA": 8, "FG_PCT": 0.5, "FG3M": 1, "FG3A": 3, "FG3_PCT": 0.333, "FTM": 2, "FTA": 2, "FT_PCT": 1.0, "OREB": 1, "DREB": 2, "REB": 3, "AST": 8, "STL": 1, "BLK": 0, "TOV": 1, "PF": 3, "PTS": 11, "PLUS_MINUS": 21, "VIDEO_AVAILABLE": 1}, {"SEASON_ID": "22016", "Player_ID": 204025, "Game_ID": "0021601079", "GAME_DATE": "MAR 24, 2017", "MATCHUP": "NOP @ HOU", "WL": "L", "MIN": 24, "FGM": 0, "FGA": 5, "FG_PCT": 0.0, "FG3M": 0, "FG3A": 4, "FG3_PCT": 0.0, "FTM": 0, "FTA": 0, "FT_PCT": 0.0, "OREB": 0, "DREB": 3, "REB": 3, "AST": 3, "STL": 0, "BLK": 0, "TOV": 0, "PF": 1, "PTS": 0, "PLUS_MINUS": 0, "VIDEO_AVAILABLE": 1}, {"SEASON_ID": "22016", "Player_ID": 204025, "Game_ID": "0021601054", "GAME_DATE": "MAR 21, 2017", "MATCHUP": "NOP vs. MEM", "WL": "W", "MIN": 28, "FGM": 0, "FGA": 3, "FG_PCT": 0.0, "FG3M": 0, "FG3A": 2, "FG3_PCT": 0.0, "FTM": 2, "FTA": 2, "FT_PCT": 1.0, "OREB": 0, "DREB": 2, "REB": 2, "AST": 5, "STL": 3, "BLK": 0, "TOV": 1, "PF": 2, "PTS": 2, "PLUS_MINUS": -1, "VIDEO_AVAILABLE": 1}, {"SEASON_ID": "22016", "Player_ID": 204025, "Game_ID": "0021601039", "GAME_DATE": "MAR 19, 2017", "MATCHUP": "NOP vs. MIN", "WL": "W", "MIN": 23, "FGM": 1, "FGA": 3, "FG_PCT": 0.333, "FG3M": 1, "FG3A": 2, "FG3_PCT": 0.5, "FTM": 0, "FTA": 0, "FT_PCT": 0.0, "OREB": 1, "DREB": 2, "REB": 3, "AST": 8, "STL": 0, "BLK": 0, "TOV": 0, "PF": 1, "PTS": 3, "PLUS_MINUS": -3, "VIDEO_AVAILABLE": 1}, {"SEASON_ID": "22016", "Player_ID": 204025, "Game_ID": "0021601024", "GAME_DATE": "MAR 17, 2017", "MATCHUP": "NOP vs. HOU", "WL": "W", "MIN": 23, "FGM": 6, "FGA": 11, "FG_PCT": 0.545, "FG3M": 1, "FG3A": 5, "FG3_PCT": 0.2, "FTM": 1, "FTA": 2, "FT_PCT": 0.5, "OREB": 1, "DREB": 4, "REB": 5, "AST": 6, "STL": 2, "BLK": 0, "TOV": 0, "PF": 2, "PTS": 14, "PLUS_MINUS": 11, "VIDEO_AVAILABLE": 1}, {"SEASON_ID": "22016", "Player_ID": 204025, "Game_ID": "0021601007", "GAME_DATE": "MAR 15, 2017", "MATCHUP": "NOP @ MIA", "WL": "L", "MIN": 17, "FGM": 2, "FGA": 3, "FG_PCT": 0.667, "FG3M": 1, "FG3A": 2, "FG3_PCT": 0.5, "FTM": 0, "FTA": 0, "FT_PCT": 0.0, "OREB": 1, "DREB": 0, "REB": 1, "AST": 4, "STL": 1, "BLK": 0, "TOV": 0, "PF": 0, "PTS": 5, "PLUS_MINUS": -2, "VIDEO_AVAILABLE": 1}, {"SEASON_ID": "22016", "Player_ID": 204025, "Game_ID": "0021601002", "GAME_DATE": "MAR 14, 2017", "MATCHUP": "NOP vs. POR", "WL": "W", "MIN": 24, "FGM": 2, "FGA": 6, "FG_PCT": 0.333, "FG3M": 1, "FG3A": 2, "FG3_PCT": 0.5, "FTM": 2, "FTA": 2, "FT_PCT": 1.0, "OREB": 0, "DREB": 5, "REB": 5, "AST": 7, "STL": 1, "BLK": 0, "TOV": 0, "PF": 3, "PTS": 7, "PLUS_MINUS": 3, "VIDEO_AVAILABLE": 1}, {"SEASON_ID": "22016", "Player_ID": 204025, "Game_ID": "0021600976", "GAME_DATE": "MAR 11, 2017", "MATCHUP": "NOP @ CHA", "WL": "W", "MIN": 10, "FGM": 0, "FGA": 2, "FG_PCT": 0.0, "FG3M": 0, "FG3A": 1, "FG3_PCT": 0.0, "FTM": 0, "FTA": 0, "FT_PCT": 0.0, "OREB": 0, "DREB": 3, "REB": 3, "AST": 1, "STL": 0, "BLK": 0, "TOV": 2, "PF": 1, "PTS": 0, "PLUS_MINUS": -7, "VIDEO_AVAILABLE": 1}, {"SEASON_ID": "22016", "Player_ID": 204025, "Game_ID": "0021600953", "GAME_DATE": "MAR 08, 2017", "MATCHUP": "NOP vs. TOR", "WL": "L", "MIN": 16, "FGM": 1, "FGA": 2, "FG_PCT": 0.5, "FG3M": 0, "FG3A": 1, "FG3_PCT": 0.0, "FTM": 0, "FTA": 0, "FT_PCT": 0.0, "OREB": 0, "DREB": 2, "REB": 2, "AST": 3, "STL": 0, "BLK": 0, "TOV": 0, "PF": 0, "PTS": 2, "PLUS_MINUS": 5, "VIDEO_AVAILABLE": 1}, {"SEASON_ID": "22016", "Player_ID": 204025, "Game_ID": "0021600944", "GAME_DATE": "MAR 06, 2017", "MATCHUP": "NOP @ UTA", "WL": "L", "MIN": 29, "FGM": 2, "FGA": 4, "FG_PCT": 0.5, "FG3M": 1, "FG3A": 2, "FG3_PCT": 0.5, "FTM": 2, "FTA": 4, "FT_PCT": 0.5, "OREB": 1, "DREB": 3, "REB": 4, "AST": 3, "STL": 0, "BLK": 0, "TOV": 1, "PF": 2, "PTS": 7, "PLUS_MINUS": 14, "VIDEO_AVAILABLE": 1}, {"SEASON_ID": "22016", "Player_ID": 204025, "Game_ID": "0021600933", "GAME_DATE": "MAR 05, 2017", "MATCHUP": "NOP @ LAL", "WL": "W", "MIN": 12, "FGM": 1, "FGA": 4, "FG_PCT": 0.25, "FG3M": 1, "FG3A": 1, "FG3_PCT": 1.0, "FTM": 0, "FTA": 0, "FT_PCT": 0.0, "OREB": 0, "DREB": 0, "REB": 0, "AST": 2, "STL": 1, "BLK": 0, "TOV": 2, "PF": 2, "PTS": 3, "PLUS_MINUS": -15, "VIDEO_AVAILABLE": 1}, {"SEASON_ID": "22016", "Player_ID": 204025, "Game_ID": "0021600917", "GAME_DATE": "MAR 03, 2017", "MATCHUP": "NOP vs. SAS", "WL": "L", "MIN": 10, "FGM": 1, "FGA": 2, "FG_PCT": 0.5, "FG3M": 0, "FG3A": 0, "FG3_PCT": 0.0, "FTM": 0, "FTA": 0, "FT_PCT": 0.0, "OREB": 1, "DREB": 0, "REB": 1, "AST": 2, "STL": 0, "BLK": 0, "TOV": 2, "PF": 2, "PTS": 2, "PLUS_MINUS": 3, "VIDEO_AVAILABLE": 1}, {"SEASON_ID": "22016", "Player_ID": 204025, "Game_ID": "0021600900", "GAME_DATE": "MAR 01, 2017", "MATCHUP": "NOP vs. DET", "WL": "W", "MIN": 13, "FGM": 2, "FGA": 3, "FG_PCT": 0.667, "FG3M": 0, "FG3A": 0, "FG3_PCT": 0.0, "FTM": 1, "FTA": 2, "FT_PCT": 0.5, "OREB": 1, "DREB": 2, "REB": 3, "AST": 1, "STL": 1, "BLK": 0, "TOV": 3, "PF": 2, "PTS": 5, "PLUS_MINUS": -5, "VIDEO_AVAILABLE": 1}, {"SEASON_ID": "22016", "Player_ID": 204025, "Game_ID": "0021600880", "GAME_DATE": "FEB 26, 2017", "MATCHUP": "NOP @ OKC", "WL": "L", "MIN": 15, "FGM": 1, "FGA": 4, "FG_PCT": 0.25, "FG3M": 0, "FG3A": 1, "FG3_PCT": 0.0, "FTM": 0, "FTA": 2, "FT_PCT": 0.0, "OREB": 0, "DREB": 1, "REB": 1, "AST": 1, "STL": 0, "BLK": 0, "TOV": 0, "PF": 2, "PTS": 2, "PLUS_MINUS": -3, "VIDEO_AVAILABLE": 1}, {"SEASON_ID": "22016", "Player_ID": 204025, "Game_ID": "0021600870", "GAME_DATE": "FEB 25, 2017", "MATCHUP": "NOP @ DAL", "WL": "L", "MIN": 10, "FGM": 1, "FGA": 2, "FG_PCT": 0.5, "FG3M": 0, "FG3A": 0, "FG3_PCT": 0.0, "FTM": 0, "FTA": 0, "FT_PCT": 0.0, "OREB": 0, "DREB": 0, "REB": 0, "AST": 1, "STL": 0, "BLK": 0, "TOV": 1, "PF": 1, "PTS": 2, "PLUS_MINUS": -17, "VIDEO_AVAILABLE": 1}, {"SEASON_ID": "22016", "Player_ID": 204025, "Game_ID": "0021600852", "GAME_DATE": "FEB 23, 2017", "MATCHUP": "NOP vs. HOU", "WL": "L", "MIN": 23, "FGM": 1, "FGA": 6, "FG_PCT": 0.167, "FG3M": 0, "FG3A": 4, "FG3_PCT": 0.0, "FTM": 0, "FTA": 0, "FT_PCT": 0.0, "OREB": 2, "DREB": 2, "REB": 4, "AST": 5, "STL": 0, "BLK": 0, "TOV": 1, "PF": 0, "PTS": 2, "PLUS_MINUS": -4, "VIDEO_AVAILABLE": 1}, {"SEASON_ID": "22016", "Player_ID": 204025, "Game_ID": "0021600819", "GAME_DATE": "FEB 12, 2017", "MATCHUP": "NOP @ SAC", "WL": "L", "MIN": 11, "FGM": 0, "FGA": 2, "FG_PCT": 0.0, "FG3M": 0, "FG3A": 0, "FG3_PCT": 0.0, "FTM": 0, "FTA": 0, "FT_PCT": 0.0, "OREB": 1, "DREB": 0, "REB": 1, "AST": 1, "STL": 0, "BLK": 0, "TOV": 1, "PF": 2, "PTS": 0, "PLUS_MINUS": -10, "VIDEO_AVAILABLE": 1}, {"SEASON_ID": "22016", "Player_ID": 204025, "Game_ID": "0021600804", "GAME_DATE": "FEB 10, 2017", "MATCHUP": "NOP @ MIN", "WL": "W", "MIN": 20, "FGM": 2, "FGA": 6, "FG_PCT": 0.333, "FG3M": 0, "FG3A": 0, "FG3_PCT": 0.0, "FTM": 4, "FTA": 7, "FT_PCT": 0.571, "OREB": 0, "DREB": 1, "REB": 1, "AST": 1, "STL": 0, "BLK": 0, "TOV": 2, "PF": 1, "PTS": 8, "PLUS_MINUS": 13, "VIDEO_AVAILABLE": 1}, {"SEASON_ID": "22016", "Player_ID": 204025, "Game_ID": "0021600789", "GAME_DATE": "FEB 08, 2017", "MATCHUP": "NOP vs. UTA", "WL": "L", "MIN": 24, "FGM": 1, "FGA": 4, "FG_PCT": 0.25, "FG3M": 0, "FG3A": 1, "FG3_PCT": 0.0, "FTM": 9, "FTA": 10, "FT_PCT": 0.9, "OREB": 0, "DREB": 3, "REB": 3, "AST": 4, "STL": 0, "BLK": 0, "TOV": 1, "PF": 4, "PTS": 11, "PLUS_MINUS": -15, "VIDEO_AVAILABLE": 1}, {"SEASON_ID": "22016", "Player_ID": 204025, "Game_ID": "0021600774", "GAME_DATE": "FEB 06, 2017", "MATCHUP": "NOP vs. PHX", "WL": "W", "MIN": 9, "FGM": 1, "FGA": 1, "FG_PCT": 1.0, "FG3M": 0, "FG3A": 0, "FG3_PCT": 0.0, "FTM": 0, "FTA": 0, "FT_PCT": 0.0, "OREB": 0, "DREB": 0, "REB": 0, "AST": 2, "STL": 0, "BLK": 0, "TOV": 0, "PF": 2, "PTS": 2, "PLUS_MINUS": -6, "VIDEO_AVAILABLE": 1}, {"SEASON_ID": "22016", "Player_ID": 204025, "Game_ID": "0021600725", "GAME_DATE": "JAN 31, 2017", "MATCHUP": "NOP @ TOR", "WL": "L", "MIN": 12, "FGM": 1, "FGA": 3, "FG_PCT": 0.333, "FG3M": 0, "FG3A": 2, "FG3_PCT": 0.0, "FTM": 0, "FTA": 0, "FT_PCT": 0.0, "OREB": 1, "DREB": 0, "REB": 1, "AST": 2, "STL": 0, "BLK": 0, "TOV": 0, "PF": 0, "PTS": 2, "PLUS_MINUS": 8, "VIDEO_AVAILABLE": 1}, {"SEASON_ID": "22016", "Player_ID": 204025, "Game_ID": "0021600645", "GAME_DATE": "JAN 20, 2017", "MATCHUP": "NOP vs. BKN", "WL": "L", "MIN": 12, "FGM": 3, "FGA": 6, "FG_PCT": 0.5, "FG3M": 0, "FG3A": 2, "FG3_PCT": 0.0, "FTM": 1, "FTA": 2, "FT_PCT": 0.5, "OREB": 0, "DREB": 0, "REB": 0, "AST": 3, "STL": 0, "BLK": 0, "TOV": 1, "PF": 2, "PTS": 7, "PLUS_MINUS": -4, "VIDEO_AVAILABLE": 1}, {"SEASON_ID": "22016", "Player_ID": 204025, "Game_ID": "0021600631", "GAME_DATE": "JAN 18, 2017", "MATCHUP": "NOP vs. ORL", "WL": "W", "MIN": 3, "FGM": 0, "FGA": 1, "FG_PCT": 0.0, "FG3M": 0, "FG3A": 1, "FG3_PCT": 0.0, "FTM": 0, "FTA": 0, "FT_PCT": 0.0, "OREB": 0, "DREB": 0, "REB": 0, "AST": 1, "STL": 0, "BLK": 0, "TOV": 1, "PF": 0, "PTS": 0, "PLUS_MINUS": -8, "VIDEO_AVAILABLE": 1}, {"SEASON_ID": "22016", "Player_ID": 204025, "Game_ID": "0021600616", "GAME_DATE": "JAN 16, 2017", "MATCHUP": "NOP @ IND", "WL": "L", "MIN": 5, "FGM": 0, "FGA": 0, "FG_PCT": 0.0, "FG3M": 0, "FG3A": 0, "FG3_PCT": 0.0, "FTM": 0, "FTA": 0, "FT_PCT": 0.0, "OREB": 0, "DREB": 1, "REB": 1, "AST": 0, "STL": 0, "BLK": 0, "TOV": 0, "PF": 2, "PTS": 0, "PLUS_MINUS": 3, "VIDEO_AVAILABLE": 1}, {"SEASON_ID": "22016", "Player_ID": 204025, "Game_ID": "0021600568", "GAME_DATE": "JAN 09, 2017", "MATCHUP": "NOP @ NYK", "WL": "W", "MIN": 5, "FGM": 0, "FGA": 1, "FG_PCT": 0.0, "FG3M": 0, "FG3A": 1, "FG3_PCT": 0.0, "FTM": 0, "FTA": 0, "FT_PCT": 0.0, "OREB": 0, "DREB": 0, "REB": 0, "AST": 0, "STL": 1, "BLK": 0, "TOV": 0, "PF": 1, "PTS": 0, "PLUS_MINUS": -13, "VIDEO_AVAILABLE": 1}, {"SEASON_ID": "22016", "Player_ID": 204025, "Game_ID": "0021600466", "GAME_DATE": "DEC 26, 2016", "MATCHUP": "NOP vs. DAL", "WL": "W", "MIN": 4, "FGM": 0, "FGA": 0, "FG_PCT": 0.0, "FG3M": 0, "FG3A": 0, "FG3_PCT": 0.0, "FTM": 1, "FTA": 2, "FT_PCT": 0.5, "OREB": 0, "DREB": 1, "REB": 1, "AST": 1, "STL": 1, "BLK": 0, "TOV": 0, "PF": 1, "PTS": 1, "PLUS_MINUS": 4, "VIDEO_AVAILABLE": 1}, {"SEASON_ID": "22016", "Player_ID": 204025, "Game_ID": "0021600449", "GAME_DATE": "DEC 23, 2016", "MATCHUP": "NOP vs. MIA", "WL": "W", "MIN": 9, "FGM": 1, "FGA": 4, "FG_PCT": 0.25, "FG3M": 0, "FG3A": 2, "FG3_PCT": 0.0, "FTM": 0, "FTA": 0, "FT_PCT": 0.0, "OREB": 0, "DREB": 2, "REB": 2, "AST": 0, "STL": 0, "BLK": 0, "TOV": 0, "PF": 0, "PTS": 2, "PLUS_MINUS": -5, "VIDEO_AVAILABLE": 1}, {"SEASON_ID": "22016", "Player_ID": 204025, "Game_ID": "0021600433", "GAME_DATE": "DEC 21, 2016", "MATCHUP": "NOP vs. OKC", "WL": "L", "MIN": 29, "FGM": 4, "FGA": 9, "FG_PCT": 0.444, "FG3M": 0, "FG3A": 2, "FG3_PCT": 0.0, "FTM": 2, "FTA": 2, "FT_PCT": 1.0, "OREB": 0, "DREB": 3, "REB": 3, "AST": 5, "STL": 1, "BLK": 0, "TOV": 0, "PF": 1, "PTS": 10, "PLUS_MINUS": -9, "VIDEO_AVAILABLE": 1}, {"SEASON_ID": "22016", "Player_ID": 204025, "Game_ID": "0021600418", "GAME_DATE": "DEC 20, 2016", "MATCHUP": "NOP @ PHI", "WL": "W", "MIN": 27, "FGM": 4, "FGA": 7, "FG_PCT": 0.571, "FG3M": 2, "FG3A": 2, "FG3_PCT": 1.0, "FTM": 0, "FTA": 1, "FT_PCT": 0.0, "OREB": 1, "DREB": 3, "REB": 4, "AST": 6, "STL": 1, "BLK": 0, "TOV": 5, "PF": 2, "PTS": 10, "PLUS_MINUS": 15, "VIDEO_AVAILABLE": 1}, {"SEASON_ID": "22016", "Player_ID": 204025, "Game_ID": "0021600412", "GAME_DATE": "DEC 18, 2016", "MATCHUP": "NOP @ SAS", "WL": "L", "MIN": 24, "FGM": 4, "FGA": 7, "FG_PCT": 0.571, "FG3M": 3, "FG3A": 5, "FG3_PCT": 0.6, "FTM": 0, "FTA": 0, "FT_PCT": 0.0, "OREB": 0, "DREB": 3, "REB": 3, "AST": 7, "STL": 3, "BLK": 1, "TOV": 2, "PF": 2, "PTS": 11, "PLUS_MINUS": 13, "VIDEO_AVAILABLE": 1}, {"SEASON_ID": "22016", "Player_ID": 204025, "Game_ID": "0021600395", "GAME_DATE": "DEC 16, 2016", "MATCHUP": "NOP @ HOU", "WL": "L", "MIN": 25, "FGM": 3, "FGA": 8, "FG_PCT": 0.375, "FG3M": 2, "FG3A": 3, "FG3_PCT": 0.667, "FTM": 1, "FTA": 1, "FT_PCT": 1.0, "OREB": 2, "DREB": 2, "REB": 4, "AST": 5, "STL": 0, "BLK": 0, "TOV": 0, "PF": 1, "PTS": 9, "PLUS_MINUS": -15, "VIDEO_AVAILABLE": 1}, {"SEASON_ID": "22016", "Player_ID": 204025, "Game_ID": "0021600371", "GAME_DATE": "DEC 13, 2016", "MATCHUP": "NOP vs. GSW", "WL": "L", "MIN": 30, "FGM": 5, "FGA": 9, "FG_PCT": 0.556, "FG3M": 3, "FG3A": 4, "FG3_PCT": 0.75, "FTM": 0, "FTA": 0, "FT_PCT": 0.0, "OREB": 0, "DREB": 2, "REB": 2, "AST": 8, "STL": 1, "BLK": 0, "TOV": 2, "PF": 2, "PTS": 13, "PLUS_MINUS": 4, "VIDEO_AVAILABLE": 1}, {"SEASON_ID": "22016", "Player_ID": 204025, "Game_ID": "0021600359", "GAME_DATE": "DEC 11, 2016", "MATCHUP": "NOP @ PHX", "WL": "W", "MIN": 38, "FGM": 4, "FGA": 10, "FG_PCT": 0.4, "FG3M": 0, "FG3A": 2, "FG3_PCT": 0.0, "FTM": 6, "FTA": 7, "FT_PCT": 0.857, "OREB": 3, "DREB": 8, "REB": 11, "AST": 11, "STL": 5, "BLK": 1, "TOV": 1, "PF": 4, "PTS": 14, "PLUS_MINUS": 18, "VIDEO_AVAILABLE": 1}, {"SEASON_ID": "22016", "Player_ID": 204025, "Game_ID": "0021600355", "GAME_DATE": "DEC 10, 2016", "MATCHUP": "NOP @ LAC", "WL": "L", "MIN": 35, "FGM": 6, "FGA": 13, "FG_PCT": 0.462, "FG3M": 1, "FG3A": 2, "FG3_PCT": 0.5, "FTM": 7, "FTA": 8, "FT_PCT": 0.875, "OREB": 0, "DREB": 1, "REB": 1, "AST": 11, "STL": 0, "BLK": 0, "TOV": 3, "PF": 5, "PTS": 20, "PLUS_MINUS": -24, "VIDEO_AVAILABLE": 1}, {"SEASON_ID": "22016", "Player_ID": 204025, "Game_ID": "0021600334", "GAME_DATE": "DEC 08, 2016", "MATCHUP": "NOP vs. PHI", "WL": "L", "MIN": 29, "FGM": 3, "FGA": 7, "FG_PCT": 0.429, "FG3M": 1, "FG3A": 3, "FG3_PCT": 0.333, "FTM": 0, "FTA": 0, "FT_PCT": 0.0, "OREB": 2, "DREB": 4, "REB": 6, "AST": 6, "STL": 0, "BLK": 0, "TOV": 3, "PF": 3, "PTS": 7, "PLUS_MINUS": -18, "VIDEO_AVAILABLE": 1}, {"SEASON_ID": "22016", "Player_ID": 204025, "Game_ID": "0021600310", "GAME_DATE": "DEC 05, 2016", "MATCHUP": "NOP vs. MEM", "WL": "L", "MIN": 39, "FGM": 3, "FGA": 10, "FG_PCT": 0.3, "FG3M": 0, "FG3A": 3, "FG3_PCT": 0.0, "FTM": 2, "FTA": 2, "FT_PCT": 1.0, "OREB": 1, "DREB": 3, "REB": 4, "AST": 9, "STL": 3, "BLK": 0, "TOV": 4, "PF": 2, "PTS": 8, "PLUS_MINUS": -6, "VIDEO_AVAILABLE": 1}, {"SEASON_ID": "22016", "Player_ID": 204025, "Game_ID": "0021600301", "GAME_DATE": "DEC 04, 2016", "MATCHUP": "NOP @ OKC", "WL": "L", "MIN": 16, "FGM": 0, "FGA": 5, "FG_PCT": 0.0, "FG3M": 0, "FG3A": 0, "FG3_PCT": 0.0, "FTM": 0, "FTA": 0, "FT_PCT": 0.0, "OREB": 1, "DREB": 3, "REB": 4, "AST": 1, "STL": 2, "BLK": 0, "TOV": 0, "PF": 1, "PTS": 0, "PLUS_MINUS": 4, "VIDEO_AVAILABLE": 1}, {"SEASON_ID": "22016", "Player_ID": 204025, "Game_ID": "0021600287", "GAME_DATE": "DEC 02, 2016", "MATCHUP": "NOP vs. LAC", "WL": "L", "MIN": 31, "FGM": 2, "FGA": 6, "FG_PCT": 0.333, "FG3M": 0, "FG3A": 1, "FG3_PCT": 0.0, "FTM": 4, "FTA": 8, "FT_PCT": 0.5, "OREB": 0, "DREB": 3, "REB": 3, "AST": 8, "STL": 1, "BLK": 0, "TOV": 4, "PF": 1, "PTS": 8, "PLUS_MINUS": -15, "VIDEO_AVAILABLE": 1}, {"SEASON_ID": "22016", "Player_ID": 204025, "Game_ID": "0021600263", "GAME_DATE": "NOV 29, 2016", "MATCHUP": "NOP vs. LAL", "WL": "W", "MIN": 32, "FGM": 3, "FGA": 7, "FG_PCT": 0.429, "FG3M": 0, "FG3A": 2, "FG3_PCT": 0.0, "FTM": 0, "FTA": 0, "FT_PCT": 0.0, "OREB": 0, "DREB": 1, "REB": 1, "AST": 5, "STL": 0, "BLK": 0, "TOV": 1, "PF": 3, "PTS": 6, "PLUS_MINUS": 8, "VIDEO_AVAILABLE": 1}, {"SEASON_ID": "22016", "Player_ID": 204025, "Game_ID": "0021600250", "GAME_DATE": "NOV 27, 2016", "MATCHUP": "NOP @ DAL", "WL": "L", "MIN": 31, "FGM": 3, "FGA": 9, "FG_PCT": 0.333, "FG3M": 0, "FG3A": 2, "FG3_PCT": 0.0, "FTM": 2, "FTA": 2, "FT_PCT": 1.0, "OREB": 1, "DREB": 1, "REB": 2, "AST": 3, "STL": 3, "BLK": 0, "TOV": 4, "PF": 4, "PTS": 8, "PLUS_MINUS": -11, "VIDEO_AVAILABLE": 1}, {"SEASON_ID": "22016", "Player_ID": 204025, "Game_ID": "0021600237", "GAME_DATE": "NOV 25, 2016", "MATCHUP": "NOP @ POR", "WL": "L", "MIN": 32, "FGM": 3, "FGA": 12, "FG_PCT": 0.25, "FG3M": 1, "FG3A": 3, "FG3_PCT": 0.333, "FTM": 4, "FTA": 5, "FT_PCT": 0.8, "OREB": 0, "DREB": 1, "REB": 1, "AST": 7, "STL": 0, "BLK": 0, "TOV": 4, "PF": 2, "PTS": 11, "PLUS_MINUS": -23, "VIDEO_AVAILABLE": 1}, {"SEASON_ID": "22016", "Player_ID": 204025, "Game_ID": "0021600222", "GAME_DATE": "NOV 23, 2016", "MATCHUP": "NOP vs. MIN", "WL": "W", "MIN": 33, "FGM": 4, "FGA": 5, "FG_PCT": 0.8, "FG3M": 2, "FG3A": 2, "FG3_PCT": 1.0, "FTM": 1, "FTA": 1, "FT_PCT": 1.0, "OREB": 0, "DREB": 4, "REB": 4, "AST": 8, "STL": 0, "BLK": 0, "TOV": 5, "PF": 3, "PTS": 11, "PLUS_MINUS": 30, "VIDEO_AVAILABLE": 1}, {"SEASON_ID": "22016", "Player_ID": 204025, "Game_ID": "0021600209", "GAME_DATE": "NOV 22, 2016", "MATCHUP": "NOP @ ATL", "WL": "W", "MIN": 35, "FGM": 7, "FGA": 12, "FG_PCT": 0.583, "FG3M": 3, "FG3A": 4, "FG3_PCT": 0.75, "FTM": 4, "FTA": 4, "FT_PCT": 1.0, "OREB": 0, "DREB": 5, "REB": 5, "AST": 14, "STL": 3, "BLK": 0, "TOV": 1, "PF": 1, "PTS": 21, "PLUS_MINUS": 19, "VIDEO_AVAILABLE": 1}, {"SEASON_ID": "22016", "Player_ID": 204025, "Game_ID": "0021600185", "GAME_DATE": "NOV 19, 2016", "MATCHUP": "NOP vs. CHA", "WL": "W", "MIN": 36, "FGM": 6, "FGA": 12, "FG_PCT": 0.5, "FG3M": 1, "FG3A": 5, "FG3_PCT": 0.2, "FTM": 4, "FTA": 4, "FT_PCT": 1.0, "OREB": 0, "DREB": 5, "REB": 5, "AST": 8, "STL": 1, "BLK": 0, "TOV": 0, "PF": 3, "PTS": 17, "PLUS_MINUS": 14, "VIDEO_AVAILABLE": 1}, {"SEASON_ID": "22016", "Player_ID": 204025, "Game_ID": "0021600177", "GAME_DATE": "NOV 18, 2016", "MATCHUP": "NOP vs. POR", "WL": "W", "MIN": 32, "FGM": 5, "FGA": 11, "FG_PCT": 0.455, "FG3M": 1, "FG3A": 3, "FG3_PCT": 0.333, "FTM": 1, "FTA": 1, "FT_PCT": 1.0, "OREB": 0, "DREB": 3, "REB": 3, "AST": 8, "STL": 0, "BLK": 1, "TOV": 2, "PF": 3, "PTS": 12, "PLUS_MINUS": 4, "VIDEO_AVAILABLE": 1}, {"SEASON_ID": "22016", "Player_ID": 204025, "Game_ID": "0021600159", "GAME_DATE": "NOV 16, 2016", "MATCHUP": "NOP @ ORL", "WL": "L", "MIN": 28, "FGM": 1, "FGA": 7, "FG_PCT": 0.143, "FG3M": 0, "FG3A": 1, "FG3_PCT": 0.0, "FTM": 2, "FTA": 2, "FT_PCT": 1.0, "OREB": 0, "DREB": 3, "REB": 3, "AST": 3, "STL": 0, "BLK": 1, "TOV": 4, "PF": 1, "PTS": 4, "PLUS_MINUS": -3, "VIDEO_AVAILABLE": 1}, {"SEASON_ID": "22016", "Player_ID": 204025, "Game_ID": "0021600148", "GAME_DATE": "NOV 14, 2016", "MATCHUP": "NOP vs. BOS", "WL": "W", "MIN": 30, "FGM": 2, "FGA": 5, "FG_PCT": 0.4, "FG3M": 0, "FG3A": 2, "FG3_PCT": 0.0, "FTM": 6, "FTA": 8, "FT_PCT": 0.75, "OREB": 1, "DREB": 2, "REB": 3, "AST": 6, "STL": 1, "BLK": 0, "TOV": 3, "PF": 0, "PTS": 10, "PLUS_MINUS": -4, "VIDEO_AVAILABLE": 1}, {"SEASON_ID": "22016", "Player_ID": 204025, "Game_ID": "0021600129", "GAME_DATE": "NOV 12, 2016", "MATCHUP": "NOP vs. LAL", "WL": "L", "MIN": 29, "FGM": 2, "FGA": 8, "FG_PCT": 0.25, "FG3M": 0, "FG3A": 1, "FG3_PCT": 0.0, "FTM": 0, "FTA": 0, "FT_PCT": 0.0, "OREB": 0, "DREB": 2, "REB": 2, "AST": 10, "STL": 0, "BLK": 0, "TOV": 4, "PF": 2, "PTS": 4, "PLUS_MINUS": -10, "VIDEO_AVAILABLE": 1}, {"SEASON_ID": "22016", "Player_ID": 204025, "Game_ID": "0021600117", "GAME_DATE": "NOV 10, 2016", "MATCHUP": "NOP @ MIL", "WL": "W", "MIN": 34, "FGM": 3, "FGA": 8, "FG_PCT": 0.375, "FG3M": 2, "FG3A": 4, "FG3_PCT": 0.5, "FTM": 7, "FTA": 7, "FT_PCT": 1.0, "OREB": 0, "DREB": 5, "REB": 5, "AST": 10, "STL": 1, "BLK": 0, "TOV": 2, "PF": 4, "PTS": 15, "PLUS_MINUS": 7, "VIDEO_AVAILABLE": 1}, {"SEASON_ID": "22016", "Player_ID": 204025, "Game_ID": "0021600105", "GAME_DATE": "NOV 08, 2016", "MATCHUP": "NOP @ SAC", "WL": "L", "MIN": 32, "FGM": 2, "FGA": 8, "FG_PCT": 0.25, "FG3M": 1, "FG3A": 1, "FG3_PCT": 1.0, "FTM": 0, "FTA": 0, "FT_PCT": 0.0, "OREB": 1, "DREB": 4, "REB": 5, "AST": 9, "STL": 0, "BLK": 1, "TOV": 3, "PF": 4, "PTS": 5, "PLUS_MINUS": -6, "VIDEO_AVAILABLE": 1}, {"SEASON_ID": "22016", "Player_ID": 204025, "Game_ID": "0021600099", "GAME_DATE": "NOV 07, 2016", "MATCHUP": "NOP @ GSW", "WL": "L", "MIN": 32, "FGM": 5, "FGA": 11, "FG_PCT": 0.455, "FG3M": 1, "FG3A": 3, "FG3_PCT": 0.333, "FTM": 2, "FTA": 2, "FT_PCT": 1.0, "OREB": 2, "DREB": 2, "REB": 4, "AST": 10, "STL": 2, "BLK": 0, "TOV": 4, "PF": 4, "PTS": 13, "PLUS_MINUS": -2, "VIDEO_AVAILABLE": 1}, {"SEASON_ID": "22016", "Player_ID": 204025, "Game_ID": "0021600075", "GAME_DATE": "NOV 04, 2016", "MATCHUP": "NOP vs. PHX", "WL": "L", "MIN": 25, "FGM": 6, "FGA": 8, "FG_PCT": 0.75, "FG3M": 1, "FG3A": 1, "FG3_PCT": 1.0, "FTM": 0, "FTA": 0, "FT_PCT": 0.0, "OREB": 0, "DREB": 0, "REB": 0, "AST": 3, "STL": 1, "BLK": 0, "TOV": 2, "PF": 2, "PTS": 13, "PLUS_MINUS": -10, "VIDEO_AVAILABLE": 1}, {"SEASON_ID": "22016", "Player_ID": 204025, "Game_ID": "0021600060", "GAME_DATE": "NOV 02, 2016", "MATCHUP": "NOP @ MEM", "WL": "L", "MIN": 15, "FGM": 1, "FGA": 5, "FG_PCT": 0.2, "FG3M": 0, "FG3A": 2, "FG3_PCT": 0.0, "FTM": 2, "FTA": 2, "FT_PCT": 1.0, "OREB": 0, "DREB": 1, "REB": 1, "AST": 2, "STL": 0, "BLK": 0, "TOV": 1, "PF": 2, "PTS": 4, "PLUS_MINUS": -14, "VIDEO_AVAILABLE": 1}, {"SEASON_ID": "22016", "Player_ID": 204025, "Game_ID": "0021600051", "GAME_DATE": "NOV 01, 2016", "MATCHUP": "NOP vs. MIL", "WL": "L", "MIN": 37, "FGM": 7, "FGA": 12, "FG_PCT": 0.583, "FG3M": 1, "FG3A": 3, "FG3_PCT": 0.333, "FTM": 5, "FTA": 6, "FT_PCT": 0.833, "OREB": 1, "DREB": 2, "REB": 3, "AST": 9, "STL": 3, "BLK": 1, "TOV": 3, "PF": 4, "PTS": 20, "PLUS_MINUS": 2, "VIDEO_AVAILABLE": 1}, {"SEASON_ID": "22016", "Player_ID": 204025, "Game_ID": "0021600032", "GAME_DATE": "OCT 29, 2016", "MATCHUP": "NOP @ SAS", "WL": "L", "MIN": 25, "FGM": 2, "FGA": 8, "FG_PCT": 0.25, "FG3M": 1, "FG3A": 2, "FG3_PCT": 0.5, "FTM": 0, "FTA": 0, "FT_PCT": 0.0, "OREB": 0, "DREB": 4, "REB": 4, "AST": 7, "STL": 0, "BLK": 0, "TOV": 2, "PF": 3, "PTS": 5, "PLUS_MINUS": -13, "VIDEO_AVAILABLE": 1}, {"SEASON_ID": "22016", "Player_ID": 204025, "Game_ID": "0021600025", "GAME_DATE": "OCT 28, 2016", "MATCHUP": "NOP vs. GSW", "WL": "L", "MIN": 34, "FGM": 10, "FGA": 18, "FG_PCT": 0.556, "FG3M": 1, "FG3A": 3, "FG3_PCT": 0.333, "FTM": 0, "FTA": 1, "FT_PCT": 0.0, "OREB": 3, "DREB": 3, "REB": 6, "AST": 10, "STL": 0, "BLK": 0, "TOV": 3, "PF": 5, "PTS": 21, "PLUS_MINUS": 1, "VIDEO_AVAILABLE": 1}, {"SEASON_ID": "22016", "Player_ID": 204025, "Game_ID": "0021600010", "GAME_DATE": "OCT 26, 2016", "MATCHUP": "NOP vs. DEN", "WL": "L", "MIN": 37, "FGM": 6, "FGA": 10, "FG_PCT": 0.6, "FG3M": 1, "FG3A": 3, "FG3_PCT": 0.333, "FTM": 2, "FTA": 4, "FT_PCT": 0.5, "OREB": 0, "DREB": 5, "REB": 5, "AST": 11, "STL": 4, "BLK": 0, "TOV": 1, "PF": 6, "PTS": 15, "PLUS_MINUS": 0, "VIDEO_AVAILABLE": 1}]