{"firstName": "Tim", "lastName": "Frazier", "temporaryDisplayName": "Frazier, Tim", "personId": "204025", "teamId": "1610612765", "jersey": "12", "isActive": true, "pos": "G", "heightFeet": "6", "heightInches": "1", "heightMeters": "1.85", "weightPounds": "170", "weightKilograms": "77.1", "dateOfBirthUTC": "1990-11-01", "teamSitesOnly": {"playerCode": "tim_frazier", "posFull": "Guard", "displayAffiliation": "Penn State/USA", "freeAgentCode": ""}, "teams": [{"teamId": "1610612755", "seasonStart": "2014", "seasonEnd": "2014"}, {"teamId": "1610612757", "seasonStart": "2014", "seasonEnd": "2015"}, {"teamId": "1610612740", "seasonStart": "2015", "seasonEnd": "2016"}, {"teamId": "1610612764", "seasonStart": "2017", "seasonEnd": "2017"}, {"teamId": "1610612749", "seasonStart": "2018", "seasonEnd": "2018"}, {"teamId": "1610612740", "seasonStart": "2018", "seasonEnd": "2018"}, {"teamId": "1610612765", "seasonStart": "2019", "seasonEnd": "2019"}], "draft": {"teamId": "", "pickNum": "", "roundNum": "", "seasonYear": ""}, "nbaDebutYear": "2014", "yearsPro": "5", "collegeName": "Penn State", "lastAffiliation": "Penn StateUSA/USA", "country": "USA"}