{"firstName": "Kyle", "lastName": "Guy", "temporaryDisplayName": "Guy, Kyle", "personId": "1629657", "teamId": "1610612758", "jersey": "7", "isActive": true, "pos": "G", "heightFeet": "6", "heightInches": "1", "heightMeters": "1.85", "weightPounds": "170", "weightKilograms": "77.1", "dateOfBirthUTC": "1997-08-11", "teamSitesOnly": {"playerCode": "kyle_guy", "posFull": "Guard", "displayAffiliation": "Virginia/USA", "freeAgentCode": ""}, "teams": [{"teamId": "1610612758", "seasonStart": "2019", "seasonEnd": "2019"}], "draft": {"teamId": "1610612752", "pickNum": "55", "roundNum": "2", "seasonYear": "2019"}, "nbaDebutYear": "", "yearsPro": "0", "collegeName": "Virginia", "lastAffiliation": "University of Virginia/USA", "country": "USA"}