[{"SEASON_ID": "22018", "Player_ID": 1628035, "Game_ID": "0021801225", "GAME_DATE": "APR 10, 2019", "MATCHUP": "GSW @ MEM", "WL": "L", "MIN": 18, "FGM": 2, "FGA": 3, "FG_PCT": 0.667, "FG3M": 0, "FG3A": 1, "FG3_PCT": 0.0, "FTM": 0, "FTA": 1, "FT_PCT": 0.0, "OREB": 0, "DREB": 3, "REB": 3, "AST": 1, "STL": 0, "BLK": 0, "TOV": 1, "PF": 3, "PTS": 4, "PLUS_MINUS": -8, "VIDEO_AVAILABLE": 1}, {"SEASON_ID": "22018", "Player_ID": 1628035, "Game_ID": "0021801215", "GAME_DATE": "APR 09, 2019", "MATCHUP": "GSW @ NOP", "WL": "W", "MIN": 29, "FGM": 3, "FGA": 7, "FG_PCT": 0.429, "FG3M": 1, "FG3A": 3, "FG3_PCT": 0.333, "FTM": 3, "FTA": 4, "FT_PCT": 0.75, "OREB": 0, "DREB": 7, "REB": 7, "AST": 1, "STL": 2, "BLK": 0, "TOV": 0, "PF": 2, "PTS": 10, "PLUS_MINUS": 7, "VIDEO_AVAILABLE": 1}, {"SEASON_ID": "22018", "Player_ID": 1628035, "Game_ID": "0021801205", "GAME_DATE": "APR 07, 2019", "MATCHUP": "GSW vs. LAC", "WL": "W", "MIN": 14, "FGM": 2, "FGA": 3, "FG_PCT": 0.667, "FG3M": 2, "FG3A": 3, "FG3_PCT": 0.667, "FTM": 0, "FTA": 0, "FT_PCT": 0.0, "OREB": 1, "DREB": 1, "REB": 2, "AST": 0, "STL": 0, "BLK": 1, "TOV": 0, "PF": 1, "PTS": 6, "PLUS_MINUS": 16, "VIDEO_AVAILABLE": 1}, {"SEASON_ID": "22018", "Player_ID": 1628035, "Game_ID": "0021801191", "GAME_DATE": "APR 05, 2019", "MATCHUP": "GSW vs. CLE", "WL": "W", "MIN": 9, "FGM": 0, "FGA": 1, "FG_PCT": 0.0, "FG3M": 0, "FG3A": 1, "FG3_PCT": 0.0, "FTM": 0, "FTA": 0, "FT_PCT": 0.0, "OREB": 0, "DREB": 2, "REB": 2, "AST": 1, "STL": 0, "BLK": 1, "TOV": 0, "PF": 1, "PTS": 0, "PLUS_MINUS": -4, "VIDEO_AVAILABLE": 1}, {"SEASON_ID": "22018", "Player_ID": 1628035, "Game_ID": "0021801179", "GAME_DATE": "APR 04, 2019", "MATCHUP": "GSW @ LAL", "WL": "W", "MIN": 16, "FGM": 2, "FGA": 4, "FG_PCT": 0.5, "FG3M": 1, "FG3A": 3, "FG3_PCT": 0.333, "FTM": 0, "FTA": 0, "FT_PCT": 0.0, "OREB": 0, "DREB": 4, "REB": 4, "AST": 0, "STL": 0, "BLK": 0, "TOV": 0, "PF": 3, "PTS": 5, "PLUS_MINUS": -10, "VIDEO_AVAILABLE": 1}, {"SEASON_ID": "22018", "Player_ID": 1628035, "Game_ID": "0021801164", "GAME_DATE": "APR 02, 2019", "MATCHUP": "GSW vs. DEN", "WL": "W", "MIN": 17, "FGM": 2, "FGA": 6, "FG_PCT": 0.333, "FG3M": 1, "FG3A": 2, "FG3_PCT": 0.5, "FTM": 0, "FTA": 1, "FT_PCT": 0.0, "OREB": 3, "DREB": 2, "REB": 5, "AST": 1, "STL": 1, "BLK": 0, "TOV": 2, "PF": 0, "PTS": 5, "PLUS_MINUS": -9, "VIDEO_AVAILABLE": 1}, {"SEASON_ID": "22018", "Player_ID": 1628035, "Game_ID": "0021801150", "GAME_DATE": "MAR 31, 2019", "MATCHUP": "GSW vs. CHA", "WL": "W", "MIN": 18, "FGM": 3, "FGA": 4, "FG_PCT": 0.75, "FG3M": 1, "FG3A": 2, "FG3_PCT": 0.5, "FTM": 1, "FTA": 2, "FT_PCT": 0.5, "OREB": 1, "DREB": 3, "REB": 4, "AST": 1, "STL": 0, "BLK": 0, "TOV": 1, "PF": 4, "PTS": 8, "PLUS_MINUS": 9, "VIDEO_AVAILABLE": 1}, {"SEASON_ID": "22018", "Player_ID": 1628035, "Game_ID": "0021801132", "GAME_DATE": "MAR 29, 2019", "MATCHUP": "GSW @ MIN", "WL": "L", "MIN": 6, "FGM": 0, "FGA": 0, "FG_PCT": 0.0, "FG3M": 0, "FG3A": 0, "FG3_PCT": 0.0, "FTM": 0, "FTA": 0, "FT_PCT": 0.0, "OREB": 0, "DREB": 0, "REB": 0, "AST": 0, "STL": 0, "BLK": 0, "TOV": 1, "PF": 1, "PTS": 0, "PLUS_MINUS": -7, "VIDEO_AVAILABLE": 1}, {"SEASON_ID": "22018", "Player_ID": 1628035, "Game_ID": "0021801118", "GAME_DATE": "MAR 27, 2019", "MATCHUP": "GSW @ MEM", "WL": "W", "MIN": 6, "FGM": 1, "FGA": 2, "FG_PCT": 0.5, "FG3M": 0, "FG3A": 1, "FG3_PCT": 0.0, "FTM": 0, "FTA": 0, "FT_PCT": 0.0, "OREB": 1, "DREB": 0, "REB": 1, "AST": 0, "STL": 0, "BLK": 0, "TOV": 0, "PF": 0, "PTS": 2, "PLUS_MINUS": -10, "VIDEO_AVAILABLE": 1}, {"SEASON_ID": "22018", "Player_ID": 1628035, "Game_ID": "0021801101", "GAME_DATE": "MAR 24, 2019", "MATCHUP": "GSW vs. DET", "WL": "W", "MIN": 8, "FGM": 1, "FGA": 1, "FG_PCT": 1.0, "FG3M": 1, "FG3A": 1, "FG3_PCT": 1.0, "FTM": 0, "FTA": 0, "FT_PCT": 0.0, "OREB": 0, "DREB": 1, "REB": 1, "AST": 0, "STL": 1, "BLK": 0, "TOV": 0, "PF": 1, "PTS": 3, "PLUS_MINUS": 18, "VIDEO_AVAILABLE": 1}, {"SEASON_ID": "22018", "Player_ID": 1628035, "Game_ID": "0021801092", "GAME_DATE": "MAR 23, 2019", "MATCHUP": "GSW vs. DAL", "WL": "L", "MIN": 16, "FGM": 1, "FGA": 2, "FG_PCT": 0.5, "FG3M": 0, "FG3A": 1, "FG3_PCT": 0.0, "FTM": 3, "FTA": 4, "FT_PCT": 0.75, "OREB": 0, "DREB": 2, "REB": 2, "AST": 1, "STL": 0, "BLK": 0, "TOV": 0, "PF": 0, "PTS": 5, "PLUS_MINUS": 8, "VIDEO_AVAILABLE": 1}, {"SEASON_ID": "22018", "Player_ID": 1628035, "Game_ID": "0021801079", "GAME_DATE": "MAR 21, 2019", "MATCHUP": "GSW vs. IND", "WL": "W", "MIN": 7, "FGM": 2, "FGA": 2, "FG_PCT": 1.0, "FG3M": 2, "FG3A": 2, "FG3_PCT": 1.0, "FTM": 0, "FTA": 0, "FT_PCT": 0.0, "OREB": 0, "DREB": 0, "REB": 0, "AST": 0, "STL": 0, "BLK": 0, "TOV": 0, "PF": 1, "PTS": 6, "PLUS_MINUS": -10, "VIDEO_AVAILABLE": 1}, {"SEASON_ID": "22018", "Player_ID": 1628035, "Game_ID": "0021801062", "GAME_DATE": "MAR 19, 2019", "MATCHUP": "GSW @ MIN", "WL": "W", "MIN": 16, "FGM": 0, "FGA": 5, "FG_PCT": 0.0, "FG3M": 0, "FG3A": 2, "FG3_PCT": 0.0, "FTM": 0, "FTA": 0, "FT_PCT": 0.0, "OREB": 2, "DREB": 7, "REB": 9, "AST": 0, "STL": 0, "BLK": 2, "TOV": 0, "PF": 4, "PTS": 0, "PLUS_MINUS": 12, "VIDEO_AVAILABLE": 1}, {"SEASON_ID": "22018", "Player_ID": 1628035, "Game_ID": "0021801055", "GAME_DATE": "MAR 18, 2019", "MATCHUP": "GSW @ SAS", "WL": "L", "MIN": 19, "FGM": 4, "FGA": 6, "FG_PCT": 0.667, "FG3M": 0, "FG3A": 2, "FG3_PCT": 0.0, "FTM": 0, "FTA": 0, "FT_PCT": 0.0, "OREB": 2, "DREB": 4, "REB": 6, "AST": 0, "STL": 0, "BLK": 0, "TOV": 0, "PF": 1, "PTS": 8, "PLUS_MINUS": -2, "VIDEO_AVAILABLE": 1}, {"SEASON_ID": "22018", "Player_ID": 1628035, "Game_ID": "0021801038", "GAME_DATE": "MAR 16, 2019", "MATCHUP": "GSW @ OKC", "WL": "W", "MIN": 17, "FGM": 2, "FGA": 5, "FG_PCT": 0.4, "FG3M": 1, "FG3A": 2, "FG3_PCT": 0.5, "FTM": 2, "FTA": 2, "FT_PCT": 1.0, "OREB": 2, "DREB": 5, "REB": 7, "AST": 1, "STL": 1, "BLK": 0, "TOV": 0, "PF": 5, "PTS": 7, "PLUS_MINUS": -6, "VIDEO_AVAILABLE": 1}, {"SEASON_ID": "22018", "Player_ID": 1628035, "Game_ID": "0021801018", "GAME_DATE": "MAR 13, 2019", "MATCHUP": "GSW @ HOU", "WL": "W", "MIN": 14, "FGM": 2, "FGA": 5, "FG_PCT": 0.4, "FG3M": 1, "FG3A": 2, "FG3_PCT": 0.5, "FTM": 0, "FTA": 0, "FT_PCT": 0.0, "OREB": 1, "DREB": 4, "REB": 5, "AST": 0, "STL": 0, "BLK": 0, "TOV": 0, "PF": 4, "PTS": 5, "PLUS_MINUS": 3, "VIDEO_AVAILABLE": 1}, {"SEASON_ID": "22018", "Player_ID": 1628035, "Game_ID": "0021801000", "GAME_DATE": "MAR 10, 2019", "MATCHUP": "GSW vs. PHX", "WL": "L", "MIN": 13, "FGM": 3, "FGA": 3, "FG_PCT": 1.0, "FG3M": 1, "FG3A": 1, "FG3_PCT": 1.0, "FTM": 1, "FTA": 2, "FT_PCT": 0.5, "OREB": 0, "DREB": 4, "REB": 4, "AST": 0, "STL": 0, "BLK": 0, "TOV": 0, "PF": 2, "PTS": 8, "PLUS_MINUS": 0, "VIDEO_AVAILABLE": 1}, {"SEASON_ID": "22018", "Player_ID": 1628035, "Game_ID": "0021800984", "GAME_DATE": "MAR 08, 2019", "MATCHUP": "GSW vs. DEN", "WL": "W", "MIN": 7, "FGM": 1, "FGA": 2, "FG_PCT": 0.5, "FG3M": 1, "FG3A": 1, "FG3_PCT": 1.0, "FTM": 0, "FTA": 0, "FT_PCT": 0.0, "OREB": 2, "DREB": 1, "REB": 3, "AST": 0, "STL": 0, "BLK": 0, "TOV": 0, "PF": 0, "PTS": 3, "PLUS_MINUS": -8, "VIDEO_AVAILABLE": 1}, {"SEASON_ID": "22018", "Player_ID": 1628035, "Game_ID": "0021800964", "GAME_DATE": "MAR 05, 2019", "MATCHUP": "GSW vs. BOS", "WL": "L", "MIN": 17, "FGM": 3, "FGA": 5, "FG_PCT": 0.6, "FG3M": 0, "FG3A": 2, "FG3_PCT": 0.0, "FTM": 1, "FTA": 1, "FT_PCT": 1.0, "OREB": 2, "DREB": 1, "REB": 3, "AST": 1, "STL": 1, "BLK": 0, "TOV": 1, "PF": 2, "PTS": 7, "PLUS_MINUS": -12, "VIDEO_AVAILABLE": 1}, {"SEASON_ID": "22018", "Player_ID": 1628035, "Game_ID": "0021800938", "GAME_DATE": "MAR 02, 2019", "MATCHUP": "GSW @ PHI", "WL": "W", "MIN": 7, "FGM": 0, "FGA": 0, "FG_PCT": 0.0, "FG3M": 0, "FG3A": 0, "FG3_PCT": 0.0, "FTM": 0, "FTA": 0, "FT_PCT": 0.0, "OREB": 0, "DREB": 1, "REB": 1, "AST": 1, "STL": 0, "BLK": 0, "TOV": 0, "PF": 1, "PTS": 0, "PLUS_MINUS": -3, "VIDEO_AVAILABLE": 1}, {"SEASON_ID": "22018", "Player_ID": 1628035, "Game_ID": "0021800923", "GAME_DATE": "FEB 28, 2019", "MATCHUP": "GSW @ ORL", "WL": "L", "MIN": 24, "FGM": 2, "FGA": 7, "FG_PCT": 0.286, "FG3M": 0, "FG3A": 2, "FG3_PCT": 0.0, "FTM": 0, "FTA": 0, "FT_PCT": 0.0, "OREB": 1, "DREB": 2, "REB": 3, "AST": 3, "STL": 2, "BLK": 0, "TOV": 1, "PF": 2, "PTS": 4, "PLUS_MINUS": -3, "VIDEO_AVAILABLE": 1}, {"SEASON_ID": "22018", "Player_ID": 1628035, "Game_ID": "0021800915", "GAME_DATE": "FEB 27, 2019", "MATCHUP": "GSW @ MIA", "WL": "L", "MIN": 4, "FGM": 0, "FGA": 0, "FG_PCT": 0.0, "FG3M": 0, "FG3A": 0, "FG3_PCT": 0.0, "FTM": 0, "FTA": 0, "FT_PCT": 0.0, "OREB": 0, "DREB": 0, "REB": 0, "AST": 0, "STL": 0, "BLK": 0, "TOV": 0, "PF": 2, "PTS": 0, "PLUS_MINUS": -5, "VIDEO_AVAILABLE": 1}, {"SEASON_ID": "22018", "Player_ID": 1628035, "Game_ID": "0021800897", "GAME_DATE": "FEB 25, 2019", "MATCHUP": "GSW @ CHA", "WL": "W", "MIN": 16, "FGM": 2, "FGA": 5, "FG_PCT": 0.4, "FG3M": 1, "FG3A": 3, "FG3_PCT": 0.333, "FTM": 0, "FTA": 0, "FT_PCT": 0.0, "OREB": 2, "DREB": 4, "REB": 6, "AST": 0, "STL": 0, "BLK": 1, "TOV": 1, "PF": 1, "PTS": 5, "PLUS_MINUS": 0, "VIDEO_AVAILABLE": 1}, {"SEASON_ID": "22018", "Player_ID": 1628035, "Game_ID": "0021800871", "GAME_DATE": "FEB 21, 2019", "MATCHUP": "GSW vs. SAC", "WL": "W", "MIN": 8, "FGM": 0, "FGA": 1, "FG_PCT": 0.0, "FG3M": 0, "FG3A": 1, "FG3_PCT": 0.0, "FTM": 0, "FTA": 0, "FT_PCT": 0.0, "OREB": 0, "DREB": 0, "REB": 0, "AST": 0, "STL": 0, "BLK": 0, "TOV": 0, "PF": 1, "PTS": 0, "PLUS_MINUS": 1, "VIDEO_AVAILABLE": 1}, {"SEASON_ID": "22018", "Player_ID": 1628035, "Game_ID": "0021800862", "GAME_DATE": "FEB 13, 2019", "MATCHUP": "GSW @ POR", "WL": "L", "MIN": 18, "FGM": 1, "FGA": 2, "FG_PCT": 0.5, "FG3M": 0, "FG3A": 0, "FG3_PCT": 0.0, "FTM": 0, "FTA": 0, "FT_PCT": 0.0, "OREB": 1, "DREB": 1, "REB": 2, "AST": 0, "STL": 0, "BLK": 0, "TOV": 0, "PF": 3, "PTS": 2, "PLUS_MINUS": -9, "VIDEO_AVAILABLE": 1}, {"SEASON_ID": "22018", "Player_ID": 1628035, "Game_ID": "0021800852", "GAME_DATE": "FEB 12, 2019", "MATCHUP": "GSW vs. UTA", "WL": "W", "MIN": 5, "FGM": 2, "FGA": 2, "FG_PCT": 1.0, "FG3M": 0, "FG3A": 0, "FG3_PCT": 0.0, "FTM": 1, "FTA": 2, "FT_PCT": 0.5, "OREB": 2, "DREB": 0, "REB": 2, "AST": 0, "STL": 0, "BLK": 0, "TOV": 0, "PF": 0, "PTS": 5, "PLUS_MINUS": -5, "VIDEO_AVAILABLE": 1}, {"SEASON_ID": "22018", "Player_ID": 1628035, "Game_ID": "0021800838", "GAME_DATE": "FEB 10, 2019", "MATCHUP": "GSW vs. MIA", "WL": "W", "MIN": 4, "FGM": 1, "FGA": 1, "FG_PCT": 1.0, "FG3M": 0, "FG3A": 0, "FG3_PCT": 0.0, "FTM": 0, "FTA": 0, "FT_PCT": 0.0, "OREB": 0, "DREB": 0, "REB": 0, "AST": 0, "STL": 0, "BLK": 0, "TOV": 0, "PF": 1, "PTS": 2, "PLUS_MINUS": 2, "VIDEO_AVAILABLE": 1}, {"SEASON_ID": "22018", "Player_ID": 1628035, "Game_ID": "0021800822", "GAME_DATE": "FEB 08, 2019", "MATCHUP": "GSW @ PHX", "WL": "W", "MIN": 1, "FGM": 0, "FGA": 0, "FG_PCT": 0.0, "FG3M": 0, "FG3A": 0, "FG3_PCT": 0.0, "FTM": 0, "FTA": 0, "FT_PCT": 0.0, "OREB": 0, "DREB": 0, "REB": 0, "AST": 0, "STL": 0, "BLK": 0, "TOV": 0, "PF": 1, "PTS": 0, "PLUS_MINUS": -5, "VIDEO_AVAILABLE": 1}, {"SEASON_ID": "22018", "Player_ID": 1628035, "Game_ID": "0021800810", "GAME_DATE": "FEB 06, 2019", "MATCHUP": "GSW vs. SAS", "WL": "W", "MIN": 15, "FGM": 1, "FGA": 3, "FG_PCT": 0.333, "FG3M": 0, "FG3A": 1, "FG3_PCT": 0.0, "FTM": 0, "FTA": 0, "FT_PCT": 0.0, "OREB": 3, "DREB": 2, "REB": 5, "AST": 3, "STL": 0, "BLK": 0, "TOV": 2, "PF": 4, "PTS": 2, "PLUS_MINUS": 1, "VIDEO_AVAILABLE": 1}, {"SEASON_ID": "22018", "Player_ID": 1628035, "Game_ID": "0021800782", "GAME_DATE": "FEB 02, 2019", "MATCHUP": "GSW vs. LAL", "WL": "W", "MIN": 14, "FGM": 3, "FGA": 6, "FG_PCT": 0.5, "FG3M": 1, "FG3A": 4, "FG3_PCT": 0.25, "FTM": 0, "FTA": 0, "FT_PCT": 0.0, "OREB": 0, "DREB": 2, "REB": 2, "AST": 0, "STL": 0, "BLK": 1, "TOV": 0, "PF": 1, "PTS": 7, "PLUS_MINUS": -5, "VIDEO_AVAILABLE": 1}, {"SEASON_ID": "22018", "Player_ID": 1628035, "Game_ID": "0021800768", "GAME_DATE": "JAN 31, 2019", "MATCHUP": "GSW vs. PHI", "WL": "L", "MIN": 27, "FGM": 5, "FGA": 5, "FG_PCT": 1.0, "FG3M": 0, "FG3A": 0, "FG3_PCT": 0.0, "FTM": 1, "FTA": 2, "FT_PCT": 0.5, "OREB": 1, "DREB": 3, "REB": 4, "AST": 0, "STL": 0, "BLK": 0, "TOV": 0, "PF": 2, "PTS": 11, "PLUS_MINUS": 2, "VIDEO_AVAILABLE": 1}, {"SEASON_ID": "22018", "Player_ID": 1628035, "Game_ID": "0021800745", "GAME_DATE": "JAN 28, 2019", "MATCHUP": "GSW @ IND", "WL": "W", "MIN": 12, "FGM": 0, "FGA": 1, "FG_PCT": 0.0, "FG3M": 0, "FG3A": 0, "FG3_PCT": 0.0, "FTM": 0, "FTA": 0, "FT_PCT": 0.0, "OREB": 1, "DREB": 2, "REB": 3, "AST": 1, "STL": 1, "BLK": 0, "TOV": 0, "PF": 1, "PTS": 0, "PLUS_MINUS": 14, "VIDEO_AVAILABLE": 1}, {"SEASON_ID": "22018", "Player_ID": 1628035, "Game_ID": "0021800732", "GAME_DATE": "JAN 26, 2019", "MATCHUP": "GSW @ BOS", "WL": "W", "MIN": 9, "FGM": 0, "FGA": 1, "FG_PCT": 0.0, "FG3M": 0, "FG3A": 1, "FG3_PCT": 0.0, "FTM": 0, "FTA": 0, "FT_PCT": 0.0, "OREB": 1, "DREB": 2, "REB": 3, "AST": 0, "STL": 0, "BLK": 0, "TOV": 1, "PF": 0, "PTS": 0, "PLUS_MINUS": 11, "VIDEO_AVAILABLE": 1}, {"SEASON_ID": "22018", "Player_ID": 1628035, "Game_ID": "0021800716", "GAME_DATE": "JAN 24, 2019", "MATCHUP": "GSW @ WAS", "WL": "W", "MIN": 16, "FGM": 4, "FGA": 5, "FG_PCT": 0.8, "FG3M": 0, "FG3A": 0, "FG3_PCT": 0.0, "FTM": 0, "FTA": 0, "FT_PCT": 0.0, "OREB": 2, "DREB": 4, "REB": 6, "AST": 0, "STL": 1, "BLK": 0, "TOV": 1, "PF": 2, "PTS": 8, "PLUS_MINUS": 4, "VIDEO_AVAILABLE": 1}, {"SEASON_ID": "22018", "Player_ID": 1628035, "Game_ID": "0021800701", "GAME_DATE": "JAN 21, 2019", "MATCHUP": "GSW @ LAL", "WL": "W", "MIN": 21, "FGM": 3, "FGA": 8, "FG_PCT": 0.375, "FG3M": 2, "FG3A": 5, "FG3_PCT": 0.4, "FTM": 0, "FTA": 2, "FT_PCT": 0.0, "OREB": 2, "DREB": 1, "REB": 3, "AST": 0, "STL": 0, "BLK": 0, "TOV": 0, "PF": 5, "PTS": 8, "PLUS_MINUS": -10, "VIDEO_AVAILABLE": 1}, {"SEASON_ID": "22018", "Player_ID": 1628035, "Game_ID": "0021800676", "GAME_DATE": "JAN 18, 2019", "MATCHUP": "GSW @ LAC", "WL": "W", "MIN": 11, "FGM": 1, "FGA": 2, "FG_PCT": 0.5, "FG3M": 0, "FG3A": 1, "FG3_PCT": 0.0, "FTM": 0, "FTA": 0, "FT_PCT": 0.0, "OREB": 0, "DREB": 0, "REB": 0, "AST": 0, "STL": 1, "BLK": 0, "TOV": 1, "PF": 2, "PTS": 2, "PLUS_MINUS": -2, "VIDEO_AVAILABLE": 1}, {"SEASON_ID": "22018", "Player_ID": 1628035, "Game_ID": "0021800663", "GAME_DATE": "JAN 16, 2019", "MATCHUP": "GSW vs. NOP", "WL": "W", "MIN": 15, "FGM": 3, "FGA": 7, "FG_PCT": 0.429, "FG3M": 1, "FG3A": 3, "FG3_PCT": 0.333, "FTM": 0, "FTA": 0, "FT_PCT": 0.0, "OREB": 0, "DREB": 5, "REB": 5, "AST": 0, "STL": 1, "BLK": 1, "TOV": 0, "PF": 1, "PTS": 7, "PLUS_MINUS": 14, "VIDEO_AVAILABLE": 1}, {"SEASON_ID": "22018", "Player_ID": 1628035, "Game_ID": "0021800655", "GAME_DATE": "JAN 15, 2019", "MATCHUP": "GSW @ DEN", "WL": "W", "MIN": 22, "FGM": 1, "FGA": 3, "FG_PCT": 0.333, "FG3M": 0, "FG3A": 2, "FG3_PCT": 0.0, "FTM": 0, "FTA": 0, "FT_PCT": 0.0, "OREB": 1, "DREB": 3, "REB": 4, "AST": 0, "STL": 0, "BLK": 1, "TOV": 0, "PF": 2, "PTS": 2, "PLUS_MINUS": 11, "VIDEO_AVAILABLE": 1}, {"SEASON_ID": "22018", "Player_ID": 1628035, "Game_ID": "0021800642", "GAME_DATE": "JAN 13, 2019", "MATCHUP": "GSW @ DAL", "WL": "W", "MIN": 16, "FGM": 4, "FGA": 5, "FG_PCT": 0.8, "FG3M": 2, "FG3A": 3, "FG3_PCT": 0.667, "FTM": 0, "FTA": 0, "FT_PCT": 0.0, "OREB": 3, "DREB": 2, "REB": 5, "AST": 0, "STL": 0, "BLK": 1, "TOV": 1, "PF": 2, "PTS": 10, "PLUS_MINUS": -2, "VIDEO_AVAILABLE": 1}, {"SEASON_ID": "22018", "Player_ID": 1628035, "Game_ID": "0021800629", "GAME_DATE": "JAN 11, 2019", "MATCHUP": "GSW vs. CHI", "WL": "W", "MIN": 20, "FGM": 1, "FGA": 3, "FG_PCT": 0.333, "FG3M": 0, "FG3A": 1, "FG3_PCT": 0.0, "FTM": 2, "FTA": 2, "FT_PCT": 1.0, "OREB": 2, "DREB": 6, "REB": 8, "AST": 0, "STL": 0, "BLK": 0, "TOV": 2, "PF": 5, "PTS": 4, "PLUS_MINUS": -3, "VIDEO_AVAILABLE": 1}, {"SEASON_ID": "22018", "Player_ID": 1628035, "Game_ID": "0021800605", "GAME_DATE": "JAN 08, 2019", "MATCHUP": "GSW vs. NYK", "WL": "W", "MIN": 16, "FGM": 2, "FGA": 4, "FG_PCT": 0.5, "FG3M": 1, "FG3A": 3, "FG3_PCT": 0.333, "FTM": 0, "FTA": 0, "FT_PCT": 0.0, "OREB": 2, "DREB": 3, "REB": 5, "AST": 0, "STL": 0, "BLK": 0, "TOV": 1, "PF": 1, "PTS": 5, "PLUS_MINUS": -4, "VIDEO_AVAILABLE": 1}, {"SEASON_ID": "22018", "Player_ID": 1628035, "Game_ID": "0021800583", "GAME_DATE": "JAN 05, 2019", "MATCHUP": "GSW @ SAC", "WL": "W", "MIN": 8, "FGM": 0, "FGA": 2, "FG_PCT": 0.0, "FG3M": 0, "FG3A": 1, "FG3_PCT": 0.0, "FTM": 0, "FTA": 0, "FT_PCT": 0.0, "OREB": 1, "DREB": 0, "REB": 1, "AST": 2, "STL": 0, "BLK": 0, "TOV": 1, "PF": 0, "PTS": 0, "PLUS_MINUS": -2, "VIDEO_AVAILABLE": 1}, {"SEASON_ID": "22018", "Player_ID": 1628035, "Game_ID": "0021800565", "GAME_DATE": "JAN 03, 2019", "MATCHUP": "GSW vs. HOU", "WL": "L", "MIN": 5, "FGM": 2, "FGA": 2, "FG_PCT": 1.0, "FG3M": 1, "FG3A": 1, "FG3_PCT": 1.0, "FTM": 0, "FTA": 0, "FT_PCT": 0.0, "OREB": 1, "DREB": 1, "REB": 2, "AST": 1, "STL": 0, "BLK": 0, "TOV": 0, "PF": 0, "PTS": 5, "PLUS_MINUS": 1, "VIDEO_AVAILABLE": 1}, {"SEASON_ID": "22018", "Player_ID": 1628035, "Game_ID": "0021800548", "GAME_DATE": "DEC 31, 2018", "MATCHUP": "GSW @ PHX", "WL": "W", "MIN": 14, "FGM": 2, "FGA": 5, "FG_PCT": 0.4, "FG3M": 0, "FG3A": 1, "FG3_PCT": 0.0, "FTM": 0, "FTA": 0, "FT_PCT": 0.0, "OREB": 0, "DREB": 2, "REB": 2, "AST": 0, "STL": 0, "BLK": 0, "TOV": 1, "PF": 1, "PTS": 4, "PLUS_MINUS": -2, "VIDEO_AVAILABLE": 1}, {"SEASON_ID": "22018", "Player_ID": 1628035, "Game_ID": "0021800534", "GAME_DATE": "DEC 29, 2018", "MATCHUP": "GSW @ POR", "WL": "W", "MIN": 13, "FGM": 0, "FGA": 1, "FG_PCT": 0.0, "FG3M": 0, "FG3A": 1, "FG3_PCT": 0.0, "FTM": 0, "FTA": 0, "FT_PCT": 0.0, "OREB": 1, "DREB": 2, "REB": 3, "AST": 1, "STL": 1, "BLK": 0, "TOV": 0, "PF": 4, "PTS": 0, "PLUS_MINUS": -7, "VIDEO_AVAILABLE": 1}, {"SEASON_ID": "22018", "Player_ID": 1628035, "Game_ID": "0021800516", "GAME_DATE": "DEC 27, 2018", "MATCHUP": "GSW vs. POR", "WL": "L", "MIN": 3, "FGM": 0, "FGA": 0, "FG_PCT": 0.0, "FG3M": 0, "FG3A": 0, "FG3_PCT": 0.0, "FTM": 0, "FTA": 0, "FT_PCT": 0.0, "OREB": 1, "DREB": 1, "REB": 2, "AST": 0, "STL": 0, "BLK": 0, "TOV": 0, "PF": 0, "PTS": 0, "PLUS_MINUS": -5, "VIDEO_AVAILABLE": 1}, {"SEASON_ID": "22018", "Player_ID": 1628035, "Game_ID": "0021800500", "GAME_DATE": "DEC 25, 2018", "MATCHUP": "GSW vs. LAL", "WL": "L", "MIN": 13, "FGM": 2, "FGA": 10, "FG_PCT": 0.2, "FG3M": 0, "FG3A": 2, "FG3_PCT": 0.0, "FTM": 1, "FTA": 2, "FT_PCT": 0.5, "OREB": 2, "DREB": 3, "REB": 5, "AST": 1, "STL": 0, "BLK": 0, "TOV": 0, "PF": 1, "PTS": 5, "PLUS_MINUS": -10, "VIDEO_AVAILABLE": 1}, {"SEASON_ID": "22018", "Player_ID": 1628035, "Game_ID": "0021800494", "GAME_DATE": "DEC 23, 2018", "MATCHUP": "GSW vs. LAC", "WL": "W", "MIN": 14, "FGM": 3, "FGA": 4, "FG_PCT": 0.75, "FG3M": 0, "FG3A": 1, "FG3_PCT": 0.0, "FTM": 0, "FTA": 0, "FT_PCT": 0.0, "OREB": 3, "DREB": 3, "REB": 6, "AST": 0, "STL": 0, "BLK": 0, "TOV": 0, "PF": 3, "PTS": 6, "PLUS_MINUS": -12, "VIDEO_AVAILABLE": 1}, {"SEASON_ID": "22018", "Player_ID": 1628035, "Game_ID": "0021800484", "GAME_DATE": "DEC 22, 2018", "MATCHUP": "GSW vs. DAL", "WL": "W", "MIN": 7, "FGM": 0, "FGA": 0, "FG_PCT": 0.0, "FG3M": 0, "FG3A": 0, "FG3_PCT": 0.0, "FTM": 2, "FTA": 2, "FT_PCT": 1.0, "OREB": 0, "DREB": 0, "REB": 0, "AST": 0, "STL": 0, "BLK": 0, "TOV": 0, "PF": 3, "PTS": 2, "PLUS_MINUS": -8, "VIDEO_AVAILABLE": 1}, {"SEASON_ID": "22018", "Player_ID": 1628035, "Game_ID": "0021800464", "GAME_DATE": "DEC 19, 2018", "MATCHUP": "GSW @ UTA", "WL": "L", "MIN": 12, "FGM": 2, "FGA": 5, "FG_PCT": 0.4, "FG3M": 0, "FG3A": 1, "FG3_PCT": 0.0, "FTM": 0, "FTA": 0, "FT_PCT": 0.0, "OREB": 1, "DREB": 1, "REB": 2, "AST": 0, "STL": 2, "BLK": 0, "TOV": 0, "PF": 1, "PTS": 4, "PLUS_MINUS": 15, "VIDEO_AVAILABLE": 1}, {"SEASON_ID": "22018", "Player_ID": 1628035, "Game_ID": "0021800449", "GAME_DATE": "DEC 17, 2018", "MATCHUP": "GSW vs. MEM", "WL": "W", "MIN": 9, "FGM": 2, "FGA": 5, "FG_PCT": 0.4, "FG3M": 0, "FG3A": 2, "FG3_PCT": 0.0, "FTM": 0, "FTA": 0, "FT_PCT": 0.0, "OREB": 1, "DREB": 1, "REB": 2, "AST": 0, "STL": 0, "BLK": 0, "TOV": 0, "PF": 3, "PTS": 4, "PLUS_MINUS": 0, "VIDEO_AVAILABLE": 1}, {"SEASON_ID": "22018", "Player_ID": 1628035, "Game_ID": "0021800428", "GAME_DATE": "DEC 14, 2018", "MATCHUP": "GSW @ SAC", "WL": "W", "MIN": 16, "FGM": 1, "FGA": 4, "FG_PCT": 0.25, "FG3M": 0, "FG3A": 2, "FG3_PCT": 0.0, "FTM": 1, "FTA": 4, "FT_PCT": 0.25, "OREB": 4, "DREB": 4, "REB": 8, "AST": 1, "STL": 0, "BLK": 0, "TOV": 2, "PF": 2, "PTS": 3, "PLUS_MINUS": -24, "VIDEO_AVAILABLE": 1}, {"SEASON_ID": "22018", "Player_ID": 1628035, "Game_ID": "0021800415", "GAME_DATE": "DEC 12, 2018", "MATCHUP": "GSW vs. TOR", "WL": "L", "MIN": 17, "FGM": 3, "FGA": 4, "FG_PCT": 0.75, "FG3M": 1, "FG3A": 2, "FG3_PCT": 0.5, "FTM": 0, "FTA": 1, "FT_PCT": 0.0, "OREB": 0, "DREB": 4, "REB": 4, "AST": 0, "STL": 0, "BLK": 2, "TOV": 0, "PF": 1, "PTS": 7, "PLUS_MINUS": 1, "VIDEO_AVAILABLE": 1}, {"SEASON_ID": "22018", "Player_ID": 1628035, "Game_ID": "0021800400", "GAME_DATE": "DEC 10, 2018", "MATCHUP": "GSW vs. MIN", "WL": "W", "MIN": 24, "FGM": 3, "FGA": 7, "FG_PCT": 0.429, "FG3M": 1, "FG3A": 3, "FG3_PCT": 0.333, "FTM": 0, "FTA": 0, "FT_PCT": 0.0, "OREB": 4, "DREB": 2, "REB": 6, "AST": 0, "STL": 0, "BLK": 1, "TOV": 2, "PF": 5, "PTS": 7, "PLUS_MINUS": -3, "VIDEO_AVAILABLE": 1}, {"SEASON_ID": "22018", "Player_ID": 1628035, "Game_ID": "0021800377", "GAME_DATE": "DEC 07, 2018", "MATCHUP": "GSW @ MIL", "WL": "W", "MIN": 17, "FGM": 3, "FGA": 9, "FG_PCT": 0.333, "FG3M": 3, "FG3A": 7, "FG3_PCT": 0.429, "FTM": 0, "FTA": 0, "FT_PCT": 0.0, "OREB": 0, "DREB": 3, "REB": 3, "AST": 1, "STL": 0, "BLK": 0, "TOV": 0, "PF": 1, "PTS": 9, "PLUS_MINUS": 3, "VIDEO_AVAILABLE": 1}, {"SEASON_ID": "22018", "Player_ID": 1628035, "Game_ID": "0021800355", "GAME_DATE": "DEC 05, 2018", "MATCHUP": "GSW @ CLE", "WL": "W", "MIN": 13, "FGM": 2, "FGA": 4, "FG_PCT": 0.5, "FG3M": 0, "FG3A": 1, "FG3_PCT": 0.0, "FTM": 1, "FTA": 1, "FT_PCT": 1.0, "OREB": 2, "DREB": 3, "REB": 5, "AST": 0, "STL": 0, "BLK": 0, "TOV": 0, "PF": 2, "PTS": 5, "PLUS_MINUS": 22, "VIDEO_AVAILABLE": 1}, {"SEASON_ID": "22018", "Player_ID": 1628035, "Game_ID": "0021800213", "GAME_DATE": "NOV 15, 2018", "MATCHUP": "GSW @ HOU", "WL": "L", "MIN": 12, "FGM": 3, "FGA": 6, "FG_PCT": 0.5, "FG3M": 0, "FG3A": 1, "FG3_PCT": 0.0, "FTM": 2, "FTA": 3, "FT_PCT": 0.667, "OREB": 0, "DREB": 2, "REB": 2, "AST": 0, "STL": 0, "BLK": 0, "TOV": 1, "PF": 1, "PTS": 8, "PLUS_MINUS": -9, "VIDEO_AVAILABLE": 1}, {"SEASON_ID": "22018", "Player_ID": 1628035, "Game_ID": "0021800201", "GAME_DATE": "NOV 13, 2018", "MATCHUP": "GSW vs. ATL", "WL": "W", "MIN": 17, "FGM": 1, "FGA": 3, "FG_PCT": 0.333, "FG3M": 1, "FG3A": 1, "FG3_PCT": 1.0, "FTM": 0, "FTA": 0, "FT_PCT": 0.0, "OREB": 1, "DREB": 3, "REB": 4, "AST": 0, "STL": 1, "BLK": 0, "TOV": 1, "PF": 1, "PTS": 3, "PLUS_MINUS": -11, "VIDEO_AVAILABLE": 1}, {"SEASON_ID": "22018", "Player_ID": 1628035, "Game_ID": "0021800198", "GAME_DATE": "NOV 12, 2018", "MATCHUP": "GSW @ LAC", "WL": "L", "MIN": 11, "FGM": 1, "FGA": 2, "FG_PCT": 0.5, "FG3M": 1, "FG3A": 2, "FG3_PCT": 0.5, "FTM": 0, "FTA": 0, "FT_PCT": 0.0, "OREB": 0, "DREB": 3, "REB": 3, "AST": 1, "STL": 0, "BLK": 0, "TOV": 1, "PF": 2, "PTS": 3, "PLUS_MINUS": -5, "VIDEO_AVAILABLE": 1}, {"SEASON_ID": "22018", "Player_ID": 1628035, "Game_ID": "0021800182", "GAME_DATE": "NOV 10, 2018", "MATCHUP": "GSW vs. BKN", "WL": "W", "MIN": 28, "FGM": 2, "FGA": 3, "FG_PCT": 0.667, "FG3M": 0, "FG3A": 0, "FG3_PCT": 0.0, "FTM": 0, "FTA": 0, "FT_PCT": 0.0, "OREB": 0, "DREB": 2, "REB": 2, "AST": 0, "STL": 0, "BLK": 1, "TOV": 0, "PF": 3, "PTS": 4, "PLUS_MINUS": 8, "VIDEO_AVAILABLE": 1}, {"SEASON_ID": "22018", "Player_ID": 1628035, "Game_ID": "0021800166", "GAME_DATE": "NOV 08, 2018", "MATCHUP": "GSW vs. MIL", "WL": "L", "MIN": 20, "FGM": 2, "FGA": 10, "FG_PCT": 0.2, "FG3M": 1, "FG3A": 7, "FG3_PCT": 0.143, "FTM": 2, "FTA": 2, "FT_PCT": 1.0, "OREB": 2, "DREB": 3, "REB": 5, "AST": 2, "STL": 0, "BLK": 0, "TOV": 0, "PF": 1, "PTS": 7, "PLUS_MINUS": -4, "VIDEO_AVAILABLE": 1}, {"SEASON_ID": "22018", "Player_ID": 1628035, "Game_ID": "0021800147", "GAME_DATE": "NOV 05, 2018", "MATCHUP": "GSW vs. MEM", "WL": "W", "MIN": 29, "FGM": 6, "FGA": 9, "FG_PCT": 0.667, "FG3M": 2, "FG3A": 3, "FG3_PCT": 0.667, "FTM": 0, "FTA": 0, "FT_PCT": 0.0, "OREB": 1, "DREB": 1, "REB": 2, "AST": 3, "STL": 0, "BLK": 0, "TOV": 0, "PF": 3, "PTS": 14, "PLUS_MINUS": 10, "VIDEO_AVAILABLE": 1}, {"SEASON_ID": "22018", "Player_ID": 1628035, "Game_ID": "0021800124", "GAME_DATE": "NOV 02, 2018", "MATCHUP": "GSW vs. MIN", "WL": "W", "MIN": 27, "FGM": 3, "FGA": 4, "FG_PCT": 0.75, "FG3M": 2, "FG3A": 2, "FG3_PCT": 1.0, "FTM": 0, "FTA": 0, "FT_PCT": 0.0, "OREB": 3, "DREB": 5, "REB": 8, "AST": 0, "STL": 0, "BLK": 0, "TOV": 0, "PF": 5, "PTS": 8, "PLUS_MINUS": 8, "VIDEO_AVAILABLE": 1}, {"SEASON_ID": "22018", "Player_ID": 1628035, "Game_ID": "0021800108", "GAME_DATE": "OCT 31, 2018", "MATCHUP": "GSW vs. NOP", "WL": "W", "MIN": 11, "FGM": 2, "FGA": 3, "FG_PCT": 0.667, "FG3M": 0, "FG3A": 1, "FG3_PCT": 0.0, "FTM": 1, "FTA": 2, "FT_PCT": 0.5, "OREB": 2, "DREB": 3, "REB": 5, "AST": 1, "STL": 0, "BLK": 0, "TOV": 2, "PF": 4, "PTS": 5, "PLUS_MINUS": 4, "VIDEO_AVAILABLE": 1}, {"SEASON_ID": "22018", "Player_ID": 1628035, "Game_ID": "0021800091", "GAME_DATE": "OCT 29, 2018", "MATCHUP": "GSW @ CHI", "WL": "W", "MIN": 27, "FGM": 7, "FGA": 15, "FG_PCT": 0.467, "FG3M": 4, "FG3A": 6, "FG3_PCT": 0.667, "FTM": 1, "FTA": 4, "FT_PCT": 0.25, "OREB": 5, "DREB": 5, "REB": 10, "AST": 1, "STL": 0, "BLK": 1, "TOV": 0, "PF": 4, "PTS": 19, "PLUS_MINUS": 13, "VIDEO_AVAILABLE": 1}, {"SEASON_ID": "22018", "Player_ID": 1628035, "Game_ID": "0021800083", "GAME_DATE": "OCT 28, 2018", "MATCHUP": "GSW @ BKN", "WL": "W", "MIN": 17, "FGM": 4, "FGA": 5, "FG_PCT": 0.8, "FG3M": 1, "FG3A": 2, "FG3_PCT": 0.5, "FTM": 0, "FTA": 0, "FT_PCT": 0.0, "OREB": 1, "DREB": 4, "REB": 5, "AST": 0, "STL": 1, "BLK": 1, "TOV": 1, "PF": 2, "PTS": 9, "PLUS_MINUS": 12, "VIDEO_AVAILABLE": 1}, {"SEASON_ID": "22018", "Player_ID": 1628035, "Game_ID": "0021800068", "GAME_DATE": "OCT 26, 2018", "MATCHUP": "GSW @ NYK", "WL": "W", "MIN": 9, "FGM": 3, "FGA": 4, "FG_PCT": 0.75, "FG3M": 1, "FG3A": 1, "FG3_PCT": 1.0, "FTM": 0, "FTA": 0, "FT_PCT": 0.0, "OREB": 2, "DREB": 0, "REB": 2, "AST": 0, "STL": 0, "BLK": 0, "TOV": 0, "PF": 1, "PTS": 7, "PLUS_MINUS": 26, "VIDEO_AVAILABLE": 1}, {"SEASON_ID": "22018", "Player_ID": 1628035, "Game_ID": "0021800062", "GAME_DATE": "OCT 24, 2018", "MATCHUP": "GSW vs. WAS", "WL": "W", "MIN": 7, "FGM": 0, "FGA": 1, "FG_PCT": 0.0, "FG3M": 0, "FG3A": 1, "FG3_PCT": 0.0, "FTM": 0, "FTA": 0, "FT_PCT": 0.0, "OREB": 0, "DREB": 4, "REB": 4, "AST": 0, "STL": 0, "BLK": 0, "TOV": 0, "PF": 0, "PTS": 0, "PLUS_MINUS": -3, "VIDEO_AVAILABLE": 1}, {"SEASON_ID": "22018", "Player_ID": 1628035, "Game_ID": "0021800047", "GAME_DATE": "OCT 22, 2018", "MATCHUP": "GSW vs. PHX", "WL": "W", "MIN": 18, "FGM": 4, "FGA": 6, "FG_PCT": 0.667, "FG3M": 1, "FG3A": 2, "FG3_PCT": 0.5, "FTM": 1, "FTA": 2, "FT_PCT": 0.5, "OREB": 2, "DREB": 5, "REB": 7, "AST": 0, "STL": 0, "BLK": 0, "TOV": 0, "PF": 3, "PTS": 10, "PLUS_MINUS": 5, "VIDEO_AVAILABLE": 1}, {"SEASON_ID": "22018", "Player_ID": 1628035, "Game_ID": "0021800038", "GAME_DATE": "OCT 21, 2018", "MATCHUP": "GSW @ DEN", "WL": "L", "MIN": 3, "FGM": 0, "FGA": 2, "FG_PCT": 0.0, "FG3M": 0, "FG3A": 0, "FG3_PCT": 0.0, "FTM": 0, "FTA": 0, "FT_PCT": 0.0, "OREB": 0, "DREB": 0, "REB": 0, "AST": 0, "STL": 0, "BLK": 0, "TOV": 0, "PF": 0, "PTS": 0, "PLUS_MINUS": 0, "VIDEO_AVAILABLE": 1}, {"SEASON_ID": "22018", "Player_ID": 1628035, "Game_ID": "0021800024", "GAME_DATE": "OCT 19, 2018", "MATCHUP": "GSW @ UTA", "WL": "W", "MIN": 12, "FGM": 1, "FGA": 2, "FG_PCT": 0.5, "FG3M": 1, "FG3A": 1, "FG3_PCT": 1.0, "FTM": 0, "FTA": 0, "FT_PCT": 0.0, "OREB": 0, "DREB": 2, "REB": 2, "AST": 0, "STL": 1, "BLK": 0, "TOV": 1, "PF": 2, "PTS": 3, "PLUS_MINUS": -4, "VIDEO_AVAILABLE": 1}, {"SEASON_ID": "22018", "Player_ID": 1628035, "Game_ID": "0021800002", "GAME_DATE": "OCT 16, 2018", "MATCHUP": "GSW vs. OKC", "WL": "W", "MIN": 2, "FGM": 0, "FGA": 1, "FG_PCT": 0.0, "FG3M": 0, "FG3A": 1, "FG3_PCT": 0.0, "FTM": 0, "FTA": 0, "FT_PCT": 0.0, "OREB": 0, "DREB": 0, "REB": 0, "AST": 0, "STL": 0, "BLK": 0, "TOV": 0, "PF": 0, "PTS": 0, "PLUS_MINUS": -1, "VIDEO_AVAILABLE": 1}, {"SEASON_ID": "22017", "Player_ID": 1628035, "Game_ID": "0021701204", "GAME_DATE": "APR 09, 2018", "MATCHUP": "TOR @ DET", "WL": "W", "MIN": 5, "FGM": 1, "FGA": 2, "FG_PCT": 0.5, "FG3M": 0, "FG3A": 1, "FG3_PCT": 0.0, "FTM": 0, "FTA": 0, "FT_PCT": 0.0, "OREB": 1, "DREB": 0, "REB": 1, "AST": 0, "STL": 0, "BLK": 0, "TOV": 0, "PF": 0, "PTS": 2, "PLUS_MINUS": -11, "VIDEO_AVAILABLE": 1}, {"SEASON_ID": "22017", "Player_ID": 1628035, "Game_ID": "0021700958", "GAME_DATE": "MAR 06, 2018", "MATCHUP": "TOR vs. ATL", "WL": "W", "MIN": 1, "FGM": 0, "FGA": 0, "FG_PCT": 0.0, "FG3M": 0, "FG3A": 0, "FG3_PCT": 0.0, "FTM": 0, "FTA": 0, "FT_PCT": 0.0, "OREB": 0, "DREB": 0, "REB": 0, "AST": 0, "STL": 0, "BLK": 0, "TOV": 0, "PF": 1, "PTS": 0, "PLUS_MINUS": -1, "VIDEO_AVAILABLE": 1}, {"SEASON_ID": "22017", "Player_ID": 1628035, "Game_ID": "0021700859", "GAME_DATE": "FEB 14, 2018", "MATCHUP": "TOR @ CHI", "WL": "W", "MIN": 5, "FGM": 1, "FGA": 1, "FG_PCT": 1.0, "FG3M": 1, "FG3A": 1, "FG3_PCT": 1.0, "FTM": 0, "FTA": 0, "FT_PCT": 0.0, "OREB": 0, "DREB": 0, "REB": 0, "AST": 0, "STL": 0, "BLK": 0, "TOV": 0, "PF": 1, "PTS": 3, "PLUS_MINUS": -1, "VIDEO_AVAILABLE": 1}, {"SEASON_ID": "22017", "Player_ID": 1628035, "Game_ID": "0021700769", "GAME_DATE": "FEB 02, 2018", "MATCHUP": "TOR vs. POR", "WL": "W", "MIN": 4, "FGM": 1, "FGA": 3, "FG_PCT": 0.333, "FG3M": 1, "FG3A": 2, "FG3_PCT": 0.5, "FTM": 0, "FTA": 0, "FT_PCT": 0.0, "OREB": 0, "DREB": 0, "REB": 0, "AST": 0, "STL": 0, "BLK": 0, "TOV": 0, "PF": 0, "PTS": 3, "PLUS_MINUS": -1, "VIDEO_AVAILABLE": 1}, {"SEASON_ID": "22017", "Player_ID": 1628035, "Game_ID": "0021700705", "GAME_DATE": "JAN 24, 2018", "MATCHUP": "TOR @ ATL", "WL": "W", "MIN": 6, "FGM": 1, "FGA": 2, "FG_PCT": 0.5, "FG3M": 0, "FG3A": 1, "FG3_PCT": 0.0, "FTM": 0, "FTA": 0, "FT_PCT": 0.0, "OREB": 0, "DREB": 1, "REB": 1, "AST": 0, "STL": 0, "BLK": 0, "TOV": 2, "PF": 0, "PTS": 2, "PLUS_MINUS": -13, "VIDEO_AVAILABLE": 1}, {"SEASON_ID": "22017", "Player_ID": 1628035, "Game_ID": "0021700424", "GAME_DATE": "DEC 15, 2017", "MATCHUP": "TOR vs. BKN", "WL": "W", "MIN": 7, "FGM": 0, "FGA": 1, "FG_PCT": 0.0, "FG3M": 0, "FG3A": 1, "FG3_PCT": 0.0, "FTM": 0, "FTA": 0, "FT_PCT": 0.0, "OREB": 0, "DREB": 0, "REB": 0, "AST": 0, "STL": 1, "BLK": 0, "TOV": 0, "PF": 0, "PTS": 0, "PLUS_MINUS": 5, "VIDEO_AVAILABLE": 2}, {"SEASON_ID": "22017", "Player_ID": 1628035, "Game_ID": "0021700350", "GAME_DATE": "DEC 05, 2017", "MATCHUP": "TOR vs. PHX", "WL": "W", "MIN": 0, "FGM": 0, "FGA": 0, "FG_PCT": 0.0, "FG3M": 0, "FG3A": 0, "FG3_PCT": 0.0, "FTM": 0, "FTA": 0, "FT_PCT": 0.0, "OREB": 0, "DREB": 0, "REB": 0, "AST": 0, "STL": 0, "BLK": 0, "TOV": 0, "PF": 0, "PTS": 0, "PLUS_MINUS": -2, "VIDEO_AVAILABLE": 1}, {"SEASON_ID": "22017", "Player_ID": 1628035, "Game_ID": "0021700280", "GAME_DATE": "NOV 25, 2017", "MATCHUP": "TOR @ ATL", "WL": "W", "MIN": 7, "FGM": 1, "FGA": 3, "FG_PCT": 0.333, "FG3M": 0, "FG3A": 2, "FG3_PCT": 0.0, "FTM": 0, "FTA": 0, "FT_PCT": 0.0, "OREB": 0, "DREB": 1, "REB": 1, "AST": 1, "STL": 0, "BLK": 0, "TOV": 0, "PF": 3, "PTS": 2, "PLUS_MINUS": -1, "VIDEO_AVAILABLE": 1}, {"SEASON_ID": "22017", "Player_ID": 1628035, "Game_ID": "0021700221", "GAME_DATE": "NOV 17, 2017", "MATCHUP": "TOR vs. NYK", "WL": "W", "MIN": 3, "FGM": 0, "FGA": 0, "FG_PCT": 0.0, "FG3M": 0, "FG3A": 0, "FG3_PCT": 0.0, "FTM": 0, "FTA": 0, "FT_PCT": 0.0, "OREB": 0, "DREB": 2, "REB": 2, "AST": 0, "STL": 0, "BLK": 0, "TOV": 0, "PF": 0, "PTS": 0, "PLUS_MINUS": 0, "VIDEO_AVAILABLE": 2}, {"SEASON_ID": "22017", "Player_ID": 1628035, "Game_ID": "0021700211", "GAME_DATE": "NOV 15, 2017", "MATCHUP": "TOR @ NOP", "WL": "W", "MIN": 3, "FGM": 0, "FGA": 0, "FG_PCT": 0.0, "FG3M": 0, "FG3A": 0, "FG3_PCT": 0.0, "FTM": 0, "FTA": 0, "FT_PCT": 0.0, "OREB": 0, "DREB": 0, "REB": 0, "AST": 0, "STL": 0, "BLK": 0, "TOV": 0, "PF": 0, "PTS": 0, "PLUS_MINUS": -3, "VIDEO_AVAILABLE": 1}, {"SEASON_ID": "22017", "Player_ID": 1628035, "Game_ID": "0021700202", "GAME_DATE": "NOV 14, 2017", "MATCHUP": "TOR @ HOU", "WL": "W", "MIN": 2, "FGM": 0, "FGA": 0, "FG_PCT": 0.0, "FG3M": 0, "FG3A": 0, "FG3_PCT": 0.0, "FTM": 0, "FTA": 0, "FT_PCT": 0.0, "OREB": 0, "DREB": 0, "REB": 0, "AST": 0, "STL": 0, "BLK": 0, "TOV": 0, "PF": 0, "PTS": 0, "PLUS_MINUS": 2, "VIDEO_AVAILABLE": 1}, {"SEASON_ID": "22017", "Player_ID": 1628035, "Game_ID": "0021700114", "GAME_DATE": "NOV 01, 2017", "MATCHUP": "TOR @ DEN", "WL": "L", "MIN": 9, "FGM": 3, "FGA": 3, "FG_PCT": 1.0, "FG3M": 1, "FG3A": 1, "FG3_PCT": 1.0, "FTM": 2, "FTA": 3, "FT_PCT": 0.667, "OREB": 0, "DREB": 2, "REB": 2, "AST": 0, "STL": 0, "BLK": 1, "TOV": 1, "PF": 3, "PTS": 9, "PLUS_MINUS": 14, "VIDEO_AVAILABLE": 2}, {"SEASON_ID": "22017", "Player_ID": 1628035, "Game_ID": "0021700099", "GAME_DATE": "OCT 30, 2017", "MATCHUP": "TOR @ POR", "WL": "W", "MIN": 1, "FGM": 0, "FGA": 0, "FG_PCT": 0.0, "FG3M": 0, "FG3A": 0, "FG3_PCT": 0.0, "FTM": 0, "FTA": 0, "FT_PCT": 0.0, "OREB": 0, "DREB": 0, "REB": 0, "AST": 0, "STL": 0, "BLK": 0, "TOV": 0, "PF": 0, "PTS": 0, "PLUS_MINUS": 2, "VIDEO_AVAILABLE": 2}, {"SEASON_ID": "22017", "Player_ID": 1628035, "Game_ID": "0021700014", "GAME_DATE": "OCT 19, 2017", "MATCHUP": "TOR vs. CHI", "WL": "W", "MIN": 1, "FGM": 0, "FGA": 0, "FG_PCT": 0.0, "FG3M": 0, "FG3A": 0, "FG3_PCT": 0.0, "FTM": 0, "FTA": 0, "FT_PCT": 0.0, "OREB": 0, "DREB": 0, "REB": 0, "AST": 0, "STL": 0, "BLK": 0, "TOV": 0, "PF": 0, "PTS": 0, "PLUS_MINUS": -4, "VIDEO_AVAILABLE": 1}]