{"firstName": "Alfonzo", "lastName": "McKinnie", "temporaryDisplayName": "McKinnie, Alfonzo", "personId": "1628035", "teamId": "1610612744", "jersey": "28", "isActive": true, "pos": "F", "heightFeet": "6", "heightInches": "8", "heightMeters": "2.03", "weightPounds": "215", "weightKilograms": "97.5", "dateOfBirthUTC": "1992-09-17", "teamSitesOnly": {"playerCode": "alfonzo_mckinnie", "posFull": "Forward", "displayAffiliation": "Wis.-Green Bay/USA", "freeAgentCode": ""}, "teams": [{"teamId": "1610612761", "seasonStart": "2017", "seasonEnd": "2017"}, {"teamId": "1610612744", "seasonStart": "2018", "seasonEnd": "2019"}], "draft": {"teamId": "", "pickNum": "", "roundNum": "", "seasonYear": ""}, "nbaDebutYear": "2017", "yearsPro": "2", "collegeName": "Wisc.-Green Bay", "lastAffiliation": "Wisc.-Green Bay/USA", "country": "USA"}