{"firstName": "Jarell", "lastName": "Martin", "temporaryDisplayName": "Martin, Jarell", "personId": "1626185", "teamId": "1610612739", "jersey": "24", "isActive": true, "pos": "F", "heightFeet": "6", "heightInches": "10", "heightMeters": "2.08", "weightPounds": "239", "weightKilograms": "108.4", "dateOfBirthUTC": "1994-05-24", "teamSitesOnly": {"playerCode": "jarell_martin", "posFull": "Forward", "displayAffiliation": "Louisiana State/USA", "freeAgentCode": ""}, "teams": [{"teamId": "1610612763", "seasonStart": "2015", "seasonEnd": "2017"}, {"teamId": "1610612753", "seasonStart": "2018", "seasonEnd": "2018"}, {"teamId": "1610612739", "seasonStart": "2019", "seasonEnd": "2019"}], "draft": {"teamId": "1610612763", "pickNum": "25", "roundNum": "1", "seasonYear": "2015"}, "nbaDebutYear": "2015", "yearsPro": "4", "collegeName": "Louisiana State", "lastAffiliation": "LSU-Shreveport/USA", "country": "USA"}