{"firstName": "Mike", "lastName": "Muscala", "temporaryDisplayName": "Muscala, Mike", "personId": "203488", "teamId": "1610612760", "jersey": "33", "isActive": true, "pos": "F-C", "heightFeet": "6", "heightInches": "11", "heightMeters": "2.11", "weightPounds": "240", "weightKilograms": "108.9", "dateOfBirthUTC": "1991-07-01", "teamSitesOnly": {"playerCode": "mike_muscala", "posFull": "Forward-Center", "displayAffiliation": "Bucknell/USA", "freeAgentCode": ""}, "teams": [{"teamId": "1610612737", "seasonStart": "2013", "seasonEnd": "2017"}, {"teamId": "1610612747", "seasonStart": "2018", "seasonEnd": "2018"}, {"teamId": "1610612755", "seasonStart": "2018", "seasonEnd": "2018"}, {"teamId": "1610612760", "seasonStart": "2019", "seasonEnd": "2019"}], "draft": {"teamId": "1610612742", "pickNum": "44", "roundNum": "2", "seasonYear": "2013"}, "nbaDebutYear": "2013", "yearsPro": "6", "collegeName": "Bucknell", "lastAffiliation": "Bucknell/USA", "country": "USA"}