[{"SEASON_ID": "22018", "Player_ID": 1629012, "Game_ID": "0021801209", "GAME_DATE": "APR 09, 2019", "MATCHUP": "CLE vs. CHA", "WL": "L", "MIN": 38, "FGM": 8, "FGA": 17, "FG_PCT": 0.471, "FG3M": 1, "FG3A": 7, "FG3_PCT": 0.143, "FTM": 1, "FTA": 2, "FT_PCT": 0.5, "OREB": 0, "DREB": 1, "REB": 1, "AST": 10, "STL": 0, "BLK": 0, "TOV": 4, "PF": 1, "PTS": 18, "PLUS_MINUS": -16, "VIDEO_AVAILABLE": 1}, {"SEASON_ID": "22018", "Player_ID": 1629012, "Game_ID": "0021801196", "GAME_DATE": "APR 07, 2019", "MATCHUP": "CLE vs. SAS", "WL": "L", "MIN": 41, "FGM": 6, "FGA": 15, "FG_PCT": 0.4, "FG3M": 2, "FG3A": 7, "FG3_PCT": 0.286, "FTM": 2, "FTA": 2, "FT_PCT": 1.0, "OREB": 0, "DREB": 0, "REB": 0, "AST": 4, "STL": 1, "BLK": 0, "TOV": 3, "PF": 2, "PTS": 16, "PLUS_MINUS": -14, "VIDEO_AVAILABLE": 1}, {"SEASON_ID": "22018", "Player_ID": 1629012, "Game_ID": "0021801191", "GAME_DATE": "APR 05, 2019", "MATCHUP": "CLE @ GSW", "WL": "L", "MIN": 32, "FGM": 10, "FGA": 21, "FG_PCT": 0.476, "FG3M": 3, "FG3A": 7, "FG3_PCT": 0.429, "FTM": 4, "FTA": 4, "FT_PCT": 1.0, "OREB": 0, "DREB": 1, "REB": 1, "AST": 4, "STL": 2, "BLK": 0, "TOV": 0, "PF": 2, "PTS": 27, "PLUS_MINUS": -7, "VIDEO_AVAILABLE": 1}, {"SEASON_ID": "22018", "Player_ID": 1629012, "Game_ID": "0021801178", "GAME_DATE": "APR 04, 2019", "MATCHUP": "CLE @ SAC", "WL": "L", "MIN": 38, "FGM": 8, "FGA": 14, "FG_PCT": 0.571, "FG3M": 3, "FG3A": 5, "FG3_PCT": 0.6, "FTM": 0, "FTA": 1, "FT_PCT": 0.0, "OREB": 0, "DREB": 1, "REB": 1, "AST": 3, "STL": 1, "BLK": 0, "TOV": 5, "PF": 2, "PTS": 19, "PLUS_MINUS": -15, "VIDEO_AVAILABLE": 1}, {"SEASON_ID": "22018", "Player_ID": 1629012, "Game_ID": "0021801160", "GAME_DATE": "APR 01, 2019", "MATCHUP": "CLE @ PHX", "WL": "L", "MIN": 39, "FGM": 9, "FGA": 23, "FG_PCT": 0.391, "FG3M": 1, "FG3A": 4, "FG3_PCT": 0.25, "FTM": 2, "FTA": 2, "FT_PCT": 1.0, "OREB": 3, "DREB": 1, "REB": 4, "AST": 3, "STL": 0, "BLK": 0, "TOV": 2, "PF": 3, "PTS": 21, "PLUS_MINUS": 6, "VIDEO_AVAILABLE": 1}, {"SEASON_ID": "22018", "Player_ID": 1629012, "Game_ID": "0021801136", "GAME_DATE": "MAR 30, 2019", "MATCHUP": "CLE @ LAC", "WL": "L", "MIN": 40, "FGM": 7, "FGA": 17, "FG_PCT": 0.412, "FG3M": 1, "FG3A": 5, "FG3_PCT": 0.2, "FTM": 6, "FTA": 6, "FT_PCT": 1.0, "OREB": 1, "DREB": 2, "REB": 3, "AST": 3, "STL": 1, "BLK": 0, "TOV": 4, "PF": 1, "PTS": 21, "PLUS_MINUS": -15, "VIDEO_AVAILABLE": 1}, {"SEASON_ID": "22018", "Player_ID": 1629012, "Game_ID": "0021801129", "GAME_DATE": "MAR 28, 2019", "MATCHUP": "CLE @ SAS", "WL": "L", "MIN": 35, "FGM": 10, "FGA": 17, "FG_PCT": 0.588, "FG3M": 3, "FG3A": 7, "FG3_PCT": 0.429, "FTM": 1, "FTA": 2, "FT_PCT": 0.5, "OREB": 1, "DREB": 1, "REB": 2, "AST": 3, "STL": 0, "BLK": 0, "TOV": 2, "PF": 1, "PTS": 24, "PLUS_MINUS": -12, "VIDEO_AVAILABLE": 1}, {"SEASON_ID": "22018", "Player_ID": 1629012, "Game_ID": "0021801108", "GAME_DATE": "MAR 26, 2019", "MATCHUP": "CLE vs. BOS", "WL": "L", "MIN": 39, "FGM": 9, "FGA": 19, "FG_PCT": 0.474, "FG3M": 3, "FG3A": 7, "FG3_PCT": 0.429, "FTM": 3, "FTA": 3, "FT_PCT": 1.0, "OREB": 0, "DREB": 2, "REB": 2, "AST": 3, "STL": 0, "BLK": 0, "TOV": 1, "PF": 2, "PTS": 24, "PLUS_MINUS": -5, "VIDEO_AVAILABLE": 1}, {"SEASON_ID": "22018", "Player_ID": 1629012, "Game_ID": "0021801096", "GAME_DATE": "MAR 24, 2019", "MATCHUP": "CLE @ MIL", "WL": "L", "MIN": 37, "FGM": 6, "FGA": 15, "FG_PCT": 0.4, "FG3M": 1, "FG3A": 6, "FG3_PCT": 0.167, "FTM": 5, "FTA": 6, "FT_PCT": 0.833, "OREB": 2, "DREB": 3, "REB": 5, "AST": 1, "STL": 1, "BLK": 0, "TOV": 0, "PF": 2, "PTS": 18, "PLUS_MINUS": -12, "VIDEO_AVAILABLE": 1}, {"SEASON_ID": "22018", "Player_ID": 1629012, "Game_ID": "0021801081", "GAME_DATE": "MAR 22, 2019", "MATCHUP": "CLE vs. LAC", "WL": "L", "MIN": 31, "FGM": 9, "FGA": 15, "FG_PCT": 0.6, "FG3M": 2, "FG3A": 4, "FG3_PCT": 0.5, "FTM": 0, "FTA": 0, "FT_PCT": 0.0, "OREB": 0, "DREB": 4, "REB": 4, "AST": 1, "STL": 0, "BLK": 0, "TOV": 2, "PF": 5, "PTS": 20, "PLUS_MINUS": -11, "VIDEO_AVAILABLE": 1}, {"SEASON_ID": "22018", "Player_ID": 1629012, "Game_ID": "0021801065", "GAME_DATE": "MAR 20, 2019", "MATCHUP": "CLE vs. MIL", "WL": "W", "MIN": 35, "FGM": 10, "FGA": 18, "FG_PCT": 0.556, "FG3M": 4, "FG3A": 7, "FG3_PCT": 0.571, "FTM": 1, "FTA": 1, "FT_PCT": 1.0, "OREB": 0, "DREB": 2, "REB": 2, "AST": 3, "STL": 0, "BLK": 0, "TOV": 4, "PF": 3, "PTS": 25, "PLUS_MINUS": -7, "VIDEO_AVAILABLE": 1}, {"SEASON_ID": "22018", "Player_ID": 1629012, "Game_ID": "0021801050", "GAME_DATE": "MAR 18, 2019", "MATCHUP": "CLE vs. DET", "WL": "W", "MIN": 33, "FGM": 10, "FGA": 16, "FG_PCT": 0.625, "FG3M": 5, "FG3A": 6, "FG3_PCT": 0.833, "FTM": 2, "FTA": 2, "FT_PCT": 1.0, "OREB": 0, "DREB": 2, "REB": 2, "AST": 1, "STL": 2, "BLK": 0, "TOV": 4, "PF": 0, "PTS": 27, "PLUS_MINUS": 11, "VIDEO_AVAILABLE": 1}, {"SEASON_ID": "22018", "Player_ID": 1629012, "Game_ID": "0021801037", "GAME_DATE": "MAR 16, 2019", "MATCHUP": "CLE @ DAL", "WL": "L", "MIN": 38, "FGM": 10, "FGA": 16, "FG_PCT": 0.625, "FG3M": 4, "FG3A": 7, "FG3_PCT": 0.571, "FTM": 4, "FTA": 5, "FT_PCT": 0.8, "OREB": 0, "DREB": 2, "REB": 2, "AST": 4, "STL": 0, "BLK": 0, "TOV": 0, "PF": 2, "PTS": 28, "PLUS_MINUS": 3, "VIDEO_AVAILABLE": 1}, {"SEASON_ID": "22018", "Player_ID": 1629012, "Game_ID": "0021801021", "GAME_DATE": "MAR 14, 2019", "MATCHUP": "CLE @ ORL", "WL": "L", "MIN": 39, "FGM": 7, "FGA": 16, "FG_PCT": 0.438, "FG3M": 2, "FG3A": 7, "FG3_PCT": 0.286, "FTM": 7, "FTA": 8, "FT_PCT": 0.875, "OREB": 1, "DREB": 3, "REB": 4, "AST": 3, "STL": 0, "BLK": 1, "TOV": 4, "PF": 1, "PTS": 23, "PLUS_MINUS": -17, "VIDEO_AVAILABLE": 1}, {"SEASON_ID": "22018", "Player_ID": 1629012, "Game_ID": "0021801008", "GAME_DATE": "MAR 12, 2019", "MATCHUP": "CLE @ PHI", "WL": "L", "MIN": 35, "FGM": 11, "FGA": 20, "FG_PCT": 0.55, "FG3M": 4, "FG3A": 7, "FG3_PCT": 0.571, "FTM": 0, "FTA": 0, "FT_PCT": 0.0, "OREB": 1, "DREB": 1, "REB": 2, "AST": 1, "STL": 0, "BLK": 0, "TOV": 0, "PF": 1, "PTS": 26, "PLUS_MINUS": -6, "VIDEO_AVAILABLE": 1}, {"SEASON_ID": "22018", "Player_ID": 1629012, "Game_ID": "0021801001", "GAME_DATE": "MAR 11, 2019", "MATCHUP": "CLE vs. TOR", "WL": "W", "MIN": 36, "FGM": 10, "FGA": 18, "FG_PCT": 0.556, "FG3M": 4, "FG3A": 7, "FG3_PCT": 0.571, "FTM": 4, "FTA": 4, "FT_PCT": 1.0, "OREB": 1, "DREB": 3, "REB": 4, "AST": 5, "STL": 0, "BLK": 0, "TOV": 0, "PF": 3, "PTS": 28, "PLUS_MINUS": 11, "VIDEO_AVAILABLE": 1}, {"SEASON_ID": "22018", "Player_ID": 1629012, "Game_ID": "0021800979", "GAME_DATE": "MAR 08, 2019", "MATCHUP": "CLE @ MIA", "WL": "L", "MIN": 35, "FGM": 11, "FGA": 17, "FG_PCT": 0.647, "FG3M": 3, "FG3A": 5, "FG3_PCT": 0.6, "FTM": 2, "FTA": 2, "FT_PCT": 1.0, "OREB": 0, "DREB": 0, "REB": 0, "AST": 6, "STL": 0, "BLK": 0, "TOV": 7, "PF": 1, "PTS": 27, "PLUS_MINUS": -16, "VIDEO_AVAILABLE": 1}, {"SEASON_ID": "22018", "Player_ID": 1629012, "Game_ID": "0021800969", "GAME_DATE": "MAR 06, 2019", "MATCHUP": "CLE @ BKN", "WL": "L", "MIN": 31, "FGM": 4, "FGA": 13, "FG_PCT": 0.308, "FG3M": 1, "FG3A": 3, "FG3_PCT": 0.333, "FTM": 3, "FTA": 6, "FT_PCT": 0.5, "OREB": 1, "DREB": 0, "REB": 1, "AST": 5, "STL": 0, "BLK": 2, "TOV": 3, "PF": 2, "PTS": 12, "PLUS_MINUS": -8, "VIDEO_AVAILABLE": 1}, {"SEASON_ID": "22018", "Player_ID": 1629012, "Game_ID": "0021800948", "GAME_DATE": "MAR 03, 2019", "MATCHUP": "CLE vs. ORL", "WL": "W", "MIN": 29, "FGM": 6, "FGA": 11, "FG_PCT": 0.545, "FG3M": 1, "FG3A": 4, "FG3_PCT": 0.25, "FTM": 4, "FTA": 4, "FT_PCT": 1.0, "OREB": 0, "DREB": 2, "REB": 2, "AST": 2, "STL": 1, "BLK": 0, "TOV": 5, "PF": 4, "PTS": 17, "PLUS_MINUS": 3, "VIDEO_AVAILABLE": 1}, {"SEASON_ID": "22018", "Player_ID": 1629012, "Game_ID": "0021800935", "GAME_DATE": "MAR 02, 2019", "MATCHUP": "CLE vs. DET", "WL": "L", "MIN": 35, "FGM": 3, "FGA": 13, "FG_PCT": 0.231, "FG3M": 0, "FG3A": 3, "FG3_PCT": 0.0, "FTM": 10, "FTA": 13, "FT_PCT": 0.769, "OREB": 0, "DREB": 3, "REB": 3, "AST": 0, "STL": 0, "BLK": 0, "TOV": 0, "PF": 3, "PTS": 16, "PLUS_MINUS": -25, "VIDEO_AVAILABLE": 1}, {"SEASON_ID": "22018", "Player_ID": 1629012, "Game_ID": "0021800924", "GAME_DATE": "FEB 28, 2019", "MATCHUP": "CLE @ NYK", "WL": "W", "MIN": 32, "FGM": 7, "FGA": 15, "FG_PCT": 0.467, "FG3M": 2, "FG3A": 6, "FG3_PCT": 0.333, "FTM": 6, "FTA": 9, "FT_PCT": 0.667, "OREB": 1, "DREB": 2, "REB": 3, "AST": 3, "STL": 0, "BLK": 0, "TOV": 0, "PF": 0, "PTS": 22, "PLUS_MINUS": 5, "VIDEO_AVAILABLE": 1}, {"SEASON_ID": "22018", "Player_ID": 1629012, "Game_ID": "0021800898", "GAME_DATE": "FEB 25, 2019", "MATCHUP": "CLE vs. POR", "WL": "L", "MIN": 32, "FGM": 3, "FGA": 14, "FG_PCT": 0.214, "FG3M": 3, "FG3A": 8, "FG3_PCT": 0.375, "FTM": 2, "FTA": 2, "FT_PCT": 1.0, "OREB": 0, "DREB": 1, "REB": 1, "AST": 1, "STL": 1, "BLK": 0, "TOV": 1, "PF": 2, "PTS": 11, "PLUS_MINUS": -15, "VIDEO_AVAILABLE": 1}, {"SEASON_ID": "22018", "Player_ID": 1629012, "Game_ID": "0021800885", "GAME_DATE": "FEB 23, 2019", "MATCHUP": "CLE vs. MEM", "WL": "W", "MIN": 32, "FGM": 8, "FGA": 16, "FG_PCT": 0.5, "FG3M": 4, "FG3A": 6, "FG3_PCT": 0.667, "FTM": 0, "FTA": 0, "FT_PCT": 0.0, "OREB": 1, "DREB": 5, "REB": 6, "AST": 5, "STL": 2, "BLK": 0, "TOV": 4, "PF": 2, "PTS": 20, "PLUS_MINUS": 2, "VIDEO_AVAILABLE": 1}, {"SEASON_ID": "22018", "Player_ID": 1629012, "Game_ID": "0021800867", "GAME_DATE": "FEB 21, 2019", "MATCHUP": "CLE vs. PHX", "WL": "W", "MIN": 30, "FGM": 3, "FGA": 12, "FG_PCT": 0.25, "FG3M": 0, "FG3A": 3, "FG3_PCT": 0.0, "FTM": 2, "FTA": 2, "FT_PCT": 1.0, "OREB": 0, "DREB": 2, "REB": 2, "AST": 2, "STL": 2, "BLK": 0, "TOV": 1, "PF": 0, "PTS": 8, "PLUS_MINUS": 10, "VIDEO_AVAILABLE": 1}, {"SEASON_ID": "22018", "Player_ID": 1629012, "Game_ID": "0021800853", "GAME_DATE": "FEB 13, 2019", "MATCHUP": "CLE vs. BKN", "WL": "L", "MIN": 45, "FGM": 10, "FGA": 22, "FG_PCT": 0.455, "FG3M": 2, "FG3A": 5, "FG3_PCT": 0.4, "FTM": 2, "FTA": 4, "FT_PCT": 0.5, "OREB": 3, "DREB": 3, "REB": 6, "AST": 5, "STL": 0, "BLK": 0, "TOV": 2, "PF": 3, "PTS": 24, "PLUS_MINUS": -7, "VIDEO_AVAILABLE": 1}, {"SEASON_ID": "22018", "Player_ID": 1629012, "Game_ID": "0021800839", "GAME_DATE": "FEB 11, 2019", "MATCHUP": "CLE vs. NYK", "WL": "W", "MIN": 39, "FGM": 7, "FGA": 21, "FG_PCT": 0.333, "FG3M": 2, "FG3A": 8, "FG3_PCT": 0.25, "FTM": 4, "FTA": 5, "FT_PCT": 0.8, "OREB": 1, "DREB": 0, "REB": 1, "AST": 3, "STL": 1, "BLK": 0, "TOV": 1, "PF": 3, "PTS": 20, "PLUS_MINUS": 12, "VIDEO_AVAILABLE": 1}, {"SEASON_ID": "22018", "Player_ID": 1629012, "Game_ID": "0021800826", "GAME_DATE": "FEB 09, 2019", "MATCHUP": "CLE @ IND", "WL": "L", "MIN": 30, "FGM": 6, "FGA": 14, "FG_PCT": 0.429, "FG3M": 3, "FG3A": 3, "FG3_PCT": 1.0, "FTM": 1, "FTA": 1, "FT_PCT": 1.0, "OREB": 2, "DREB": 3, "REB": 5, "AST": 4, "STL": 0, "BLK": 0, "TOV": 4, "PF": 2, "PTS": 16, "PLUS_MINUS": -9, "VIDEO_AVAILABLE": 1}, {"SEASON_ID": "22018", "Player_ID": 1629012, "Game_ID": "0021800819", "GAME_DATE": "FEB 08, 2019", "MATCHUP": "CLE @ WAS", "WL": "L", "MIN": 38, "FGM": 10, "FGA": 18, "FG_PCT": 0.556, "FG3M": 3, "FG3A": 7, "FG3_PCT": 0.429, "FTM": 4, "FTA": 4, "FT_PCT": 1.0, "OREB": 0, "DREB": 3, "REB": 3, "AST": 4, "STL": 0, "BLK": 0, "TOV": 2, "PF": 2, "PTS": 27, "PLUS_MINUS": -11, "VIDEO_AVAILABLE": 1}, {"SEASON_ID": "22018", "Player_ID": 1629012, "Game_ID": "0021800797", "GAME_DATE": "FEB 05, 2019", "MATCHUP": "CLE vs. BOS", "WL": "L", "MIN": 42, "FGM": 11, "FGA": 24, "FG_PCT": 0.458, "FG3M": 3, "FG3A": 7, "FG3_PCT": 0.429, "FTM": 2, "FTA": 2, "FT_PCT": 1.0, "OREB": 1, "DREB": 3, "REB": 4, "AST": 3, "STL": 2, "BLK": 0, "TOV": 2, "PF": 2, "PTS": 27, "PLUS_MINUS": -6, "VIDEO_AVAILABLE": 1}, {"SEASON_ID": "22018", "Player_ID": 1629012, "Game_ID": "0021800780", "GAME_DATE": "FEB 02, 2019", "MATCHUP": "CLE vs. DAL", "WL": "L", "MIN": 31, "FGM": 4, "FGA": 17, "FG_PCT": 0.235, "FG3M": 1, "FG3A": 3, "FG3_PCT": 0.333, "FTM": 4, "FTA": 4, "FT_PCT": 1.0, "OREB": 1, "DREB": 2, "REB": 3, "AST": 2, "STL": 1, "BLK": 0, "TOV": 1, "PF": 1, "PTS": 13, "PLUS_MINUS": -5, "VIDEO_AVAILABLE": 1}, {"SEASON_ID": "22018", "Player_ID": 1629012, "Game_ID": "0021800749", "GAME_DATE": "JAN 29, 2019", "MATCHUP": "CLE vs. WAS", "WL": "W", "MIN": 30, "FGM": 4, "FGA": 13, "FG_PCT": 0.308, "FG3M": 0, "FG3A": 5, "FG3_PCT": 0.0, "FTM": 4, "FTA": 6, "FT_PCT": 0.667, "OREB": 1, "DREB": 2, "REB": 3, "AST": 3, "STL": 0, "BLK": 0, "TOV": 2, "PF": 3, "PTS": 12, "PLUS_MINUS": 1, "VIDEO_AVAILABLE": 1}, {"SEASON_ID": "22018", "Player_ID": 1629012, "Game_ID": "0021800735", "GAME_DATE": "JAN 27, 2019", "MATCHUP": "CLE @ CHI", "WL": "W", "MIN": 26, "FGM": 3, "FGA": 10, "FG_PCT": 0.3, "FG3M": 1, "FG3A": 2, "FG3_PCT": 0.5, "FTM": 0, "FTA": 0, "FT_PCT": 0.0, "OREB": 2, "DREB": 1, "REB": 3, "AST": 3, "STL": 0, "BLK": 0, "TOV": 1, "PF": 0, "PTS": 7, "PLUS_MINUS": -7, "VIDEO_AVAILABLE": 1}, {"SEASON_ID": "22018", "Player_ID": 1629012, "Game_ID": "0021800722", "GAME_DATE": "JAN 25, 2019", "MATCHUP": "CLE vs. MIA", "WL": "L", "MIN": 27, "FGM": 4, "FGA": 13, "FG_PCT": 0.308, "FG3M": 3, "FG3A": 6, "FG3_PCT": 0.5, "FTM": 2, "FTA": 2, "FT_PCT": 1.0, "OREB": 0, "DREB": 2, "REB": 2, "AST": 2, "STL": 0, "BLK": 0, "TOV": 0, "PF": 1, "PTS": 13, "PLUS_MINUS": 0, "VIDEO_AVAILABLE": 1}, {"SEASON_ID": "22018", "Player_ID": 1629012, "Game_ID": "0021800707", "GAME_DATE": "JAN 23, 2019", "MATCHUP": "CLE @ BOS", "WL": "L", "MIN": 31, "FGM": 6, "FGA": 15, "FG_PCT": 0.4, "FG3M": 2, "FG3A": 4, "FG3_PCT": 0.5, "FTM": 2, "FTA": 4, "FT_PCT": 0.5, "OREB": 4, "DREB": 2, "REB": 6, "AST": 3, "STL": 0, "BLK": 0, "TOV": 4, "PF": 2, "PTS": 16, "PLUS_MINUS": -25, "VIDEO_AVAILABLE": 1}, {"SEASON_ID": "22018", "Player_ID": 1629012, "Game_ID": "0021800692", "GAME_DATE": "JAN 21, 2019", "MATCHUP": "CLE vs. CHI", "WL": "L", "MIN": 29, "FGM": 7, "FGA": 17, "FG_PCT": 0.412, "FG3M": 2, "FG3A": 6, "FG3_PCT": 0.333, "FTM": 2, "FTA": 3, "FT_PCT": 0.667, "OREB": 1, "DREB": 2, "REB": 3, "AST": 0, "STL": 2, "BLK": 0, "TOV": 1, "PF": 0, "PTS": 18, "PLUS_MINUS": -9, "VIDEO_AVAILABLE": 1}, {"SEASON_ID": "22018", "Player_ID": 1629012, "Game_ID": "0021800687", "GAME_DATE": "JAN 19, 2019", "MATCHUP": "CLE @ DEN", "WL": "L", "MIN": 33, "FGM": 4, "FGA": 13, "FG_PCT": 0.308, "FG3M": 1, "FG3A": 4, "FG3_PCT": 0.25, "FTM": 1, "FTA": 1, "FT_PCT": 1.0, "OREB": 1, "DREB": 3, "REB": 4, "AST": 7, "STL": 1, "BLK": 0, "TOV": 3, "PF": 3, "PTS": 10, "PLUS_MINUS": -14, "VIDEO_AVAILABLE": 1}, {"SEASON_ID": "22018", "Player_ID": 1629012, "Game_ID": "0021800675", "GAME_DATE": "JAN 18, 2019", "MATCHUP": "CLE @ UTA", "WL": "L", "MIN": 30, "FGM": 4, "FGA": 12, "FG_PCT": 0.333, "FG3M": 2, "FG3A": 2, "FG3_PCT": 1.0, "FTM": 5, "FTA": 6, "FT_PCT": 0.833, "OREB": 0, "DREB": 4, "REB": 4, "AST": 2, "STL": 1, "BLK": 0, "TOV": 6, "PF": 2, "PTS": 15, "PLUS_MINUS": -18, "VIDEO_AVAILABLE": 1}, {"SEASON_ID": "22018", "Player_ID": 1629012, "Game_ID": "0021800662", "GAME_DATE": "JAN 16, 2019", "MATCHUP": "CLE @ POR", "WL": "L", "MIN": 30, "FGM": 5, "FGA": 11, "FG_PCT": 0.455, "FG3M": 0, "FG3A": 1, "FG3_PCT": 0.0, "FTM": 1, "FTA": 2, "FT_PCT": 0.5, "OREB": 0, "DREB": 1, "REB": 1, "AST": 1, "STL": 0, "BLK": 0, "TOV": 1, "PF": 2, "PTS": 11, "PLUS_MINUS": -21, "VIDEO_AVAILABLE": 1}, {"SEASON_ID": "22018", "Player_ID": 1629012, "Game_ID": "0021800644", "GAME_DATE": "JAN 13, 2019", "MATCHUP": "CLE @ LAL", "WL": "W", "MIN": 33, "FGM": 7, "FGA": 14, "FG_PCT": 0.5, "FG3M": 1, "FG3A": 2, "FG3_PCT": 0.5, "FTM": 2, "FTA": 4, "FT_PCT": 0.5, "OREB": 0, "DREB": 3, "REB": 3, "AST": 3, "STL": 1, "BLK": 0, "TOV": 1, "PF": 3, "PTS": 17, "PLUS_MINUS": 16, "VIDEO_AVAILABLE": 1}, {"SEASON_ID": "22018", "Player_ID": 1629012, "Game_ID": "0021800625", "GAME_DATE": "JAN 11, 2019", "MATCHUP": "CLE @ HOU", "WL": "L", "MIN": 28, "FGM": 4, "FGA": 10, "FG_PCT": 0.4, "FG3M": 1, "FG3A": 2, "FG3_PCT": 0.5, "FTM": 5, "FTA": 5, "FT_PCT": 1.0, "OREB": 0, "DREB": 3, "REB": 3, "AST": 5, "STL": 2, "BLK": 0, "TOV": 3, "PF": 2, "PTS": 14, "PLUS_MINUS": -10, "VIDEO_AVAILABLE": 1}, {"SEASON_ID": "22018", "Player_ID": 1629012, "Game_ID": "0021800612", "GAME_DATE": "JAN 09, 2019", "MATCHUP": "CLE @ NOP", "WL": "L", "MIN": 25, "FGM": 2, "FGA": 12, "FG_PCT": 0.167, "FG3M": 1, "FG3A": 4, "FG3_PCT": 0.25, "FTM": 8, "FTA": 8, "FT_PCT": 1.0, "OREB": 1, "DREB": 2, "REB": 3, "AST": 4, "STL": 0, "BLK": 0, "TOV": 2, "PF": 4, "PTS": 13, "PLUS_MINUS": -21, "VIDEO_AVAILABLE": 1}, {"SEASON_ID": "22018", "Player_ID": 1629012, "Game_ID": "0021800599", "GAME_DATE": "JAN 08, 2019", "MATCHUP": "CLE vs. IND", "WL": "L", "MIN": 30, "FGM": 5, "FGA": 8, "FG_PCT": 0.625, "FG3M": 1, "FG3A": 2, "FG3_PCT": 0.5, "FTM": 3, "FTA": 3, "FT_PCT": 1.0, "OREB": 1, "DREB": 0, "REB": 1, "AST": 4, "STL": 0, "BLK": 0, "TOV": 4, "PF": 3, "PTS": 14, "PLUS_MINUS": -9, "VIDEO_AVAILABLE": 1}, {"SEASON_ID": "22018", "Player_ID": 1629012, "Game_ID": "0021800579", "GAME_DATE": "JAN 05, 2019", "MATCHUP": "CLE vs. NOP", "WL": "L", "MIN": 31, "FGM": 5, "FGA": 12, "FG_PCT": 0.417, "FG3M": 2, "FG3A": 5, "FG3_PCT": 0.4, "FTM": 3, "FTA": 4, "FT_PCT": 0.75, "OREB": 1, "DREB": 2, "REB": 3, "AST": 2, "STL": 0, "BLK": 0, "TOV": 3, "PF": 2, "PTS": 15, "PLUS_MINUS": -30, "VIDEO_AVAILABLE": 1}, {"SEASON_ID": "22018", "Player_ID": 1629012, "Game_ID": "0021800567", "GAME_DATE": "JAN 04, 2019", "MATCHUP": "CLE vs. UTA", "WL": "L", "MIN": 30, "FGM": 3, "FGA": 13, "FG_PCT": 0.231, "FG3M": 3, "FG3A": 4, "FG3_PCT": 0.75, "FTM": 4, "FTA": 4, "FT_PCT": 1.0, "OREB": 0, "DREB": 1, "REB": 1, "AST": 3, "STL": 1, "BLK": 0, "TOV": 4, "PF": 3, "PTS": 13, "PLUS_MINUS": -13, "VIDEO_AVAILABLE": 1}, {"SEASON_ID": "22018", "Player_ID": 1629012, "Game_ID": "0021800555", "GAME_DATE": "JAN 02, 2019", "MATCHUP": "CLE vs. MIA", "WL": "L", "MIN": 30, "FGM": 5, "FGA": 15, "FG_PCT": 0.333, "FG3M": 2, "FG3A": 4, "FG3_PCT": 0.5, "FTM": 0, "FTA": 0, "FT_PCT": 0.0, "OREB": 0, "DREB": 4, "REB": 4, "AST": 4, "STL": 0, "BLK": 0, "TOV": 1, "PF": 3, "PTS": 12, "PLUS_MINUS": -17, "VIDEO_AVAILABLE": 1}, {"SEASON_ID": "22018", "Player_ID": 1629012, "Game_ID": "0021800529", "GAME_DATE": "DEC 29, 2018", "MATCHUP": "CLE @ ATL", "WL": "L", "MIN": 28, "FGM": 6, "FGA": 15, "FG_PCT": 0.4, "FG3M": 0, "FG3A": 1, "FG3_PCT": 0.0, "FTM": 6, "FTA": 8, "FT_PCT": 0.75, "OREB": 0, "DREB": 3, "REB": 3, "AST": 6, "STL": 0, "BLK": 0, "TOV": 0, "PF": 4, "PTS": 18, "PLUS_MINUS": 6, "VIDEO_AVAILABLE": 1}, {"SEASON_ID": "22018", "Player_ID": 1629012, "Game_ID": "0021800521", "GAME_DATE": "DEC 28, 2018", "MATCHUP": "CLE @ MIA", "WL": "L", "MIN": 29, "FGM": 2, "FGA": 10, "FG_PCT": 0.2, "FG3M": 1, "FG3A": 4, "FG3_PCT": 0.25, "FTM": 3, "FTA": 4, "FT_PCT": 0.75, "OREB": 0, "DREB": 2, "REB": 2, "AST": 3, "STL": 0, "BLK": 0, "TOV": 3, "PF": 1, "PTS": 8, "PLUS_MINUS": -18, "VIDEO_AVAILABLE": 1}, {"SEASON_ID": "22018", "Player_ID": 1629012, "Game_ID": "0021800508", "GAME_DATE": "DEC 26, 2018", "MATCHUP": "CLE @ MEM", "WL": "L", "MIN": 30, "FGM": 6, "FGA": 15, "FG_PCT": 0.4, "FG3M": 0, "FG3A": 2, "FG3_PCT": 0.0, "FTM": 4, "FTA": 4, "FT_PCT": 1.0, "OREB": 2, "DREB": 3, "REB": 5, "AST": 6, "STL": 1, "BLK": 0, "TOV": 2, "PF": 3, "PTS": 16, "PLUS_MINUS": -2, "VIDEO_AVAILABLE": 1}, {"SEASON_ID": "22018", "Player_ID": 1629012, "Game_ID": "0021800490", "GAME_DATE": "DEC 23, 2018", "MATCHUP": "CLE vs. CHI", "WL": "L", "MIN": 33, "FGM": 3, "FGA": 16, "FG_PCT": 0.188, "FG3M": 0, "FG3A": 2, "FG3_PCT": 0.0, "FTM": 0, "FTA": 0, "FT_PCT": 0.0, "OREB": 1, "DREB": 2, "REB": 3, "AST": 3, "STL": 1, "BLK": 0, "TOV": 1, "PF": 1, "PTS": 6, "PLUS_MINUS": -13, "VIDEO_AVAILABLE": 1}, {"SEASON_ID": "22018", "Player_ID": 1629012, "Game_ID": "0021800470", "GAME_DATE": "DEC 21, 2018", "MATCHUP": "CLE @ TOR", "WL": "L", "MIN": 28, "FGM": 6, "FGA": 17, "FG_PCT": 0.353, "FG3M": 0, "FG3A": 1, "FG3_PCT": 0.0, "FTM": 5, "FTA": 5, "FT_PCT": 1.0, "OREB": 1, "DREB": 4, "REB": 5, "AST": 3, "STL": 1, "BLK": 0, "TOV": 1, "PF": 6, "PTS": 17, "PLUS_MINUS": -20, "VIDEO_AVAILABLE": 1}, {"SEASON_ID": "22018", "Player_ID": 1629012, "Game_ID": "0021800455", "GAME_DATE": "DEC 19, 2018", "MATCHUP": "CLE @ CHA", "WL": "L", "MIN": 27, "FGM": 5, "FGA": 16, "FG_PCT": 0.313, "FG3M": 1, "FG3A": 2, "FG3_PCT": 0.5, "FTM": 0, "FTA": 0, "FT_PCT": 0.0, "OREB": 0, "DREB": 3, "REB": 3, "AST": 3, "STL": 1, "BLK": 0, "TOV": 1, "PF": 4, "PTS": 11, "PLUS_MINUS": -5, "VIDEO_AVAILABLE": 1}, {"SEASON_ID": "22018", "Player_ID": 1629012, "Game_ID": "0021800451", "GAME_DATE": "DEC 18, 2018", "MATCHUP": "CLE @ IND", "WL": "W", "MIN": 32, "FGM": 6, "FGA": 13, "FG_PCT": 0.462, "FG3M": 0, "FG3A": 1, "FG3_PCT": 0.0, "FTM": 0, "FTA": 0, "FT_PCT": 0.0, "OREB": 1, "DREB": 0, "REB": 1, "AST": 0, "STL": 0, "BLK": 0, "TOV": 2, "PF": 1, "PTS": 12, "PLUS_MINUS": -17, "VIDEO_AVAILABLE": 1}, {"SEASON_ID": "22018", "Player_ID": 1629012, "Game_ID": "0021800437", "GAME_DATE": "DEC 16, 2018", "MATCHUP": "CLE vs. PHI", "WL": "L", "MIN": 31, "FGM": 6, "FGA": 13, "FG_PCT": 0.462, "FG3M": 0, "FG3A": 2, "FG3_PCT": 0.0, "FTM": 0, "FTA": 0, "FT_PCT": 0.0, "OREB": 0, "DREB": 1, "REB": 1, "AST": 2, "STL": 2, "BLK": 0, "TOV": 3, "PF": 3, "PTS": 12, "PLUS_MINUS": -22, "VIDEO_AVAILABLE": 1}, {"SEASON_ID": "22018", "Player_ID": 1629012, "Game_ID": "0021800423", "GAME_DATE": "DEC 14, 2018", "MATCHUP": "CLE vs. MIL", "WL": "L", "MIN": 24, "FGM": 2, "FGA": 11, "FG_PCT": 0.182, "FG3M": 0, "FG3A": 2, "FG3_PCT": 0.0, "FTM": 1, "FTA": 2, "FT_PCT": 0.5, "OREB": 1, "DREB": 2, "REB": 3, "AST": 1, "STL": 0, "BLK": 0, "TOV": 1, "PF": 1, "PTS": 5, "PLUS_MINUS": -18, "VIDEO_AVAILABLE": 1}, {"SEASON_ID": "22018", "Player_ID": 1629012, "Game_ID": "0021800406", "GAME_DATE": "DEC 12, 2018", "MATCHUP": "CLE vs. NYK", "WL": "W", "MIN": 29, "FGM": 9, "FGA": 16, "FG_PCT": 0.563, "FG3M": 1, "FG3A": 4, "FG3_PCT": 0.25, "FTM": 0, "FTA": 0, "FT_PCT": 0.0, "OREB": 1, "DREB": 2, "REB": 3, "AST": 2, "STL": 0, "BLK": 0, "TOV": 5, "PF": 4, "PTS": 19, "PLUS_MINUS": -15, "VIDEO_AVAILABLE": 1}, {"SEASON_ID": "22018", "Player_ID": 1629012, "Game_ID": "0021800395", "GAME_DATE": "DEC 10, 2018", "MATCHUP": "CLE @ MIL", "WL": "L", "MIN": 32, "FGM": 5, "FGA": 18, "FG_PCT": 0.278, "FG3M": 2, "FG3A": 3, "FG3_PCT": 0.667, "FTM": 3, "FTA": 4, "FT_PCT": 0.75, "OREB": 1, "DREB": 3, "REB": 4, "AST": 2, "STL": 0, "BLK": 0, "TOV": 2, "PF": 4, "PTS": 15, "PLUS_MINUS": -13, "VIDEO_AVAILABLE": 1}, {"SEASON_ID": "22018", "Player_ID": 1629012, "Game_ID": "0021800381", "GAME_DATE": "DEC 08, 2018", "MATCHUP": "CLE vs. WAS", "WL": "W", "MIN": 40, "FGM": 13, "FGA": 23, "FG_PCT": 0.565, "FG3M": 3, "FG3A": 7, "FG3_PCT": 0.429, "FTM": 0, "FTA": 0, "FT_PCT": 0.0, "OREB": 0, "DREB": 3, "REB": 3, "AST": 6, "STL": 2, "BLK": 0, "TOV": 4, "PF": 3, "PTS": 29, "PLUS_MINUS": 10, "VIDEO_AVAILABLE": 1}, {"SEASON_ID": "22018", "Player_ID": 1629012, "Game_ID": "0021800372", "GAME_DATE": "DEC 07, 2018", "MATCHUP": "CLE vs. SAC", "WL": "L", "MIN": 35, "FGM": 9, "FGA": 16, "FG_PCT": 0.563, "FG3M": 0, "FG3A": 2, "FG3_PCT": 0.0, "FTM": 5, "FTA": 6, "FT_PCT": 0.833, "OREB": 1, "DREB": 0, "REB": 1, "AST": 2, "STL": 0, "BLK": 0, "TOV": 5, "PF": 4, "PTS": 23, "PLUS_MINUS": -28, "VIDEO_AVAILABLE": 1}, {"SEASON_ID": "22018", "Player_ID": 1629012, "Game_ID": "0021800355", "GAME_DATE": "DEC 05, 2018", "MATCHUP": "CLE vs. GSW", "WL": "L", "MIN": 35, "FGM": 7, "FGA": 14, "FG_PCT": 0.5, "FG3M": 3, "FG3A": 3, "FG3_PCT": 1.0, "FTM": 4, "FTA": 5, "FT_PCT": 0.8, "OREB": 0, "DREB": 2, "REB": 2, "AST": 3, "STL": 0, "BLK": 0, "TOV": 1, "PF": 1, "PTS": 21, "PLUS_MINUS": -20, "VIDEO_AVAILABLE": 1}, {"SEASON_ID": "22018", "Player_ID": 1629012, "Game_ID": "0021800345", "GAME_DATE": "DEC 03, 2018", "MATCHUP": "CLE @ BKN", "WL": "W", "MIN": 32, "FGM": 7, "FGA": 16, "FG_PCT": 0.438, "FG3M": 1, "FG3A": 1, "FG3_PCT": 1.0, "FTM": 0, "FTA": 0, "FT_PCT": 0.0, "OREB": 1, "DREB": 0, "REB": 1, "AST": 2, "STL": 1, "BLK": 0, "TOV": 0, "PF": 1, "PTS": 15, "PLUS_MINUS": -2, "VIDEO_AVAILABLE": 1}, {"SEASON_ID": "22018", "Player_ID": 1629012, "Game_ID": "0021800332", "GAME_DATE": "DEC 01, 2018", "MATCHUP": "CLE vs. TOR", "WL": "L", "MIN": 26, "FGM": 5, "FGA": 12, "FG_PCT": 0.417, "FG3M": 0, "FG3A": 1, "FG3_PCT": 0.0, "FTM": 0, "FTA": 0, "FT_PCT": 0.0, "OREB": 0, "DREB": 2, "REB": 2, "AST": 2, "STL": 0, "BLK": 0, "TOV": 3, "PF": 3, "PTS": 10, "PLUS_MINUS": -15, "VIDEO_AVAILABLE": 1}, {"SEASON_ID": "22018", "Player_ID": 1629012, "Game_ID": "0021800319", "GAME_DATE": "NOV 30, 2018", "MATCHUP": "CLE @ BOS", "WL": "L", "MIN": 33, "FGM": 6, "FGA": 18, "FG_PCT": 0.333, "FG3M": 0, "FG3A": 1, "FG3_PCT": 0.0, "FTM": 3, "FTA": 3, "FT_PCT": 1.0, "OREB": 0, "DREB": 4, "REB": 4, "AST": 4, "STL": 0, "BLK": 0, "TOV": 3, "PF": 4, "PTS": 15, "PLUS_MINUS": -32, "VIDEO_AVAILABLE": 1}, {"SEASON_ID": "22018", "Player_ID": 1629012, "Game_ID": "0021800313", "GAME_DATE": "NOV 28, 2018", "MATCHUP": "CLE @ OKC", "WL": "L", "MIN": 38, "FGM": 9, "FGA": 20, "FG_PCT": 0.45, "FG3M": 1, "FG3A": 2, "FG3_PCT": 0.5, "FTM": 2, "FTA": 2, "FT_PCT": 1.0, "OREB": 1, "DREB": 9, "REB": 10, "AST": 3, "STL": 1, "BLK": 0, "TOV": 2, "PF": 2, "PTS": 21, "PLUS_MINUS": -7, "VIDEO_AVAILABLE": 1}, {"SEASON_ID": "22018", "Player_ID": 1629012, "Game_ID": "0021800295", "GAME_DATE": "NOV 26, 2018", "MATCHUP": "CLE vs. MIN", "WL": "L", "MIN": 39, "FGM": 5, "FGA": 19, "FG_PCT": 0.263, "FG3M": 0, "FG3A": 3, "FG3_PCT": 0.0, "FTM": 1, "FTA": 1, "FT_PCT": 1.0, "OREB": 1, "DREB": 6, "REB": 7, "AST": 4, "STL": 0, "BLK": 0, "TOV": 4, "PF": 2, "PTS": 11, "PLUS_MINUS": 8, "VIDEO_AVAILABLE": 1}, {"SEASON_ID": "22018", "Player_ID": 1629012, "Game_ID": "0021800279", "GAME_DATE": "NOV 24, 2018", "MATCHUP": "CLE vs. HOU", "WL": "W", "MIN": 34, "FGM": 14, "FGA": 21, "FG_PCT": 0.667, "FG3M": 1, "FG3A": 3, "FG3_PCT": 0.333, "FTM": 0, "FTA": 0, "FT_PCT": 0.0, "OREB": 0, "DREB": 4, "REB": 4, "AST": 2, "STL": 0, "BLK": 0, "TOV": 3, "PF": 4, "PTS": 29, "PLUS_MINUS": 7, "VIDEO_AVAILABLE": 1}, {"SEASON_ID": "22018", "Player_ID": 1629012, "Game_ID": "0021800270", "GAME_DATE": "NOV 23, 2018", "MATCHUP": "CLE @ PHI", "WL": "W", "MIN": 32, "FGM": 10, "FGA": 18, "FG_PCT": 0.556, "FG3M": 0, "FG3A": 0, "FG3_PCT": 0.0, "FTM": 3, "FTA": 4, "FT_PCT": 0.75, "OREB": 1, "DREB": 4, "REB": 5, "AST": 3, "STL": 1, "BLK": 1, "TOV": 2, "PF": 1, "PTS": 23, "PLUS_MINUS": 0, "VIDEO_AVAILABLE": 1}, {"SEASON_ID": "22018", "Player_ID": 1629012, "Game_ID": "0021800256", "GAME_DATE": "NOV 21, 2018", "MATCHUP": "CLE vs. LAL", "WL": "L", "MIN": 36, "FGM": 5, "FGA": 17, "FG_PCT": 0.294, "FG3M": 0, "FG3A": 2, "FG3_PCT": 0.0, "FTM": 2, "FTA": 2, "FT_PCT": 1.0, "OREB": 1, "DREB": 2, "REB": 3, "AST": 2, "STL": 0, "BLK": 0, "TOV": 0, "PF": 0, "PTS": 12, "PLUS_MINUS": -6, "VIDEO_AVAILABLE": 1}, {"SEASON_ID": "22018", "Player_ID": 1629012, "Game_ID": "0021800240", "GAME_DATE": "NOV 19, 2018", "MATCHUP": "CLE @ DET", "WL": "L", "MIN": 24, "FGM": 6, "FGA": 10, "FG_PCT": 0.6, "FG3M": 2, "FG3A": 3, "FG3_PCT": 0.667, "FTM": 4, "FTA": 6, "FT_PCT": 0.667, "OREB": 0, "DREB": 1, "REB": 1, "AST": 4, "STL": 1, "BLK": 0, "TOV": 0, "PF": 3, "PTS": 18, "PLUS_MINUS": -21, "VIDEO_AVAILABLE": 1}, {"SEASON_ID": "22018", "Player_ID": 1629012, "Game_ID": "0021800203", "GAME_DATE": "NOV 14, 2018", "MATCHUP": "CLE @ WAS", "WL": "L", "MIN": 34, "FGM": 9, "FGA": 16, "FG_PCT": 0.563, "FG3M": 2, "FG3A": 3, "FG3_PCT": 0.667, "FTM": 4, "FTA": 4, "FT_PCT": 1.0, "OREB": 0, "DREB": 3, "REB": 3, "AST": 2, "STL": 0, "BLK": 0, "TOV": 4, "PF": 2, "PTS": 24, "PLUS_MINUS": -15, "VIDEO_AVAILABLE": 1}, {"SEASON_ID": "22018", "Player_ID": 1629012, "Game_ID": "0021800199", "GAME_DATE": "NOV 13, 2018", "MATCHUP": "CLE vs. CHA", "WL": "W", "MIN": 33, "FGM": 7, "FGA": 18, "FG_PCT": 0.389, "FG3M": 2, "FG3A": 2, "FG3_PCT": 1.0, "FTM": 0, "FTA": 0, "FT_PCT": 0.0, "OREB": 2, "DREB": 3, "REB": 5, "AST": 4, "STL": 1, "BLK": 0, "TOV": 4, "PF": 3, "PTS": 16, "PLUS_MINUS": 24, "VIDEO_AVAILABLE": 1}, {"SEASON_ID": "22018", "Player_ID": 1629012, "Game_ID": "0021800178", "GAME_DATE": "NOV 10, 2018", "MATCHUP": "CLE @ CHI", "WL": "L", "MIN": 34, "FGM": 8, "FGA": 16, "FG_PCT": 0.5, "FG3M": 2, "FG3A": 3, "FG3_PCT": 0.667, "FTM": 2, "FTA": 2, "FT_PCT": 1.0, "OREB": 1, "DREB": 3, "REB": 4, "AST": 3, "STL": 0, "BLK": 0, "TOV": 1, "PF": 2, "PTS": 20, "PLUS_MINUS": -7, "VIDEO_AVAILABLE": 1}, {"SEASON_ID": "22018", "Player_ID": 1629012, "Game_ID": "0021800153", "GAME_DATE": "NOV 07, 2018", "MATCHUP": "CLE vs. OKC", "WL": "L", "MIN": 42, "FGM": 7, "FGA": 14, "FG_PCT": 0.5, "FG3M": 1, "FG3A": 2, "FG3_PCT": 0.5, "FTM": 0, "FTA": 0, "FT_PCT": 0.0, "OREB": 0, "DREB": 2, "REB": 2, "AST": 1, "STL": 0, "BLK": 1, "TOV": 3, "PF": 4, "PTS": 15, "PLUS_MINUS": -2, "VIDEO_AVAILABLE": 1}, {"SEASON_ID": "22018", "Player_ID": 1629012, "Game_ID": "0021800142", "GAME_DATE": "NOV 05, 2018", "MATCHUP": "CLE @ ORL", "WL": "L", "MIN": 17, "FGM": 2, "FGA": 6, "FG_PCT": 0.333, "FG3M": 1, "FG3A": 1, "FG3_PCT": 1.0, "FTM": 0, "FTA": 0, "FT_PCT": 0.0, "OREB": 0, "DREB": 1, "REB": 1, "AST": 2, "STL": 0, "BLK": 0, "TOV": 2, "PF": 2, "PTS": 5, "PLUS_MINUS": -7, "VIDEO_AVAILABLE": 1}, {"SEASON_ID": "22018", "Player_ID": 1629012, "Game_ID": "0021800126", "GAME_DATE": "NOV 03, 2018", "MATCHUP": "CLE @ CHA", "WL": "L", "MIN": 19, "FGM": 1, "FGA": 5, "FG_PCT": 0.2, "FG3M": 0, "FG3A": 1, "FG3_PCT": 0.0, "FTM": 2, "FTA": 2, "FT_PCT": 1.0, "OREB": 0, "DREB": 1, "REB": 1, "AST": 2, "STL": 1, "BLK": 0, "TOV": 1, "PF": 4, "PTS": 4, "PLUS_MINUS": -25, "VIDEO_AVAILABLE": 1}, {"SEASON_ID": "22018", "Player_ID": 1629012, "Game_ID": "0021800112", "GAME_DATE": "NOV 01, 2018", "MATCHUP": "CLE vs. DEN", "WL": "L", "MIN": 25, "FGM": 5, "FGA": 11, "FG_PCT": 0.455, "FG3M": 1, "FG3A": 1, "FG3_PCT": 1.0, "FTM": 1, "FTA": 1, "FT_PCT": 1.0, "OREB": 1, "DREB": 1, "REB": 2, "AST": 2, "STL": 1, "BLK": 0, "TOV": 4, "PF": 2, "PTS": 12, "PLUS_MINUS": -9, "VIDEO_AVAILABLE": 1}, {"SEASON_ID": "22018", "Player_ID": 1629012, "Game_ID": "0021800097", "GAME_DATE": "OCT 30, 2018", "MATCHUP": "CLE vs. ATL", "WL": "W", "MIN": 28, "FGM": 4, "FGA": 10, "FG_PCT": 0.4, "FG3M": 1, "FG3A": 2, "FG3_PCT": 0.5, "FTM": 8, "FTA": 9, "FT_PCT": 0.889, "OREB": 4, "DREB": 4, "REB": 8, "AST": 3, "STL": 0, "BLK": 1, "TOV": 3, "PF": 3, "PTS": 17, "PLUS_MINUS": -2, "VIDEO_AVAILABLE": 1}, {"SEASON_ID": "22018", "Player_ID": 1629012, "Game_ID": "0021800077", "GAME_DATE": "OCT 27, 2018", "MATCHUP": "CLE vs. IND", "WL": "L", "MIN": 23, "FGM": 2, "FGA": 8, "FG_PCT": 0.25, "FG3M": 0, "FG3A": 1, "FG3_PCT": 0.0, "FTM": 8, "FTA": 9, "FT_PCT": 0.889, "OREB": 0, "DREB": 1, "REB": 1, "AST": 4, "STL": 1, "BLK": 0, "TOV": 2, "PF": 1, "PTS": 12, "PLUS_MINUS": 1, "VIDEO_AVAILABLE": 1}, {"SEASON_ID": "22018", "Player_ID": 1629012, "Game_ID": "0021800063", "GAME_DATE": "OCT 25, 2018", "MATCHUP": "CLE @ DET", "WL": "L", "MIN": 25, "FGM": 5, "FGA": 9, "FG_PCT": 0.556, "FG3M": 0, "FG3A": 1, "FG3_PCT": 0.0, "FTM": 4, "FTA": 5, "FT_PCT": 0.8, "OREB": 0, "DREB": 0, "REB": 0, "AST": 5, "STL": 2, "BLK": 0, "TOV": 1, "PF": 1, "PTS": 14, "PLUS_MINUS": 3, "VIDEO_AVAILABLE": 1}, {"SEASON_ID": "22018", "Player_ID": 1629012, "Game_ID": "0021800053", "GAME_DATE": "OCT 24, 2018", "MATCHUP": "CLE vs. BKN", "WL": "L", "MIN": 25, "FGM": 6, "FGA": 10, "FG_PCT": 0.6, "FG3M": 0, "FG3A": 1, "FG3_PCT": 0.0, "FTM": 2, "FTA": 2, "FT_PCT": 1.0, "OREB": 0, "DREB": 3, "REB": 3, "AST": 1, "STL": 0, "BLK": 0, "TOV": 2, "PF": 2, "PTS": 14, "PLUS_MINUS": 1, "VIDEO_AVAILABLE": 1}, {"SEASON_ID": "22018", "Player_ID": 1629012, "Game_ID": "0021800036", "GAME_DATE": "OCT 21, 2018", "MATCHUP": "CLE vs. ATL", "WL": "L", "MIN": 28, "FGM": 2, "FGA": 11, "FG_PCT": 0.182, "FG3M": 0, "FG3A": 1, "FG3_PCT": 0.0, "FTM": 0, "FTA": 0, "FT_PCT": 0.0, "OREB": 1, "DREB": 1, "REB": 2, "AST": 2, "STL": 0, "BLK": 0, "TOV": 2, "PF": 4, "PTS": 4, "PLUS_MINUS": -23, "VIDEO_AVAILABLE": 1}, {"SEASON_ID": "22018", "Player_ID": 1629012, "Game_ID": "0021800021", "GAME_DATE": "OCT 19, 2018", "MATCHUP": "CLE @ MIN", "WL": "L", "MIN": 23, "FGM": 6, "FGA": 9, "FG_PCT": 0.667, "FG3M": 0, "FG3A": 0, "FG3_PCT": 0.0, "FTM": 2, "FTA": 2, "FT_PCT": 1.0, "OREB": 0, "DREB": 2, "REB": 2, "AST": 1, "STL": 0, "BLK": 0, "TOV": 0, "PF": 1, "PTS": 14, "PLUS_MINUS": -15, "VIDEO_AVAILABLE": 1}, {"SEASON_ID": "22018", "Player_ID": 1629012, "Game_ID": "0021800008", "GAME_DATE": "OCT 17, 2018", "MATCHUP": "CLE @ TOR", "WL": "L", "MIN": 18, "FGM": 2, "FGA": 7, "FG_PCT": 0.286, "FG3M": 0, "FG3A": 1, "FG3_PCT": 0.0, "FTM": 5, "FTA": 5, "FT_PCT": 1.0, "OREB": 1, "DREB": 2, "REB": 3, "AST": 0, "STL": 0, "BLK": 0, "TOV": 4, "PF": 4, "PTS": 9, "PLUS_MINUS": 0, "VIDEO_AVAILABLE": 1}]