{"firstName": "Collin", "lastName": "Sexton", "temporaryDisplayName": "Sexton, Collin", "personId": "1629012", "teamId": "1610612739", "jersey": "2", "isActive": true, "pos": "G", "heightFeet": "6", "heightInches": "2", "heightMeters": "1.88", "weightPounds": "190", "weightKilograms": "86.2", "dateOfBirthUTC": "1999-01-04", "teamSitesOnly": {"playerCode": "collin_sexton", "posFull": "Guard", "displayAffiliation": "Alabama/USA", "freeAgentCode": ""}, "teams": [{"teamId": "1610612739", "seasonStart": "2018", "seasonEnd": "2019"}], "draft": {"teamId": "1610612739", "pickNum": "8", "roundNum": "1", "seasonYear": "2018"}, "nbaDebutYear": "2018", "yearsPro": "1", "collegeName": "Alabama", "lastAffiliation": "University of Alabama/USA", "country": "USA"}