{"firstName": "Zion", "lastName": "Williamson", "temporaryDisplayName": "Williamson, Zion", "personId": "1629627", "teamId": "1610612740", "jersey": "1", "isActive": true, "pos": "F", "heightFeet": "6", "heightInches": "7", "heightMeters": "2.01", "weightPounds": "285", "weightKilograms": "129.3", "dateOfBirthUTC": "2000-07-06", "teamSitesOnly": {"playerCode": "zion_williamson", "posFull": "Forward", "displayAffiliation": "Duke/USA", "freeAgentCode": ""}, "teams": [{"teamId": "1610612740", "seasonStart": "2019", "seasonEnd": "2019"}], "draft": {"teamId": "1610612740", "pickNum": "1", "roundNum": "1", "seasonYear": "2019"}, "nbaDebutYear": "", "yearsPro": "0", "collegeName": "Duke", "lastAffiliation": "Duke University/USA", "country": "USA"}