{"firstName": "Justin", "lastName": "Wright-Foreman", "temporaryDisplayName": "Wright-Foreman, Justin", "personId": "1629625", "teamId": "1610612762", "jersey": "3", "isActive": true, "pos": "G", "heightFeet": "6", "heightInches": "2", "heightMeters": "1.88", "weightPounds": "190", "weightKilograms": "86.2", "dateOfBirthUTC": "1997-10-27", "teamSitesOnly": {"playerCode": "justin_wright-foreman", "posFull": "Guard", "displayAffiliation": "Hofstra/USA", "freeAgentCode": ""}, "teams": [{"teamId": "1610612762", "seasonStart": "2019", "seasonEnd": "2019"}], "draft": {"teamId": "1610612762", "pickNum": "53", "roundNum": "2", "seasonYear": "2019"}, "nbaDebutYear": "", "yearsPro": "0", "collegeName": "Hofstra", "lastAffiliation": "Hofstra University/USA", "country": "USA"}