[{"SEASON_ID": "22018", "Player_ID": 1627742, "Game_ID": "0021800942", "GAME_DATE": "MAR 02, 2019", "MATCHUP": "LAL @ PHX", "WL": "L", "MIN": 39, "FGM": 10, "FGA": 19, "FG_PCT": 0.526, "FG3M": 2, "FG3A": 2, "FG3_PCT": 1.0, "FTM": 3, "FTA": 4, "FT_PCT": 0.75, "OREB": 1, "DREB": 6, "REB": 7, "AST": 1, "STL": 0, "BLK": 0, "TOV": 3, "PF": 4, "PTS": 25, "PLUS_MINUS": -5, "VIDEO_AVAILABLE": 1}, {"SEASON_ID": "22018", "Player_ID": 1627742, "Game_ID": "0021800934", "GAME_DATE": "MAR 01, 2019", "MATCHUP": "LAL vs. MIL", "WL": "L", "MIN": 39, "FGM": 13, "FGA": 21, "FG_PCT": 0.619, "FG3M": 1, "FG3A": 4, "FG3_PCT": 0.25, "FTM": 4, "FTA": 5, "FT_PCT": 0.8, "OREB": 1, "DREB": 7, "REB": 8, "AST": 2, "STL": 0, "BLK": 1, "TOV": 0, "PF": 3, "PTS": 31, "PLUS_MINUS": -11, "VIDEO_AVAILABLE": 1}, {"SEASON_ID": "22018", "Player_ID": 1627742, "Game_ID": "0021800921", "GAME_DATE": "FEB 27, 2019", "MATCHUP": "LAL vs. NOP", "WL": "W", "MIN": 40, "FGM": 8, "FGA": 14, "FG_PCT": 0.571, "FG3M": 0, "FG3A": 1, "FG3_PCT": 0.0, "FTM": 7, "FTA": 10, "FT_PCT": 0.7, "OREB": 0, "DREB": 6, "REB": 6, "AST": 4, "STL": 0, "BLK": 1, "TOV": 0, "PF": 5, "PTS": 23, "PLUS_MINUS": 1, "VIDEO_AVAILABLE": 1}, {"SEASON_ID": "22018", "Player_ID": 1627742, "Game_ID": "0021800904", "GAME_DATE": "FEB 25, 2019", "MATCHUP": "LAL @ MEM", "WL": "L", "MIN": 38, "FGM": 12, "FGA": 18, "FG_PCT": 0.667, "FG3M": 3, "FG3A": 3, "FG3_PCT": 1.0, "FTM": 5, "FTA": 6, "FT_PCT": 0.833, "OREB": 0, "DREB": 6, "REB": 6, "AST": 4, "STL": 1, "BLK": 1, "TOV": 3, "PF": 5, "PTS": 32, "PLUS_MINUS": 2, "VIDEO_AVAILABLE": 1}, {"SEASON_ID": "22018", "Player_ID": 1627742, "Game_ID": "0021800887", "GAME_DATE": "FEB 23, 2019", "MATCHUP": "LAL @ NOP", "WL": "L", "MIN": 26, "FGM": 10, "FGA": 18, "FG_PCT": 0.556, "FG3M": 3, "FG3A": 4, "FG3_PCT": 0.75, "FTM": 6, "FTA": 9, "FT_PCT": 0.667, "OREB": 2, "DREB": 3, "REB": 5, "AST": 3, "STL": 0, "BLK": 0, "TOV": 5, "PF": 5, "PTS": 29, "PLUS_MINUS": -5, "VIDEO_AVAILABLE": 1}, {"SEASON_ID": "22018", "Player_ID": 1627742, "Game_ID": "0021800872", "GAME_DATE": "FEB 21, 2019", "MATCHUP": "LAL vs. HOU", "WL": "W", "MIN": 41, "FGM": 8, "FGA": 17, "FG_PCT": 0.471, "FG3M": 0, "FG3A": 3, "FG3_PCT": 0.0, "FTM": 11, "FTA": 14, "FT_PCT": 0.786, "OREB": 2, "DREB": 11, "REB": 13, "AST": 1, "STL": 0, "BLK": 0, "TOV": 3, "PF": 3, "PTS": 27, "PLUS_MINUS": 8, "VIDEO_AVAILABLE": 1}, {"SEASON_ID": "22018", "Player_ID": 1627742, "Game_ID": "0021800848", "GAME_DATE": "FEB 12, 2019", "MATCHUP": "LAL @ ATL", "WL": "L", "MIN": 34, "FGM": 7, "FGA": 14, "FG_PCT": 0.5, "FG3M": 0, "FG3A": 1, "FG3_PCT": 0.0, "FTM": 5, "FTA": 6, "FT_PCT": 0.833, "OREB": 1, "DREB": 5, "REB": 6, "AST": 1, "STL": 0, "BLK": 1, "TOV": 4, "PF": 4, "PTS": 19, "PLUS_MINUS": 1, "VIDEO_AVAILABLE": 1}, {"SEASON_ID": "22018", "Player_ID": 1627742, "Game_ID": "0021800835", "GAME_DATE": "FEB 10, 2019", "MATCHUP": "LAL @ PHI", "WL": "L", "MIN": 34, "FGM": 6, "FGA": 11, "FG_PCT": 0.545, "FG3M": 0, "FG3A": 0, "FG3_PCT": 0.0, "FTM": 7, "FTA": 7, "FT_PCT": 1.0, "OREB": 1, "DREB": 3, "REB": 4, "AST": 4, "STL": 0, "BLK": 0, "TOV": 3, "PF": 3, "PTS": 19, "PLUS_MINUS": -8, "VIDEO_AVAILABLE": 1}, {"SEASON_ID": "22018", "Player_ID": 1627742, "Game_ID": "0021800814", "GAME_DATE": "FEB 07, 2019", "MATCHUP": "LAL @ BOS", "WL": "W", "MIN": 40, "FGM": 4, "FGA": 14, "FG_PCT": 0.286, "FG3M": 1, "FG3A": 4, "FG3_PCT": 0.25, "FTM": 2, "FTA": 6, "FT_PCT": 0.333, "OREB": 1, "DREB": 1, "REB": 2, "AST": 7, "STL": 2, "BLK": 1, "TOV": 1, "PF": 3, "PTS": 11, "PLUS_MINUS": 18, "VIDEO_AVAILABLE": 1}, {"SEASON_ID": "22018", "Player_ID": 1627742, "Game_ID": "0021800798", "GAME_DATE": "FEB 05, 2019", "MATCHUP": "LAL @ IND", "WL": "L", "MIN": 29, "FGM": 4, "FGA": 8, "FG_PCT": 0.5, "FG3M": 0, "FG3A": 0, "FG3_PCT": 0.0, "FTM": 4, "FTA": 5, "FT_PCT": 0.8, "OREB": 0, "DREB": 6, "REB": 6, "AST": 1, "STL": 0, "BLK": 0, "TOV": 1, "PF": 0, "PTS": 12, "PLUS_MINUS": -31, "VIDEO_AVAILABLE": 1}, {"SEASON_ID": "22018", "Player_ID": 1627742, "Game_ID": "0021800782", "GAME_DATE": "FEB 02, 2019", "MATCHUP": "LAL @ GSW", "WL": "L", "MIN": 39, "FGM": 9, "FGA": 21, "FG_PCT": 0.429, "FG3M": 0, "FG3A": 2, "FG3_PCT": 0.0, "FTM": 2, "FTA": 2, "FT_PCT": 1.0, "OREB": 0, "DREB": 4, "REB": 4, "AST": 3, "STL": 0, "BLK": 1, "TOV": 1, "PF": 3, "PTS": 20, "PLUS_MINUS": -15, "VIDEO_AVAILABLE": 1}, {"SEASON_ID": "22018", "Player_ID": 1627742, "Game_ID": "0021800769", "GAME_DATE": "JAN 31, 2019", "MATCHUP": "LAL @ LAC", "WL": "W", "MIN": 44, "FGM": 7, "FGA": 12, "FG_PCT": 0.583, "FG3M": 0, "FG3A": 2, "FG3_PCT": 0.0, "FTM": 5, "FTA": 5, "FT_PCT": 1.0, "OREB": 0, "DREB": 4, "REB": 4, "AST": 4, "STL": 0, "BLK": 0, "TOV": 2, "PF": 4, "PTS": 19, "PLUS_MINUS": 8, "VIDEO_AVAILABLE": 1}, {"SEASON_ID": "22018", "Player_ID": 1627742, "Game_ID": "0021800755", "GAME_DATE": "JAN 29, 2019", "MATCHUP": "LAL vs. PHI", "WL": "L", "MIN": 39, "FGM": 16, "FGA": 20, "FG_PCT": 0.8, "FG3M": 0, "FG3A": 0, "FG3_PCT": 0.0, "FTM": 4, "FTA": 5, "FT_PCT": 0.8, "OREB": 1, "DREB": 4, "REB": 5, "AST": 5, "STL": 0, "BLK": 0, "TOV": 3, "PF": 1, "PTS": 36, "PLUS_MINUS": -14, "VIDEO_AVAILABLE": 1}, {"SEASON_ID": "22018", "Player_ID": 1627742, "Game_ID": "0021800743", "GAME_DATE": "JAN 27, 2019", "MATCHUP": "LAL vs. PHX", "WL": "W", "MIN": 32, "FGM": 9, "FGA": 11, "FG_PCT": 0.818, "FG3M": 1, "FG3A": 1, "FG3_PCT": 1.0, "FTM": 3, "FTA": 6, "FT_PCT": 0.5, "OREB": 0, "DREB": 2, "REB": 2, "AST": 4, "STL": 2, "BLK": 2, "TOV": 1, "PF": 6, "PTS": 22, "PLUS_MINUS": 7, "VIDEO_AVAILABLE": 1}, {"SEASON_ID": "22018", "Player_ID": 1627742, "Game_ID": "0021800719", "GAME_DATE": "JAN 24, 2019", "MATCHUP": "LAL vs. MIN", "WL": "L", "MIN": 36, "FGM": 8, "FGA": 14, "FG_PCT": 0.571, "FG3M": 0, "FG3A": 2, "FG3_PCT": 0.0, "FTM": 4, "FTA": 6, "FT_PCT": 0.667, "OREB": 0, "DREB": 6, "REB": 6, "AST": 1, "STL": 2, "BLK": 0, "TOV": 2, "PF": 3, "PTS": 20, "PLUS_MINUS": -10, "VIDEO_AVAILABLE": 1}, {"SEASON_ID": "22018", "Player_ID": 1627742, "Game_ID": "0021800701", "GAME_DATE": "JAN 21, 2019", "MATCHUP": "LAL vs. GSW", "WL": "L", "MIN": 34, "FGM": 7, "FGA": 16, "FG_PCT": 0.438, "FG3M": 1, "FG3A": 1, "FG3_PCT": 1.0, "FTM": 2, "FTA": 3, "FT_PCT": 0.667, "OREB": 0, "DREB": 5, "REB": 5, "AST": 3, "STL": 0, "BLK": 0, "TOV": 2, "PF": 3, "PTS": 17, "PLUS_MINUS": -25, "VIDEO_AVAILABLE": 1}, {"SEASON_ID": "22018", "Player_ID": 1627742, "Game_ID": "0021800686", "GAME_DATE": "JAN 19, 2019", "MATCHUP": "LAL @ HOU", "WL": "L", "MIN": 36, "FGM": 7, "FGA": 12, "FG_PCT": 0.583, "FG3M": 1, "FG3A": 2, "FG3_PCT": 0.5, "FTM": 6, "FTA": 8, "FT_PCT": 0.75, "OREB": 1, "DREB": 4, "REB": 5, "AST": 4, "STL": 0, "BLK": 0, "TOV": 6, "PF": 4, "PTS": 21, "PLUS_MINUS": -12, "VIDEO_AVAILABLE": 1}, {"SEASON_ID": "22018", "Player_ID": 1627742, "Game_ID": "0021800670", "GAME_DATE": "JAN 17, 2019", "MATCHUP": "LAL @ OKC", "WL": "W", "MIN": 38, "FGM": 1, "FGA": 9, "FG_PCT": 0.111, "FG3M": 0, "FG3A": 2, "FG3_PCT": 0.0, "FTM": 6, "FTA": 6, "FT_PCT": 1.0, "OREB": 1, "DREB": 4, "REB": 5, "AST": 11, "STL": 0, "BLK": 1, "TOV": 4, "PF": 1, "PTS": 8, "PLUS_MINUS": -9, "VIDEO_AVAILABLE": 1}, {"SEASON_ID": "22018", "Player_ID": 1627742, "Game_ID": "0021800656", "GAME_DATE": "JAN 15, 2019", "MATCHUP": "LAL vs. CHI", "WL": "W", "MIN": 40, "FGM": 7, "FGA": 13, "FG_PCT": 0.538, "FG3M": 0, "FG3A": 2, "FG3_PCT": 0.0, "FTM": 2, "FTA": 4, "FT_PCT": 0.5, "OREB": 0, "DREB": 9, "REB": 9, "AST": 7, "STL": 1, "BLK": 0, "TOV": 3, "PF": 4, "PTS": 16, "PLUS_MINUS": 9, "VIDEO_AVAILABLE": 1}, {"SEASON_ID": "22018", "Player_ID": 1627742, "Game_ID": "0021800644", "GAME_DATE": "JAN 13, 2019", "MATCHUP": "LAL vs. CLE", "WL": "L", "MIN": 40, "FGM": 8, "FGA": 14, "FG_PCT": 0.571, "FG3M": 1, "FG3A": 2, "FG3_PCT": 0.5, "FTM": 5, "FTA": 8, "FT_PCT": 0.625, "OREB": 3, "DREB": 4, "REB": 7, "AST": 2, "STL": 0, "BLK": 0, "TOV": 2, "PF": 2, "PTS": 22, "PLUS_MINUS": -13, "VIDEO_AVAILABLE": 1}, {"SEASON_ID": "22018", "Player_ID": 1627742, "Game_ID": "0021800627", "GAME_DATE": "JAN 11, 2019", "MATCHUP": "LAL @ UTA", "WL": "L", "MIN": 35, "FGM": 6, "FGA": 11, "FG_PCT": 0.545, "FG3M": 1, "FG3A": 1, "FG3_PCT": 1.0, "FTM": 2, "FTA": 6, "FT_PCT": 0.333, "OREB": 0, "DREB": 5, "REB": 5, "AST": 0, "STL": 0, "BLK": 1, "TOV": 3, "PF": 0, "PTS": 15, "PLUS_MINUS": -19, "VIDEO_AVAILABLE": 1}, {"SEASON_ID": "22018", "Player_ID": 1627742, "Game_ID": "0021800616", "GAME_DATE": "JAN 09, 2019", "MATCHUP": "LAL vs. DET", "WL": "W", "MIN": 30, "FGM": 4, "FGA": 10, "FG_PCT": 0.4, "FG3M": 0, "FG3A": 0, "FG3_PCT": 0.0, "FTM": 2, "FTA": 4, "FT_PCT": 0.5, "OREB": 3, "DREB": 6, "REB": 9, "AST": 6, "STL": 0, "BLK": 0, "TOV": 3, "PF": 1, "PTS": 10, "PLUS_MINUS": -1, "VIDEO_AVAILABLE": 1}, {"SEASON_ID": "22018", "Player_ID": 1627742, "Game_ID": "0021800596", "GAME_DATE": "JAN 07, 2019", "MATCHUP": "LAL @ DAL", "WL": "W", "MIN": 37, "FGM": 12, "FGA": 21, "FG_PCT": 0.571, "FG3M": 0, "FG3A": 0, "FG3_PCT": 0.0, "FTM": 5, "FTA": 7, "FT_PCT": 0.714, "OREB": 1, "DREB": 2, "REB": 3, "AST": 6, "STL": 2, "BLK": 0, "TOV": 2, "PF": 4, "PTS": 29, "PLUS_MINUS": 14, "VIDEO_AVAILABLE": 1}, {"SEASON_ID": "22018", "Player_ID": 1627742, "Game_ID": "0021800585", "GAME_DATE": "JAN 06, 2019", "MATCHUP": "LAL @ MIN", "WL": "L", "MIN": 25, "FGM": 5, "FGA": 16, "FG_PCT": 0.313, "FG3M": 0, "FG3A": 0, "FG3_PCT": 0.0, "FTM": 3, "FTA": 5, "FT_PCT": 0.6, "OREB": 2, "DREB": 3, "REB": 5, "AST": 1, "STL": 0, "BLK": 2, "TOV": 3, "PF": 2, "PTS": 13, "PLUS_MINUS": -21, "VIDEO_AVAILABLE": 1}, {"SEASON_ID": "22018", "Player_ID": 1627742, "Game_ID": "0021800574", "GAME_DATE": "JAN 04, 2019", "MATCHUP": "LAL vs. NYK", "WL": "L", "MIN": 37, "FGM": 8, "FGA": 21, "FG_PCT": 0.381, "FG3M": 0, "FG3A": 2, "FG3_PCT": 0.0, "FTM": 5, "FTA": 5, "FT_PCT": 1.0, "OREB": 0, "DREB": 9, "REB": 9, "AST": 3, "STL": 1, "BLK": 0, "TOV": 5, "PF": 3, "PTS": 21, "PLUS_MINUS": -2, "VIDEO_AVAILABLE": 1}, {"SEASON_ID": "22018", "Player_ID": 1627742, "Game_ID": "0021800562", "GAME_DATE": "JAN 02, 2019", "MATCHUP": "LAL vs. OKC", "WL": "L", "MIN": 41, "FGM": 8, "FGA": 21, "FG_PCT": 0.381, "FG3M": 0, "FG3A": 2, "FG3_PCT": 0.0, "FTM": 1, "FTA": 2, "FT_PCT": 0.5, "OREB": 1, "DREB": 10, "REB": 11, "AST": 5, "STL": 0, "BLK": 1, "TOV": 4, "PF": 3, "PTS": 17, "PLUS_MINUS": -15, "VIDEO_AVAILABLE": 1}, {"SEASON_ID": "22018", "Player_ID": 1627742, "Game_ID": "0021800541", "GAME_DATE": "DEC 30, 2018", "MATCHUP": "LAL vs. SAC", "WL": "W", "MIN": 39, "FGM": 9, "FGA": 13, "FG_PCT": 0.692, "FG3M": 1, "FG3A": 3, "FG3_PCT": 0.333, "FTM": 2, "FTA": 4, "FT_PCT": 0.5, "OREB": 1, "DREB": 6, "REB": 7, "AST": 9, "STL": 1, "BLK": 2, "TOV": 3, "PF": 1, "PTS": 21, "PLUS_MINUS": 16, "VIDEO_AVAILABLE": 1}, {"SEASON_ID": "22018", "Player_ID": 1627742, "Game_ID": "0021800526", "GAME_DATE": "DEC 28, 2018", "MATCHUP": "LAL vs. LAC", "WL": "L", "MIN": 33, "FGM": 5, "FGA": 12, "FG_PCT": 0.417, "FG3M": 1, "FG3A": 2, "FG3_PCT": 0.5, "FTM": 6, "FTA": 12, "FT_PCT": 0.5, "OREB": 0, "DREB": 7, "REB": 7, "AST": 0, "STL": 0, "BLK": 0, "TOV": 1, "PF": 5, "PTS": 17, "PLUS_MINUS": 1, "VIDEO_AVAILABLE": 1}, {"SEASON_ID": "22018", "Player_ID": 1627742, "Game_ID": "0021800514", "GAME_DATE": "DEC 27, 2018", "MATCHUP": "LAL @ SAC", "WL": "L", "MIN": 38, "FGM": 8, "FGA": 19, "FG_PCT": 0.421, "FG3M": 1, "FG3A": 4, "FG3_PCT": 0.25, "FTM": 5, "FTA": 8, "FT_PCT": 0.625, "OREB": 2, "DREB": 1, "REB": 3, "AST": 2, "STL": 1, "BLK": 2, "TOV": 5, "PF": 1, "PTS": 22, "PLUS_MINUS": 7, "VIDEO_AVAILABLE": 1}, {"SEASON_ID": "22018", "Player_ID": 1627742, "Game_ID": "0021800500", "GAME_DATE": "DEC 25, 2018", "MATCHUP": "LAL @ GSW", "WL": "W", "MIN": 24, "FGM": 4, "FGA": 9, "FG_PCT": 0.444, "FG3M": 1, "FG3A": 3, "FG3_PCT": 0.333, "FTM": 5, "FTA": 6, "FT_PCT": 0.833, "OREB": 0, "DREB": 2, "REB": 2, "AST": 2, "STL": 0, "BLK": 0, "TOV": 2, "PF": 4, "PTS": 14, "PLUS_MINUS": 13, "VIDEO_AVAILABLE": 1}, {"SEASON_ID": "22018", "Player_ID": 1627742, "Game_ID": "0021800496", "GAME_DATE": "DEC 23, 2018", "MATCHUP": "LAL vs. MEM", "WL": "L", "MIN": 37, "FGM": 8, "FGA": 15, "FG_PCT": 0.533, "FG3M": 1, "FG3A": 3, "FG3_PCT": 0.333, "FTM": 3, "FTA": 6, "FT_PCT": 0.5, "OREB": 0, "DREB": 4, "REB": 4, "AST": 3, "STL": 0, "BLK": 0, "TOV": 2, "PF": 2, "PTS": 20, "PLUS_MINUS": -2, "VIDEO_AVAILABLE": 1}, {"SEASON_ID": "22018", "Player_ID": 1627742, "Game_ID": "0021800478", "GAME_DATE": "DEC 21, 2018", "MATCHUP": "LAL vs. NOP", "WL": "W", "MIN": 33, "FGM": 6, "FGA": 14, "FG_PCT": 0.429, "FG3M": 0, "FG3A": 2, "FG3_PCT": 0.0, "FTM": 6, "FTA": 8, "FT_PCT": 0.75, "OREB": 2, "DREB": 5, "REB": 7, "AST": 2, "STL": 1, "BLK": 0, "TOV": 2, "PF": 1, "PTS": 18, "PLUS_MINUS": 16, "VIDEO_AVAILABLE": 1}, {"SEASON_ID": "22018", "Player_ID": 1627742, "Game_ID": "0021800364", "GAME_DATE": "DEC 05, 2018", "MATCHUP": "LAL vs. SAS", "WL": "W", "MIN": 5, "FGM": 2, "FGA": 2, "FG_PCT": 1.0, "FG3M": 0, "FG3A": 0, "FG3_PCT": 0.0, "FTM": 1, "FTA": 3, "FT_PCT": 0.333, "OREB": 0, "DREB": 0, "REB": 0, "AST": 0, "STL": 0, "BLK": 1, "TOV": 0, "PF": 1, "PTS": 5, "PLUS_MINUS": 4, "VIDEO_AVAILABLE": 1}, {"SEASON_ID": "22018", "Player_ID": 1627742, "Game_ID": "0021800337", "GAME_DATE": "DEC 02, 2018", "MATCHUP": "LAL vs. PHX", "WL": "W", "MIN": 28, "FGM": 5, "FGA": 10, "FG_PCT": 0.5, "FG3M": 1, "FG3A": 1, "FG3_PCT": 1.0, "FTM": 4, "FTA": 7, "FT_PCT": 0.571, "OREB": 2, "DREB": 2, "REB": 4, "AST": 2, "STL": 0, "BLK": 0, "TOV": 3, "PF": 2, "PTS": 15, "PLUS_MINUS": 8, "VIDEO_AVAILABLE": 1}, {"SEASON_ID": "22018", "Player_ID": 1627742, "Game_ID": "0021800328", "GAME_DATE": "NOV 30, 2018", "MATCHUP": "LAL vs. DAL", "WL": "W", "MIN": 40, "FGM": 7, "FGA": 16, "FG_PCT": 0.438, "FG3M": 0, "FG3A": 1, "FG3_PCT": 0.0, "FTM": 5, "FTA": 8, "FT_PCT": 0.625, "OREB": 0, "DREB": 4, "REB": 4, "AST": 4, "STL": 1, "BLK": 0, "TOV": 2, "PF": 5, "PTS": 19, "PLUS_MINUS": 9, "VIDEO_AVAILABLE": 1}, {"SEASON_ID": "22018", "Player_ID": 1627742, "Game_ID": "0021800317", "GAME_DATE": "NOV 29, 2018", "MATCHUP": "LAL vs. IND", "WL": "W", "MIN": 31, "FGM": 6, "FGA": 15, "FG_PCT": 0.4, "FG3M": 0, "FG3A": 2, "FG3_PCT": 0.0, "FTM": 2, "FTA": 5, "FT_PCT": 0.4, "OREB": 0, "DREB": 1, "REB": 1, "AST": 3, "STL": 1, "BLK": 3, "TOV": 1, "PF": 2, "PTS": 14, "PLUS_MINUS": -12, "VIDEO_AVAILABLE": 1}, {"SEASON_ID": "22018", "Player_ID": 1627742, "Game_ID": "0021800304", "GAME_DATE": "NOV 27, 2018", "MATCHUP": "LAL @ DEN", "WL": "L", "MIN": 30, "FGM": 6, "FGA": 10, "FG_PCT": 0.6, "FG3M": 0, "FG3A": 1, "FG3_PCT": 0.0, "FTM": 2, "FTA": 4, "FT_PCT": 0.5, "OREB": 0, "DREB": 2, "REB": 2, "AST": 2, "STL": 1, "BLK": 0, "TOV": 1, "PF": 4, "PTS": 14, "PLUS_MINUS": -19, "VIDEO_AVAILABLE": 1}, {"SEASON_ID": "22018", "Player_ID": 1627742, "Game_ID": "0021800286", "GAME_DATE": "NOV 25, 2018", "MATCHUP": "LAL vs. ORL", "WL": "L", "MIN": 31, "FGM": 7, "FGA": 14, "FG_PCT": 0.5, "FG3M": 0, "FG3A": 2, "FG3_PCT": 0.0, "FTM": 3, "FTA": 5, "FT_PCT": 0.6, "OREB": 1, "DREB": 5, "REB": 6, "AST": 1, "STL": 2, "BLK": 0, "TOV": 5, "PF": 4, "PTS": 17, "PLUS_MINUS": 8, "VIDEO_AVAILABLE": 1}, {"SEASON_ID": "22018", "Player_ID": 1627742, "Game_ID": "0021800278", "GAME_DATE": "NOV 23, 2018", "MATCHUP": "LAL vs. UTA", "WL": "W", "MIN": 37, "FGM": 8, "FGA": 14, "FG_PCT": 0.571, "FG3M": 2, "FG3A": 3, "FG3_PCT": 0.667, "FTM": 6, "FTA": 10, "FT_PCT": 0.6, "OREB": 0, "DREB": 6, "REB": 6, "AST": 0, "STL": 2, "BLK": 0, "TOV": 6, "PF": 3, "PTS": 24, "PLUS_MINUS": 10, "VIDEO_AVAILABLE": 1}, {"SEASON_ID": "22018", "Player_ID": 1627742, "Game_ID": "0021800256", "GAME_DATE": "NOV 21, 2018", "MATCHUP": "LAL @ CLE", "WL": "W", "MIN": 36, "FGM": 5, "FGA": 10, "FG_PCT": 0.5, "FG3M": 1, "FG3A": 1, "FG3_PCT": 1.0, "FTM": 3, "FTA": 6, "FT_PCT": 0.5, "OREB": 1, "DREB": 2, "REB": 3, "AST": 3, "STL": 0, "BLK": 0, "TOV": 2, "PF": 3, "PTS": 14, "PLUS_MINUS": 15, "VIDEO_AVAILABLE": 1}, {"SEASON_ID": "22018", "Player_ID": 1627742, "Game_ID": "0021800235", "GAME_DATE": "NOV 18, 2018", "MATCHUP": "LAL @ MIA", "WL": "W", "MIN": 36, "FGM": 6, "FGA": 15, "FG_PCT": 0.4, "FG3M": 0, "FG3A": 1, "FG3_PCT": 0.0, "FTM": 1, "FTA": 1, "FT_PCT": 1.0, "OREB": 1, "DREB": 6, "REB": 7, "AST": 1, "STL": 0, "BLK": 1, "TOV": 1, "PF": 2, "PTS": 13, "PLUS_MINUS": 7, "VIDEO_AVAILABLE": 1}, {"SEASON_ID": "22018", "Player_ID": 1627742, "Game_ID": "0021800227", "GAME_DATE": "NOV 17, 2018", "MATCHUP": "LAL @ ORL", "WL": "L", "MIN": 34, "FGM": 7, "FGA": 13, "FG_PCT": 0.538, "FG3M": 0, "FG3A": 2, "FG3_PCT": 0.0, "FTM": 3, "FTA": 4, "FT_PCT": 0.75, "OREB": 0, "DREB": 6, "REB": 6, "AST": 7, "STL": 0, "BLK": 0, "TOV": 0, "PF": 1, "PTS": 17, "PLUS_MINUS": -7, "VIDEO_AVAILABLE": 1}, {"SEASON_ID": "22018", "Player_ID": 1627742, "Game_ID": "0021800212", "GAME_DATE": "NOV 14, 2018", "MATCHUP": "LAL vs. POR", "WL": "W", "MIN": 32, "FGM": 6, "FGA": 15, "FG_PCT": 0.4, "FG3M": 1, "FG3A": 3, "FG3_PCT": 0.333, "FTM": 4, "FTA": 5, "FT_PCT": 0.8, "OREB": 0, "DREB": 2, "REB": 2, "AST": 4, "STL": 1, "BLK": 0, "TOV": 0, "PF": 2, "PTS": 17, "PLUS_MINUS": 0, "VIDEO_AVAILABLE": 1}, {"SEASON_ID": "22018", "Player_ID": 1627742, "Game_ID": "0021800189", "GAME_DATE": "NOV 11, 2018", "MATCHUP": "LAL vs. ATL", "WL": "W", "MIN": 29, "FGM": 3, "FGA": 8, "FG_PCT": 0.375, "FG3M": 0, "FG3A": 0, "FG3_PCT": 0.0, "FTM": 4, "FTA": 6, "FT_PCT": 0.667, "OREB": 0, "DREB": 3, "REB": 3, "AST": 1, "STL": 0, "BLK": 1, "TOV": 6, "PF": 3, "PTS": 10, "PLUS_MINUS": 12, "VIDEO_AVAILABLE": 1}, {"SEASON_ID": "22018", "Player_ID": 1627742, "Game_ID": "0021800183", "GAME_DATE": "NOV 10, 2018", "MATCHUP": "LAL @ SAC", "WL": "W", "MIN": 30, "FGM": 5, "FGA": 17, "FG_PCT": 0.294, "FG3M": 0, "FG3A": 2, "FG3_PCT": 0.0, "FTM": 2, "FTA": 2, "FT_PCT": 1.0, "OREB": 2, "DREB": 6, "REB": 8, "AST": 2, "STL": 0, "BLK": 0, "TOV": 0, "PF": 4, "PTS": 12, "PLUS_MINUS": 2, "VIDEO_AVAILABLE": 1}, {"SEASON_ID": "22018", "Player_ID": 1627742, "Game_ID": "0021800162", "GAME_DATE": "NOV 07, 2018", "MATCHUP": "LAL vs. MIN", "WL": "W", "MIN": 35, "FGM": 8, "FGA": 14, "FG_PCT": 0.571, "FG3M": 2, "FG3A": 3, "FG3_PCT": 0.667, "FTM": 2, "FTA": 2, "FT_PCT": 1.0, "OREB": 1, "DREB": 4, "REB": 5, "AST": 6, "STL": 1, "BLK": 2, "TOV": 3, "PF": 2, "PTS": 20, "PLUS_MINUS": -2, "VIDEO_AVAILABLE": 1}, {"SEASON_ID": "22018", "Player_ID": 1627742, "Game_ID": "0021800139", "GAME_DATE": "NOV 04, 2018", "MATCHUP": "LAL vs. TOR", "WL": "L", "MIN": 34, "FGM": 7, "FGA": 11, "FG_PCT": 0.636, "FG3M": 0, "FG3A": 1, "FG3_PCT": 0.0, "FTM": 2, "FTA": 3, "FT_PCT": 0.667, "OREB": 0, "DREB": 1, "REB": 1, "AST": 3, "STL": 0, "BLK": 1, "TOV": 1, "PF": 2, "PTS": 16, "PLUS_MINUS": 1, "VIDEO_AVAILABLE": 1}, {"SEASON_ID": "22018", "Player_ID": 1627742, "Game_ID": "0021800132", "GAME_DATE": "NOV 03, 2018", "MATCHUP": "LAL @ POR", "WL": "W", "MIN": 33, "FGM": 3, "FGA": 10, "FG_PCT": 0.3, "FG3M": 0, "FG3A": 0, "FG3_PCT": 0.0, "FTM": 2, "FTA": 4, "FT_PCT": 0.5, "OREB": 0, "DREB": 6, "REB": 6, "AST": 0, "STL": 1, "BLK": 0, "TOV": 3, "PF": 2, "PTS": 8, "PLUS_MINUS": -13, "VIDEO_AVAILABLE": 1}, {"SEASON_ID": "22018", "Player_ID": 1627742, "Game_ID": "0021800109", "GAME_DATE": "OCT 31, 2018", "MATCHUP": "LAL vs. DAL", "WL": "W", "MIN": 31, "FGM": 6, "FGA": 16, "FG_PCT": 0.375, "FG3M": 1, "FG3A": 1, "FG3_PCT": 1.0, "FTM": 4, "FTA": 6, "FT_PCT": 0.667, "OREB": 0, "DREB": 3, "REB": 3, "AST": 1, "STL": 1, "BLK": 0, "TOV": 3, "PF": 5, "PTS": 17, "PLUS_MINUS": 9, "VIDEO_AVAILABLE": 1}, {"SEASON_ID": "22018", "Player_ID": 1627742, "Game_ID": "0021800093", "GAME_DATE": "OCT 29, 2018", "MATCHUP": "LAL @ MIN", "WL": "L", "MIN": 25, "FGM": 9, "FGA": 18, "FG_PCT": 0.5, "FG3M": 3, "FG3A": 5, "FG3_PCT": 0.6, "FTM": 3, "FTA": 4, "FT_PCT": 0.75, "OREB": 3, "DREB": 2, "REB": 5, "AST": 2, "STL": 0, "BLK": 3, "TOV": 4, "PF": 5, "PTS": 24, "PLUS_MINUS": 3, "VIDEO_AVAILABLE": 1}, {"SEASON_ID": "22018", "Player_ID": 1627742, "Game_ID": "0021800035", "GAME_DATE": "OCT 20, 2018", "MATCHUP": "LAL vs. HOU", "WL": "L", "MIN": 29, "FGM": 5, "FGA": 8, "FG_PCT": 0.625, "FG3M": 0, "FG3A": 1, "FG3_PCT": 0.0, "FTM": 2, "FTA": 2, "FT_PCT": 1.0, "OREB": 2, "DREB": 2, "REB": 4, "AST": 0, "STL": 1, "BLK": 1, "TOV": 3, "PF": 4, "PTS": 12, "PLUS_MINUS": -1, "VIDEO_AVAILABLE": 1}, {"SEASON_ID": "22018", "Player_ID": 1627742, "Game_ID": "0021800016", "GAME_DATE": "OCT 18, 2018", "MATCHUP": "LAL @ POR", "WL": "L", "MIN": 28, "FGM": 7, "FGA": 15, "FG_PCT": 0.467, "FG3M": 0, "FG3A": 4, "FG3_PCT": 0.0, "FTM": 2, "FTA": 4, "FT_PCT": 0.5, "OREB": 1, "DREB": 3, "REB": 4, "AST": 1, "STL": 2, "BLK": 1, "TOV": 1, "PF": 0, "PTS": 16, "PLUS_MINUS": 4, "VIDEO_AVAILABLE": 1}, {"SEASON_ID": "22017", "Player_ID": 1627742, "Game_ID": "0021701136", "GAME_DATE": "MAR 30, 2018", "MATCHUP": "LAL vs. MIL", "WL": "L", "MIN": 27, "FGM": 5, "FGA": 7, "FG_PCT": 0.714, "FG3M": 2, "FG3A": 2, "FG3_PCT": 1.0, "FTM": 0, "FTA": 3, "FT_PCT": 0.0, "OREB": 0, "DREB": 3, "REB": 3, "AST": 6, "STL": 0, "BLK": 0, "TOV": 5, "PF": 3, "PTS": 12, "PLUS_MINUS": -11, "VIDEO_AVAILABLE": 1}, {"SEASON_ID": "22017", "Player_ID": 1627742, "Game_ID": "0021701123", "GAME_DATE": "MAR 28, 2018", "MATCHUP": "LAL vs. DAL", "WL": "W", "MIN": 23, "FGM": 4, "FGA": 10, "FG_PCT": 0.4, "FG3M": 1, "FG3A": 3, "FG3_PCT": 0.333, "FTM": 4, "FTA": 6, "FT_PCT": 0.667, "OREB": 1, "DREB": 5, "REB": 6, "AST": 4, "STL": 1, "BLK": 0, "TOV": 3, "PF": 2, "PTS": 13, "PLUS_MINUS": -7, "VIDEO_AVAILABLE": 1}, {"SEASON_ID": "22017", "Player_ID": 1627742, "Game_ID": "0021700922", "GAME_DATE": "MAR 01, 2018", "MATCHUP": "LAL @ MIA", "WL": "W", "MIN": 35, "FGM": 8, "FGA": 14, "FG_PCT": 0.571, "FG3M": 1, "FG3A": 3, "FG3_PCT": 0.333, "FTM": 2, "FTA": 2, "FT_PCT": 1.0, "OREB": 0, "DREB": 5, "REB": 5, "AST": 5, "STL": 1, "BLK": 1, "TOV": 1, "PF": 4, "PTS": 19, "PLUS_MINUS": -10, "VIDEO_AVAILABLE": 1}, {"SEASON_ID": "22017", "Player_ID": 1627742, "Game_ID": "0021700897", "GAME_DATE": "FEB 26, 2018", "MATCHUP": "LAL @ ATL", "WL": "W", "MIN": 29, "FGM": 10, "FGA": 16, "FG_PCT": 0.625, "FG3M": 0, "FG3A": 1, "FG3_PCT": 0.0, "FTM": 1, "FTA": 2, "FT_PCT": 0.5, "OREB": 2, "DREB": 8, "REB": 10, "AST": 6, "STL": 1, "BLK": 3, "TOV": 3, "PF": 0, "PTS": 21, "PLUS_MINUS": 19, "VIDEO_AVAILABLE": 1}, {"SEASON_ID": "22017", "Player_ID": 1627742, "Game_ID": "0021700891", "GAME_DATE": "FEB 24, 2018", "MATCHUP": "LAL @ SAC", "WL": "W", "MIN": 38, "FGM": 5, "FGA": 12, "FG_PCT": 0.417, "FG3M": 1, "FG3A": 3, "FG3_PCT": 0.333, "FTM": 2, "FTA": 2, "FT_PCT": 1.0, "OREB": 2, "DREB": 5, "REB": 7, "AST": 8, "STL": 0, "BLK": 1, "TOV": 1, "PF": 2, "PTS": 13, "PLUS_MINUS": 6, "VIDEO_AVAILABLE": 1}, {"SEASON_ID": "22017", "Player_ID": 1627742, "Game_ID": "0021700883", "GAME_DATE": "FEB 23, 2018", "MATCHUP": "LAL vs. DAL", "WL": "W", "MIN": 29, "FGM": 6, "FGA": 9, "FG_PCT": 0.667, "FG3M": 1, "FG3A": 1, "FG3_PCT": 1.0, "FTM": 2, "FTA": 2, "FT_PCT": 1.0, "OREB": 1, "DREB": 8, "REB": 9, "AST": 3, "STL": 2, "BLK": 3, "TOV": 3, "PF": 4, "PTS": 15, "PLUS_MINUS": 27, "VIDEO_AVAILABLE": 1}, {"SEASON_ID": "22017", "Player_ID": 1627742, "Game_ID": "0021700866", "GAME_DATE": "FEB 15, 2018", "MATCHUP": "LAL @ MIN", "WL": "L", "MIN": 34, "FGM": 6, "FGA": 14, "FG_PCT": 0.429, "FG3M": 0, "FG3A": 2, "FG3_PCT": 0.0, "FTM": 5, "FTA": 7, "FT_PCT": 0.714, "OREB": 2, "DREB": 2, "REB": 4, "AST": 5, "STL": 0, "BLK": 0, "TOV": 2, "PF": 2, "PTS": 17, "PLUS_MINUS": -22, "VIDEO_AVAILABLE": 1}, {"SEASON_ID": "22017", "Player_ID": 1627742, "Game_ID": "0021700862", "GAME_DATE": "FEB 14, 2018", "MATCHUP": "LAL @ NOP", "WL": "L", "MIN": 31, "FGM": 9, "FGA": 17, "FG_PCT": 0.529, "FG3M": 0, "FG3A": 1, "FG3_PCT": 0.0, "FTM": 3, "FTA": 4, "FT_PCT": 0.75, "OREB": 1, "DREB": 1, "REB": 2, "AST": 5, "STL": 1, "BLK": 0, "TOV": 5, "PF": 5, "PTS": 21, "PLUS_MINUS": -5, "VIDEO_AVAILABLE": 1}, {"SEASON_ID": "22017", "Player_ID": 1627742, "Game_ID": "0021700830", "GAME_DATE": "FEB 10, 2018", "MATCHUP": "LAL @ DAL", "WL": "L", "MIN": 36, "FGM": 9, "FGA": 16, "FG_PCT": 0.563, "FG3M": 4, "FG3A": 5, "FG3_PCT": 0.8, "FTM": 0, "FTA": 0, "FT_PCT": 0.0, "OREB": 0, "DREB": 1, "REB": 1, "AST": 3, "STL": 1, "BLK": 0, "TOV": 2, "PF": 3, "PTS": 22, "PLUS_MINUS": -6, "VIDEO_AVAILABLE": 1}, {"SEASON_ID": "22017", "Player_ID": 1627742, "Game_ID": "0021700816", "GAME_DATE": "FEB 08, 2018", "MATCHUP": "LAL vs. OKC", "WL": "W", "MIN": 33, "FGM": 7, "FGA": 11, "FG_PCT": 0.636, "FG3M": 3, "FG3A": 4, "FG3_PCT": 0.75, "FTM": 2, "FTA": 2, "FT_PCT": 1.0, "OREB": 0, "DREB": 2, "REB": 2, "AST": 6, "STL": 1, "BLK": 0, "TOV": 1, "PF": 1, "PTS": 19, "PLUS_MINUS": 19, "VIDEO_AVAILABLE": 1}, {"SEASON_ID": "22017", "Player_ID": 1627742, "Game_ID": "0021700804", "GAME_DATE": "FEB 06, 2018", "MATCHUP": "LAL vs. PHX", "WL": "W", "MIN": 34, "FGM": 9, "FGA": 12, "FG_PCT": 0.75, "FG3M": 2, "FG3A": 2, "FG3_PCT": 1.0, "FTM": 6, "FTA": 6, "FT_PCT": 1.0, "OREB": 0, "DREB": 4, "REB": 4, "AST": 5, "STL": 0, "BLK": 2, "TOV": 2, "PF": 1, "PTS": 26, "PLUS_MINUS": 20, "VIDEO_AVAILABLE": 1}, {"SEASON_ID": "22017", "Player_ID": 1627742, "Game_ID": "0021700788", "GAME_DATE": "FEB 04, 2018", "MATCHUP": "LAL @ OKC", "WL": "W", "MIN": 36, "FGM": 7, "FGA": 13, "FG_PCT": 0.538, "FG3M": 1, "FG3A": 3, "FG3_PCT": 0.333, "FTM": 1, "FTA": 3, "FT_PCT": 0.333, "OREB": 0, "DREB": 5, "REB": 5, "AST": 5, "STL": 0, "BLK": 2, "TOV": 3, "PF": 3, "PTS": 16, "PLUS_MINUS": 5, "VIDEO_AVAILABLE": 1}, {"SEASON_ID": "22017", "Player_ID": 1627742, "Game_ID": "0021700768", "GAME_DATE": "FEB 02, 2018", "MATCHUP": "LAL @ BKN", "WL": "W", "MIN": 37, "FGM": 5, "FGA": 14, "FG_PCT": 0.357, "FG3M": 0, "FG3A": 1, "FG3_PCT": 0.0, "FTM": 6, "FTA": 8, "FT_PCT": 0.75, "OREB": 1, "DREB": 7, "REB": 8, "AST": 10, "STL": 0, "BLK": 0, "TOV": 2, "PF": 3, "PTS": 16, "PLUS_MINUS": 1, "VIDEO_AVAILABLE": 1}, {"SEASON_ID": "22017", "Player_ID": 1627742, "Game_ID": "0021700754", "GAME_DATE": "JAN 31, 2018", "MATCHUP": "LAL @ ORL", "WL": "L", "MIN": 35, "FGM": 5, "FGA": 12, "FG_PCT": 0.417, "FG3M": 0, "FG3A": 0, "FG3_PCT": 0.0, "FTM": 3, "FTA": 4, "FT_PCT": 0.75, "OREB": 0, "DREB": 5, "REB": 5, "AST": 5, "STL": 0, "BLK": 0, "TOV": 2, "PF": 2, "PTS": 13, "PLUS_MINUS": -7, "VIDEO_AVAILABLE": 1}, {"SEASON_ID": "22017", "Player_ID": 1627742, "Game_ID": "0021700735", "GAME_DATE": "JAN 28, 2018", "MATCHUP": "LAL @ TOR", "WL": "L", "MIN": 35, "FGM": 4, "FGA": 14, "FG_PCT": 0.286, "FG3M": 1, "FG3A": 1, "FG3_PCT": 1.0, "FTM": 5, "FTA": 9, "FT_PCT": 0.556, "OREB": 2, "DREB": 4, "REB": 6, "AST": 4, "STL": 2, "BLK": 1, "TOV": 1, "PF": 3, "PTS": 14, "PLUS_MINUS": -6, "VIDEO_AVAILABLE": 1}, {"SEASON_ID": "22017", "Player_ID": 1627742, "Game_ID": "0021700717", "GAME_DATE": "JAN 26, 2018", "MATCHUP": "LAL @ CHI", "WL": "W", "MIN": 33, "FGM": 10, "FGA": 18, "FG_PCT": 0.556, "FG3M": 0, "FG3A": 3, "FG3_PCT": 0.0, "FTM": 5, "FTA": 8, "FT_PCT": 0.625, "OREB": 2, "DREB": 7, "REB": 9, "AST": 5, "STL": 1, "BLK": 0, "TOV": 3, "PF": 5, "PTS": 25, "PLUS_MINUS": 22, "VIDEO_AVAILABLE": 1}, {"SEASON_ID": "22017", "Player_ID": 1627742, "Game_ID": "0021700700", "GAME_DATE": "JAN 23, 2018", "MATCHUP": "LAL vs. BOS", "WL": "W", "MIN": 33, "FGM": 2, "FGA": 11, "FG_PCT": 0.182, "FG3M": 0, "FG3A": 1, "FG3_PCT": 0.0, "FTM": 3, "FTA": 4, "FT_PCT": 0.75, "OREB": 2, "DREB": 7, "REB": 9, "AST": 4, "STL": 1, "BLK": 1, "TOV": 3, "PF": 1, "PTS": 7, "PLUS_MINUS": -2, "VIDEO_AVAILABLE": 1}, {"SEASON_ID": "22017", "Player_ID": 1627742, "Game_ID": "0021700684", "GAME_DATE": "JAN 21, 2018", "MATCHUP": "LAL vs. NYK", "WL": "W", "MIN": 24, "FGM": 4, "FGA": 13, "FG_PCT": 0.308, "FG3M": 0, "FG3A": 2, "FG3_PCT": 0.0, "FTM": 2, "FTA": 3, "FT_PCT": 0.667, "OREB": 0, "DREB": 2, "REB": 2, "AST": 3, "STL": 0, "BLK": 0, "TOV": 1, "PF": 2, "PTS": 10, "PLUS_MINUS": 3, "VIDEO_AVAILABLE": 2}, {"SEASON_ID": "22017", "Player_ID": 1627742, "Game_ID": "0021700660", "GAME_DATE": "JAN 17, 2018", "MATCHUP": "LAL @ OKC", "WL": "L", "MIN": 26, "FGM": 3, "FGA": 7, "FG_PCT": 0.429, "FG3M": 0, "FG3A": 0, "FG3_PCT": 0.0, "FTM": 2, "FTA": 2, "FT_PCT": 1.0, "OREB": 0, "DREB": 1, "REB": 1, "AST": 3, "STL": 0, "BLK": 0, "TOV": 2, "PF": 1, "PTS": 8, "PLUS_MINUS": -13, "VIDEO_AVAILABLE": 1}, {"SEASON_ID": "22017", "Player_ID": 1627742, "Game_ID": "0021700627", "GAME_DATE": "JAN 13, 2018", "MATCHUP": "LAL @ DAL", "WL": "W", "MIN": 14, "FGM": 2, "FGA": 2, "FG_PCT": 1.0, "FG3M": 0, "FG3A": 0, "FG3_PCT": 0.0, "FTM": 0, "FTA": 0, "FT_PCT": 0.0, "OREB": 0, "DREB": 6, "REB": 6, "AST": 5, "STL": 0, "BLK": 0, "TOV": 0, "PF": 1, "PTS": 4, "PLUS_MINUS": 2, "VIDEO_AVAILABLE": 1}, {"SEASON_ID": "22017", "Player_ID": 1627742, "Game_ID": "0021700617", "GAME_DATE": "JAN 11, 2018", "MATCHUP": "LAL vs. SAS", "WL": "W", "MIN": 37, "FGM": 11, "FGA": 21, "FG_PCT": 0.524, "FG3M": 2, "FG3A": 5, "FG3_PCT": 0.4, "FTM": 2, "FTA": 5, "FT_PCT": 0.4, "OREB": 0, "DREB": 3, "REB": 3, "AST": 3, "STL": 1, "BLK": 0, "TOV": 1, "PF": 0, "PTS": 26, "PLUS_MINUS": 9, "VIDEO_AVAILABLE": 1}, {"SEASON_ID": "22017", "Player_ID": 1627742, "Game_ID": "0021700602", "GAME_DATE": "JAN 09, 2018", "MATCHUP": "LAL vs. SAC", "WL": "W", "MIN": 24, "FGM": 6, "FGA": 9, "FG_PCT": 0.667, "FG3M": 2, "FG3A": 3, "FG3_PCT": 0.667, "FTM": 1, "FTA": 2, "FT_PCT": 0.5, "OREB": 0, "DREB": 5, "REB": 5, "AST": 3, "STL": 0, "BLK": 1, "TOV": 7, "PF": 4, "PTS": 15, "PLUS_MINUS": 19, "VIDEO_AVAILABLE": 1}, {"SEASON_ID": "22017", "Player_ID": 1627742, "Game_ID": "0021700590", "GAME_DATE": "JAN 07, 2018", "MATCHUP": "LAL vs. ATL", "WL": "W", "MIN": 30, "FGM": 6, "FGA": 7, "FG_PCT": 0.857, "FG3M": 2, "FG3A": 2, "FG3_PCT": 1.0, "FTM": 6, "FTA": 7, "FT_PCT": 0.857, "OREB": 0, "DREB": 1, "REB": 1, "AST": 7, "STL": 0, "BLK": 1, "TOV": 5, "PF": 2, "PTS": 20, "PLUS_MINUS": 0, "VIDEO_AVAILABLE": 1}, {"SEASON_ID": "22017", "Player_ID": 1627742, "Game_ID": "0021700577", "GAME_DATE": "JAN 05, 2018", "MATCHUP": "LAL vs. CHA", "WL": "L", "MIN": 36, "FGM": 10, "FGA": 18, "FG_PCT": 0.556, "FG3M": 1, "FG3A": 1, "FG3_PCT": 1.0, "FTM": 1, "FTA": 2, "FT_PCT": 0.5, "OREB": 4, "DREB": 10, "REB": 14, "AST": 4, "STL": 0, "BLK": 0, "TOV": 3, "PF": 3, "PTS": 22, "PLUS_MINUS": -5, "VIDEO_AVAILABLE": 1}, {"SEASON_ID": "22017", "Player_ID": 1627742, "Game_ID": "0021700565", "GAME_DATE": "JAN 03, 2018", "MATCHUP": "LAL vs. OKC", "WL": "L", "MIN": 30, "FGM": 3, "FGA": 9, "FG_PCT": 0.333, "FG3M": 0, "FG3A": 2, "FG3_PCT": 0.0, "FTM": 1, "FTA": 2, "FT_PCT": 0.5, "OREB": 2, "DREB": 3, "REB": 5, "AST": 2, "STL": 1, "BLK": 1, "TOV": 2, "PF": 0, "PTS": 7, "PLUS_MINUS": -24, "VIDEO_AVAILABLE": 1}, {"SEASON_ID": "22017", "Player_ID": 1627742, "Game_ID": "0021700548", "GAME_DATE": "JAN 01, 2018", "MATCHUP": "LAL @ MIN", "WL": "L", "MIN": 29, "FGM": 4, "FGA": 11, "FG_PCT": 0.364, "FG3M": 0, "FG3A": 2, "FG3_PCT": 0.0, "FTM": 6, "FTA": 7, "FT_PCT": 0.857, "OREB": 0, "DREB": 5, "REB": 5, "AST": 1, "STL": 0, "BLK": 1, "TOV": 2, "PF": 2, "PTS": 14, "PLUS_MINUS": -20, "VIDEO_AVAILABLE": 1}, {"SEASON_ID": "22017", "Player_ID": 1627742, "Game_ID": "0021700540", "GAME_DATE": "DEC 31, 2017", "MATCHUP": "LAL @ HOU", "WL": "L", "MIN": 44, "FGM": 3, "FGA": 6, "FG_PCT": 0.5, "FG3M": 0, "FG3A": 0, "FG3_PCT": 0.0, "FTM": 6, "FTA": 6, "FT_PCT": 1.0, "OREB": 1, "DREB": 5, "REB": 6, "AST": 4, "STL": 1, "BLK": 0, "TOV": 4, "PF": 1, "PTS": 12, "PLUS_MINUS": -6, "VIDEO_AVAILABLE": 1}, {"SEASON_ID": "22017", "Player_ID": 1627742, "Game_ID": "0021700529", "GAME_DATE": "DEC 29, 2017", "MATCHUP": "LAL vs. LAC", "WL": "L", "MIN": 37, "FGM": 8, "FGA": 20, "FG_PCT": 0.4, "FG3M": 0, "FG3A": 2, "FG3_PCT": 0.0, "FTM": 2, "FTA": 2, "FT_PCT": 1.0, "OREB": 0, "DREB": 1, "REB": 1, "AST": 3, "STL": 1, "BLK": 1, "TOV": 2, "PF": 2, "PTS": 18, "PLUS_MINUS": -18, "VIDEO_AVAILABLE": 1}, {"SEASON_ID": "22017", "Player_ID": 1627742, "Game_ID": "0021700515", "GAME_DATE": "DEC 27, 2017", "MATCHUP": "LAL vs. MEM", "WL": "L", "MIN": 44, "FGM": 9, "FGA": 20, "FG_PCT": 0.45, "FG3M": 0, "FG3A": 0, "FG3_PCT": 0.0, "FTM": 5, "FTA": 11, "FT_PCT": 0.455, "OREB": 1, "DREB": 3, "REB": 4, "AST": 4, "STL": 1, "BLK": 2, "TOV": 5, "PF": 3, "PTS": 23, "PLUS_MINUS": -4, "VIDEO_AVAILABLE": 1}, {"SEASON_ID": "22017", "Player_ID": 1627742, "Game_ID": "0021700479", "GAME_DATE": "DEC 22, 2017", "MATCHUP": "LAL @ GSW", "WL": "L", "MIN": 36, "FGM": 5, "FGA": 11, "FG_PCT": 0.455, "FG3M": 0, "FG3A": 1, "FG3_PCT": 0.0, "FTM": 2, "FTA": 2, "FT_PCT": 1.0, "OREB": 1, "DREB": 2, "REB": 3, "AST": 4, "STL": 0, "BLK": 0, "TOV": 1, "PF": 3, "PTS": 12, "PLUS_MINUS": -9, "VIDEO_AVAILABLE": 1}, {"SEASON_ID": "22017", "Player_ID": 1627742, "Game_ID": "0021700459", "GAME_DATE": "DEC 20, 2017", "MATCHUP": "LAL @ HOU", "WL": "W", "MIN": 40, "FGM": 4, "FGA": 15, "FG_PCT": 0.267, "FG3M": 1, "FG3A": 3, "FG3_PCT": 0.333, "FTM": 4, "FTA": 6, "FT_PCT": 0.667, "OREB": 2, "DREB": 4, "REB": 6, "AST": 6, "STL": 2, "BLK": 0, "TOV": 2, "PF": 2, "PTS": 13, "PLUS_MINUS": -5, "VIDEO_AVAILABLE": 2}, {"SEASON_ID": "22017", "Player_ID": 1627742, "Game_ID": "0021700450", "GAME_DATE": "DEC 18, 2017", "MATCHUP": "LAL vs. GSW", "WL": "L", "MIN": 39, "FGM": 6, "FGA": 12, "FG_PCT": 0.5, "FG3M": 0, "FG3A": 0, "FG3_PCT": 0.0, "FTM": 7, "FTA": 12, "FT_PCT": 0.583, "OREB": 1, "DREB": 5, "REB": 6, "AST": 5, "STL": 2, "BLK": 2, "TOV": 1, "PF": 5, "PTS": 19, "PLUS_MINUS": 11, "VIDEO_AVAILABLE": 1}, {"SEASON_ID": "22017", "Player_ID": 1627742, "Game_ID": "0021700415", "GAME_DATE": "DEC 14, 2017", "MATCHUP": "LAL @ CLE", "WL": "L", "MIN": 40, "FGM": 10, "FGA": 15, "FG_PCT": 0.667, "FG3M": 3, "FG3A": 4, "FG3_PCT": 0.75, "FTM": 3, "FTA": 4, "FT_PCT": 0.75, "OREB": 1, "DREB": 5, "REB": 6, "AST": 6, "STL": 1, "BLK": 0, "TOV": 2, "PF": 4, "PTS": 26, "PLUS_MINUS": -14, "VIDEO_AVAILABLE": 1}, {"SEASON_ID": "22017", "Player_ID": 1627742, "Game_ID": "0021700399", "GAME_DATE": "DEC 12, 2017", "MATCHUP": "LAL @ NYK", "WL": "L", "MIN": 41, "FGM": 2, "FGA": 12, "FG_PCT": 0.167, "FG3M": 0, "FG3A": 1, "FG3_PCT": 0.0, "FTM": 1, "FTA": 1, "FT_PCT": 1.0, "OREB": 3, "DREB": 4, "REB": 7, "AST": 5, "STL": 1, "BLK": 1, "TOV": 5, "PF": 2, "PTS": 5, "PLUS_MINUS": -8, "VIDEO_AVAILABLE": 1}, {"SEASON_ID": "22017", "Player_ID": 1627742, "Game_ID": "0021700377", "GAME_DATE": "DEC 09, 2017", "MATCHUP": "LAL @ CHA", "WL": "W", "MIN": 36, "FGM": 7, "FGA": 16, "FG_PCT": 0.438, "FG3M": 0, "FG3A": 2, "FG3_PCT": 0.0, "FTM": 4, "FTA": 6, "FT_PCT": 0.667, "OREB": 2, "DREB": 4, "REB": 6, "AST": 1, "STL": 1, "BLK": 0, "TOV": 4, "PF": 5, "PTS": 18, "PLUS_MINUS": 6, "VIDEO_AVAILABLE": 1}, {"SEASON_ID": "22017", "Player_ID": 1627742, "Game_ID": "0021700363", "GAME_DATE": "DEC 07, 2017", "MATCHUP": "LAL @ PHI", "WL": "W", "MIN": 38, "FGM": 7, "FGA": 21, "FG_PCT": 0.333, "FG3M": 2, "FG3A": 3, "FG3_PCT": 0.667, "FTM": 5, "FTA": 10, "FT_PCT": 0.5, "OREB": 3, "DREB": 4, "REB": 7, "AST": 6, "STL": 0, "BLK": 1, "TOV": 2, "PF": 3, "PTS": 21, "PLUS_MINUS": 5, "VIDEO_AVAILABLE": 1}, {"SEASON_ID": "22017", "Player_ID": 1627742, "Game_ID": "0021700338", "GAME_DATE": "DEC 03, 2017", "MATCHUP": "LAL vs. HOU", "WL": "L", "MIN": 37, "FGM": 7, "FGA": 16, "FG_PCT": 0.438, "FG3M": 0, "FG3A": 1, "FG3_PCT": 0.0, "FTM": 4, "FTA": 6, "FT_PCT": 0.667, "OREB": 1, "DREB": 8, "REB": 9, "AST": 5, "STL": 1, "BLK": 0, "TOV": 1, "PF": 2, "PTS": 18, "PLUS_MINUS": -7, "VIDEO_AVAILABLE": 1}, {"SEASON_ID": "22017", "Player_ID": 1627742, "Game_ID": "0021700332", "GAME_DATE": "DEC 02, 2017", "MATCHUP": "LAL @ DEN", "WL": "L", "MIN": 28, "FGM": 6, "FGA": 14, "FG_PCT": 0.429, "FG3M": 0, "FG3A": 2, "FG3_PCT": 0.0, "FTM": 8, "FTA": 8, "FT_PCT": 1.0, "OREB": 1, "DREB": 3, "REB": 4, "AST": 0, "STL": 1, "BLK": 0, "TOV": 5, "PF": 4, "PTS": 20, "PLUS_MINUS": -26, "VIDEO_AVAILABLE": 1}, {"SEASON_ID": "22017", "Player_ID": 1627742, "Game_ID": "0021700312", "GAME_DATE": "NOV 29, 2017", "MATCHUP": "LAL vs. GSW", "WL": "L", "MIN": 44, "FGM": 12, "FGA": 21, "FG_PCT": 0.571, "FG3M": 2, "FG3A": 2, "FG3_PCT": 1.0, "FTM": 6, "FTA": 7, "FT_PCT": 0.857, "OREB": 0, "DREB": 5, "REB": 5, "AST": 3, "STL": 3, "BLK": 2, "TOV": 7, "PF": 5, "PTS": 32, "PLUS_MINUS": -8, "VIDEO_AVAILABLE": 1}, {"SEASON_ID": "22017", "Player_ID": 1627742, "Game_ID": "0021700297", "GAME_DATE": "NOV 27, 2017", "MATCHUP": "LAL @ LAC", "WL": "L", "MIN": 22, "FGM": 6, "FGA": 10, "FG_PCT": 0.6, "FG3M": 0, "FG3A": 1, "FG3_PCT": 0.0, "FTM": 5, "FTA": 9, "FT_PCT": 0.556, "OREB": 0, "DREB": 5, "REB": 5, "AST": 1, "STL": 0, "BLK": 1, "TOV": 4, "PF": 5, "PTS": 17, "PLUS_MINUS": -18, "VIDEO_AVAILABLE": 1}, {"SEASON_ID": "22017", "Player_ID": 1627742, "Game_ID": "0021700266", "GAME_DATE": "NOV 22, 2017", "MATCHUP": "LAL @ SAC", "WL": "L", "MIN": 33, "FGM": 4, "FGA": 7, "FG_PCT": 0.571, "FG3M": 0, "FG3A": 0, "FG3_PCT": 0.0, "FTM": 4, "FTA": 6, "FT_PCT": 0.667, "OREB": 1, "DREB": 5, "REB": 6, "AST": 6, "STL": 0, "BLK": 1, "TOV": 0, "PF": 2, "PTS": 12, "PLUS_MINUS": -16, "VIDEO_AVAILABLE": 2}, {"SEASON_ID": "22017", "Player_ID": 1627742, "Game_ID": "0021700252", "GAME_DATE": "NOV 21, 2017", "MATCHUP": "LAL vs. CHI", "WL": "W", "MIN": 39, "FGM": 7, "FGA": 15, "FG_PCT": 0.467, "FG3M": 1, "FG3A": 4, "FG3_PCT": 0.25, "FTM": 2, "FTA": 3, "FT_PCT": 0.667, "OREB": 1, "DREB": 4, "REB": 5, "AST": 5, "STL": 1, "BLK": 2, "TOV": 1, "PF": 1, "PTS": 17, "PLUS_MINUS": 7, "VIDEO_AVAILABLE": 1}, {"SEASON_ID": "22017", "Player_ID": 1627742, "Game_ID": "0021700240", "GAME_DATE": "NOV 19, 2017", "MATCHUP": "LAL vs. DEN", "WL": "W", "MIN": 29, "FGM": 5, "FGA": 13, "FG_PCT": 0.385, "FG3M": 1, "FG3A": 3, "FG3_PCT": 0.333, "FTM": 2, "FTA": 2, "FT_PCT": 1.0, "OREB": 1, "DREB": 4, "REB": 5, "AST": 6, "STL": 0, "BLK": 0, "TOV": 2, "PF": 5, "PTS": 13, "PLUS_MINUS": 0, "VIDEO_AVAILABLE": 1}, {"SEASON_ID": "22017", "Player_ID": 1627742, "Game_ID": "0021700227", "GAME_DATE": "NOV 17, 2017", "MATCHUP": "LAL vs. PHX", "WL": "L", "MIN": 35, "FGM": 7, "FGA": 17, "FG_PCT": 0.412, "FG3M": 0, "FG3A": 1, "FG3_PCT": 0.0, "FTM": 3, "FTA": 5, "FT_PCT": 0.6, "OREB": 3, "DREB": 5, "REB": 8, "AST": 4, "STL": 0, "BLK": 2, "TOV": 4, "PF": 5, "PTS": 17, "PLUS_MINUS": -3, "VIDEO_AVAILABLE": 1}, {"SEASON_ID": "22017", "Player_ID": 1627742, "Game_ID": "0021700214", "GAME_DATE": "NOV 15, 2017", "MATCHUP": "LAL vs. PHI", "WL": "L", "MIN": 40, "FGM": 11, "FGA": 18, "FG_PCT": 0.611, "FG3M": 0, "FG3A": 0, "FG3_PCT": 0.0, "FTM": 4, "FTA": 5, "FT_PCT": 0.8, "OREB": 4, "DREB": 7, "REB": 11, "AST": 3, "STL": 0, "BLK": 2, "TOV": 2, "PF": 4, "PTS": 26, "PLUS_MINUS": -2, "VIDEO_AVAILABLE": 1}, {"SEASON_ID": "22017", "Player_ID": 1627742, "Game_ID": "0021700196", "GAME_DATE": "NOV 13, 2017", "MATCHUP": "LAL @ PHX", "WL": "W", "MIN": 32, "FGM": 2, "FGA": 9, "FG_PCT": 0.222, "FG3M": 0, "FG3A": 0, "FG3_PCT": 0.0, "FTM": 2, "FTA": 4, "FT_PCT": 0.5, "OREB": 1, "DREB": 2, "REB": 3, "AST": 2, "STL": 0, "BLK": 1, "TOV": 1, "PF": 5, "PTS": 6, "PLUS_MINUS": 2, "VIDEO_AVAILABLE": 2}, {"SEASON_ID": "22017", "Player_ID": 1627742, "Game_ID": "0021700182", "GAME_DATE": "NOV 11, 2017", "MATCHUP": "LAL @ MIL", "WL": "L", "MIN": 36, "FGM": 2, "FGA": 10, "FG_PCT": 0.2, "FG3M": 0, "FG3A": 2, "FG3_PCT": 0.0, "FTM": 4, "FTA": 8, "FT_PCT": 0.5, "OREB": 0, "DREB": 6, "REB": 6, "AST": 2, "STL": 0, "BLK": 1, "TOV": 3, "PF": 3, "PTS": 8, "PLUS_MINUS": -20, "VIDEO_AVAILABLE": 1}, {"SEASON_ID": "22017", "Player_ID": 1627742, "Game_ID": "0021700164", "GAME_DATE": "NOV 09, 2017", "MATCHUP": "LAL @ WAS", "WL": "L", "MIN": 35, "FGM": 3, "FGA": 8, "FG_PCT": 0.375, "FG3M": 0, "FG3A": 1, "FG3_PCT": 0.0, "FTM": 4, "FTA": 6, "FT_PCT": 0.667, "OREB": 1, "DREB": 3, "REB": 4, "AST": 1, "STL": 0, "BLK": 0, "TOV": 1, "PF": 2, "PTS": 10, "PLUS_MINUS": -20, "VIDEO_AVAILABLE": 1}, {"SEASON_ID": "22017", "Player_ID": 1627742, "Game_ID": "0021700161", "GAME_DATE": "NOV 08, 2017", "MATCHUP": "LAL @ BOS", "WL": "L", "MIN": 37, "FGM": 7, "FGA": 11, "FG_PCT": 0.636, "FG3M": 0, "FG3A": 1, "FG3_PCT": 0.0, "FTM": 4, "FTA": 7, "FT_PCT": 0.571, "OREB": 1, "DREB": 6, "REB": 7, "AST": 1, "STL": 2, "BLK": 0, "TOV": 1, "PF": 3, "PTS": 18, "PLUS_MINUS": -12, "VIDEO_AVAILABLE": 1}, {"SEASON_ID": "22017", "Player_ID": 1627742, "Game_ID": "0021700145", "GAME_DATE": "NOV 05, 2017", "MATCHUP": "LAL vs. MEM", "WL": "W", "MIN": 38, "FGM": 7, "FGA": 14, "FG_PCT": 0.5, "FG3M": 0, "FG3A": 0, "FG3_PCT": 0.0, "FTM": 6, "FTA": 6, "FT_PCT": 1.0, "OREB": 1, "DREB": 6, "REB": 7, "AST": 1, "STL": 0, "BLK": 0, "TOV": 1, "PF": 3, "PTS": 20, "PLUS_MINUS": 6, "VIDEO_AVAILABLE": 1}, {"SEASON_ID": "22017", "Player_ID": 1627742, "Game_ID": "0021700130", "GAME_DATE": "NOV 03, 2017", "MATCHUP": "LAL vs. BKN", "WL": "W", "MIN": 36, "FGM": 7, "FGA": 13, "FG_PCT": 0.538, "FG3M": 2, "FG3A": 2, "FG3_PCT": 1.0, "FTM": 2, "FTA": 6, "FT_PCT": 0.333, "OREB": 1, "DREB": 9, "REB": 10, "AST": 2, "STL": 1, "BLK": 2, "TOV": 2, "PF": 3, "PTS": 18, "PLUS_MINUS": 17, "VIDEO_AVAILABLE": 1}, {"SEASON_ID": "22017", "Player_ID": 1627742, "Game_ID": "0021700118", "GAME_DATE": "NOV 02, 2017", "MATCHUP": "LAL @ POR", "WL": "L", "MIN": 32, "FGM": 5, "FGA": 11, "FG_PCT": 0.455, "FG3M": 0, "FG3A": 1, "FG3_PCT": 0.0, "FTM": 4, "FTA": 6, "FT_PCT": 0.667, "OREB": 0, "DREB": 3, "REB": 3, "AST": 3, "STL": 2, "BLK": 0, "TOV": 1, "PF": 2, "PTS": 14, "PLUS_MINUS": -8, "VIDEO_AVAILABLE": 2}, {"SEASON_ID": "22017", "Player_ID": 1627742, "Game_ID": "0021700104", "GAME_DATE": "OCT 31, 2017", "MATCHUP": "LAL vs. DET", "WL": "W", "MIN": 34, "FGM": 6, "FGA": 12, "FG_PCT": 0.5, "FG3M": 1, "FG3A": 2, "FG3_PCT": 0.5, "FTM": 0, "FTA": 0, "FT_PCT": 0.0, "OREB": 0, "DREB": 5, "REB": 5, "AST": 6, "STL": 4, "BLK": 1, "TOV": 5, "PF": 1, "PTS": 13, "PLUS_MINUS": 17, "VIDEO_AVAILABLE": 2}, {"SEASON_ID": "22017", "Player_ID": 1627742, "Game_ID": "0021700082", "GAME_DATE": "OCT 28, 2017", "MATCHUP": "LAL @ UTA", "WL": "L", "MIN": 34, "FGM": 7, "FGA": 14, "FG_PCT": 0.5, "FG3M": 1, "FG3A": 2, "FG3_PCT": 0.5, "FTM": 1, "FTA": 4, "FT_PCT": 0.25, "OREB": 0, "DREB": 1, "REB": 1, "AST": 2, "STL": 4, "BLK": 1, "TOV": 4, "PF": 2, "PTS": 16, "PLUS_MINUS": -24, "VIDEO_AVAILABLE": 1}, {"SEASON_ID": "22017", "Player_ID": 1627742, "Game_ID": "0021700076", "GAME_DATE": "OCT 27, 2017", "MATCHUP": "LAL vs. TOR", "WL": "L", "MIN": 23, "FGM": 3, "FGA": 9, "FG_PCT": 0.333, "FG3M": 0, "FG3A": 2, "FG3_PCT": 0.0, "FTM": 3, "FTA": 4, "FT_PCT": 0.75, "OREB": 1, "DREB": 1, "REB": 2, "AST": 1, "STL": 0, "BLK": 0, "TOV": 3, "PF": 1, "PTS": 9, "PLUS_MINUS": -15, "VIDEO_AVAILABLE": 1}, {"SEASON_ID": "22017", "Player_ID": 1627742, "Game_ID": "0021700064", "GAME_DATE": "OCT 25, 2017", "MATCHUP": "LAL vs. WAS", "WL": "W", "MIN": 39, "FGM": 8, "FGA": 16, "FG_PCT": 0.5, "FG3M": 0, "FG3A": 3, "FG3_PCT": 0.0, "FTM": 3, "FTA": 3, "FT_PCT": 1.0, "OREB": 2, "DREB": 8, "REB": 10, "AST": 3, "STL": 1, "BLK": 1, "TOV": 4, "PF": 4, "PTS": 19, "PLUS_MINUS": 9, "VIDEO_AVAILABLE": 1}, {"SEASON_ID": "22017", "Player_ID": 1627742, "Game_ID": "0021700040", "GAME_DATE": "OCT 22, 2017", "MATCHUP": "LAL vs. NOP", "WL": "L", "MIN": 24, "FGM": 3, "FGA": 9, "FG_PCT": 0.333, "FG3M": 0, "FG3A": 1, "FG3_PCT": 0.0, "FTM": 1, "FTA": 2, "FT_PCT": 0.5, "OREB": 0, "DREB": 2, "REB": 2, "AST": 4, "STL": 0, "BLK": 0, "TOV": 1, "PF": 5, "PTS": 7, "PLUS_MINUS": 16, "VIDEO_AVAILABLE": 1}, {"SEASON_ID": "22017", "Player_ID": 1627742, "Game_ID": "0021700026", "GAME_DATE": "OCT 20, 2017", "MATCHUP": "LAL @ PHX", "WL": "W", "MIN": 37, "FGM": 9, "FGA": 14, "FG_PCT": 0.643, "FG3M": 3, "FG3A": 4, "FG3_PCT": 0.75, "FTM": 4, "FTA": 6, "FT_PCT": 0.667, "OREB": 0, "DREB": 2, "REB": 2, "AST": 1, "STL": 1, "BLK": 1, "TOV": 2, "PF": 6, "PTS": 25, "PLUS_MINUS": 8, "VIDEO_AVAILABLE": 2}, {"SEASON_ID": "22017", "Player_ID": 1627742, "Game_ID": "0021700016", "GAME_DATE": "OCT 19, 2017", "MATCHUP": "LAL vs. LAC", "WL": "L", "MIN": 31, "FGM": 3, "FGA": 15, "FG_PCT": 0.2, "FG3M": 0, "FG3A": 1, "FG3_PCT": 0.0, "FTM": 6, "FTA": 7, "FT_PCT": 0.857, "OREB": 0, "DREB": 5, "REB": 5, "AST": 4, "STL": 0, "BLK": 0, "TOV": 1, "PF": 1, "PTS": 12, "PLUS_MINUS": -2, "VIDEO_AVAILABLE": 1}, {"SEASON_ID": "22016", "Player_ID": 1627742, "Game_ID": "0021601229", "GAME_DATE": "APR 12, 2017", "MATCHUP": "LAL @ GSW", "WL": "L", "MIN": 29, "FGM": 5, "FGA": 16, "FG_PCT": 0.313, "FG3M": 0, "FG3A": 0, "FG3_PCT": 0.0, "FTM": 1, "FTA": 2, "FT_PCT": 0.5, "OREB": 1, "DREB": 4, "REB": 5, "AST": 5, "STL": 3, "BLK": 0, "TOV": 5, "PF": 2, "PTS": 11, "PLUS_MINUS": -29, "VIDEO_AVAILABLE": 1}, {"SEASON_ID": "22016", "Player_ID": 1627742, "Game_ID": "0021601215", "GAME_DATE": "APR 11, 2017", "MATCHUP": "LAL vs. NOP", "WL": "W", "MIN": 28, "FGM": 6, "FGA": 16, "FG_PCT": 0.375, "FG3M": 0, "FG3A": 2, "FG3_PCT": 0.0, "FTM": 3, "FTA": 5, "FT_PCT": 0.6, "OREB": 3, "DREB": 2, "REB": 5, "AST": 6, "STL": 2, "BLK": 0, "TOV": 1, "PF": 1, "PTS": 15, "PLUS_MINUS": 8, "VIDEO_AVAILABLE": 2}, {"SEASON_ID": "22016", "Player_ID": 1627742, "Game_ID": "0021601202", "GAME_DATE": "APR 09, 2017", "MATCHUP": "LAL vs. MIN", "WL": "W", "MIN": 30, "FGM": 3, "FGA": 10, "FG_PCT": 0.3, "FG3M": 1, "FG3A": 1, "FG3_PCT": 1.0, "FTM": 3, "FTA": 5, "FT_PCT": 0.6, "OREB": 2, "DREB": 0, "REB": 2, "AST": 1, "STL": 2, "BLK": 1, "TOV": 2, "PF": 4, "PTS": 10, "PLUS_MINUS": -7, "VIDEO_AVAILABLE": 1}, {"SEASON_ID": "22016", "Player_ID": 1627742, "Game_ID": "0021601187", "GAME_DATE": "APR 07, 2017", "MATCHUP": "LAL vs. SAC", "WL": "W", "MIN": 25, "FGM": 6, "FGA": 14, "FG_PCT": 0.429, "FG3M": 0, "FG3A": 2, "FG3_PCT": 0.0, "FTM": 2, "FTA": 3, "FT_PCT": 0.667, "OREB": 2, "DREB": 0, "REB": 2, "AST": 1, "STL": 2, "BLK": 0, "TOV": 1, "PF": 1, "PTS": 14, "PLUS_MINUS": -5, "VIDEO_AVAILABLE": 1}, {"SEASON_ID": "22016", "Player_ID": 1627742, "Game_ID": "0021601170", "GAME_DATE": "APR 05, 2017", "MATCHUP": "LAL @ SAS", "WL": "W", "MIN": 10, "FGM": 3, "FGA": 4, "FG_PCT": 0.75, "FG3M": 0, "FG3A": 0, "FG3_PCT": 0.0, "FTM": 2, "FTA": 2, "FT_PCT": 1.0, "OREB": 1, "DREB": 1, "REB": 2, "AST": 3, "STL": 0, "BLK": 1, "TOV": 0, "PF": 0, "PTS": 8, "PLUS_MINUS": 13, "VIDEO_AVAILABLE": 1}, {"SEASON_ID": "22016", "Player_ID": 1627742, "Game_ID": "0021601143", "GAME_DATE": "APR 02, 2017", "MATCHUP": "LAL vs. MEM", "WL": "W", "MIN": 23, "FGM": 6, "FGA": 11, "FG_PCT": 0.545, "FG3M": 0, "FG3A": 2, "FG3_PCT": 0.0, "FTM": 1, "FTA": 1, "FT_PCT": 1.0, "OREB": 0, "DREB": 3, "REB": 3, "AST": 1, "STL": 1, "BLK": 0, "TOV": 1, "PF": 1, "PTS": 13, "PLUS_MINUS": -5, "VIDEO_AVAILABLE": 1}, {"SEASON_ID": "22016", "Player_ID": 1627742, "Game_ID": "0021601137", "GAME_DATE": "APR 01, 2017", "MATCHUP": "LAL @ LAC", "WL": "L", "MIN": 24, "FGM": 7, "FGA": 14, "FG_PCT": 0.5, "FG3M": 1, "FG3A": 1, "FG3_PCT": 1.0, "FTM": 3, "FTA": 6, "FT_PCT": 0.5, "OREB": 2, "DREB": 3, "REB": 5, "AST": 3, "STL": 1, "BLK": 1, "TOV": 1, "PF": 5, "PTS": 18, "PLUS_MINUS": 5, "VIDEO_AVAILABLE": 1}, {"SEASON_ID": "22016", "Player_ID": 1627742, "Game_ID": "0021601080", "GAME_DATE": "MAR 24, 2017", "MATCHUP": "LAL vs. MIN", "WL": "W", "MIN": 30, "FGM": 4, "FGA": 8, "FG_PCT": 0.5, "FG3M": 1, "FG3A": 2, "FG3_PCT": 0.5, "FTM": 2, "FTA": 2, "FT_PCT": 1.0, "OREB": 0, "DREB": 3, "REB": 3, "AST": 0, "STL": 0, "BLK": 0, "TOV": 2, "PF": 1, "PTS": 11, "PLUS_MINUS": -2, "VIDEO_AVAILABLE": 1}, {"SEASON_ID": "22016", "Player_ID": 1627742, "Game_ID": "0021601058", "GAME_DATE": "MAR 21, 2017", "MATCHUP": "LAL vs. LAC", "WL": "L", "MIN": 40, "FGM": 8, "FGA": 14, "FG_PCT": 0.571, "FG3M": 2, "FG3A": 4, "FG3_PCT": 0.5, "FTM": 3, "FTA": 8, "FT_PCT": 0.375, "OREB": 1, "DREB": 4, "REB": 5, "AST": 3, "STL": 2, "BLK": 0, "TOV": 2, "PF": 1, "PTS": 21, "PLUS_MINUS": -14, "VIDEO_AVAILABLE": 1}, {"SEASON_ID": "22016", "Player_ID": 1627742, "Game_ID": "0021601043", "GAME_DATE": "MAR 19, 2017", "MATCHUP": "LAL vs. CLE", "WL": "L", "MIN": 40, "FGM": 8, "FGA": 15, "FG_PCT": 0.533, "FG3M": 0, "FG3A": 2, "FG3_PCT": 0.0, "FTM": 2, "FTA": 2, "FT_PCT": 1.0, "OREB": 0, "DREB": 6, "REB": 6, "AST": 1, "STL": 0, "BLK": 0, "TOV": 1, "PF": 3, "PTS": 18, "PLUS_MINUS": -7, "VIDEO_AVAILABLE": 1}, {"SEASON_ID": "22016", "Player_ID": 1627742, "Game_ID": "0021601027", "GAME_DATE": "MAR 17, 2017", "MATCHUP": "LAL vs. MIL", "WL": "L", "MIN": 35, "FGM": 4, "FGA": 11, "FG_PCT": 0.364, "FG3M": 1, "FG3A": 4, "FG3_PCT": 0.25, "FTM": 2, "FTA": 4, "FT_PCT": 0.5, "OREB": 0, "DREB": 1, "REB": 1, "AST": 4, "STL": 2, "BLK": 1, "TOV": 1, "PF": 3, "PTS": 11, "PLUS_MINUS": 6, "VIDEO_AVAILABLE": 1}, {"SEASON_ID": "22016", "Player_ID": 1627742, "Game_ID": "0021601010", "GAME_DATE": "MAR 15, 2017", "MATCHUP": "LAL @ HOU", "WL": "L", "MIN": 39, "FGM": 8, "FGA": 14, "FG_PCT": 0.571, "FG3M": 2, "FG3A": 3, "FG3_PCT": 0.667, "FTM": 0, "FTA": 0, "FT_PCT": 0.0, "OREB": 1, "DREB": 5, "REB": 6, "AST": 3, "STL": 1, "BLK": 0, "TOV": 4, "PF": 2, "PTS": 18, "PLUS_MINUS": -21, "VIDEO_AVAILABLE": 2}, {"SEASON_ID": "22016", "Player_ID": 1627742, "Game_ID": "0021600998", "GAME_DATE": "MAR 13, 2017", "MATCHUP": "LAL @ DEN", "WL": "L", "MIN": 27, "FGM": 7, "FGA": 12, "FG_PCT": 0.583, "FG3M": 0, "FG3A": 2, "FG3_PCT": 0.0, "FTM": 0, "FTA": 0, "FT_PCT": 0.0, "OREB": 0, "DREB": 1, "REB": 1, "AST": 2, "STL": 1, "BLK": 0, "TOV": 1, "PF": 3, "PTS": 14, "PLUS_MINUS": -7, "VIDEO_AVAILABLE": 1}, {"SEASON_ID": "22016", "Player_ID": 1627742, "Game_ID": "0021600990", "GAME_DATE": "MAR 12, 2017", "MATCHUP": "LAL vs. PHI", "WL": "L", "MIN": 38, "FGM": 5, "FGA": 9, "FG_PCT": 0.556, "FG3M": 0, "FG3A": 3, "FG3_PCT": 0.0, "FTM": 2, "FTA": 2, "FT_PCT": 1.0, "OREB": 0, "DREB": 3, "REB": 3, "AST": 1, "STL": 3, "BLK": 2, "TOV": 3, "PF": 1, "PTS": 12, "PLUS_MINUS": -9, "VIDEO_AVAILABLE": 1}, {"SEASON_ID": "22016", "Player_ID": 1627742, "Game_ID": "0021600964", "GAME_DATE": "MAR 09, 2017", "MATCHUP": "LAL @ PHX", "WL": "W", "MIN": 41, "FGM": 5, "FGA": 11, "FG_PCT": 0.455, "FG3M": 0, "FG3A": 3, "FG3_PCT": 0.0, "FTM": 4, "FTA": 8, "FT_PCT": 0.5, "OREB": 1, "DREB": 5, "REB": 6, "AST": 3, "STL": 1, "BLK": 2, "TOV": 2, "PF": 3, "PTS": 14, "PLUS_MINUS": 2, "VIDEO_AVAILABLE": 1}, {"SEASON_ID": "22016", "Player_ID": 1627742, "Game_ID": "0021600947", "GAME_DATE": "MAR 07, 2017", "MATCHUP": "LAL @ DAL", "WL": "L", "MIN": 35, "FGM": 5, "FGA": 9, "FG_PCT": 0.556, "FG3M": 1, "FG3A": 3, "FG3_PCT": 0.333, "FTM": 2, "FTA": 4, "FT_PCT": 0.5, "OREB": 2, "DREB": 2, "REB": 4, "AST": 5, "STL": 0, "BLK": 0, "TOV": 3, "PF": 3, "PTS": 13, "PLUS_MINUS": -15, "VIDEO_AVAILABLE": 1}, {"SEASON_ID": "22016", "Player_ID": 1627742, "Game_ID": "0021600933", "GAME_DATE": "MAR 05, 2017", "MATCHUP": "LAL vs. NOP", "WL": "L", "MIN": 39, "FGM": 7, "FGA": 13, "FG_PCT": 0.538, "FG3M": 2, "FG3A": 3, "FG3_PCT": 0.667, "FTM": 0, "FTA": 2, "FT_PCT": 0.0, "OREB": 0, "DREB": 6, "REB": 6, "AST": 2, "STL": 0, "BLK": 1, "TOV": 4, "PF": 1, "PTS": 16, "PLUS_MINUS": -19, "VIDEO_AVAILABLE": 1}, {"SEASON_ID": "22016", "Player_ID": 1627742, "Game_ID": "0021600918", "GAME_DATE": "MAR 03, 2017", "MATCHUP": "LAL vs. BOS", "WL": "L", "MIN": 26, "FGM": 0, "FGA": 2, "FG_PCT": 0.0, "FG3M": 0, "FG3A": 1, "FG3_PCT": 0.0, "FTM": 0, "FTA": 0, "FT_PCT": 0.0, "OREB": 1, "DREB": 3, "REB": 4, "AST": 2, "STL": 1, "BLK": 0, "TOV": 3, "PF": 5, "PTS": 0, "PLUS_MINUS": -23, "VIDEO_AVAILABLE": 1}, {"SEASON_ID": "22016", "Player_ID": 1627742, "Game_ID": "0021600894", "GAME_DATE": "FEB 28, 2017", "MATCHUP": "LAL vs. CHA", "WL": "L", "MIN": 42, "FGM": 3, "FGA": 10, "FG_PCT": 0.3, "FG3M": 1, "FG3A": 5, "FG3_PCT": 0.2, "FTM": 1, "FTA": 4, "FT_PCT": 0.25, "OREB": 0, "DREB": 5, "REB": 5, "AST": 3, "STL": 1, "BLK": 0, "TOV": 1, "PF": 2, "PTS": 8, "PLUS_MINUS": 11, "VIDEO_AVAILABLE": 1}, {"SEASON_ID": "22016", "Player_ID": 1627742, "Game_ID": "0021600874", "GAME_DATE": "FEB 26, 2017", "MATCHUP": "LAL vs. SAS", "WL": "L", "MIN": 35, "FGM": 10, "FGA": 15, "FG_PCT": 0.667, "FG3M": 1, "FG3A": 4, "FG3_PCT": 0.25, "FTM": 1, "FTA": 1, "FT_PCT": 1.0, "OREB": 1, "DREB": 1, "REB": 2, "AST": 0, "STL": 0, "BLK": 1, "TOV": 3, "PF": 4, "PTS": 22, "PLUS_MINUS": -10, "VIDEO_AVAILABLE": 1}, {"SEASON_ID": "22016", "Player_ID": 1627742, "Game_ID": "0021600861", "GAME_DATE": "FEB 24, 2017", "MATCHUP": "LAL @ OKC", "WL": "L", "MIN": 39, "FGM": 4, "FGA": 12, "FG_PCT": 0.333, "FG3M": 1, "FG3A": 5, "FG3_PCT": 0.2, "FTM": 2, "FTA": 5, "FT_PCT": 0.4, "OREB": 1, "DREB": 4, "REB": 5, "AST": 4, "STL": 1, "BLK": 0, "TOV": 1, "PF": 3, "PTS": 11, "PLUS_MINUS": -23, "VIDEO_AVAILABLE": 1}, {"SEASON_ID": "22016", "Player_ID": 1627742, "Game_ID": "0021600844", "GAME_DATE": "FEB 15, 2017", "MATCHUP": "LAL @ PHX", "WL": "L", "MIN": 29, "FGM": 1, "FGA": 7, "FG_PCT": 0.143, "FG3M": 0, "FG3A": 1, "FG3_PCT": 0.0, "FTM": 1, "FTA": 2, "FT_PCT": 0.5, "OREB": 0, "DREB": 2, "REB": 2, "AST": 0, "STL": 1, "BLK": 1, "TOV": 2, "PF": 0, "PTS": 3, "PLUS_MINUS": -34, "VIDEO_AVAILABLE": 1}, {"SEASON_ID": "22016", "Player_ID": 1627742, "Game_ID": "0021600833", "GAME_DATE": "FEB 14, 2017", "MATCHUP": "LAL vs. SAC", "WL": "L", "MIN": 27, "FGM": 2, "FGA": 7, "FG_PCT": 0.286, "FG3M": 1, "FG3A": 2, "FG3_PCT": 0.5, "FTM": 1, "FTA": 4, "FT_PCT": 0.25, "OREB": 2, "DREB": 3, "REB": 5, "AST": 4, "STL": 0, "BLK": 0, "TOV": 0, "PF": 0, "PTS": 6, "PLUS_MINUS": -3, "VIDEO_AVAILABLE": 1}, {"SEASON_ID": "22016", "Player_ID": 1627742, "Game_ID": "0021600802", "GAME_DATE": "FEB 10, 2017", "MATCHUP": "LAL @ MIL", "WL": "W", "MIN": 20, "FGM": 1, "FGA": 3, "FG_PCT": 0.333, "FG3M": 0, "FG3A": 1, "FG3_PCT": 0.0, "FTM": 0, "FTA": 0, "FT_PCT": 0.0, "OREB": 0, "DREB": 2, "REB": 2, "AST": 0, "STL": 0, "BLK": 0, "TOV": 1, "PF": 4, "PTS": 2, "PLUS_MINUS": 15, "VIDEO_AVAILABLE": 1}, {"SEASON_ID": "22016", "Player_ID": 1627742, "Game_ID": "0021600786", "GAME_DATE": "FEB 08, 2017", "MATCHUP": "LAL @ DET", "WL": "L", "MIN": 27, "FGM": 6, "FGA": 10, "FG_PCT": 0.6, "FG3M": 3, "FG3A": 4, "FG3_PCT": 0.75, "FTM": 0, "FTA": 0, "FT_PCT": 0.0, "OREB": 0, "DREB": 4, "REB": 4, "AST": 5, "STL": 0, "BLK": 0, "TOV": 3, "PF": 3, "PTS": 15, "PLUS_MINUS": 3, "VIDEO_AVAILABLE": 1}, {"SEASON_ID": "22016", "Player_ID": 1627742, "Game_ID": "0021600768", "GAME_DATE": "FEB 06, 2017", "MATCHUP": "LAL @ NYK", "WL": "W", "MIN": 33, "FGM": 5, "FGA": 10, "FG_PCT": 0.5, "FG3M": 2, "FG3A": 5, "FG3_PCT": 0.4, "FTM": 2, "FTA": 5, "FT_PCT": 0.4, "OREB": 2, "DREB": 5, "REB": 7, "AST": 2, "STL": 1, "BLK": 0, "TOV": 1, "PF": 1, "PTS": 14, "PLUS_MINUS": 1, "VIDEO_AVAILABLE": 1}, {"SEASON_ID": "22016", "Player_ID": 1627742, "Game_ID": "0021600751", "GAME_DATE": "FEB 03, 2017", "MATCHUP": "LAL @ BOS", "WL": "L", "MIN": 33, "FGM": 5, "FGA": 10, "FG_PCT": 0.5, "FG3M": 2, "FG3A": 4, "FG3_PCT": 0.5, "FTM": 2, "FTA": 2, "FT_PCT": 1.0, "OREB": 1, "DREB": 5, "REB": 6, "AST": 1, "STL": 0, "BLK": 0, "TOV": 2, "PF": 2, "PTS": 14, "PLUS_MINUS": -7, "VIDEO_AVAILABLE": 1}, {"SEASON_ID": "22016", "Player_ID": 1627742, "Game_ID": "0021600742", "GAME_DATE": "FEB 02, 2017", "MATCHUP": "LAL @ WAS", "WL": "L", "MIN": 21, "FGM": 1, "FGA": 3, "FG_PCT": 0.333, "FG3M": 0, "FG3A": 0, "FG3_PCT": 0.0, "FTM": 3, "FTA": 4, "FT_PCT": 0.75, "OREB": 1, "DREB": 5, "REB": 6, "AST": 0, "STL": 1, "BLK": 3, "TOV": 0, "PF": 3, "PTS": 5, "PLUS_MINUS": -2, "VIDEO_AVAILABLE": 1}, {"SEASON_ID": "22016", "Player_ID": 1627742, "Game_ID": "0021600729", "GAME_DATE": "JAN 31, 2017", "MATCHUP": "LAL vs. DEN", "WL": "W", "MIN": 21, "FGM": 2, "FGA": 8, "FG_PCT": 0.25, "FG3M": 0, "FG3A": 2, "FG3_PCT": 0.0, "FTM": 0, "FTA": 0, "FT_PCT": 0.0, "OREB": 0, "DREB": 1, "REB": 1, "AST": 1, "STL": 0, "BLK": 1, "TOV": 0, "PF": 2, "PTS": 4, "PLUS_MINUS": -12, "VIDEO_AVAILABLE": 1}, {"SEASON_ID": "22016", "Player_ID": 1627742, "Game_ID": "0021600693", "GAME_DATE": "JAN 26, 2017", "MATCHUP": "LAL @ UTA", "WL": "L", "MIN": 20, "FGM": 0, "FGA": 6, "FG_PCT": 0.0, "FG3M": 0, "FG3A": 2, "FG3_PCT": 0.0, "FTM": 0, "FTA": 0, "FT_PCT": 0.0, "OREB": 0, "DREB": 2, "REB": 2, "AST": 0, "STL": 1, "BLK": 0, "TOV": 0, "PF": 1, "PTS": 0, "PLUS_MINUS": -7, "VIDEO_AVAILABLE": 1}, {"SEASON_ID": "22016", "Player_ID": 1627742, "Game_ID": "0021600689", "GAME_DATE": "JAN 25, 2017", "MATCHUP": "LAL @ POR", "WL": "L", "MIN": 19, "FGM": 0, "FGA": 5, "FG_PCT": 0.0, "FG3M": 0, "FG3A": 3, "FG3_PCT": 0.0, "FTM": 0, "FTA": 0, "FT_PCT": 0.0, "OREB": 1, "DREB": 3, "REB": 4, "AST": 2, "STL": 0, "BLK": 1, "TOV": 2, "PF": 1, "PTS": 0, "PLUS_MINUS": -4, "VIDEO_AVAILABLE": 1}, {"SEASON_ID": "22016", "Player_ID": 1627742, "Game_ID": "0021600662", "GAME_DATE": "JAN 22, 2017", "MATCHUP": "LAL @ DAL", "WL": "L", "MIN": 36, "FGM": 2, "FGA": 12, "FG_PCT": 0.167, "FG3M": 0, "FG3A": 3, "FG3_PCT": 0.0, "FTM": 2, "FTA": 3, "FT_PCT": 0.667, "OREB": 0, "DREB": 1, "REB": 1, "AST": 0, "STL": 1, "BLK": 0, "TOV": 3, "PF": 5, "PTS": 6, "PLUS_MINUS": -45, "VIDEO_AVAILABLE": 1}, {"SEASON_ID": "22016", "Player_ID": 1627742, "Game_ID": "0021600649", "GAME_DATE": "JAN 20, 2017", "MATCHUP": "LAL vs. IND", "WL": "W", "MIN": 33, "FGM": 6, "FGA": 14, "FG_PCT": 0.429, "FG3M": 3, "FG3A": 6, "FG3_PCT": 0.5, "FTM": 0, "FTA": 0, "FT_PCT": 0.0, "OREB": 2, "DREB": 5, "REB": 7, "AST": 2, "STL": 2, "BLK": 0, "TOV": 3, "PF": 1, "PTS": 15, "PLUS_MINUS": 15, "VIDEO_AVAILABLE": 1}, {"SEASON_ID": "22016", "Player_ID": 1627742, "Game_ID": "0021600626", "GAME_DATE": "JAN 17, 2017", "MATCHUP": "LAL vs. DEN", "WL": "L", "MIN": 37, "FGM": 6, "FGA": 14, "FG_PCT": 0.429, "FG3M": 2, "FG3A": 6, "FG3_PCT": 0.333, "FTM": 1, "FTA": 2, "FT_PCT": 0.5, "OREB": 1, "DREB": 4, "REB": 5, "AST": 4, "STL": 3, "BLK": 0, "TOV": 0, "PF": 2, "PTS": 15, "PLUS_MINUS": 1, "VIDEO_AVAILABLE": 1}, {"SEASON_ID": "22016", "Player_ID": 1627742, "Game_ID": "0021600612", "GAME_DATE": "JAN 15, 2017", "MATCHUP": "LAL vs. DET", "WL": "L", "MIN": 28, "FGM": 1, "FGA": 7, "FG_PCT": 0.143, "FG3M": 0, "FG3A": 1, "FG3_PCT": 0.0, "FTM": 3, "FTA": 6, "FT_PCT": 0.5, "OREB": 2, "DREB": 2, "REB": 4, "AST": 3, "STL": 0, "BLK": 1, "TOV": 0, "PF": 0, "PTS": 5, "PLUS_MINUS": -19, "VIDEO_AVAILABLE": 1}, {"SEASON_ID": "22016", "Player_ID": 1627742, "Game_ID": "0021600601", "GAME_DATE": "JAN 14, 2017", "MATCHUP": "LAL @ LAC", "WL": "L", "MIN": 31, "FGM": 4, "FGA": 8, "FG_PCT": 0.5, "FG3M": 2, "FG3A": 2, "FG3_PCT": 1.0, "FTM": 4, "FTA": 6, "FT_PCT": 0.667, "OREB": 0, "DREB": 5, "REB": 5, "AST": 5, "STL": 1, "BLK": 0, "TOV": 1, "PF": 0, "PTS": 14, "PLUS_MINUS": 1, "VIDEO_AVAILABLE": 1}, {"SEASON_ID": "22016", "Player_ID": 1627742, "Game_ID": "0021600588", "GAME_DATE": "JAN 12, 2017", "MATCHUP": "LAL @ SAS", "WL": "L", "MIN": 32, "FGM": 3, "FGA": 7, "FG_PCT": 0.429, "FG3M": 1, "FG3A": 3, "FG3_PCT": 0.333, "FTM": 2, "FTA": 4, "FT_PCT": 0.5, "OREB": 0, "DREB": 2, "REB": 2, "AST": 1, "STL": 0, "BLK": 1, "TOV": 1, "PF": 2, "PTS": 9, "PLUS_MINUS": -11, "VIDEO_AVAILABLE": 1}, {"SEASON_ID": "22016", "Player_ID": 1627742, "Game_ID": "0021600577", "GAME_DATE": "JAN 10, 2017", "MATCHUP": "LAL vs. POR", "WL": "L", "MIN": 26, "FGM": 3, "FGA": 6, "FG_PCT": 0.5, "FG3M": 2, "FG3A": 2, "FG3_PCT": 1.0, "FTM": 3, "FTA": 6, "FT_PCT": 0.5, "OREB": 0, "DREB": 4, "REB": 4, "AST": 2, "STL": 0, "BLK": 1, "TOV": 1, "PF": 0, "PTS": 11, "PLUS_MINUS": -10, "VIDEO_AVAILABLE": 1}, {"SEASON_ID": "22016", "Player_ID": 1627742, "Game_ID": "0021600567", "GAME_DATE": "JAN 08, 2017", "MATCHUP": "LAL vs. ORL", "WL": "W", "MIN": 27, "FGM": 6, "FGA": 9, "FG_PCT": 0.667, "FG3M": 2, "FG3A": 4, "FG3_PCT": 0.5, "FTM": 3, "FTA": 4, "FT_PCT": 0.75, "OREB": 0, "DREB": 3, "REB": 3, "AST": 2, "STL": 0, "BLK": 1, "TOV": 3, "PF": 2, "PTS": 17, "PLUS_MINUS": 12, "VIDEO_AVAILABLE": 1}, {"SEASON_ID": "22016", "Player_ID": 1627742, "Game_ID": "0021600549", "GAME_DATE": "JAN 06, 2017", "MATCHUP": "LAL vs. MIA", "WL": "W", "MIN": 28, "FGM": 6, "FGA": 9, "FG_PCT": 0.667, "FG3M": 0, "FG3A": 1, "FG3_PCT": 0.0, "FTM": 5, "FTA": 5, "FT_PCT": 1.0, "OREB": 1, "DREB": 5, "REB": 6, "AST": 4, "STL": 0, "BLK": 0, "TOV": 0, "PF": 0, "PTS": 17, "PLUS_MINUS": 10, "VIDEO_AVAILABLE": 1}, {"SEASON_ID": "22016", "Player_ID": 1627742, "Game_ID": "0021600542", "GAME_DATE": "JAN 05, 2017", "MATCHUP": "LAL @ POR", "WL": "L", "MIN": 37, "FGM": 3, "FGA": 6, "FG_PCT": 0.5, "FG3M": 2, "FG3A": 4, "FG3_PCT": 0.5, "FTM": 3, "FTA": 4, "FT_PCT": 0.75, "OREB": 1, "DREB": 3, "REB": 4, "AST": 1, "STL": 0, "BLK": 1, "TOV": 2, "PF": 4, "PTS": 11, "PLUS_MINUS": -6, "VIDEO_AVAILABLE": 1}, {"SEASON_ID": "22016", "Player_ID": 1627742, "Game_ID": "0021600528", "GAME_DATE": "JAN 03, 2017", "MATCHUP": "LAL vs. MEM", "WL": "W", "MIN": 25, "FGM": 2, "FGA": 4, "FG_PCT": 0.5, "FG3M": 0, "FG3A": 0, "FG3_PCT": 0.0, "FTM": 2, "FTA": 6, "FT_PCT": 0.333, "OREB": 0, "DREB": 3, "REB": 3, "AST": 2, "STL": 0, "BLK": 1, "TOV": 1, "PF": 2, "PTS": 6, "PLUS_MINUS": -1, "VIDEO_AVAILABLE": 1}, {"SEASON_ID": "22016", "Player_ID": 1627742, "Game_ID": "0021600512", "GAME_DATE": "JAN 01, 2017", "MATCHUP": "LAL vs. TOR", "WL": "L", "MIN": 26, "FGM": 2, "FGA": 7, "FG_PCT": 0.286, "FG3M": 0, "FG3A": 3, "FG3_PCT": 0.0, "FTM": 2, "FTA": 2, "FT_PCT": 1.0, "OREB": 1, "DREB": 2, "REB": 3, "AST": 2, "STL": 0, "BLK": 0, "TOV": 0, "PF": 2, "PTS": 6, "PLUS_MINUS": 0, "VIDEO_AVAILABLE": 1}, {"SEASON_ID": "22016", "Player_ID": 1627742, "Game_ID": "0021600491", "GAME_DATE": "DEC 29, 2016", "MATCHUP": "LAL vs. DAL", "WL": "L", "MIN": 32, "FGM": 1, "FGA": 5, "FG_PCT": 0.2, "FG3M": 0, "FG3A": 1, "FG3_PCT": 0.0, "FTM": 1, "FTA": 2, "FT_PCT": 0.5, "OREB": 1, "DREB": 5, "REB": 6, "AST": 1, "STL": 0, "BLK": 0, "TOV": 0, "PF": 3, "PTS": 3, "PLUS_MINUS": -14, "VIDEO_AVAILABLE": 1}, {"SEASON_ID": "22016", "Player_ID": 1627742, "Game_ID": "0021600475", "GAME_DATE": "DEC 27, 2016", "MATCHUP": "LAL vs. UTA", "WL": "L", "MIN": 31, "FGM": 2, "FGA": 5, "FG_PCT": 0.4, "FG3M": 0, "FG3A": 0, "FG3_PCT": 0.0, "FTM": 1, "FTA": 2, "FT_PCT": 0.5, "OREB": 0, "DREB": 2, "REB": 2, "AST": 2, "STL": 0, "BLK": 0, "TOV": 2, "PF": 4, "PTS": 5, "PLUS_MINUS": 4, "VIDEO_AVAILABLE": 1}, {"SEASON_ID": "22016", "Player_ID": 1627742, "Game_ID": "0021600460", "GAME_DATE": "DEC 25, 2016", "MATCHUP": "LAL vs. LAC", "WL": "W", "MIN": 28, "FGM": 3, "FGA": 8, "FG_PCT": 0.375, "FG3M": 0, "FG3A": 1, "FG3_PCT": 0.0, "FTM": 4, "FTA": 5, "FT_PCT": 0.8, "OREB": 1, "DREB": 5, "REB": 6, "AST": 0, "STL": 0, "BLK": 0, "TOV": 1, "PF": 3, "PTS": 10, "PLUS_MINUS": -1, "VIDEO_AVAILABLE": 1}, {"SEASON_ID": "22016", "Player_ID": 1627742, "Game_ID": "0021600443", "GAME_DATE": "DEC 23, 2016", "MATCHUP": "LAL @ ORL", "WL": "L", "MIN": 23, "FGM": 3, "FGA": 9, "FG_PCT": 0.333, "FG3M": 0, "FG3A": 2, "FG3_PCT": 0.0, "FTM": 3, "FTA": 3, "FT_PCT": 1.0, "OREB": 1, "DREB": 2, "REB": 3, "AST": 2, "STL": 0, "BLK": 0, "TOV": 1, "PF": 4, "PTS": 9, "PLUS_MINUS": -15, "VIDEO_AVAILABLE": 1}, {"SEASON_ID": "22016", "Player_ID": 1627742, "Game_ID": "0021600439", "GAME_DATE": "DEC 22, 2016", "MATCHUP": "LAL @ MIA", "WL": "L", "MIN": 35, "FGM": 2, "FGA": 7, "FG_PCT": 0.286, "FG3M": 0, "FG3A": 2, "FG3_PCT": 0.0, "FTM": 0, "FTA": 2, "FT_PCT": 0.0, "OREB": 4, "DREB": 4, "REB": 8, "AST": 2, "STL": 0, "BLK": 0, "TOV": 1, "PF": 3, "PTS": 4, "PLUS_MINUS": 2, "VIDEO_AVAILABLE": 1}, {"SEASON_ID": "22016", "Player_ID": 1627742, "Game_ID": "0021600419", "GAME_DATE": "DEC 20, 2016", "MATCHUP": "LAL @ CHA", "WL": "L", "MIN": 28, "FGM": 2, "FGA": 4, "FG_PCT": 0.5, "FG3M": 0, "FG3A": 1, "FG3_PCT": 0.0, "FTM": 0, "FTA": 0, "FT_PCT": 0.0, "OREB": 1, "DREB": 3, "REB": 4, "AST": 3, "STL": 0, "BLK": 0, "TOV": 0, "PF": 3, "PTS": 4, "PLUS_MINUS": 10, "VIDEO_AVAILABLE": 1}, {"SEASON_ID": "22016", "Player_ID": 1627742, "Game_ID": "0021600402", "GAME_DATE": "DEC 17, 2016", "MATCHUP": "LAL @ CLE", "WL": "L", "MIN": 41, "FGM": 4, "FGA": 10, "FG_PCT": 0.4, "FG3M": 1, "FG3A": 5, "FG3_PCT": 0.2, "FTM": 0, "FTA": 0, "FT_PCT": 0.0, "OREB": 2, "DREB": 8, "REB": 10, "AST": 9, "STL": 0, "BLK": 0, "TOV": 2, "PF": 1, "PTS": 9, "PLUS_MINUS": 1, "VIDEO_AVAILABLE": 1}, {"SEASON_ID": "22016", "Player_ID": 1627742, "Game_ID": "0021600396", "GAME_DATE": "DEC 16, 2016", "MATCHUP": "LAL @ PHI", "WL": "W", "MIN": 21, "FGM": 1, "FGA": 8, "FG_PCT": 0.125, "FG3M": 0, "FG3A": 2, "FG3_PCT": 0.0, "FTM": 0, "FTA": 0, "FT_PCT": 0.0, "OREB": 1, "DREB": 2, "REB": 3, "AST": 1, "STL": 0, "BLK": 0, "TOV": 2, "PF": 1, "PTS": 2, "PLUS_MINUS": -7, "VIDEO_AVAILABLE": 1}, {"SEASON_ID": "22016", "Player_ID": 1627742, "Game_ID": "0021600378", "GAME_DATE": "DEC 14, 2016", "MATCHUP": "LAL @ BKN", "WL": "L", "MIN": 26, "FGM": 3, "FGA": 9, "FG_PCT": 0.333, "FG3M": 0, "FG3A": 2, "FG3_PCT": 0.0, "FTM": 3, "FTA": 6, "FT_PCT": 0.5, "OREB": 0, "DREB": 1, "REB": 1, "AST": 1, "STL": 0, "BLK": 0, "TOV": 0, "PF": 0, "PTS": 9, "PLUS_MINUS": -17, "VIDEO_AVAILABLE": 1}, {"SEASON_ID": "22016", "Player_ID": 1627742, "Game_ID": "0021600367", "GAME_DATE": "DEC 12, 2016", "MATCHUP": "LAL @ SAC", "WL": "L", "MIN": 26, "FGM": 2, "FGA": 7, "FG_PCT": 0.286, "FG3M": 0, "FG3A": 1, "FG3_PCT": 0.0, "FTM": 1, "FTA": 2, "FT_PCT": 0.5, "OREB": 1, "DREB": 4, "REB": 5, "AST": 2, "STL": 0, "BLK": 0, "TOV": 0, "PF": 2, "PTS": 5, "PLUS_MINUS": -23, "VIDEO_AVAILABLE": 1}, {"SEASON_ID": "22016", "Player_ID": 1627742, "Game_ID": "0021600360", "GAME_DATE": "DEC 11, 2016", "MATCHUP": "LAL vs. NYK", "WL": "L", "MIN": 26, "FGM": 1, "FGA": 8, "FG_PCT": 0.125, "FG3M": 1, "FG3A": 3, "FG3_PCT": 0.333, "FTM": 0, "FTA": 0, "FT_PCT": 0.0, "OREB": 0, "DREB": 2, "REB": 2, "AST": 2, "STL": 0, "BLK": 0, "TOV": 0, "PF": 6, "PTS": 3, "PLUS_MINUS": -8, "VIDEO_AVAILABLE": 1}, {"SEASON_ID": "22016", "Player_ID": 1627742, "Game_ID": "0021600344", "GAME_DATE": "DEC 09, 2016", "MATCHUP": "LAL vs. PHX", "WL": "L", "MIN": 31, "FGM": 3, "FGA": 8, "FG_PCT": 0.375, "FG3M": 1, "FG3A": 2, "FG3_PCT": 0.5, "FTM": 2, "FTA": 4, "FT_PCT": 0.5, "OREB": 2, "DREB": 5, "REB": 7, "AST": 3, "STL": 0, "BLK": 0, "TOV": 0, "PF": 1, "PTS": 9, "PLUS_MINUS": -5, "VIDEO_AVAILABLE": 1}, {"SEASON_ID": "22016", "Player_ID": 1627742, "Game_ID": "0021600326", "GAME_DATE": "DEC 07, 2016", "MATCHUP": "LAL @ HOU", "WL": "L", "MIN": 33, "FGM": 5, "FGA": 13, "FG_PCT": 0.385, "FG3M": 2, "FG3A": 4, "FG3_PCT": 0.5, "FTM": 0, "FTA": 2, "FT_PCT": 0.0, "OREB": 3, "DREB": 4, "REB": 7, "AST": 1, "STL": 1, "BLK": 1, "TOV": 5, "PF": 4, "PTS": 12, "PLUS_MINUS": -31, "VIDEO_AVAILABLE": 1}, {"SEASON_ID": "22016", "Player_ID": 1627742, "Game_ID": "0021600313", "GAME_DATE": "DEC 05, 2016", "MATCHUP": "LAL vs. UTA", "WL": "L", "MIN": 25, "FGM": 1, "FGA": 6, "FG_PCT": 0.167, "FG3M": 0, "FG3A": 1, "FG3_PCT": 0.0, "FTM": 2, "FTA": 2, "FT_PCT": 1.0, "OREB": 0, "DREB": 2, "REB": 2, "AST": 2, "STL": 0, "BLK": 1, "TOV": 1, "PF": 3, "PTS": 4, "PLUS_MINUS": -8, "VIDEO_AVAILABLE": 1}, {"SEASON_ID": "22016", "Player_ID": 1627742, "Game_ID": "0021600295", "GAME_DATE": "DEC 03, 2016", "MATCHUP": "LAL @ MEM", "WL": "L", "MIN": 39, "FGM": 2, "FGA": 5, "FG_PCT": 0.4, "FG3M": 1, "FG3A": 2, "FG3_PCT": 0.5, "FTM": 4, "FTA": 4, "FT_PCT": 1.0, "OREB": 1, "DREB": 4, "REB": 5, "AST": 1, "STL": 0, "BLK": 3, "TOV": 5, "PF": 0, "PTS": 9, "PLUS_MINUS": -9, "VIDEO_AVAILABLE": 1}, {"SEASON_ID": "22016", "Player_ID": 1627742, "Game_ID": "0021600284", "GAME_DATE": "DEC 02, 2016", "MATCHUP": "LAL @ TOR", "WL": "L", "MIN": 35, "FGM": 8, "FGA": 16, "FG_PCT": 0.5, "FG3M": 1, "FG3A": 5, "FG3_PCT": 0.2, "FTM": 0, "FTA": 0, "FT_PCT": 0.0, "OREB": 1, "DREB": 5, "REB": 6, "AST": 2, "STL": 0, "BLK": 0, "TOV": 1, "PF": 3, "PTS": 17, "PLUS_MINUS": -24, "VIDEO_AVAILABLE": 1}, {"SEASON_ID": "22016", "Player_ID": 1627742, "Game_ID": "0021600269", "GAME_DATE": "NOV 30, 2016", "MATCHUP": "LAL @ CHI", "WL": "W", "MIN": 41, "FGM": 1, "FGA": 9, "FG_PCT": 0.111, "FG3M": 0, "FG3A": 2, "FG3_PCT": 0.0, "FTM": 6, "FTA": 8, "FT_PCT": 0.75, "OREB": 0, "DREB": 3, "REB": 3, "AST": 3, "STL": 2, "BLK": 1, "TOV": 1, "PF": 3, "PTS": 8, "PLUS_MINUS": 14, "VIDEO_AVAILABLE": 1}, {"SEASON_ID": "22016", "Player_ID": 1627742, "Game_ID": "0021600263", "GAME_DATE": "NOV 29, 2016", "MATCHUP": "LAL @ NOP", "WL": "L", "MIN": 29, "FGM": 4, "FGA": 10, "FG_PCT": 0.4, "FG3M": 1, "FG3A": 3, "FG3_PCT": 0.333, "FTM": 0, "FTA": 1, "FT_PCT": 0.0, "OREB": 0, "DREB": 3, "REB": 3, "AST": 5, "STL": 2, "BLK": 1, "TOV": 1, "PF": 1, "PTS": 9, "PLUS_MINUS": 0, "VIDEO_AVAILABLE": 1}, {"SEASON_ID": "22016", "Player_ID": 1627742, "Game_ID": "0021600252", "GAME_DATE": "NOV 27, 2016", "MATCHUP": "LAL vs. ATL", "WL": "W", "MIN": 29, "FGM": 3, "FGA": 10, "FG_PCT": 0.3, "FG3M": 1, "FG3A": 2, "FG3_PCT": 0.5, "FTM": 0, "FTA": 0, "FT_PCT": 0.0, "OREB": 0, "DREB": 8, "REB": 8, "AST": 0, "STL": 0, "BLK": 0, "TOV": 1, "PF": 3, "PTS": 7, "PLUS_MINUS": 12, "VIDEO_AVAILABLE": 1}, {"SEASON_ID": "22016", "Player_ID": 1627742, "Game_ID": "0021600238", "GAME_DATE": "NOV 25, 2016", "MATCHUP": "LAL vs. GSW", "WL": "L", "MIN": 39, "FGM": 3, "FGA": 18, "FG_PCT": 0.167, "FG3M": 0, "FG3A": 4, "FG3_PCT": 0.0, "FTM": 2, "FTA": 2, "FT_PCT": 1.0, "OREB": 1, "DREB": 8, "REB": 9, "AST": 2, "STL": 2, "BLK": 1, "TOV": 3, "PF": 1, "PTS": 8, "PLUS_MINUS": -19, "VIDEO_AVAILABLE": 1}, {"SEASON_ID": "22016", "Player_ID": 1627742, "Game_ID": "0021600223", "GAME_DATE": "NOV 23, 2016", "MATCHUP": "LAL @ GSW", "WL": "L", "MIN": 34, "FGM": 6, "FGA": 12, "FG_PCT": 0.5, "FG3M": 2, "FG3A": 4, "FG3_PCT": 0.5, "FTM": 2, "FTA": 2, "FT_PCT": 1.0, "OREB": 0, "DREB": 3, "REB": 3, "AST": 1, "STL": 0, "BLK": 0, "TOV": 3, "PF": 0, "PTS": 16, "PLUS_MINUS": -30, "VIDEO_AVAILABLE": 1}, {"SEASON_ID": "22016", "Player_ID": 1627742, "Game_ID": "0021600211", "GAME_DATE": "NOV 22, 2016", "MATCHUP": "LAL vs. OKC", "WL": "W", "MIN": 25, "FGM": 4, "FGA": 6, "FG_PCT": 0.667, "FG3M": 3, "FG3A": 3, "FG3_PCT": 1.0, "FTM": 0, "FTA": 0, "FT_PCT": 0.0, "OREB": 0, "DREB": 2, "REB": 2, "AST": 3, "STL": 0, "BLK": 0, "TOV": 4, "PF": 1, "PTS": 11, "PLUS_MINUS": 6, "VIDEO_AVAILABLE": 1}, {"SEASON_ID": "22016", "Player_ID": 1627742, "Game_ID": "0021600198", "GAME_DATE": "NOV 20, 2016", "MATCHUP": "LAL vs. CHI", "WL": "L", "MIN": 20, "FGM": 3, "FGA": 6, "FG_PCT": 0.5, "FG3M": 0, "FG3A": 0, "FG3_PCT": 0.0, "FTM": 1, "FTA": 2, "FT_PCT": 0.5, "OREB": 1, "DREB": 3, "REB": 4, "AST": 3, "STL": 0, "BLK": 0, "TOV": 1, "PF": 2, "PTS": 7, "PLUS_MINUS": 3, "VIDEO_AVAILABLE": 1}, {"SEASON_ID": "22016", "Player_ID": 1627742, "Game_ID": "0021600182", "GAME_DATE": "NOV 18, 2016", "MATCHUP": "LAL vs. SAS", "WL": "L", "MIN": 27, "FGM": 1, "FGA": 9, "FG_PCT": 0.111, "FG3M": 0, "FG3A": 3, "FG3_PCT": 0.0, "FTM": 2, "FTA": 2, "FT_PCT": 1.0, "OREB": 1, "DREB": 4, "REB": 5, "AST": 2, "STL": 1, "BLK": 0, "TOV": 1, "PF": 2, "PTS": 4, "PLUS_MINUS": 3, "VIDEO_AVAILABLE": 1}, {"SEASON_ID": "22016", "Player_ID": 1627742, "Game_ID": "0021600157", "GAME_DATE": "NOV 15, 2016", "MATCHUP": "LAL vs. BKN", "WL": "W", "MIN": 24, "FGM": 2, "FGA": 5, "FG_PCT": 0.4, "FG3M": 0, "FG3A": 1, "FG3_PCT": 0.0, "FTM": 4, "FTA": 4, "FT_PCT": 1.0, "OREB": 0, "DREB": 3, "REB": 3, "AST": 0, "STL": 0, "BLK": 2, "TOV": 1, "PF": 1, "PTS": 8, "PLUS_MINUS": -12, "VIDEO_AVAILABLE": 1}, {"SEASON_ID": "22016", "Player_ID": 1627742, "Game_ID": "0021600142", "GAME_DATE": "NOV 13, 2016", "MATCHUP": "LAL @ MIN", "WL": "L", "MIN": 27, "FGM": 3, "FGA": 5, "FG_PCT": 0.6, "FG3M": 1, "FG3A": 2, "FG3_PCT": 0.5, "FTM": 3, "FTA": 4, "FT_PCT": 0.75, "OREB": 0, "DREB": 1, "REB": 1, "AST": 1, "STL": 1, "BLK": 1, "TOV": 1, "PF": 4, "PTS": 10, "PLUS_MINUS": -7, "VIDEO_AVAILABLE": 1}, {"SEASON_ID": "22016", "Player_ID": 1627742, "Game_ID": "0021600129", "GAME_DATE": "NOV 12, 2016", "MATCHUP": "LAL @ NOP", "WL": "W", "MIN": 22, "FGM": 4, "FGA": 7, "FG_PCT": 0.571, "FG3M": 0, "FG3A": 0, "FG3_PCT": 0.0, "FTM": 2, "FTA": 3, "FT_PCT": 0.667, "OREB": 0, "DREB": 0, "REB": 0, "AST": 4, "STL": 1, "BLK": 0, "TOV": 0, "PF": 1, "PTS": 10, "PLUS_MINUS": 9, "VIDEO_AVAILABLE": 1}, {"SEASON_ID": "22016", "Player_ID": 1627742, "Game_ID": "0021600120", "GAME_DATE": "NOV 10, 2016", "MATCHUP": "LAL @ SAC", "WL": "W", "MIN": 28, "FGM": 2, "FGA": 5, "FG_PCT": 0.4, "FG3M": 0, "FG3A": 1, "FG3_PCT": 0.0, "FTM": 0, "FTA": 2, "FT_PCT": 0.0, "OREB": 1, "DREB": 5, "REB": 6, "AST": 2, "STL": 0, "BLK": 0, "TOV": 2, "PF": 2, "PTS": 4, "PLUS_MINUS": 13, "VIDEO_AVAILABLE": 1}, {"SEASON_ID": "22016", "Player_ID": 1627742, "Game_ID": "0021600104", "GAME_DATE": "NOV 08, 2016", "MATCHUP": "LAL vs. DAL", "WL": "L", "MIN": 26, "FGM": 2, "FGA": 5, "FG_PCT": 0.4, "FG3M": 1, "FG3A": 2, "FG3_PCT": 0.5, "FTM": 0, "FTA": 0, "FT_PCT": 0.0, "OREB": 0, "DREB": 4, "REB": 4, "AST": 1, "STL": 1, "BLK": 1, "TOV": 1, "PF": 1, "PTS": 5, "PLUS_MINUS": -12, "VIDEO_AVAILABLE": 1}, {"SEASON_ID": "22016", "Player_ID": 1627742, "Game_ID": "0021600092", "GAME_DATE": "NOV 06, 2016", "MATCHUP": "LAL vs. PHX", "WL": "W", "MIN": 25, "FGM": 2, "FGA": 7, "FG_PCT": 0.286, "FG3M": 1, "FG3A": 2, "FG3_PCT": 0.5, "FTM": 4, "FTA": 6, "FT_PCT": 0.667, "OREB": 0, "DREB": 2, "REB": 2, "AST": 1, "STL": 1, "BLK": 1, "TOV": 0, "PF": 1, "PTS": 9, "PLUS_MINUS": 10, "VIDEO_AVAILABLE": 1}, {"SEASON_ID": "22016", "Player_ID": 1627742, "Game_ID": "0021600078", "GAME_DATE": "NOV 04, 2016", "MATCHUP": "LAL vs. GSW", "WL": "W", "MIN": 27, "FGM": 2, "FGA": 8, "FG_PCT": 0.25, "FG3M": 0, "FG3A": 4, "FG3_PCT": 0.0, "FTM": 8, "FTA": 9, "FT_PCT": 0.889, "OREB": 2, "DREB": 4, "REB": 6, "AST": 3, "STL": 2, "BLK": 0, "TOV": 2, "PF": 2, "PTS": 12, "PLUS_MINUS": 23, "VIDEO_AVAILABLE": 1}, {"SEASON_ID": "22016", "Player_ID": 1627742, "Game_ID": "0021600059", "GAME_DATE": "NOV 02, 2016", "MATCHUP": "LAL @ ATL", "WL": "W", "MIN": 22, "FGM": 1, "FGA": 2, "FG_PCT": 0.5, "FG3M": 1, "FG3A": 1, "FG3_PCT": 1.0, "FTM": 0, "FTA": 0, "FT_PCT": 0.0, "OREB": 0, "DREB": 2, "REB": 2, "AST": 2, "STL": 0, "BLK": 1, "TOV": 2, "PF": 2, "PTS": 3, "PLUS_MINUS": -3, "VIDEO_AVAILABLE": 1}, {"SEASON_ID": "22016", "Player_ID": 1627742, "Game_ID": "0021600048", "GAME_DATE": "NOV 01, 2016", "MATCHUP": "LAL @ IND", "WL": "L", "MIN": 15, "FGM": 1, "FGA": 4, "FG_PCT": 0.25, "FG3M": 0, "FG3A": 2, "FG3_PCT": 0.0, "FTM": 0, "FTA": 0, "FT_PCT": 0.0, "OREB": 0, "DREB": 3, "REB": 3, "AST": 1, "STL": 0, "BLK": 0, "TOV": 1, "PF": 2, "PTS": 2, "PLUS_MINUS": -3, "VIDEO_AVAILABLE": 1}, {"SEASON_ID": "22016", "Player_ID": 1627742, "Game_ID": "0021600040", "GAME_DATE": "OCT 30, 2016", "MATCHUP": "LAL @ OKC", "WL": "L", "MIN": 21, "FGM": 3, "FGA": 10, "FG_PCT": 0.3, "FG3M": 0, "FG3A": 3, "FG3_PCT": 0.0, "FTM": 3, "FTA": 4, "FT_PCT": 0.75, "OREB": 1, "DREB": 4, "REB": 5, "AST": 2, "STL": 1, "BLK": 0, "TOV": 1, "PF": 1, "PTS": 9, "PLUS_MINUS": -6, "VIDEO_AVAILABLE": 1}, {"SEASON_ID": "22016", "Player_ID": 1627742, "Game_ID": "0021600024", "GAME_DATE": "OCT 28, 2016", "MATCHUP": "LAL @ UTA", "WL": "L", "MIN": 4, "FGM": 1, "FGA": 2, "FG_PCT": 0.5, "FG3M": 0, "FG3A": 1, "FG3_PCT": 0.0, "FTM": 0, "FTA": 0, "FT_PCT": 0.0, "OREB": 0, "DREB": 0, "REB": 0, "AST": 0, "STL": 0, "BLK": 0, "TOV": 0, "PF": 1, "PTS": 2, "PLUS_MINUS": 3, "VIDEO_AVAILABLE": 1}, {"SEASON_ID": "22016", "Player_ID": 1627742, "Game_ID": "0021600013", "GAME_DATE": "OCT 26, 2016", "MATCHUP": "LAL vs. HOU", "WL": "W", "MIN": 24, "FGM": 4, "FGA": 6, "FG_PCT": 0.667, "FG3M": 1, "FG3A": 2, "FG3_PCT": 0.5, "FTM": 0, "FTA": 0, "FT_PCT": 0.0, "OREB": 0, "DREB": 3, "REB": 3, "AST": 0, "STL": 0, "BLK": 0, "TOV": 1, "PF": 0, "PTS": 9, "PLUS_MINUS": 10, "VIDEO_AVAILABLE": 1}]