{"firstName": "Brandon", "lastName": "Ingram", "temporaryDisplayName": "Ingram, Brandon", "personId": "1627742", "teamId": "1610612740", "jersey": "14", "isActive": true, "pos": "F", "heightFeet": "6", "heightInches": "9", "heightMeters": "2.06", "weightPounds": "190", "weightKilograms": "86.2", "dateOfBirthUTC": "1997-09-02", "teamSitesOnly": {"playerCode": "brandon_ingram", "posFull": "Forward", "displayAffiliation": "Duke/USA", "freeAgentCode": ""}, "teams": [{"teamId": "1610612747", "seasonStart": "2016", "seasonEnd": "2018"}, {"teamId": "1610612740", "seasonStart": "2019", "seasonEnd": "2019"}], "draft": {"teamId": "1610612747", "pickNum": "2", "roundNum": "1", "seasonYear": "2016"}, "nbaDebutYear": "2016", "yearsPro": "3", "collegeName": "Duke", "lastAffiliation": "Duke/USA", "country": "USA"}