[{"SEASON_ID": "22018", "Player_ID": 1629027, "Game_ID": "0021801220", "GAME_DATE": "APR 10, 2019", "MATCHUP": "ATL vs. IND", "WL": "L", "MIN": 34, "FGM": 6, "FGA": 18, "FG_PCT": 0.333, "FG3M": 1, "FG3A": 7, "FG3_PCT": 0.143, "FTM": 10, "FTA": 11, "FT_PCT": 0.909, "OREB": 2, "DREB": 3, "REB": 5, "AST": 11, "STL": 2, "BLK": 0, "TOV": 6, "PF": 0, "PTS": 23, "PLUS_MINUS": 18, "VIDEO_AVAILABLE": 1}, {"SEASON_ID": "22018", "Player_ID": 1629027, "Game_ID": "0021801181", "GAME_DATE": "APR 05, 2019", "MATCHUP": "ATL @ ORL", "WL": "L", "MIN": 27, "FGM": 8, "FGA": 17, "FG_PCT": 0.471, "FG3M": 1, "FG3A": 4, "FG3_PCT": 0.25, "FTM": 5, "FTA": 7, "FT_PCT": 0.714, "OREB": 2, "DREB": 5, "REB": 7, "AST": 6, "STL": 3, "BLK": 0, "TOV": 2, "PF": 2, "PTS": 22, "PLUS_MINUS": -36, "VIDEO_AVAILABLE": 1}, {"SEASON_ID": "22018", "Player_ID": 1629027, "Game_ID": "0021801168", "GAME_DATE": "APR 03, 2019", "MATCHUP": "ATL vs. PHI", "WL": "W", "MIN": 33, "FGM": 12, "FGA": 18, "FG_PCT": 0.667, "FG3M": 2, "FG3A": 6, "FG3_PCT": 0.333, "FTM": 7, "FTA": 7, "FT_PCT": 1.0, "OREB": 2, "DREB": 5, "REB": 7, "AST": 12, "STL": 1, "BLK": 0, "TOV": 2, "PF": 4, "PTS": 33, "PLUS_MINUS": 6, "VIDEO_AVAILABLE": 1}, {"SEASON_ID": "22018", "Player_ID": 1629027, "Game_ID": "0021801162", "GAME_DATE": "APR 02, 2019", "MATCHUP": "ATL @ SAS", "WL": "L", "MIN": 30, "FGM": 5, "FGA": 15, "FG_PCT": 0.333, "FG3M": 0, "FG3A": 6, "FG3_PCT": 0.0, "FTM": 5, "FTA": 5, "FT_PCT": 1.0, "OREB": 0, "DREB": 1, "REB": 1, "AST": 6, "STL": 1, "BLK": 0, "TOV": 0, "PF": 3, "PTS": 15, "PLUS_MINUS": -11, "VIDEO_AVAILABLE": 1}, {"SEASON_ID": "22018", "Player_ID": 1629027, "Game_ID": "0021801145", "GAME_DATE": "MAR 31, 2019", "MATCHUP": "ATL vs. MIL", "WL": "W", "MIN": 35, "FGM": 5, "FGA": 19, "FG_PCT": 0.263, "FG3M": 2, "FG3A": 9, "FG3_PCT": 0.222, "FTM": 0, "FTA": 0, "FT_PCT": 0.0, "OREB": 1, "DREB": 4, "REB": 5, "AST": 16, "STL": 2, "BLK": 0, "TOV": 1, "PF": 2, "PTS": 12, "PLUS_MINUS": -5, "VIDEO_AVAILABLE": 1}, {"SEASON_ID": "22018", "Player_ID": 1629027, "Game_ID": "0021801131", "GAME_DATE": "MAR 29, 2019", "MATCHUP": "ATL vs. POR", "WL": "L", "MIN": 32, "FGM": 10, "FGA": 25, "FG_PCT": 0.4, "FG3M": 1, "FG3A": 8, "FG3_PCT": 0.125, "FTM": 5, "FTA": 5, "FT_PCT": 1.0, "OREB": 2, "DREB": 7, "REB": 9, "AST": 7, "STL": 1, "BLK": 0, "TOV": 3, "PF": 1, "PTS": 26, "PLUS_MINUS": -5, "VIDEO_AVAILABLE": 1}, {"SEASON_ID": "22018", "Player_ID": 1629027, "Game_ID": "0021801113", "GAME_DATE": "MAR 26, 2019", "MATCHUP": "ATL @ NOP", "WL": "W", "MIN": 31, "FGM": 12, "FGA": 24, "FG_PCT": 0.5, "FG3M": 5, "FG3A": 13, "FG3_PCT": 0.385, "FTM": 4, "FTA": 5, "FT_PCT": 0.8, "OREB": 0, "DREB": 1, "REB": 1, "AST": 12, "STL": 1, "BLK": 0, "TOV": 1, "PF": 1, "PTS": 33, "PLUS_MINUS": 10, "VIDEO_AVAILABLE": 1}, {"SEASON_ID": "22018", "Player_ID": 1629027, "Game_ID": "0021801088", "GAME_DATE": "MAR 23, 2019", "MATCHUP": "ATL vs. PHI", "WL": "W", "MIN": 33, "FGM": 11, "FGA": 20, "FG_PCT": 0.55, "FG3M": 4, "FG3A": 9, "FG3_PCT": 0.444, "FTM": 6, "FTA": 7, "FT_PCT": 0.857, "OREB": 2, "DREB": 4, "REB": 6, "AST": 11, "STL": 0, "BLK": 1, "TOV": 6, "PF": 4, "PTS": 32, "PLUS_MINUS": 22, "VIDEO_AVAILABLE": 1}, {"SEASON_ID": "22018", "Player_ID": 1629027, "Game_ID": "0021801076", "GAME_DATE": "MAR 21, 2019", "MATCHUP": "ATL vs. UTA", "WL": "W", "MIN": 34, "FGM": 8, "FGA": 22, "FG_PCT": 0.364, "FG3M": 1, "FG3A": 6, "FG3_PCT": 0.167, "FTM": 6, "FTA": 9, "FT_PCT": 0.667, "OREB": 0, "DREB": 2, "REB": 2, "AST": 11, "STL": 0, "BLK": 0, "TOV": 5, "PF": 0, "PTS": 23, "PLUS_MINUS": 5, "VIDEO_AVAILABLE": 1}, {"SEASON_ID": "22018", "Player_ID": 1629027, "Game_ID": "0021801060", "GAME_DATE": "MAR 19, 2019", "MATCHUP": "ATL vs. HOU", "WL": "L", "MIN": 34, "FGM": 6, "FGA": 13, "FG_PCT": 0.462, "FG3M": 2, "FG3A": 5, "FG3_PCT": 0.4, "FTM": 7, "FTA": 7, "FT_PCT": 1.0, "OREB": 2, "DREB": 2, "REB": 4, "AST": 12, "STL": 1, "BLK": 0, "TOV": 7, "PF": 2, "PTS": 21, "PLUS_MINUS": -12, "VIDEO_AVAILABLE": 1}, {"SEASON_ID": "22018", "Player_ID": 1629027, "Game_ID": "0021801046", "GAME_DATE": "MAR 17, 2019", "MATCHUP": "ATL @ ORL", "WL": "L", "MIN": 32, "FGM": 9, "FGA": 18, "FG_PCT": 0.5, "FG3M": 0, "FG3A": 5, "FG3_PCT": 0.0, "FTM": 2, "FTA": 3, "FT_PCT": 0.667, "OREB": 0, "DREB": 6, "REB": 6, "AST": 5, "STL": 1, "BLK": 0, "TOV": 2, "PF": 3, "PTS": 20, "PLUS_MINUS": -18, "VIDEO_AVAILABLE": 2}, {"SEASON_ID": "22018", "Player_ID": 1629027, "Game_ID": "0021801034", "GAME_DATE": "MAR 16, 2019", "MATCHUP": "ATL @ BOS", "WL": "L", "MIN": 31, "FGM": 10, "FGA": 17, "FG_PCT": 0.588, "FG3M": 5, "FG3A": 8, "FG3_PCT": 0.625, "FTM": 1, "FTA": 2, "FT_PCT": 0.5, "OREB": 1, "DREB": 3, "REB": 4, "AST": 4, "STL": 2, "BLK": 0, "TOV": 6, "PF": 2, "PTS": 26, "PLUS_MINUS": -16, "VIDEO_AVAILABLE": 2}, {"SEASON_ID": "22018", "Player_ID": 1629027, "Game_ID": "0021801016", "GAME_DATE": "MAR 13, 2019", "MATCHUP": "ATL vs. MEM", "WL": "W", "MIN": 25, "FGM": 8, "FGA": 12, "FG_PCT": 0.667, "FG3M": 3, "FG3A": 5, "FG3_PCT": 0.6, "FTM": 3, "FTA": 3, "FT_PCT": 1.0, "OREB": 0, "DREB": 3, "REB": 3, "AST": 8, "STL": 1, "BLK": 0, "TOV": 0, "PF": 1, "PTS": 22, "PLUS_MINUS": 25, "VIDEO_AVAILABLE": 1}, {"SEASON_ID": "22018", "Player_ID": 1629027, "Game_ID": "0021800995", "GAME_DATE": "MAR 10, 2019", "MATCHUP": "ATL vs. NOP", "WL": "W", "MIN": 31, "FGM": 2, "FGA": 14, "FG_PCT": 0.143, "FG3M": 0, "FG3A": 4, "FG3_PCT": 0.0, "FTM": 6, "FTA": 6, "FT_PCT": 1.0, "OREB": 2, "DREB": 3, "REB": 5, "AST": 10, "STL": 0, "BLK": 0, "TOV": 2, "PF": 2, "PTS": 10, "PLUS_MINUS": -7, "VIDEO_AVAILABLE": 1}, {"SEASON_ID": "22018", "Player_ID": 1629027, "Game_ID": "0021800987", "GAME_DATE": "MAR 09, 2019", "MATCHUP": "ATL vs. BKN", "WL": "L", "MIN": 29, "FGM": 4, "FGA": 14, "FG_PCT": 0.286, "FG3M": 2, "FG3A": 4, "FG3_PCT": 0.5, "FTM": 13, "FTA": 16, "FT_PCT": 0.813, "OREB": 3, "DREB": 7, "REB": 10, "AST": 11, "STL": 1, "BLK": 0, "TOV": 2, "PF": 3, "PTS": 23, "PLUS_MINUS": 13, "VIDEO_AVAILABLE": 1}, {"SEASON_ID": "22018", "Player_ID": 1629027, "Game_ID": "0021800968", "GAME_DATE": "MAR 06, 2019", "MATCHUP": "ATL vs. SAS", "WL": "L", "MIN": 32, "FGM": 8, "FGA": 24, "FG_PCT": 0.333, "FG3M": 1, "FG3A": 7, "FG3_PCT": 0.143, "FTM": 5, "FTA": 6, "FT_PCT": 0.833, "OREB": 2, "DREB": 4, "REB": 6, "AST": 4, "STL": 1, "BLK": 0, "TOV": 2, "PF": 2, "PTS": 22, "PLUS_MINUS": -16, "VIDEO_AVAILABLE": 1}, {"SEASON_ID": "22018", "Player_ID": 1629027, "Game_ID": "0021800953", "GAME_DATE": "MAR 04, 2019", "MATCHUP": "ATL @ MIA", "WL": "L", "MIN": 30, "FGM": 4, "FGA": 11, "FG_PCT": 0.364, "FG3M": 0, "FG3A": 4, "FG3_PCT": 0.0, "FTM": 6, "FTA": 7, "FT_PCT": 0.857, "OREB": 2, "DREB": 1, "REB": 3, "AST": 8, "STL": 1, "BLK": 0, "TOV": 8, "PF": 1, "PTS": 14, "PLUS_MINUS": 2, "VIDEO_AVAILABLE": 1}, {"SEASON_ID": "22018", "Player_ID": 1629027, "Game_ID": "0021800946", "GAME_DATE": "MAR 03, 2019", "MATCHUP": "ATL @ CHI", "WL": "W", "MIN": 18, "FGM": 6, "FGA": 9, "FG_PCT": 0.667, "FG3M": 3, "FG3A": 4, "FG3_PCT": 0.75, "FTM": 3, "FTA": 3, "FT_PCT": 1.0, "OREB": 0, "DREB": 2, "REB": 2, "AST": 5, "STL": 0, "BLK": 0, "TOV": 2, "PF": 0, "PTS": 18, "PLUS_MINUS": 11, "VIDEO_AVAILABLE": 1}, {"SEASON_ID": "22018", "Player_ID": 1629027, "Game_ID": "0021800928", "GAME_DATE": "MAR 01, 2019", "MATCHUP": "ATL vs. CHI", "WL": "L", "MIN": 56, "FGM": 17, "FGA": 33, "FG_PCT": 0.515, "FG3M": 6, "FG3A": 13, "FG3_PCT": 0.462, "FTM": 9, "FTA": 11, "FT_PCT": 0.818, "OREB": 1, "DREB": 7, "REB": 8, "AST": 16, "STL": 1, "BLK": 1, "TOV": 9, "PF": 2, "PTS": 49, "PLUS_MINUS": -9, "VIDEO_AVAILABLE": 1}, {"SEASON_ID": "22018", "Player_ID": 1629027, "Game_ID": "0021800912", "GAME_DATE": "FEB 27, 2019", "MATCHUP": "ATL vs. MIN", "WL": "W", "MIN": 43, "FGM": 9, "FGA": 22, "FG_PCT": 0.409, "FG3M": 2, "FG3A": 5, "FG3_PCT": 0.4, "FTM": 16, "FTA": 17, "FT_PCT": 0.941, "OREB": 1, "DREB": 7, "REB": 8, "AST": 10, "STL": 0, "BLK": 0, "TOV": 3, "PF": 2, "PTS": 36, "PLUS_MINUS": 21, "VIDEO_AVAILABLE": 1}, {"SEASON_ID": "22018", "Player_ID": 1629027, "Game_ID": "0021800903", "GAME_DATE": "FEB 25, 2019", "MATCHUP": "ATL @ HOU", "WL": "L", "MIN": 41, "FGM": 12, "FGA": 23, "FG_PCT": 0.522, "FG3M": 8, "FG3A": 12, "FG3_PCT": 0.667, "FTM": 4, "FTA": 4, "FT_PCT": 1.0, "OREB": 0, "DREB": 1, "REB": 1, "AST": 8, "STL": 0, "BLK": 0, "TOV": 4, "PF": 2, "PTS": 36, "PLUS_MINUS": -1, "VIDEO_AVAILABLE": 1}, {"SEASON_ID": "22018", "Player_ID": 1629027, "Game_ID": "0021800883", "GAME_DATE": "FEB 23, 2019", "MATCHUP": "ATL vs. PHX", "WL": "W", "MIN": 34, "FGM": 5, "FGA": 14, "FG_PCT": 0.357, "FG3M": 2, "FG3A": 6, "FG3_PCT": 0.333, "FTM": 11, "FTA": 12, "FT_PCT": 0.917, "OREB": 0, "DREB": 2, "REB": 2, "AST": 8, "STL": 1, "BLK": 0, "TOV": 2, "PF": 2, "PTS": 23, "PLUS_MINUS": 13, "VIDEO_AVAILABLE": 1}, {"SEASON_ID": "22018", "Player_ID": 1629027, "Game_ID": "0021800877", "GAME_DATE": "FEB 22, 2019", "MATCHUP": "ATL vs. DET", "WL": "L", "MIN": 37, "FGM": 11, "FGA": 23, "FG_PCT": 0.478, "FG3M": 5, "FG3A": 11, "FG3_PCT": 0.455, "FTM": 3, "FTA": 3, "FT_PCT": 1.0, "OREB": 0, "DREB": 3, "REB": 3, "AST": 10, "STL": 0, "BLK": 0, "TOV": 4, "PF": 2, "PTS": 30, "PLUS_MINUS": -1, "VIDEO_AVAILABLE": 1}, {"SEASON_ID": "22018", "Player_ID": 1629027, "Game_ID": "0021800865", "GAME_DATE": "FEB 14, 2019", "MATCHUP": "ATL vs. NYK", "WL": "L", "MIN": 31, "FGM": 6, "FGA": 19, "FG_PCT": 0.316, "FG3M": 1, "FG3A": 6, "FG3_PCT": 0.167, "FTM": 3, "FTA": 4, "FT_PCT": 0.75, "OREB": 2, "DREB": 4, "REB": 6, "AST": 11, "STL": 2, "BLK": 0, "TOV": 3, "PF": 2, "PTS": 16, "PLUS_MINUS": -11, "VIDEO_AVAILABLE": 1}, {"SEASON_ID": "22018", "Player_ID": 1629027, "Game_ID": "0021800848", "GAME_DATE": "FEB 12, 2019", "MATCHUP": "ATL vs. LAL", "WL": "W", "MIN": 38, "FGM": 6, "FGA": 19, "FG_PCT": 0.316, "FG3M": 3, "FG3A": 9, "FG3_PCT": 0.333, "FTM": 7, "FTA": 9, "FT_PCT": 0.778, "OREB": 0, "DREB": 6, "REB": 6, "AST": 14, "STL": 1, "BLK": 1, "TOV": 6, "PF": 2, "PTS": 22, "PLUS_MINUS": 11, "VIDEO_AVAILABLE": 1}, {"SEASON_ID": "22018", "Player_ID": 1629027, "Game_ID": "0021800837", "GAME_DATE": "FEB 10, 2019", "MATCHUP": "ATL vs. ORL", "WL": "L", "MIN": 26, "FGM": 3, "FGA": 9, "FG_PCT": 0.333, "FG3M": 2, "FG3A": 4, "FG3_PCT": 0.5, "FTM": 5, "FTA": 5, "FT_PCT": 1.0, "OREB": 1, "DREB": 4, "REB": 5, "AST": 7, "STL": 0, "BLK": 0, "TOV": 3, "PF": 2, "PTS": 13, "PLUS_MINUS": -25, "VIDEO_AVAILABLE": 1}, {"SEASON_ID": "22018", "Player_ID": 1629027, "Game_ID": "0021800827", "GAME_DATE": "FEB 09, 2019", "MATCHUP": "ATL vs. CHA", "WL": "L", "MIN": 28, "FGM": 8, "FGA": 15, "FG_PCT": 0.533, "FG3M": 4, "FG3A": 6, "FG3_PCT": 0.667, "FTM": 0, "FTA": 0, "FT_PCT": 0.0, "OREB": 0, "DREB": 1, "REB": 1, "AST": 11, "STL": 2, "BLK": 0, "TOV": 4, "PF": 1, "PTS": 20, "PLUS_MINUS": -10, "VIDEO_AVAILABLE": 1}, {"SEASON_ID": "22018", "Player_ID": 1629027, "Game_ID": "0021800813", "GAME_DATE": "FEB 07, 2019", "MATCHUP": "ATL vs. TOR", "WL": "L", "MIN": 29, "FGM": 7, "FGA": 14, "FG_PCT": 0.5, "FG3M": 1, "FG3A": 2, "FG3_PCT": 0.5, "FTM": 4, "FTA": 7, "FT_PCT": 0.571, "OREB": 1, "DREB": 4, "REB": 5, "AST": 5, "STL": 1, "BLK": 0, "TOV": 4, "PF": 2, "PTS": 19, "PLUS_MINUS": -23, "VIDEO_AVAILABLE": 1}, {"SEASON_ID": "22018", "Player_ID": 1629027, "Game_ID": "0021800791", "GAME_DATE": "FEB 04, 2019", "MATCHUP": "ATL @ WAS", "WL": "W", "MIN": 27, "FGM": 2, "FGA": 13, "FG_PCT": 0.154, "FG3M": 1, "FG3A": 6, "FG3_PCT": 0.167, "FTM": 5, "FTA": 6, "FT_PCT": 0.833, "OREB": 0, "DREB": 4, "REB": 4, "AST": 10, "STL": 0, "BLK": 0, "TOV": 1, "PF": 1, "PTS": 10, "PLUS_MINUS": 3, "VIDEO_AVAILABLE": 1}, {"SEASON_ID": "22018", "Player_ID": 1629027, "Game_ID": "0021800784", "GAME_DATE": "FEB 02, 2019", "MATCHUP": "ATL @ PHX", "WL": "W", "MIN": 34, "FGM": 9, "FGA": 21, "FG_PCT": 0.429, "FG3M": 4, "FG3A": 10, "FG3_PCT": 0.4, "FTM": 5, "FTA": 7, "FT_PCT": 0.714, "OREB": 1, "DREB": 6, "REB": 7, "AST": 8, "STL": 0, "BLK": 0, "TOV": 4, "PF": 0, "PTS": 27, "PLUS_MINUS": -3, "VIDEO_AVAILABLE": 1}, {"SEASON_ID": "22018", "Player_ID": 1629027, "Game_ID": "0021800773", "GAME_DATE": "FEB 01, 2019", "MATCHUP": "ATL @ UTA", "WL": "L", "MIN": 37, "FGM": 9, "FGA": 20, "FG_PCT": 0.45, "FG3M": 5, "FG3A": 10, "FG3_PCT": 0.5, "FTM": 5, "FTA": 7, "FT_PCT": 0.714, "OREB": 1, "DREB": 2, "REB": 3, "AST": 9, "STL": 1, "BLK": 0, "TOV": 2, "PF": 4, "PTS": 28, "PLUS_MINUS": -13, "VIDEO_AVAILABLE": 1}, {"SEASON_ID": "22018", "Player_ID": 1629027, "Game_ID": "0021800762", "GAME_DATE": "JAN 30, 2019", "MATCHUP": "ATL @ SAC", "WL": "L", "MIN": 29, "FGM": 7, "FGA": 12, "FG_PCT": 0.583, "FG3M": 4, "FG3A": 9, "FG3_PCT": 0.444, "FTM": 5, "FTA": 6, "FT_PCT": 0.833, "OREB": 1, "DREB": 0, "REB": 1, "AST": 8, "STL": 1, "BLK": 0, "TOV": 5, "PF": 2, "PTS": 23, "PLUS_MINUS": -5, "VIDEO_AVAILABLE": 1}, {"SEASON_ID": "22018", "Player_ID": 1629027, "Game_ID": "0021800748", "GAME_DATE": "JAN 28, 2019", "MATCHUP": "ATL @ LAC", "WL": "W", "MIN": 31, "FGM": 10, "FGA": 18, "FG_PCT": 0.556, "FG3M": 2, "FG3A": 7, "FG3_PCT": 0.286, "FTM": 4, "FTA": 4, "FT_PCT": 1.0, "OREB": 1, "DREB": 3, "REB": 4, "AST": 8, "STL": 0, "BLK": 0, "TOV": 1, "PF": 1, "PTS": 26, "PLUS_MINUS": 8, "VIDEO_AVAILABLE": 1}, {"SEASON_ID": "22018", "Player_ID": 1629027, "Game_ID": "0021800734", "GAME_DATE": "JAN 26, 2019", "MATCHUP": "ATL @ POR", "WL": "L", "MIN": 32, "FGM": 11, "FGA": 15, "FG_PCT": 0.733, "FG3M": 3, "FG3A": 6, "FG3_PCT": 0.5, "FTM": 5, "FTA": 6, "FT_PCT": 0.833, "OREB": 0, "DREB": 2, "REB": 2, "AST": 8, "STL": 1, "BLK": 1, "TOV": 4, "PF": 4, "PTS": 30, "PLUS_MINUS": -5, "VIDEO_AVAILABLE": 1}, {"SEASON_ID": "22018", "Player_ID": 1629027, "Game_ID": "0021800712", "GAME_DATE": "JAN 23, 2019", "MATCHUP": "ATL @ CHI", "WL": "W", "MIN": 33, "FGM": 1, "FGA": 12, "FG_PCT": 0.083, "FG3M": 1, "FG3A": 7, "FG3_PCT": 0.143, "FTM": 2, "FTA": 2, "FT_PCT": 1.0, "OREB": 1, "DREB": 6, "REB": 7, "AST": 12, "STL": 1, "BLK": 0, "TOV": 3, "PF": 1, "PTS": 5, "PLUS_MINUS": 24, "VIDEO_AVAILABLE": 1}, {"SEASON_ID": "22018", "Player_ID": 1629027, "Game_ID": "0021800695", "GAME_DATE": "JAN 21, 2019", "MATCHUP": "ATL vs. ORL", "WL": "L", "MIN": 29, "FGM": 8, "FGA": 13, "FG_PCT": 0.615, "FG3M": 0, "FG3A": 3, "FG3_PCT": 0.0, "FTM": 5, "FTA": 6, "FT_PCT": 0.833, "OREB": 0, "DREB": 3, "REB": 3, "AST": 6, "STL": 0, "BLK": 0, "TOV": 4, "PF": 2, "PTS": 21, "PLUS_MINUS": -17, "VIDEO_AVAILABLE": 1}, {"SEASON_ID": "22018", "Player_ID": 1629027, "Game_ID": "0021800683", "GAME_DATE": "JAN 19, 2019", "MATCHUP": "ATL vs. BOS", "WL": "L", "MIN": 34, "FGM": 6, "FGA": 17, "FG_PCT": 0.353, "FG3M": 2, "FG3A": 9, "FG3_PCT": 0.222, "FTM": 2, "FTA": 2, "FT_PCT": 1.0, "OREB": 0, "DREB": 1, "REB": 1, "AST": 7, "STL": 1, "BLK": 0, "TOV": 6, "PF": 3, "PTS": 16, "PLUS_MINUS": -12, "VIDEO_AVAILABLE": 1}, {"SEASON_ID": "22018", "Player_ID": 1629027, "Game_ID": "0021800653", "GAME_DATE": "JAN 15, 2019", "MATCHUP": "ATL vs. OKC", "WL": "W", "MIN": 33, "FGM": 8, "FGA": 17, "FG_PCT": 0.471, "FG3M": 4, "FG3A": 9, "FG3_PCT": 0.444, "FTM": 4, "FTA": 5, "FT_PCT": 0.8, "OREB": 0, "DREB": 6, "REB": 6, "AST": 11, "STL": 0, "BLK": 0, "TOV": 7, "PF": 2, "PTS": 24, "PLUS_MINUS": 16, "VIDEO_AVAILABLE": 1}, {"SEASON_ID": "22018", "Player_ID": 1629027, "Game_ID": "0021800640", "GAME_DATE": "JAN 13, 2019", "MATCHUP": "ATL vs. MIL", "WL": "L", "MIN": 34, "FGM": 7, "FGA": 16, "FG_PCT": 0.438, "FG3M": 1, "FG3A": 5, "FG3_PCT": 0.2, "FTM": 11, "FTA": 13, "FT_PCT": 0.846, "OREB": 3, "DREB": 7, "REB": 10, "AST": 4, "STL": 0, "BLK": 0, "TOV": 4, "PF": 2, "PTS": 26, "PLUS_MINUS": -7, "VIDEO_AVAILABLE": 1}, {"SEASON_ID": "22018", "Player_ID": 1629027, "Game_ID": "0021800621", "GAME_DATE": "JAN 11, 2019", "MATCHUP": "ATL @ PHI", "WL": "W", "MIN": 32, "FGM": 5, "FGA": 12, "FG_PCT": 0.417, "FG3M": 3, "FG3A": 8, "FG3_PCT": 0.375, "FTM": 5, "FTA": 5, "FT_PCT": 1.0, "OREB": 1, "DREB": 3, "REB": 4, "AST": 5, "STL": 2, "BLK": 0, "TOV": 4, "PF": 0, "PTS": 18, "PLUS_MINUS": -1, "VIDEO_AVAILABLE": 1}, {"SEASON_ID": "22018", "Player_ID": 1629027, "Game_ID": "0021800609", "GAME_DATE": "JAN 09, 2019", "MATCHUP": "ATL @ BKN", "WL": "L", "MIN": 29, "FGM": 6, "FGA": 15, "FG_PCT": 0.4, "FG3M": 2, "FG3A": 9, "FG3_PCT": 0.222, "FTM": 3, "FTA": 3, "FT_PCT": 1.0, "OREB": 0, "DREB": 2, "REB": 2, "AST": 7, "STL": 2, "BLK": 0, "TOV": 6, "PF": 2, "PTS": 17, "PLUS_MINUS": -15, "VIDEO_AVAILABLE": 1}, {"SEASON_ID": "22018", "Player_ID": 1629027, "Game_ID": "0021800602", "GAME_DATE": "JAN 08, 2019", "MATCHUP": "ATL @ TOR", "WL": "L", "MIN": 30, "FGM": 8, "FGA": 20, "FG_PCT": 0.4, "FG3M": 1, "FG3A": 5, "FG3_PCT": 0.2, "FTM": 2, "FTA": 3, "FT_PCT": 0.667, "OREB": 2, "DREB": 3, "REB": 5, "AST": 4, "STL": 2, "BLK": 0, "TOV": 3, "PF": 1, "PTS": 19, "PLUS_MINUS": 3, "VIDEO_AVAILABLE": 1}, {"SEASON_ID": "22018", "Player_ID": 1629027, "Game_ID": "0021800587", "GAME_DATE": "JAN 06, 2019", "MATCHUP": "ATL vs. MIA", "WL": "W", "MIN": 30, "FGM": 6, "FGA": 14, "FG_PCT": 0.429, "FG3M": 3, "FG3A": 3, "FG3_PCT": 1.0, "FTM": 4, "FTA": 6, "FT_PCT": 0.667, "OREB": 0, "DREB": 2, "REB": 2, "AST": 2, "STL": 1, "BLK": 0, "TOV": 4, "PF": 1, "PTS": 19, "PLUS_MINUS": 21, "VIDEO_AVAILABLE": 1}, {"SEASON_ID": "22018", "Player_ID": 1629027, "Game_ID": "0021800572", "GAME_DATE": "JAN 04, 2019", "MATCHUP": "ATL @ MIL", "WL": "L", "MIN": 32, "FGM": 3, "FGA": 9, "FG_PCT": 0.333, "FG3M": 2, "FG3A": 4, "FG3_PCT": 0.5, "FTM": 5, "FTA": 5, "FT_PCT": 1.0, "OREB": 0, "DREB": 2, "REB": 2, "AST": 10, "STL": 3, "BLK": 0, "TOV": 2, "PF": 2, "PTS": 13, "PLUS_MINUS": -18, "VIDEO_AVAILABLE": 1}, {"SEASON_ID": "22018", "Player_ID": 1629027, "Game_ID": "0021800556", "GAME_DATE": "JAN 02, 2019", "MATCHUP": "ATL @ WAS", "WL": "L", "MIN": 28, "FGM": 2, "FGA": 8, "FG_PCT": 0.25, "FG3M": 1, "FG3A": 2, "FG3_PCT": 0.5, "FTM": 0, "FTA": 0, "FT_PCT": 0.0, "OREB": 0, "DREB": 3, "REB": 3, "AST": 9, "STL": 0, "BLK": 1, "TOV": 4, "PF": 2, "PTS": 5, "PLUS_MINUS": -19, "VIDEO_AVAILABLE": 1}, {"SEASON_ID": "22018", "Player_ID": 1629027, "Game_ID": "0021800542", "GAME_DATE": "DEC 31, 2018", "MATCHUP": "ATL @ IND", "WL": "L", "MIN": 30, "FGM": 6, "FGA": 10, "FG_PCT": 0.6, "FG3M": 4, "FG3A": 6, "FG3_PCT": 0.667, "FTM": 0, "FTA": 0, "FT_PCT": 0.0, "OREB": 2, "DREB": 2, "REB": 4, "AST": 7, "STL": 3, "BLK": 0, "TOV": 8, "PF": 3, "PTS": 16, "PLUS_MINUS": 4, "VIDEO_AVAILABLE": 1}, {"SEASON_ID": "22018", "Player_ID": 1629027, "Game_ID": "0021800529", "GAME_DATE": "DEC 29, 2018", "MATCHUP": "ATL vs. CLE", "WL": "W", "MIN": 34, "FGM": 8, "FGA": 16, "FG_PCT": 0.5, "FG3M": 2, "FG3A": 6, "FG3_PCT": 0.333, "FTM": 3, "FTA": 4, "FT_PCT": 0.75, "OREB": 0, "DREB": 3, "REB": 3, "AST": 9, "STL": 1, "BLK": 0, "TOV": 3, "PF": 2, "PTS": 21, "PLUS_MINUS": 0, "VIDEO_AVAILABLE": 1}, {"SEASON_ID": "22018", "Player_ID": 1629027, "Game_ID": "0021800522", "GAME_DATE": "DEC 28, 2018", "MATCHUP": "ATL @ MIN", "WL": "W", "MIN": 30, "FGM": 7, "FGA": 11, "FG_PCT": 0.636, "FG3M": 1, "FG3A": 1, "FG3_PCT": 1.0, "FTM": 1, "FTA": 1, "FT_PCT": 1.0, "OREB": 1, "DREB": 3, "REB": 4, "AST": 11, "STL": 1, "BLK": 0, "TOV": 5, "PF": 2, "PTS": 16, "PLUS_MINUS": 1, "VIDEO_AVAILABLE": 1}, {"SEASON_ID": "22018", "Player_ID": 1629027, "Game_ID": "0021800504", "GAME_DATE": "DEC 26, 2018", "MATCHUP": "ATL vs. IND", "WL": "L", "MIN": 28, "FGM": 5, "FGA": 11, "FG_PCT": 0.455, "FG3M": 2, "FG3A": 2, "FG3_PCT": 1.0, "FTM": 5, "FTA": 6, "FT_PCT": 0.833, "OREB": 0, "DREB": 2, "REB": 2, "AST": 9, "STL": 0, "BLK": 0, "TOV": 3, "PF": 3, "PTS": 17, "PLUS_MINUS": 5, "VIDEO_AVAILABLE": 1}, {"SEASON_ID": "22018", "Player_ID": 1629027, "Game_ID": "0021800486", "GAME_DATE": "DEC 23, 2018", "MATCHUP": "ATL @ DET", "WL": "W", "MIN": 31, "FGM": 4, "FGA": 14, "FG_PCT": 0.286, "FG3M": 0, "FG3A": 3, "FG3_PCT": 0.0, "FTM": 4, "FTA": 6, "FT_PCT": 0.667, "OREB": 3, "DREB": 4, "REB": 7, "AST": 6, "STL": 2, "BLK": 0, "TOV": 6, "PF": 1, "PTS": 12, "PLUS_MINUS": 3, "VIDEO_AVAILABLE": 1}, {"SEASON_ID": "22018", "Player_ID": 1629027, "Game_ID": "0021800472", "GAME_DATE": "DEC 21, 2018", "MATCHUP": "ATL @ NYK", "WL": "W", "MIN": 28, "FGM": 5, "FGA": 9, "FG_PCT": 0.556, "FG3M": 0, "FG3A": 0, "FG3_PCT": 0.0, "FTM": 5, "FTA": 7, "FT_PCT": 0.714, "OREB": 1, "DREB": 2, "REB": 3, "AST": 10, "STL": 1, "BLK": 0, "TOV": 2, "PF": 1, "PTS": 15, "PLUS_MINUS": 14, "VIDEO_AVAILABLE": 1}, {"SEASON_ID": "22018", "Player_ID": 1629027, "Game_ID": "0021800452", "GAME_DATE": "DEC 18, 2018", "MATCHUP": "ATL vs. WAS", "WL": "W", "MIN": 26, "FGM": 5, "FGA": 11, "FG_PCT": 0.455, "FG3M": 3, "FG3A": 6, "FG3_PCT": 0.5, "FTM": 6, "FTA": 8, "FT_PCT": 0.75, "OREB": 0, "DREB": 3, "REB": 3, "AST": 4, "STL": 1, "BLK": 0, "TOV": 5, "PF": 2, "PTS": 19, "PLUS_MINUS": 2, "VIDEO_AVAILABLE": 1}, {"SEASON_ID": "22018", "Player_ID": 1629027, "Game_ID": "0021800436", "GAME_DATE": "DEC 16, 2018", "MATCHUP": "ATL @ BKN", "WL": "L", "MIN": 29, "FGM": 4, "FGA": 10, "FG_PCT": 0.4, "FG3M": 1, "FG3A": 2, "FG3_PCT": 0.5, "FTM": 4, "FTA": 4, "FT_PCT": 1.0, "OREB": 1, "DREB": 1, "REB": 2, "AST": 10, "STL": 1, "BLK": 0, "TOV": 3, "PF": 2, "PTS": 13, "PLUS_MINUS": -7, "VIDEO_AVAILABLE": 1}, {"SEASON_ID": "22018", "Player_ID": 1629027, "Game_ID": "0021800420", "GAME_DATE": "DEC 14, 2018", "MATCHUP": "ATL @ BOS", "WL": "L", "MIN": 23, "FGM": 2, "FGA": 11, "FG_PCT": 0.182, "FG3M": 0, "FG3A": 6, "FG3_PCT": 0.0, "FTM": 5, "FTA": 6, "FT_PCT": 0.833, "OREB": 3, "DREB": 0, "REB": 3, "AST": 3, "STL": 0, "BLK": 1, "TOV": 3, "PF": 2, "PTS": 9, "PLUS_MINUS": -26, "VIDEO_AVAILABLE": 1}, {"SEASON_ID": "22018", "Player_ID": 1629027, "Game_ID": "0021800412", "GAME_DATE": "DEC 12, 2018", "MATCHUP": "ATL @ DAL", "WL": "L", "MIN": 35, "FGM": 11, "FGA": 19, "FG_PCT": 0.579, "FG3M": 2, "FG3A": 6, "FG3_PCT": 0.333, "FTM": 0, "FTA": 0, "FT_PCT": 0.0, "OREB": 0, "DREB": 0, "REB": 0, "AST": 10, "STL": 2, "BLK": 0, "TOV": 2, "PF": 3, "PTS": 24, "PLUS_MINUS": 1, "VIDEO_AVAILABLE": 1}, {"SEASON_ID": "22018", "Player_ID": 1629027, "Game_ID": "0021800380", "GAME_DATE": "DEC 08, 2018", "MATCHUP": "ATL vs. DEN", "WL": "W", "MIN": 32, "FGM": 3, "FGA": 12, "FG_PCT": 0.25, "FG3M": 1, "FG3A": 2, "FG3_PCT": 0.5, "FTM": 2, "FTA": 3, "FT_PCT": 0.667, "OREB": 1, "DREB": 1, "REB": 2, "AST": 4, "STL": 0, "BLK": 1, "TOV": 4, "PF": 3, "PTS": 9, "PLUS_MINUS": 3, "VIDEO_AVAILABLE": 1}, {"SEASON_ID": "22018", "Player_ID": 1629027, "Game_ID": "0021800357", "GAME_DATE": "DEC 05, 2018", "MATCHUP": "ATL vs. WAS", "WL": "L", "MIN": 33, "FGM": 4, "FGA": 13, "FG_PCT": 0.308, "FG3M": 1, "FG3A": 4, "FG3_PCT": 0.25, "FTM": 5, "FTA": 9, "FT_PCT": 0.556, "OREB": 1, "DREB": 1, "REB": 2, "AST": 5, "STL": 2, "BLK": 0, "TOV": 6, "PF": 2, "PTS": 14, "PLUS_MINUS": -16, "VIDEO_AVAILABLE": 1}, {"SEASON_ID": "22018", "Player_ID": 1629027, "Game_ID": "0021800344", "GAME_DATE": "DEC 03, 2018", "MATCHUP": "ATL vs. GSW", "WL": "L", "MIN": 25, "FGM": 8, "FGA": 20, "FG_PCT": 0.4, "FG3M": 0, "FG3A": 5, "FG3_PCT": 0.0, "FTM": 4, "FTA": 6, "FT_PCT": 0.667, "OREB": 0, "DREB": 0, "REB": 0, "AST": 3, "STL": 0, "BLK": 0, "TOV": 7, "PF": 1, "PTS": 20, "PLUS_MINUS": -3, "VIDEO_AVAILABLE": 1}, {"SEASON_ID": "22018", "Player_ID": 1629027, "Game_ID": "0021800325", "GAME_DATE": "NOV 30, 2018", "MATCHUP": "ATL @ OKC", "WL": "L", "MIN": 28, "FGM": 4, "FGA": 15, "FG_PCT": 0.267, "FG3M": 0, "FG3A": 3, "FG3_PCT": 0.0, "FTM": 1, "FTA": 3, "FT_PCT": 0.333, "OREB": 1, "DREB": 3, "REB": 4, "AST": 8, "STL": 0, "BLK": 0, "TOV": 2, "PF": 1, "PTS": 9, "PLUS_MINUS": -17, "VIDEO_AVAILABLE": 1}, {"SEASON_ID": "22018", "Player_ID": 1629027, "Game_ID": "0021800306", "GAME_DATE": "NOV 28, 2018", "MATCHUP": "ATL @ CHA", "WL": "L", "MIN": 28, "FGM": 7, "FGA": 19, "FG_PCT": 0.368, "FG3M": 3, "FG3A": 9, "FG3_PCT": 0.333, "FTM": 1, "FTA": 1, "FT_PCT": 1.0, "OREB": 1, "DREB": 2, "REB": 3, "AST": 4, "STL": 2, "BLK": 1, "TOV": 5, "PF": 1, "PTS": 18, "PLUS_MINUS": -6, "VIDEO_AVAILABLE": 1}, {"SEASON_ID": "22018", "Player_ID": 1629027, "Game_ID": "0021800302", "GAME_DATE": "NOV 27, 2018", "MATCHUP": "ATL @ MIA", "WL": "W", "MIN": 31, "FGM": 5, "FGA": 12, "FG_PCT": 0.417, "FG3M": 2, "FG3A": 5, "FG3_PCT": 0.4, "FTM": 5, "FTA": 6, "FT_PCT": 0.833, "OREB": 0, "DREB": 5, "REB": 5, "AST": 10, "STL": 1, "BLK": 1, "TOV": 3, "PF": 0, "PTS": 17, "PLUS_MINUS": 1, "VIDEO_AVAILABLE": 1}, {"SEASON_ID": "22018", "Player_ID": 1629027, "Game_ID": "0021800288", "GAME_DATE": "NOV 25, 2018", "MATCHUP": "ATL vs. CHA", "WL": "W", "MIN": 30, "FGM": 6, "FGA": 18, "FG_PCT": 0.333, "FG3M": 4, "FG3A": 10, "FG3_PCT": 0.4, "FTM": 2, "FTA": 2, "FT_PCT": 1.0, "OREB": 0, "DREB": 2, "REB": 2, "AST": 5, "STL": 2, "BLK": 1, "TOV": 5, "PF": 0, "PTS": 18, "PLUS_MINUS": 3, "VIDEO_AVAILABLE": 1}, {"SEASON_ID": "22018", "Player_ID": 1629027, "Game_ID": "0021800268", "GAME_DATE": "NOV 23, 2018", "MATCHUP": "ATL vs. BOS", "WL": "L", "MIN": 19, "FGM": 2, "FGA": 7, "FG_PCT": 0.286, "FG3M": 0, "FG3A": 5, "FG3_PCT": 0.0, "FTM": 1, "FTA": 1, "FT_PCT": 1.0, "OREB": 0, "DREB": 0, "REB": 0, "AST": 2, "STL": 0, "BLK": 1, "TOV": 3, "PF": 0, "PTS": 5, "PLUS_MINUS": -35, "VIDEO_AVAILABLE": 1}, {"SEASON_ID": "22018", "Player_ID": 1629027, "Game_ID": "0021800254", "GAME_DATE": "NOV 21, 2018", "MATCHUP": "ATL vs. TOR", "WL": "L", "MIN": 22, "FGM": 2, "FGA": 7, "FG_PCT": 0.286, "FG3M": 0, "FG3A": 1, "FG3_PCT": 0.0, "FTM": 2, "FTA": 2, "FT_PCT": 1.0, "OREB": 0, "DREB": 1, "REB": 1, "AST": 5, "STL": 1, "BLK": 0, "TOV": 1, "PF": 0, "PTS": 6, "PLUS_MINUS": -16, "VIDEO_AVAILABLE": 1}, {"SEASON_ID": "22018", "Player_ID": 1629027, "Game_ID": "0021800243", "GAME_DATE": "NOV 19, 2018", "MATCHUP": "ATL vs. LAC", "WL": "L", "MIN": 37, "FGM": 8, "FGA": 22, "FG_PCT": 0.364, "FG3M": 1, "FG3A": 5, "FG3_PCT": 0.2, "FTM": 8, "FTA": 9, "FT_PCT": 0.889, "OREB": 0, "DREB": 3, "REB": 3, "AST": 17, "STL": 0, "BLK": 0, "TOV": 6, "PF": 1, "PTS": 25, "PLUS_MINUS": -7, "VIDEO_AVAILABLE": 1}, {"SEASON_ID": "22018", "Player_ID": 1629027, "Game_ID": "0021800226", "GAME_DATE": "NOV 17, 2018", "MATCHUP": "ATL @ IND", "WL": "L", "MIN": 24, "FGM": 3, "FGA": 11, "FG_PCT": 0.273, "FG3M": 0, "FG3A": 5, "FG3_PCT": 0.0, "FTM": 3, "FTA": 4, "FT_PCT": 0.75, "OREB": 0, "DREB": 1, "REB": 1, "AST": 4, "STL": 1, "BLK": 0, "TOV": 3, "PF": 2, "PTS": 9, "PLUS_MINUS": -14, "VIDEO_AVAILABLE": 1}, {"SEASON_ID": "22018", "Player_ID": 1629027, "Game_ID": "0021800214", "GAME_DATE": "NOV 15, 2018", "MATCHUP": "ATL @ DEN", "WL": "L", "MIN": 27, "FGM": 2, "FGA": 11, "FG_PCT": 0.182, "FG3M": 0, "FG3A": 4, "FG3_PCT": 0.0, "FTM": 2, "FTA": 2, "FT_PCT": 1.0, "OREB": 0, "DREB": 2, "REB": 2, "AST": 5, "STL": 1, "BLK": 0, "TOV": 5, "PF": 1, "PTS": 6, "PLUS_MINUS": -22, "VIDEO_AVAILABLE": 1}, {"SEASON_ID": "22018", "Player_ID": 1629027, "Game_ID": "0021800201", "GAME_DATE": "NOV 13, 2018", "MATCHUP": "ATL @ GSW", "WL": "L", "MIN": 28, "FGM": 2, "FGA": 12, "FG_PCT": 0.167, "FG3M": 0, "FG3A": 5, "FG3_PCT": 0.0, "FTM": 0, "FTA": 0, "FT_PCT": 0.0, "OREB": 0, "DREB": 5, "REB": 5, "AST": 9, "STL": 3, "BLK": 0, "TOV": 3, "PF": 2, "PTS": 4, "PLUS_MINUS": -11, "VIDEO_AVAILABLE": 1}, {"SEASON_ID": "22018", "Player_ID": 1629027, "Game_ID": "0021800189", "GAME_DATE": "NOV 11, 2018", "MATCHUP": "ATL @ LAL", "WL": "L", "MIN": 35, "FGM": 8, "FGA": 18, "FG_PCT": 0.444, "FG3M": 4, "FG3A": 8, "FG3_PCT": 0.5, "FTM": 0, "FTA": 0, "FT_PCT": 0.0, "OREB": 1, "DREB": 1, "REB": 2, "AST": 12, "STL": 1, "BLK": 1, "TOV": 4, "PF": 2, "PTS": 20, "PLUS_MINUS": 15, "VIDEO_AVAILABLE": 1}, {"SEASON_ID": "22018", "Player_ID": 1629027, "Game_ID": "0021800169", "GAME_DATE": "NOV 09, 2018", "MATCHUP": "ATL vs. DET", "WL": "L", "MIN": 23, "FGM": 4, "FGA": 9, "FG_PCT": 0.444, "FG3M": 0, "FG3A": 3, "FG3_PCT": 0.0, "FTM": 8, "FTA": 8, "FT_PCT": 1.0, "OREB": 1, "DREB": 3, "REB": 4, "AST": 5, "STL": 0, "BLK": 0, "TOV": 6, "PF": 1, "PTS": 16, "PLUS_MINUS": -18, "VIDEO_AVAILABLE": 1}, {"SEASON_ID": "22018", "Player_ID": 1629027, "Game_ID": "0021800155", "GAME_DATE": "NOV 07, 2018", "MATCHUP": "ATL vs. NYK", "WL": "L", "MIN": 31, "FGM": 6, "FGA": 19, "FG_PCT": 0.316, "FG3M": 1, "FG3A": 7, "FG3_PCT": 0.143, "FTM": 2, "FTA": 2, "FT_PCT": 1.0, "OREB": 1, "DREB": 4, "REB": 5, "AST": 8, "STL": 0, "BLK": 0, "TOV": 2, "PF": 2, "PTS": 15, "PLUS_MINUS": 3, "VIDEO_AVAILABLE": 1}, {"SEASON_ID": "22018", "Player_ID": 1629027, "Game_ID": "0021800149", "GAME_DATE": "NOV 06, 2018", "MATCHUP": "ATL @ CHA", "WL": "L", "MIN": 30, "FGM": 8, "FGA": 19, "FG_PCT": 0.421, "FG3M": 0, "FG3A": 7, "FG3_PCT": 0.0, "FTM": 2, "FTA": 2, "FT_PCT": 1.0, "OREB": 1, "DREB": 2, "REB": 3, "AST": 10, "STL": 0, "BLK": 0, "TOV": 6, "PF": 0, "PTS": 18, "PLUS_MINUS": -15, "VIDEO_AVAILABLE": 1}, {"SEASON_ID": "22018", "Player_ID": 1629027, "Game_ID": "0021800128", "GAME_DATE": "NOV 03, 2018", "MATCHUP": "ATL vs. MIA", "WL": "W", "MIN": 31, "FGM": 9, "FGA": 19, "FG_PCT": 0.474, "FG3M": 2, "FG3A": 8, "FG3_PCT": 0.25, "FTM": 4, "FTA": 5, "FT_PCT": 0.8, "OREB": 2, "DREB": 4, "REB": 6, "AST": 15, "STL": 0, "BLK": 1, "TOV": 5, "PF": 0, "PTS": 24, "PLUS_MINUS": 5, "VIDEO_AVAILABLE": 1}, {"SEASON_ID": "22018", "Player_ID": 1629027, "Game_ID": "0021800114", "GAME_DATE": "NOV 01, 2018", "MATCHUP": "ATL vs. SAC", "WL": "L", "MIN": 27, "FGM": 6, "FGA": 13, "FG_PCT": 0.462, "FG3M": 0, "FG3A": 1, "FG3_PCT": 0.0, "FTM": 2, "FTA": 3, "FT_PCT": 0.667, "OREB": 0, "DREB": 3, "REB": 3, "AST": 10, "STL": 0, "BLK": 0, "TOV": 8, "PF": 3, "PTS": 14, "PLUS_MINUS": -11, "VIDEO_AVAILABLE": 1}, {"SEASON_ID": "22018", "Player_ID": 1629027, "Game_ID": "0021800097", "GAME_DATE": "OCT 30, 2018", "MATCHUP": "ATL @ CLE", "WL": "L", "MIN": 31, "FGM": 9, "FGA": 13, "FG_PCT": 0.692, "FG3M": 3, "FG3A": 4, "FG3_PCT": 0.75, "FTM": 3, "FTA": 5, "FT_PCT": 0.6, "OREB": 0, "DREB": 1, "REB": 1, "AST": 4, "STL": 0, "BLK": 0, "TOV": 3, "PF": 2, "PTS": 24, "PLUS_MINUS": -29, "VIDEO_AVAILABLE": 1}, {"SEASON_ID": "22018", "Player_ID": 1629027, "Game_ID": "0021800088", "GAME_DATE": "OCT 29, 2018", "MATCHUP": "ATL @ PHI", "WL": "L", "MIN": 29, "FGM": 5, "FGA": 13, "FG_PCT": 0.385, "FG3M": 1, "FG3A": 6, "FG3_PCT": 0.167, "FTM": 0, "FTA": 0, "FT_PCT": 0.0, "OREB": 0, "DREB": 2, "REB": 2, "AST": 8, "STL": 0, "BLK": 0, "TOV": 0, "PF": 1, "PTS": 11, "PLUS_MINUS": -14, "VIDEO_AVAILABLE": 1}, {"SEASON_ID": "22018", "Player_ID": 1629027, "Game_ID": "0021800076", "GAME_DATE": "OCT 27, 2018", "MATCHUP": "ATL vs. CHI", "WL": "L", "MIN": 30, "FGM": 3, "FGA": 12, "FG_PCT": 0.25, "FG3M": 0, "FG3A": 6, "FG3_PCT": 0.0, "FTM": 7, "FTA": 9, "FT_PCT": 0.778, "OREB": 1, "DREB": 2, "REB": 3, "AST": 4, "STL": 2, "BLK": 0, "TOV": 5, "PF": 0, "PTS": 13, "PLUS_MINUS": -21, "VIDEO_AVAILABLE": 1}, {"SEASON_ID": "22018", "Player_ID": 1629027, "Game_ID": "0021800052", "GAME_DATE": "OCT 24, 2018", "MATCHUP": "ATL vs. DAL", "WL": "W", "MIN": 26, "FGM": 3, "FGA": 12, "FG_PCT": 0.25, "FG3M": 1, "FG3A": 3, "FG3_PCT": 0.333, "FTM": 10, "FTA": 13, "FT_PCT": 0.769, "OREB": 1, "DREB": 3, "REB": 4, "AST": 5, "STL": 0, "BLK": 1, "TOV": 5, "PF": 4, "PTS": 17, "PLUS_MINUS": -6, "VIDEO_AVAILABLE": 1}, {"SEASON_ID": "22018", "Player_ID": 1629027, "Game_ID": "0021800036", "GAME_DATE": "OCT 21, 2018", "MATCHUP": "ATL @ CLE", "WL": "W", "MIN": 38, "FGM": 13, "FGA": 23, "FG_PCT": 0.565, "FG3M": 6, "FG3A": 14, "FG3_PCT": 0.429, "FTM": 3, "FTA": 3, "FT_PCT": 1.0, "OREB": 0, "DREB": 2, "REB": 2, "AST": 11, "STL": 1, "BLK": 0, "TOV": 1, "PF": 2, "PTS": 35, "PLUS_MINUS": 19, "VIDEO_AVAILABLE": 1}, {"SEASON_ID": "22018", "Player_ID": 1629027, "Game_ID": "0021800020", "GAME_DATE": "OCT 19, 2018", "MATCHUP": "ATL @ MEM", "WL": "L", "MIN": 33, "FGM": 7, "FGA": 18, "FG_PCT": 0.389, "FG3M": 4, "FG3A": 9, "FG3_PCT": 0.444, "FTM": 2, "FTA": 3, "FT_PCT": 0.667, "OREB": 1, "DREB": 1, "REB": 2, "AST": 9, "STL": 1, "BLK": 1, "TOV": 3, "PF": 2, "PTS": 20, "PLUS_MINUS": -11, "VIDEO_AVAILABLE": 1}, {"SEASON_ID": "22018", "Player_ID": 1629027, "Game_ID": "0021800007", "GAME_DATE": "OCT 17, 2018", "MATCHUP": "ATL @ NYK", "WL": "L", "MIN": 33, "FGM": 5, "FGA": 14, "FG_PCT": 0.357, "FG3M": 1, "FG3A": 5, "FG3_PCT": 0.2, "FTM": 3, "FTA": 4, "FT_PCT": 0.75, "OREB": 0, "DREB": 6, "REB": 6, "AST": 5, "STL": 0, "BLK": 0, "TOV": 4, "PF": 4, "PTS": 14, "PLUS_MINUS": -20, "VIDEO_AVAILABLE": 1}]