{"firstName": "Trae", "lastName": "Young", "temporaryDisplayName": "Young, Trae", "personId": "1629027", "teamId": "1610612737", "jersey": "11", "isActive": true, "pos": "G", "heightFeet": "6", "heightInches": "2", "heightMeters": "1.88", "weightPounds": "180", "weightKilograms": "81.6", "dateOfBirthUTC": "1998-09-19", "teamSitesOnly": {"playerCode": "trae_young", "posFull": "Guard", "displayAffiliation": "Oklahoma/USA", "freeAgentCode": ""}, "teams": [{"teamId": "1610612737", "seasonStart": "2018", "seasonEnd": "2019"}], "draft": {"teamId": "1610612742", "pickNum": "5", "roundNum": "1", "seasonYear": "2018"}, "nbaDebutYear": "2018", "yearsPro": "1", "collegeName": "Oklahoma", "lastAffiliation": "University of Oklahoma/USA", "country": "USA"}