{"firstName": "Danny", "lastName": "Green", "temporaryDisplayName": "Green, Danny", "personId": "201980", "teamId": "1610612747", "jersey": "14", "isActive": true, "pos": "G-F", "heightFeet": "6", "heightInches": "6", "heightMeters": "1.98", "weightPounds": "215", "weightKilograms": "97.5", "dateOfBirthUTC": "1987-06-22", "teamSitesOnly": {"playerCode": "danny_green", "posFull": "Guard-Forward", "displayAffiliation": "North Carolina/USA", "freeAgentCode": ""}, "teams": [{"teamId": "1610612739", "seasonStart": "2009", "seasonEnd": "2009"}, {"teamId": "1610612759", "seasonStart": "2010", "seasonEnd": "2017"}, {"teamId": "1610612761", "seasonStart": "2018", "seasonEnd": "2018"}, {"teamId": "1610612747", "seasonStart": "2019", "seasonEnd": "2019"}], "draft": {"teamId": "1610612739", "pickNum": "46", "roundNum": "2", "seasonYear": "2009"}, "nbaDebutYear": "2009", "yearsPro": "10", "collegeName": "North Carolina", "lastAffiliation": "North Carolina/USA", "country": "USA"}