{"firstName": "Damion", "lastName": "Lee", "temporaryDisplayName": "Lee, Damion", "personId": "1627814", "teamId": "1610612744", "jersey": "1", "isActive": true, "pos": "G", "heightFeet": "6", "heightInches": "6", "heightMeters": "1.98", "weightPounds": "210", "weightKilograms": "95.3", "dateOfBirthUTC": "1992-10-21", "teamSitesOnly": {"playerCode": "damion_lee", "posFull": "Guard", "displayAffiliation": "Louisville/USA", "freeAgentCode": ""}, "teams": [{"teamId": "1610612737", "seasonStart": "2017", "seasonEnd": "2017"}, {"teamId": "1610612744", "seasonStart": "2018", "seasonEnd": "2019"}], "draft": {"teamId": "", "pickNum": "", "roundNum": "", "seasonYear": ""}, "nbaDebutYear": "2017", "yearsPro": "2", "collegeName": "Louisville", "lastAffiliation": "Louisville/USA", "country": "USA"}