{"firstName": "Tremont", "lastName": "Waters", "temporaryDisplayName": "Waters, Tremont", "personId": "1629682", "teamId": "1610612738", "jersey": "51", "isActive": true, "pos": "G", "heightFeet": "5", "heightInches": "11", "heightMeters": "1.8", "weightPounds": "172", "weightKilograms": "78.0", "dateOfBirthUTC": "1998-01-10", "teamSitesOnly": {"playerCode": "tremont_waters", "posFull": "Guard", "displayAffiliation": "Louisiana State/USA", "freeAgentCode": ""}, "teams": [{"teamId": "1610612738", "seasonStart": "2019", "seasonEnd": "2019"}], "draft": {"teamId": "1610612738", "pickNum": "51", "roundNum": "2", "seasonYear": "2019"}, "nbaDebutYear": "", "yearsPro": "0", "collegeName": "Louisiana State", "lastAffiliation": " USA/USA", "country": "USA"}