[{"SEASON_ID": "22016", "Player_ID": 1627737, "Game_ID": "0021601216", "GAME_DATE": "APR 11, 2017", "MATCHUP": "PHX @ SAC", "WL": "L", "MIN": 40, "FGM": 8, "FGA": 19, "FG_PCT": 0.421, "FG3M": 2, "FG3A": 6, "FG3_PCT": 0.333, "FTM": 4, "FTA": 8, "FT_PCT": 0.5, "OREB": 1, "DREB": 6, "REB": 7, "AST": 0, "STL": 1, "BLK": 2, "TOV": 4, "PF": 4, "PTS": 22, "PLUS_MINUS": -18, "VIDEO_AVAILABLE": 2}, {"SEASON_ID": "22016", "Player_ID": 1627737, "Game_ID": "0021601199", "GAME_DATE": "APR 09, 2017", "MATCHUP": "PHX vs. DAL", "WL": "W", "MIN": 17, "FGM": 3, "FGA": 4, "FG_PCT": 0.75, "FG3M": 1, "FG3A": 1, "FG3_PCT": 1.0, "FTM": 2, "FTA": 2, "FT_PCT": 1.0, "OREB": 0, "DREB": 4, "REB": 4, "AST": 3, "STL": 0, "BLK": 0, "TOV": 0, "PF": 1, "PTS": 9, "PLUS_MINUS": 5, "VIDEO_AVAILABLE": 1}, {"SEASON_ID": "22016", "Player_ID": 1627737, "Game_ID": "0021601186", "GAME_DATE": "APR 07, 2017", "MATCHUP": "PHX vs. OKC", "WL": "W", "MIN": 14, "FGM": 1, "FGA": 2, "FG_PCT": 0.5, "FG3M": 0, "FG3A": 0, "FG3_PCT": 0.0, "FTM": 2, "FTA": 2, "FT_PCT": 1.0, "OREB": 1, "DREB": 0, "REB": 1, "AST": 0, "STL": 2, "BLK": 1, "TOV": 0, "PF": 1, "PTS": 4, "PLUS_MINUS": 4, "VIDEO_AVAILABLE": 1}, {"SEASON_ID": "22016", "Player_ID": 1627737, "Game_ID": "0021601171", "GAME_DATE": "APR 05, 2017", "MATCHUP": "PHX vs. GSW", "WL": "L", "MIN": 25, "FGM": 4, "FGA": 10, "FG_PCT": 0.4, "FG3M": 0, "FG3A": 3, "FG3_PCT": 0.0, "FTM": 0, "FTA": 0, "FT_PCT": 0.0, "OREB": 2, "DREB": 9, "REB": 11, "AST": 4, "STL": 1, "BLK": 1, "TOV": 2, "PF": 3, "PTS": 8, "PLUS_MINUS": -12, "VIDEO_AVAILABLE": 1}, {"SEASON_ID": "22016", "Player_ID": 1627737, "Game_ID": "0021601153", "GAME_DATE": "APR 02, 2017", "MATCHUP": "PHX vs. HOU", "WL": "L", "MIN": 28, "FGM": 4, "FGA": 10, "FG_PCT": 0.4, "FG3M": 0, "FG3A": 4, "FG3_PCT": 0.0, "FTM": 1, "FTA": 4, "FT_PCT": 0.25, "OREB": 3, "DREB": 3, "REB": 6, "AST": 1, "STL": 0, "BLK": 4, "TOV": 3, "PF": 3, "PTS": 9, "PLUS_MINUS": -12, "VIDEO_AVAILABLE": 1}, {"SEASON_ID": "22016", "Player_ID": 1627737, "Game_ID": "0021601141", "GAME_DATE": "APR 01, 2017", "MATCHUP": "PHX @ POR", "WL": "L", "MIN": 34, "FGM": 7, "FGA": 10, "FG_PCT": 0.7, "FG3M": 1, "FG3A": 2, "FG3_PCT": 0.5, "FTM": 4, "FTA": 4, "FT_PCT": 1.0, "OREB": 2, "DREB": 11, "REB": 13, "AST": 1, "STL": 1, "BLK": 2, "TOV": 4, "PF": 1, "PTS": 19, "PLUS_MINUS": 1, "VIDEO_AVAILABLE": 1}, {"SEASON_ID": "22016", "Player_ID": 1627737, "Game_ID": "0021601124", "GAME_DATE": "MAR 30, 2017", "MATCHUP": "PHX vs. LAC", "WL": "L", "MIN": 34, "FGM": 9, "FGA": 13, "FG_PCT": 0.692, "FG3M": 2, "FG3A": 5, "FG3_PCT": 0.4, "FTM": 0, "FTA": 0, "FT_PCT": 0.0, "OREB": 1, "DREB": 5, "REB": 6, "AST": 2, "STL": 1, "BLK": 0, "TOV": 4, "PF": 5, "PTS": 20, "PLUS_MINUS": -10, "VIDEO_AVAILABLE": 1}, {"SEASON_ID": "22016", "Player_ID": 1627737, "Game_ID": "0021601106", "GAME_DATE": "MAR 28, 2017", "MATCHUP": "PHX @ ATL", "WL": "L", "MIN": 19, "FGM": 2, "FGA": 11, "FG_PCT": 0.182, "FG3M": 1, "FG3A": 5, "FG3_PCT": 0.2, "FTM": 2, "FTA": 4, "FT_PCT": 0.5, "OREB": 2, "DREB": 1, "REB": 3, "AST": 1, "STL": 0, "BLK": 1, "TOV": 2, "PF": 5, "PTS": 7, "PLUS_MINUS": -12, "VIDEO_AVAILABLE": 1}, {"SEASON_ID": "22016", "Player_ID": 1627737, "Game_ID": "0021601087", "GAME_DATE": "MAR 26, 2017", "MATCHUP": "PHX @ CHA", "WL": "L", "MIN": 30, "FGM": 5, "FGA": 11, "FG_PCT": 0.455, "FG3M": 1, "FG3A": 5, "FG3_PCT": 0.2, "FTM": 2, "FTA": 4, "FT_PCT": 0.5, "OREB": 1, "DREB": 2, "REB": 3, "AST": 1, "STL": 1, "BLK": 0, "TOV": 2, "PF": 2, "PTS": 13, "PLUS_MINUS": -25, "VIDEO_AVAILABLE": 1}, {"SEASON_ID": "22016", "Player_ID": 1627737, "Game_ID": "0021601076", "GAME_DATE": "MAR 24, 2017", "MATCHUP": "PHX @ BOS", "WL": "L", "MIN": 21, "FGM": 1, "FGA": 10, "FG_PCT": 0.1, "FG3M": 0, "FG3A": 3, "FG3_PCT": 0.0, "FTM": 1, "FTA": 2, "FT_PCT": 0.5, "OREB": 0, "DREB": 6, "REB": 6, "AST": 1, "STL": 1, "BLK": 0, "TOV": 2, "PF": 5, "PTS": 3, "PLUS_MINUS": -24, "VIDEO_AVAILABLE": 1}, {"SEASON_ID": "22016", "Player_ID": 1627737, "Game_ID": "0021601067", "GAME_DATE": "MAR 23, 2017", "MATCHUP": "PHX @ BKN", "WL": "L", "MIN": 31, "FGM": 8, "FGA": 15, "FG_PCT": 0.533, "FG3M": 3, "FG3A": 7, "FG3_PCT": 0.429, "FTM": 4, "FTA": 6, "FT_PCT": 0.667, "OREB": 4, "DREB": 7, "REB": 11, "AST": 0, "STL": 2, "BLK": 1, "TOV": 1, "PF": 4, "PTS": 23, "PLUS_MINUS": -5, "VIDEO_AVAILABLE": 1}, {"SEASON_ID": "22016", "Player_ID": 1627737, "Game_ID": "0021601053", "GAME_DATE": "MAR 21, 2017", "MATCHUP": "PHX @ MIA", "WL": "L", "MIN": 38, "FGM": 7, "FGA": 9, "FG_PCT": 0.778, "FG3M": 2, "FG3A": 2, "FG3_PCT": 1.0, "FTM": 8, "FTA": 10, "FT_PCT": 0.8, "OREB": 1, "DREB": 6, "REB": 7, "AST": 0, "STL": 2, "BLK": 0, "TOV": 6, "PF": 5, "PTS": 24, "PLUS_MINUS": -11, "VIDEO_AVAILABLE": 1}, {"SEASON_ID": "22016", "Player_ID": 1627737, "Game_ID": "0021601038", "GAME_DATE": "MAR 19, 2017", "MATCHUP": "PHX @ DET", "WL": "L", "MIN": 26, "FGM": 5, "FGA": 13, "FG_PCT": 0.385, "FG3M": 1, "FG3A": 3, "FG3_PCT": 0.333, "FTM": 5, "FTA": 6, "FT_PCT": 0.833, "OREB": 1, "DREB": 6, "REB": 7, "AST": 0, "STL": 1, "BLK": 0, "TOV": 1, "PF": 4, "PTS": 16, "PLUS_MINUS": -8, "VIDEO_AVAILABLE": 1}, {"SEASON_ID": "22016", "Player_ID": 1627737, "Game_ID": "0021601026", "GAME_DATE": "MAR 17, 2017", "MATCHUP": "PHX vs. ORL", "WL": "L", "MIN": 26, "FGM": 6, "FGA": 9, "FG_PCT": 0.667, "FG3M": 1, "FG3A": 2, "FG3_PCT": 0.5, "FTM": 0, "FTA": 0, "FT_PCT": 0.0, "OREB": 0, "DREB": 9, "REB": 9, "AST": 0, "STL": 0, "BLK": 4, "TOV": 2, "PF": 4, "PTS": 13, "PLUS_MINUS": 9, "VIDEO_AVAILABLE": 1}, {"SEASON_ID": "22016", "Player_ID": 1627737, "Game_ID": "0021601012", "GAME_DATE": "MAR 15, 2017", "MATCHUP": "PHX vs. SAC", "WL": "L", "MIN": 32, "FGM": 6, "FGA": 14, "FG_PCT": 0.429, "FG3M": 2, "FG3A": 8, "FG3_PCT": 0.25, "FTM": 3, "FTA": 7, "FT_PCT": 0.429, "OREB": 2, "DREB": 5, "REB": 7, "AST": 2, "STL": 2, "BLK": 5, "TOV": 3, "PF": 5, "PTS": 17, "PLUS_MINUS": -4, "VIDEO_AVAILABLE": 2}, {"SEASON_ID": "22016", "Player_ID": 1627737, "Game_ID": "0021600988", "GAME_DATE": "MAR 12, 2017", "MATCHUP": "PHX vs. POR", "WL": "L", "MIN": 24, "FGM": 3, "FGA": 9, "FG_PCT": 0.333, "FG3M": 1, "FG3A": 4, "FG3_PCT": 0.25, "FTM": 1, "FTA": 2, "FT_PCT": 0.5, "OREB": 0, "DREB": 5, "REB": 5, "AST": 0, "STL": 0, "BLK": 1, "TOV": 1, "PF": 4, "PTS": 8, "PLUS_MINUS": -10, "VIDEO_AVAILABLE": 1}, {"SEASON_ID": "22016", "Player_ID": 1627737, "Game_ID": "0021600982", "GAME_DATE": "MAR 11, 2017", "MATCHUP": "PHX @ DAL", "WL": "W", "MIN": 24, "FGM": 2, "FGA": 4, "FG_PCT": 0.5, "FG3M": 1, "FG3A": 2, "FG3_PCT": 0.5, "FTM": 0, "FTA": 0, "FT_PCT": 0.0, "OREB": 0, "DREB": 8, "REB": 8, "AST": 1, "STL": 0, "BLK": 3, "TOV": 1, "PF": 5, "PTS": 5, "PLUS_MINUS": 2, "VIDEO_AVAILABLE": 1}, {"SEASON_ID": "22016", "Player_ID": 1627737, "Game_ID": "0021600964", "GAME_DATE": "MAR 09, 2017", "MATCHUP": "PHX vs. LAL", "WL": "L", "MIN": 27, "FGM": 6, "FGA": 9, "FG_PCT": 0.667, "FG3M": 3, "FG3A": 4, "FG3_PCT": 0.75, "FTM": 3, "FTA": 4, "FT_PCT": 0.75, "OREB": 3, "DREB": 3, "REB": 6, "AST": 1, "STL": 1, "BLK": 1, "TOV": 1, "PF": 5, "PTS": 18, "PLUS_MINUS": -7, "VIDEO_AVAILABLE": 1}, {"SEASON_ID": "22016", "Player_ID": 1627737, "Game_ID": "0021600948", "GAME_DATE": "MAR 07, 2017", "MATCHUP": "PHX vs. WAS", "WL": "L", "MIN": 26, "FGM": 3, "FGA": 5, "FG_PCT": 0.6, "FG3M": 2, "FG3A": 2, "FG3_PCT": 1.0, "FTM": 1, "FTA": 2, "FT_PCT": 0.5, "OREB": 2, "DREB": 3, "REB": 5, "AST": 0, "STL": 1, "BLK": 1, "TOV": 1, "PF": 6, "PTS": 9, "PLUS_MINUS": 4, "VIDEO_AVAILABLE": 1}, {"SEASON_ID": "22016", "Player_ID": 1627737, "Game_ID": "0021600929", "GAME_DATE": "MAR 05, 2017", "MATCHUP": "PHX vs. BOS", "WL": "W", "MIN": 25, "FGM": 5, "FGA": 9, "FG_PCT": 0.556, "FG3M": 0, "FG3A": 3, "FG3_PCT": 0.0, "FTM": 0, "FTA": 0, "FT_PCT": 0.0, "OREB": 1, "DREB": 5, "REB": 6, "AST": 0, "STL": 1, "BLK": 5, "TOV": 1, "PF": 2, "PTS": 10, "PLUS_MINUS": 0, "VIDEO_AVAILABLE": 1}, {"SEASON_ID": "22016", "Player_ID": 1627737, "Game_ID": "0021600916", "GAME_DATE": "MAR 03, 2017", "MATCHUP": "PHX vs. OKC", "WL": "W", "MIN": 26, "FGM": 3, "FGA": 8, "FG_PCT": 0.375, "FG3M": 1, "FG3A": 4, "FG3_PCT": 0.25, "FTM": 0, "FTA": 0, "FT_PCT": 0.0, "OREB": 0, "DREB": 2, "REB": 2, "AST": 1, "STL": 2, "BLK": 1, "TOV": 0, "PF": 2, "PTS": 7, "PLUS_MINUS": -4, "VIDEO_AVAILABLE": 1}, {"SEASON_ID": "22016", "Player_ID": 1627737, "Game_ID": "0021600907", "GAME_DATE": "MAR 02, 2017", "MATCHUP": "PHX vs. CHA", "WL": "W", "MIN": 22, "FGM": 6, "FGA": 9, "FG_PCT": 0.667, "FG3M": 3, "FG3A": 4, "FG3_PCT": 0.75, "FTM": 2, "FTA": 2, "FT_PCT": 1.0, "OREB": 0, "DREB": 1, "REB": 1, "AST": 1, "STL": 0, "BLK": 0, "TOV": 1, "PF": 3, "PTS": 17, "PLUS_MINUS": 6, "VIDEO_AVAILABLE": 1}, {"SEASON_ID": "22016", "Player_ID": 1627737, "Game_ID": "0021600892", "GAME_DATE": "FEB 28, 2017", "MATCHUP": "PHX @ MEM", "WL": "L", "MIN": 33, "FGM": 4, "FGA": 8, "FG_PCT": 0.5, "FG3M": 1, "FG3A": 3, "FG3_PCT": 0.333, "FTM": 2, "FTA": 3, "FT_PCT": 0.667, "OREB": 2, "DREB": 4, "REB": 6, "AST": 1, "STL": 0, "BLK": 1, "TOV": 1, "PF": 4, "PTS": 11, "PLUS_MINUS": -8, "VIDEO_AVAILABLE": 1}, {"SEASON_ID": "22016", "Player_ID": 1627737, "Game_ID": "0021600875", "GAME_DATE": "FEB 26, 2017", "MATCHUP": "PHX @ MIL", "WL": "L", "MIN": 16, "FGM": 4, "FGA": 8, "FG_PCT": 0.5, "FG3M": 0, "FG3A": 1, "FG3_PCT": 0.0, "FTM": 0, "FTA": 3, "FT_PCT": 0.0, "OREB": 1, "DREB": 0, "REB": 1, "AST": 1, "STL": 1, "BLK": 0, "TOV": 1, "PF": 4, "PTS": 8, "PLUS_MINUS": -4, "VIDEO_AVAILABLE": 1}, {"SEASON_ID": "22016", "Player_ID": 1627737, "Game_ID": "0021600859", "GAME_DATE": "FEB 24, 2017", "MATCHUP": "PHX @ CHI", "WL": "L", "MIN": 33, "FGM": 7, "FGA": 10, "FG_PCT": 0.7, "FG3M": 2, "FG3A": 3, "FG3_PCT": 0.667, "FTM": 1, "FTA": 3, "FT_PCT": 0.333, "OREB": 1, "DREB": 6, "REB": 7, "AST": 2, "STL": 2, "BLK": 2, "TOV": 3, "PF": 2, "PTS": 17, "PLUS_MINUS": -12, "VIDEO_AVAILABLE": 1}, {"SEASON_ID": "22016", "Player_ID": 1627737, "Game_ID": "0021600844", "GAME_DATE": "FEB 15, 2017", "MATCHUP": "PHX vs. LAL", "WL": "W", "MIN": 25, "FGM": 4, "FGA": 11, "FG_PCT": 0.364, "FG3M": 0, "FG3A": 2, "FG3_PCT": 0.0, "FTM": 7, "FTA": 9, "FT_PCT": 0.778, "OREB": 2, "DREB": 6, "REB": 8, "AST": 0, "STL": 2, "BLK": 2, "TOV": 0, "PF": 2, "PTS": 15, "PLUS_MINUS": 32, "VIDEO_AVAILABLE": 1}, {"SEASON_ID": "22016", "Player_ID": 1627737, "Game_ID": "0021600829", "GAME_DATE": "FEB 13, 2017", "MATCHUP": "PHX vs. NOP", "WL": "L", "MIN": 16, "FGM": 3, "FGA": 9, "FG_PCT": 0.333, "FG3M": 0, "FG3A": 3, "FG3_PCT": 0.0, "FTM": 1, "FTA": 2, "FT_PCT": 0.5, "OREB": 2, "DREB": 1, "REB": 3, "AST": 0, "STL": 2, "BLK": 0, "TOV": 1, "PF": 4, "PTS": 7, "PLUS_MINUS": -5, "VIDEO_AVAILABLE": 1}, {"SEASON_ID": "22016", "Player_ID": 1627737, "Game_ID": "0021600812", "GAME_DATE": "FEB 11, 2017", "MATCHUP": "PHX @ HOU", "WL": "L", "MIN": 32, "FGM": 3, "FGA": 11, "FG_PCT": 0.273, "FG3M": 0, "FG3A": 4, "FG3_PCT": 0.0, "FTM": 1, "FTA": 1, "FT_PCT": 1.0, "OREB": 2, "DREB": 4, "REB": 6, "AST": 3, "STL": 0, "BLK": 0, "TOV": 1, "PF": 3, "PTS": 7, "PLUS_MINUS": -32, "VIDEO_AVAILABLE": 1}, {"SEASON_ID": "22016", "Player_ID": 1627737, "Game_ID": "0021600807", "GAME_DATE": "FEB 10, 2017", "MATCHUP": "PHX vs. CHI", "WL": "W", "MIN": 22, "FGM": 2, "FGA": 3, "FG_PCT": 0.667, "FG3M": 1, "FG3A": 1, "FG3_PCT": 1.0, "FTM": 0, "FTA": 0, "FT_PCT": 0.0, "OREB": 0, "DREB": 2, "REB": 2, "AST": 3, "STL": 0, "BLK": 1, "TOV": 0, "PF": 5, "PTS": 5, "PLUS_MINUS": 1, "VIDEO_AVAILABLE": 1}, {"SEASON_ID": "22016", "Player_ID": 1627737, "Game_ID": "0021600788", "GAME_DATE": "FEB 08, 2017", "MATCHUP": "PHX @ MEM", "WL": "L", "MIN": 23, "FGM": 1, "FGA": 5, "FG_PCT": 0.2, "FG3M": 1, "FG3A": 3, "FG3_PCT": 0.333, "FTM": 1, "FTA": 2, "FT_PCT": 0.5, "OREB": 1, "DREB": 2, "REB": 3, "AST": 1, "STL": 1, "BLK": 1, "TOV": 1, "PF": 3, "PTS": 4, "PLUS_MINUS": -14, "VIDEO_AVAILABLE": 1}, {"SEASON_ID": "22016", "Player_ID": 1627737, "Game_ID": "0021600774", "GAME_DATE": "FEB 06, 2017", "MATCHUP": "PHX @ NOP", "WL": "L", "MIN": 17, "FGM": 3, "FGA": 7, "FG_PCT": 0.429, "FG3M": 0, "FG3A": 2, "FG3_PCT": 0.0, "FTM": 0, "FTA": 1, "FT_PCT": 0.0, "OREB": 0, "DREB": 3, "REB": 3, "AST": 2, "STL": 1, "BLK": 1, "TOV": 0, "PF": 2, "PTS": 6, "PLUS_MINUS": -1, "VIDEO_AVAILABLE": 1}, {"SEASON_ID": "22016", "Player_ID": 1627737, "Game_ID": "0021600761", "GAME_DATE": "FEB 04, 2017", "MATCHUP": "PHX vs. MIL", "WL": "L", "MIN": 24, "FGM": 9, "FGA": 15, "FG_PCT": 0.6, "FG3M": 3, "FG3A": 5, "FG3_PCT": 0.6, "FTM": 6, "FTA": 9, "FT_PCT": 0.667, "OREB": 3, "DREB": 3, "REB": 6, "AST": 0, "STL": 0, "BLK": 2, "TOV": 0, "PF": 4, "PTS": 27, "PLUS_MINUS": -22, "VIDEO_AVAILABLE": 1}, {"SEASON_ID": "22016", "Player_ID": 1627737, "Game_ID": "0021600753", "GAME_DATE": "FEB 03, 2017", "MATCHUP": "PHX @ SAC", "WL": "W", "MIN": 16, "FGM": 1, "FGA": 6, "FG_PCT": 0.167, "FG3M": 0, "FG3A": 3, "FG3_PCT": 0.0, "FTM": 0, "FTA": 0, "FT_PCT": 0.0, "OREB": 0, "DREB": 2, "REB": 2, "AST": 0, "STL": 0, "BLK": 1, "TOV": 1, "PF": 4, "PTS": 2, "PLUS_MINUS": 1, "VIDEO_AVAILABLE": 1}, {"SEASON_ID": "22016", "Player_ID": 1627737, "Game_ID": "0021600739", "GAME_DATE": "FEB 01, 2017", "MATCHUP": "PHX vs. LAC", "WL": "L", "MIN": 28, "FGM": 3, "FGA": 15, "FG_PCT": 0.2, "FG3M": 1, "FG3A": 6, "FG3_PCT": 0.167, "FTM": 2, "FTA": 2, "FT_PCT": 1.0, "OREB": 3, "DREB": 2, "REB": 5, "AST": 1, "STL": 4, "BLK": 0, "TOV": 0, "PF": 2, "PTS": 9, "PLUS_MINUS": -5, "VIDEO_AVAILABLE": 1}, {"SEASON_ID": "22016", "Player_ID": 1627737, "Game_ID": "0021600723", "GAME_DATE": "JAN 30, 2017", "MATCHUP": "PHX vs. MEM", "WL": "L", "MIN": 34, "FGM": 8, "FGA": 12, "FG_PCT": 0.667, "FG3M": 2, "FG3A": 4, "FG3_PCT": 0.5, "FTM": 2, "FTA": 4, "FT_PCT": 0.5, "OREB": 3, "DREB": 3, "REB": 6, "AST": 0, "STL": 2, "BLK": 1, "TOV": 3, "PF": 3, "PTS": 20, "PLUS_MINUS": -4, "VIDEO_AVAILABLE": 1}, {"SEASON_ID": "22016", "Player_ID": 1627737, "Game_ID": "0021600709", "GAME_DATE": "JAN 28, 2017", "MATCHUP": "PHX vs. DEN", "WL": "L", "MIN": 17, "FGM": 2, "FGA": 4, "FG_PCT": 0.5, "FG3M": 0, "FG3A": 1, "FG3_PCT": 0.0, "FTM": 0, "FTA": 2, "FT_PCT": 0.0, "OREB": 0, "DREB": 3, "REB": 3, "AST": 0, "STL": 2, "BLK": 1, "TOV": 0, "PF": 5, "PTS": 4, "PLUS_MINUS": -2, "VIDEO_AVAILABLE": 1}, {"SEASON_ID": "22016", "Player_ID": 1627737, "Game_ID": "0021600692", "GAME_DATE": "JAN 26, 2017", "MATCHUP": "PHX @ DEN", "WL": "L", "MIN": 8, "FGM": 2, "FGA": 3, "FG_PCT": 0.667, "FG3M": 1, "FG3A": 2, "FG3_PCT": 0.5, "FTM": 0, "FTA": 0, "FT_PCT": 0.0, "OREB": 0, "DREB": 0, "REB": 0, "AST": 0, "STL": 2, "BLK": 0, "TOV": 1, "PF": 4, "PTS": 5, "PLUS_MINUS": 2, "VIDEO_AVAILABLE": 1}, {"SEASON_ID": "22016", "Player_ID": 1627737, "Game_ID": "0021600679", "GAME_DATE": "JAN 24, 2017", "MATCHUP": "PHX vs. MIN", "WL": "L", "MIN": 12, "FGM": 2, "FGA": 5, "FG_PCT": 0.4, "FG3M": 1, "FG3A": 2, "FG3_PCT": 0.5, "FTM": 0, "FTA": 0, "FT_PCT": 0.0, "OREB": 0, "DREB": 2, "REB": 2, "AST": 0, "STL": 0, "BLK": 1, "TOV": 0, "PF": 4, "PTS": 5, "PLUS_MINUS": -13, "VIDEO_AVAILABLE": 1}, {"SEASON_ID": "22016", "Player_ID": 1627737, "Game_ID": "0021600663", "GAME_DATE": "JAN 22, 2017", "MATCHUP": "PHX @ TOR", "WL": "W", "MIN": 17, "FGM": 2, "FGA": 7, "FG_PCT": 0.286, "FG3M": 0, "FG3A": 4, "FG3_PCT": 0.0, "FTM": 0, "FTA": 0, "FT_PCT": 0.0, "OREB": 0, "DREB": 1, "REB": 1, "AST": 0, "STL": 2, "BLK": 1, "TOV": 2, "PF": 4, "PTS": 4, "PLUS_MINUS": -10, "VIDEO_AVAILABLE": 1}, {"SEASON_ID": "22016", "Player_ID": 1627737, "Game_ID": "0021600654", "GAME_DATE": "JAN 21, 2017", "MATCHUP": "PHX @ NYK", "WL": "W", "MIN": 22, "FGM": 6, "FGA": 10, "FG_PCT": 0.6, "FG3M": 2, "FG3A": 5, "FG3_PCT": 0.4, "FTM": 1, "FTA": 3, "FT_PCT": 0.333, "OREB": 3, "DREB": 2, "REB": 5, "AST": 0, "STL": 3, "BLK": 1, "TOV": 1, "PF": 2, "PTS": 15, "PLUS_MINUS": -5, "VIDEO_AVAILABLE": 1}, {"SEASON_ID": "22016", "Player_ID": 1627737, "Game_ID": "0021600636", "GAME_DATE": "JAN 19, 2017", "MATCHUP": "PHX @ CLE", "WL": "L", "MIN": 22, "FGM": 3, "FGA": 7, "FG_PCT": 0.429, "FG3M": 0, "FG3A": 0, "FG3_PCT": 0.0, "FTM": 0, "FTA": 0, "FT_PCT": 0.0, "OREB": 2, "DREB": 2, "REB": 4, "AST": 1, "STL": 1, "BLK": 0, "TOV": 0, "PF": 3, "PTS": 6, "PLUS_MINUS": 0, "VIDEO_AVAILABLE": 1}, {"SEASON_ID": "22016", "Player_ID": 1627737, "Game_ID": "0021600620", "GAME_DATE": "JAN 16, 2017", "MATCHUP": "PHX vs. UTA", "WL": "L", "MIN": 22, "FGM": 2, "FGA": 9, "FG_PCT": 0.222, "FG3M": 0, "FG3A": 3, "FG3_PCT": 0.0, "FTM": 1, "FTA": 1, "FT_PCT": 1.0, "OREB": 1, "DREB": 2, "REB": 3, "AST": 0, "STL": 0, "BLK": 0, "TOV": 0, "PF": 5, "PTS": 5, "PLUS_MINUS": -12, "VIDEO_AVAILABLE": 1}, {"SEASON_ID": "22016", "Player_ID": 1627737, "Game_ID": "0021600605", "GAME_DATE": "JAN 14, 2017", "MATCHUP": "PHX vs. SAS", "WL": "W", "MIN": 15, "FGM": 2, "FGA": 6, "FG_PCT": 0.333, "FG3M": 1, "FG3A": 4, "FG3_PCT": 0.25, "FTM": 0, "FTA": 0, "FT_PCT": 0.0, "OREB": 2, "DREB": 3, "REB": 5, "AST": 1, "STL": 2, "BLK": 0, "TOV": 1, "PF": 4, "PTS": 5, "PLUS_MINUS": 1, "VIDEO_AVAILABLE": 1}, {"SEASON_ID": "22016", "Player_ID": 1627737, "Game_ID": "0021600591", "GAME_DATE": "JAN 12, 2017", "MATCHUP": "PHX vs. DAL", "WL": "L", "MIN": 23, "FGM": 4, "FGA": 6, "FG_PCT": 0.667, "FG3M": 3, "FG3A": 4, "FG3_PCT": 0.75, "FTM": 2, "FTA": 2, "FT_PCT": 1.0, "OREB": 0, "DREB": 3, "REB": 3, "AST": 0, "STL": 0, "BLK": 0, "TOV": 1, "PF": 3, "PTS": 13, "PLUS_MINUS": -16, "VIDEO_AVAILABLE": 1}, {"SEASON_ID": "22016", "Player_ID": 1627737, "Game_ID": "0021600565", "GAME_DATE": "JAN 08, 2017", "MATCHUP": "PHX vs. CLE", "WL": "L", "MIN": 33, "FGM": 4, "FGA": 11, "FG_PCT": 0.364, "FG3M": 1, "FG3A": 2, "FG3_PCT": 0.5, "FTM": 3, "FTA": 4, "FT_PCT": 0.75, "OREB": 1, "DREB": 2, "REB": 3, "AST": 4, "STL": 1, "BLK": 3, "TOV": 1, "PF": 3, "PTS": 12, "PLUS_MINUS": 5, "VIDEO_AVAILABLE": 1}, {"SEASON_ID": "22016", "Player_ID": 1627737, "Game_ID": "0021600541", "GAME_DATE": "JAN 05, 2017", "MATCHUP": "PHX @ DAL", "WL": "W", "MIN": 18, "FGM": 0, "FGA": 2, "FG_PCT": 0.0, "FG3M": 0, "FG3A": 0, "FG3_PCT": 0.0, "FTM": 2, "FTA": 2, "FT_PCT": 1.0, "OREB": 1, "DREB": 7, "REB": 8, "AST": 1, "STL": 0, "BLK": 0, "TOV": 3, "PF": 2, "PTS": 2, "PLUS_MINUS": 2, "VIDEO_AVAILABLE": 1}, {"SEASON_ID": "22016", "Player_ID": 1627737, "Game_ID": "0021600527", "GAME_DATE": "JAN 03, 2017", "MATCHUP": "PHX vs. MIA", "WL": "W", "MIN": 31, "FGM": 7, "FGA": 11, "FG_PCT": 0.636, "FG3M": 2, "FG3A": 5, "FG3_PCT": 0.4, "FTM": 2, "FTA": 2, "FT_PCT": 1.0, "OREB": 1, "DREB": 5, "REB": 6, "AST": 2, "STL": 2, "BLK": 0, "TOV": 1, "PF": 4, "PTS": 18, "PLUS_MINUS": 6, "VIDEO_AVAILABLE": 1}, {"SEASON_ID": "22016", "Player_ID": 1627737, "Game_ID": "0021600519", "GAME_DATE": "JAN 02, 2017", "MATCHUP": "PHX @ LAC", "WL": "L", "MIN": 12, "FGM": 1, "FGA": 5, "FG_PCT": 0.2, "FG3M": 0, "FG3A": 2, "FG3_PCT": 0.0, "FTM": 0, "FTA": 0, "FT_PCT": 0.0, "OREB": 1, "DREB": 0, "REB": 1, "AST": 0, "STL": 1, "BLK": 2, "TOV": 1, "PF": 2, "PTS": 2, "PLUS_MINUS": -5, "VIDEO_AVAILABLE": 1}, {"SEASON_ID": "22016", "Player_ID": 1627737, "Game_ID": "0021600506", "GAME_DATE": "DEC 31, 2016", "MATCHUP": "PHX @ UTA", "WL": "L", "MIN": 22, "FGM": 2, "FGA": 7, "FG_PCT": 0.286, "FG3M": 0, "FG3A": 1, "FG3_PCT": 0.0, "FTM": 0, "FTA": 0, "FT_PCT": 0.0, "OREB": 1, "DREB": 1, "REB": 2, "AST": 0, "STL": 0, "BLK": 0, "TOV": 1, "PF": 1, "PTS": 4, "PLUS_MINUS": -10, "VIDEO_AVAILABLE": 1}, {"SEASON_ID": "22016", "Player_ID": 1627737, "Game_ID": "0021600490", "GAME_DATE": "DEC 29, 2016", "MATCHUP": "PHX vs. TOR", "WL": "W", "MIN": 19, "FGM": 3, "FGA": 6, "FG_PCT": 0.5, "FG3M": 1, "FG3A": 3, "FG3_PCT": 0.333, "FTM": 1, "FTA": 2, "FT_PCT": 0.5, "OREB": 1, "DREB": 1, "REB": 2, "AST": 0, "STL": 0, "BLK": 0, "TOV": 0, "PF": 3, "PTS": 8, "PLUS_MINUS": 11, "VIDEO_AVAILABLE": 1}, {"SEASON_ID": "22016", "Player_ID": 1627737, "Game_ID": "0021600482", "GAME_DATE": "DEC 28, 2016", "MATCHUP": "PHX @ SAS", "WL": "L", "MIN": 21, "FGM": 5, "FGA": 9, "FG_PCT": 0.556, "FG3M": 1, "FG3A": 3, "FG3_PCT": 0.333, "FTM": 2, "FTA": 6, "FT_PCT": 0.333, "OREB": 2, "DREB": 0, "REB": 2, "AST": 1, "STL": 1, "BLK": 0, "TOV": 3, "PF": 2, "PTS": 13, "PLUS_MINUS": -16, "VIDEO_AVAILABLE": 1}, {"SEASON_ID": "22016", "Player_ID": 1627737, "Game_ID": "0021600467", "GAME_DATE": "DEC 26, 2016", "MATCHUP": "PHX @ HOU", "WL": "L", "MIN": 19, "FGM": 5, "FGA": 9, "FG_PCT": 0.556, "FG3M": 1, "FG3A": 4, "FG3_PCT": 0.25, "FTM": 1, "FTA": 2, "FT_PCT": 0.5, "OREB": 3, "DREB": 2, "REB": 5, "AST": 1, "STL": 0, "BLK": 2, "TOV": 2, "PF": 3, "PTS": 12, "PLUS_MINUS": -16, "VIDEO_AVAILABLE": 1}, {"SEASON_ID": "22016", "Player_ID": 1627737, "Game_ID": "0021600453", "GAME_DATE": "DEC 23, 2016", "MATCHUP": "PHX vs. PHI", "WL": "W", "MIN": 7, "FGM": 1, "FGA": 2, "FG_PCT": 0.5, "FG3M": 1, "FG3A": 2, "FG3_PCT": 0.5, "FTM": 0, "FTA": 0, "FT_PCT": 0.0, "OREB": 0, "DREB": 1, "REB": 1, "AST": 0, "STL": 0, "BLK": 0, "TOV": 1, "PF": 5, "PTS": 3, "PLUS_MINUS": 11, "VIDEO_AVAILABLE": 1}, {"SEASON_ID": "22016", "Player_ID": 1627737, "Game_ID": "0021600435", "GAME_DATE": "DEC 21, 2016", "MATCHUP": "PHX vs. HOU", "WL": "L", "MIN": 16, "FGM": 3, "FGA": 7, "FG_PCT": 0.429, "FG3M": 1, "FG3A": 4, "FG3_PCT": 0.25, "FTM": 0, "FTA": 0, "FT_PCT": 0.0, "OREB": 1, "DREB": 2, "REB": 3, "AST": 0, "STL": 0, "BLK": 0, "TOV": 0, "PF": 2, "PTS": 7, "PLUS_MINUS": -8, "VIDEO_AVAILABLE": 1}, {"SEASON_ID": "22016", "Player_ID": 1627737, "Game_ID": "0021600416", "GAME_DATE": "DEC 19, 2016", "MATCHUP": "PHX @ MIN", "WL": "L", "MIN": 17, "FGM": 2, "FGA": 6, "FG_PCT": 0.333, "FG3M": 1, "FG3A": 2, "FG3_PCT": 0.5, "FTM": 1, "FTA": 2, "FT_PCT": 0.5, "OREB": 3, "DREB": 1, "REB": 4, "AST": 2, "STL": 1, "BLK": 0, "TOV": 2, "PF": 2, "PTS": 6, "PLUS_MINUS": -3, "VIDEO_AVAILABLE": 1}, {"SEASON_ID": "22016", "Player_ID": 1627737, "Game_ID": "0021600399", "GAME_DATE": "DEC 17, 2016", "MATCHUP": "PHX @ OKC", "WL": "L", "MIN": 24, "FGM": 3, "FGA": 11, "FG_PCT": 0.273, "FG3M": 1, "FG3A": 2, "FG3_PCT": 0.5, "FTM": 1, "FTA": 2, "FT_PCT": 0.5, "OREB": 3, "DREB": 5, "REB": 8, "AST": 1, "STL": 0, "BLK": 1, "TOV": 3, "PF": 2, "PTS": 8, "PLUS_MINUS": 0, "VIDEO_AVAILABLE": 1}, {"SEASON_ID": "22016", "Player_ID": 1627737, "Game_ID": "0021600387", "GAME_DATE": "DEC 15, 2016", "MATCHUP": "PHX vs. SAS", "WL": "L", "MIN": 31, "FGM": 4, "FGA": 9, "FG_PCT": 0.444, "FG3M": 2, "FG3A": 4, "FG3_PCT": 0.5, "FTM": 0, "FTA": 0, "FT_PCT": 0.0, "OREB": 1, "DREB": 1, "REB": 2, "AST": 0, "STL": 1, "BLK": 1, "TOV": 0, "PF": 1, "PTS": 10, "PLUS_MINUS": -15, "VIDEO_AVAILABLE": 1}, {"SEASON_ID": "22016", "Player_ID": 1627737, "Game_ID": "0021600372", "GAME_DATE": "DEC 13, 2016", "MATCHUP": "PHX vs. NYK", "WL": "W", "MIN": 31, "FGM": 5, "FGA": 12, "FG_PCT": 0.417, "FG3M": 1, "FG3A": 3, "FG3_PCT": 0.333, "FTM": 3, "FTA": 3, "FT_PCT": 1.0, "OREB": 4, "DREB": 8, "REB": 12, "AST": 0, "STL": 1, "BLK": 1, "TOV": 1, "PF": 5, "PTS": 14, "PLUS_MINUS": -1, "VIDEO_AVAILABLE": 1}, {"SEASON_ID": "22016", "Player_ID": 1627737, "Game_ID": "0021600359", "GAME_DATE": "DEC 11, 2016", "MATCHUP": "PHX vs. NOP", "WL": "L", "MIN": 17, "FGM": 1, "FGA": 5, "FG_PCT": 0.2, "FG3M": 0, "FG3A": 3, "FG3_PCT": 0.0, "FTM": 3, "FTA": 6, "FT_PCT": 0.5, "OREB": 0, "DREB": 5, "REB": 5, "AST": 1, "STL": 0, "BLK": 0, "TOV": 0, "PF": 4, "PTS": 5, "PLUS_MINUS": 17, "VIDEO_AVAILABLE": 1}, {"SEASON_ID": "22016", "Player_ID": 1627737, "Game_ID": "0021600344", "GAME_DATE": "DEC 09, 2016", "MATCHUP": "PHX @ LAL", "WL": "W", "MIN": 8, "FGM": 3, "FGA": 5, "FG_PCT": 0.6, "FG3M": 1, "FG3A": 3, "FG3_PCT": 0.333, "FTM": 0, "FTA": 0, "FT_PCT": 0.0, "OREB": 0, "DREB": 1, "REB": 1, "AST": 0, "STL": 0, "BLK": 0, "TOV": 0, "PF": 3, "PTS": 7, "PLUS_MINUS": -3, "VIDEO_AVAILABLE": 1}, {"SEASON_ID": "22016", "Player_ID": 1627737, "Game_ID": "0021600329", "GAME_DATE": "DEC 07, 2016", "MATCHUP": "PHX vs. IND", "WL": "L", "MIN": 19, "FGM": 3, "FGA": 6, "FG_PCT": 0.5, "FG3M": 2, "FG3A": 4, "FG3_PCT": 0.5, "FTM": 2, "FTA": 2, "FT_PCT": 1.0, "OREB": 0, "DREB": 3, "REB": 3, "AST": 0, "STL": 2, "BLK": 0, "TOV": 1, "PF": 2, "PTS": 10, "PLUS_MINUS": 1, "VIDEO_AVAILABLE": 1}, {"SEASON_ID": "22016", "Player_ID": 1627737, "Game_ID": "0021600320", "GAME_DATE": "DEC 06, 2016", "MATCHUP": "PHX @ UTA", "WL": "L", "MIN": 17, "FGM": 3, "FGA": 7, "FG_PCT": 0.429, "FG3M": 0, "FG3A": 2, "FG3_PCT": 0.0, "FTM": 0, "FTA": 0, "FT_PCT": 0.0, "OREB": 2, "DREB": 2, "REB": 4, "AST": 0, "STL": 0, "BLK": 0, "TOV": 1, "PF": 3, "PTS": 6, "PLUS_MINUS": -7, "VIDEO_AVAILABLE": 1}, {"SEASON_ID": "22016", "Player_ID": 1627737, "Game_ID": "0021600299", "GAME_DATE": "DEC 03, 2016", "MATCHUP": "PHX @ GSW", "WL": "L", "MIN": 25, "FGM": 3, "FGA": 8, "FG_PCT": 0.375, "FG3M": 1, "FG3A": 4, "FG3_PCT": 0.25, "FTM": 4, "FTA": 4, "FT_PCT": 1.0, "OREB": 2, "DREB": 2, "REB": 4, "AST": 1, "STL": 0, "BLK": 1, "TOV": 1, "PF": 5, "PTS": 11, "PLUS_MINUS": -1, "VIDEO_AVAILABLE": 1}, {"SEASON_ID": "22016", "Player_ID": 1627737, "Game_ID": "0021600274", "GAME_DATE": "NOV 30, 2016", "MATCHUP": "PHX vs. ATL", "WL": "W", "MIN": 13, "FGM": 2, "FGA": 4, "FG_PCT": 0.5, "FG3M": 1, "FG3A": 3, "FG3_PCT": 0.333, "FTM": 2, "FTA": 2, "FT_PCT": 1.0, "OREB": 0, "DREB": 2, "REB": 2, "AST": 0, "STL": 1, "BLK": 0, "TOV": 0, "PF": 0, "PTS": 7, "PLUS_MINUS": -10, "VIDEO_AVAILABLE": 1}, {"SEASON_ID": "22016", "Player_ID": 1627737, "Game_ID": "0021600246", "GAME_DATE": "NOV 27, 2016", "MATCHUP": "PHX vs. DEN", "WL": "L", "MIN": 10, "FGM": 1, "FGA": 2, "FG_PCT": 0.5, "FG3M": 0, "FG3A": 0, "FG3_PCT": 0.0, "FTM": 0, "FTA": 0, "FT_PCT": 0.0, "OREB": 0, "DREB": 0, "REB": 0, "AST": 0, "STL": 0, "BLK": 1, "TOV": 1, "PF": 5, "PTS": 2, "PLUS_MINUS": -15, "VIDEO_AVAILABLE": 1}, {"SEASON_ID": "22016", "Player_ID": 1627737, "Game_ID": "0021600236", "GAME_DATE": "NOV 25, 2016", "MATCHUP": "PHX vs. MIN", "WL": "L", "MIN": 23, "FGM": 4, "FGA": 11, "FG_PCT": 0.364, "FG3M": 0, "FG3A": 3, "FG3_PCT": 0.0, "FTM": 1, "FTA": 2, "FT_PCT": 0.5, "OREB": 0, "DREB": 2, "REB": 2, "AST": 2, "STL": 2, "BLK": 1, "TOV": 0, "PF": 4, "PTS": 9, "PLUS_MINUS": -4, "VIDEO_AVAILABLE": 1}, {"SEASON_ID": "22016", "Player_ID": 1627737, "Game_ID": "0021600214", "GAME_DATE": "NOV 23, 2016", "MATCHUP": "PHX @ ORL", "WL": "W", "MIN": 17, "FGM": 3, "FGA": 4, "FG_PCT": 0.75, "FG3M": 1, "FG3A": 1, "FG3_PCT": 1.0, "FTM": 3, "FTA": 4, "FT_PCT": 0.75, "OREB": 1, "DREB": 2, "REB": 3, "AST": 0, "STL": 1, "BLK": 1, "TOV": 0, "PF": 2, "PTS": 10, "PLUS_MINUS": -2, "VIDEO_AVAILABLE": 1}, {"SEASON_ID": "22016", "Player_ID": 1627737, "Game_ID": "0021600200", "GAME_DATE": "NOV 21, 2016", "MATCHUP": "PHX @ WAS", "WL": "L", "MIN": 16, "FGM": 3, "FGA": 8, "FG_PCT": 0.375, "FG3M": 1, "FG3A": 2, "FG3_PCT": 0.5, "FTM": 0, "FTA": 0, "FT_PCT": 0.0, "OREB": 2, "DREB": 1, "REB": 3, "AST": 0, "STL": 0, "BLK": 1, "TOV": 2, "PF": 3, "PTS": 7, "PLUS_MINUS": -2, "VIDEO_AVAILABLE": 1}, {"SEASON_ID": "22016", "Player_ID": 1627737, "Game_ID": "0021600189", "GAME_DATE": "NOV 19, 2016", "MATCHUP": "PHX @ PHI", "WL": "L", "MIN": 20, "FGM": 2, "FGA": 7, "FG_PCT": 0.286, "FG3M": 2, "FG3A": 5, "FG3_PCT": 0.4, "FTM": 0, "FTA": 2, "FT_PCT": 0.0, "OREB": 0, "DREB": 2, "REB": 2, "AST": 1, "STL": 0, "BLK": 0, "TOV": 3, "PF": 3, "PTS": 6, "PLUS_MINUS": 5, "VIDEO_AVAILABLE": 1}, {"SEASON_ID": "22016", "Player_ID": 1627737, "Game_ID": "0021600176", "GAME_DATE": "NOV 18, 2016", "MATCHUP": "PHX @ IND", "WL": "W", "MIN": 16, "FGM": 3, "FGA": 7, "FG_PCT": 0.429, "FG3M": 0, "FG3A": 1, "FG3_PCT": 0.0, "FTM": 1, "FTA": 2, "FT_PCT": 0.5, "OREB": 0, "DREB": 1, "REB": 1, "AST": 0, "STL": 0, "BLK": 3, "TOV": 1, "PF": 4, "PTS": 7, "PLUS_MINUS": -5, "VIDEO_AVAILABLE": 1}, {"SEASON_ID": "22016", "Player_ID": 1627737, "Game_ID": "0021600166", "GAME_DATE": "NOV 16, 2016", "MATCHUP": "PHX @ DEN", "WL": "L", "MIN": 12, "FGM": 1, "FGA": 1, "FG_PCT": 1.0, "FG3M": 0, "FG3A": 0, "FG3_PCT": 0.0, "FTM": 0, "FTA": 1, "FT_PCT": 0.0, "OREB": 0, "DREB": 1, "REB": 1, "AST": 0, "STL": 0, "BLK": 0, "TOV": 0, "PF": 3, "PTS": 2, "PLUS_MINUS": -3, "VIDEO_AVAILABLE": 1}, {"SEASON_ID": "22016", "Player_ID": 1627737, "Game_ID": "0021600143", "GAME_DATE": "NOV 13, 2016", "MATCHUP": "PHX @ GSW", "WL": "L", "MIN": 16, "FGM": 2, "FGA": 4, "FG_PCT": 0.5, "FG3M": 0, "FG3A": 1, "FG3_PCT": 0.0, "FTM": 0, "FTA": 0, "FT_PCT": 0.0, "OREB": 1, "DREB": 5, "REB": 6, "AST": 1, "STL": 0, "BLK": 0, "TOV": 4, "PF": 6, "PTS": 4, "PLUS_MINUS": -10, "VIDEO_AVAILABLE": 1}, {"SEASON_ID": "22016", "Player_ID": 1627737, "Game_ID": "0021600139", "GAME_DATE": "NOV 12, 2016", "MATCHUP": "PHX vs. BKN", "WL": "L", "MIN": 18, "FGM": 7, "FGA": 15, "FG_PCT": 0.467, "FG3M": 2, "FG3A": 4, "FG3_PCT": 0.5, "FTM": 0, "FTA": 0, "FT_PCT": 0.0, "OREB": 2, "DREB": 3, "REB": 5, "AST": 0, "STL": 1, "BLK": 0, "TOV": 2, "PF": 2, "PTS": 16, "PLUS_MINUS": 0, "VIDEO_AVAILABLE": 1}, {"SEASON_ID": "22016", "Player_ID": 1627737, "Game_ID": "0021600113", "GAME_DATE": "NOV 09, 2016", "MATCHUP": "PHX vs. DET", "WL": "W", "MIN": 14, "FGM": 0, "FGA": 4, "FG_PCT": 0.0, "FG3M": 0, "FG3A": 1, "FG3_PCT": 0.0, "FTM": 0, "FTA": 0, "FT_PCT": 0.0, "OREB": 2, "DREB": 3, "REB": 5, "AST": 1, "STL": 0, "BLK": 0, "TOV": 1, "PF": 2, "PTS": 0, "PLUS_MINUS": -2, "VIDEO_AVAILABLE": 1}, {"SEASON_ID": "22016", "Player_ID": 1627737, "Game_ID": "0021600103", "GAME_DATE": "NOV 08, 2016", "MATCHUP": "PHX @ POR", "WL": "L", "MIN": 20, "FGM": 3, "FGA": 7, "FG_PCT": 0.429, "FG3M": 0, "FG3A": 1, "FG3_PCT": 0.0, "FTM": 1, "FTA": 2, "FT_PCT": 0.5, "OREB": 2, "DREB": 2, "REB": 4, "AST": 0, "STL": 0, "BLK": 1, "TOV": 1, "PF": 4, "PTS": 7, "PLUS_MINUS": -23, "VIDEO_AVAILABLE": 1}, {"SEASON_ID": "22016", "Player_ID": 1627737, "Game_ID": "0021600092", "GAME_DATE": "NOV 06, 2016", "MATCHUP": "PHX @ LAL", "WL": "L", "MIN": 1, "FGM": 0, "FGA": 0, "FG_PCT": 0.0, "FG3M": 0, "FG3A": 0, "FG3_PCT": 0.0, "FTM": 0, "FTA": 0, "FT_PCT": 0.0, "OREB": 0, "DREB": 0, "REB": 0, "AST": 0, "STL": 0, "BLK": 0, "TOV": 0, "PF": 0, "PTS": 0, "PLUS_MINUS": -4, "VIDEO_AVAILABLE": 1}, {"SEASON_ID": "22016", "Player_ID": 1627737, "Game_ID": "0021600075", "GAME_DATE": "NOV 04, 2016", "MATCHUP": "PHX @ NOP", "WL": "W", "MIN": 10, "FGM": 1, "FGA": 3, "FG_PCT": 0.333, "FG3M": 0, "FG3A": 0, "FG3_PCT": 0.0, "FTM": 0, "FTA": 0, "FT_PCT": 0.0, "OREB": 0, "DREB": 2, "REB": 2, "AST": 1, "STL": 1, "BLK": 0, "TOV": 2, "PF": 2, "PTS": 2, "PLUS_MINUS": -4, "VIDEO_AVAILABLE": 1}, {"SEASON_ID": "22016", "Player_ID": 1627737, "Game_ID": "0021600063", "GAME_DATE": "NOV 02, 2016", "MATCHUP": "PHX vs. POR", "WL": "W", "MIN": 16, "FGM": 2, "FGA": 5, "FG_PCT": 0.4, "FG3M": 0, "FG3A": 1, "FG3_PCT": 0.0, "FTM": 1, "FTA": 3, "FT_PCT": 0.333, "OREB": 0, "DREB": 4, "REB": 4, "AST": 1, "STL": 0, "BLK": 0, "TOV": 0, "PF": 1, "PTS": 5, "PLUS_MINUS": 0, "VIDEO_AVAILABLE": 1}, {"SEASON_ID": "22016", "Player_ID": 1627737, "Game_ID": "0021600045", "GAME_DATE": "OCT 31, 2016", "MATCHUP": "PHX @ LAC", "WL": "L", "MIN": 18, "FGM": 2, "FGA": 4, "FG_PCT": 0.5, "FG3M": 0, "FG3A": 1, "FG3_PCT": 0.0, "FTM": 5, "FTA": 6, "FT_PCT": 0.833, "OREB": 0, "DREB": 2, "REB": 2, "AST": 1, "STL": 1, "BLK": 0, "TOV": 3, "PF": 4, "PTS": 9, "PLUS_MINUS": 5, "VIDEO_AVAILABLE": 1}, {"SEASON_ID": "22016", "Player_ID": 1627737, "Game_ID": "0021600036", "GAME_DATE": "OCT 30, 2016", "MATCHUP": "PHX vs. GSW", "WL": "L", "MIN": 14, "FGM": 3, "FGA": 6, "FG_PCT": 0.5, "FG3M": 1, "FG3A": 1, "FG3_PCT": 1.0, "FTM": 0, "FTA": 0, "FT_PCT": 0.0, "OREB": 1, "DREB": 3, "REB": 4, "AST": 0, "STL": 2, "BLK": 0, "TOV": 1, "PF": 3, "PTS": 7, "PLUS_MINUS": 1, "VIDEO_AVAILABLE": 1}, {"SEASON_ID": "22016", "Player_ID": 1627737, "Game_ID": "0021600021", "GAME_DATE": "OCT 28, 2016", "MATCHUP": "PHX @ OKC", "WL": "L", "MIN": 11, "FGM": 3, "FGA": 5, "FG_PCT": 0.6, "FG3M": 0, "FG3A": 2, "FG3_PCT": 0.0, "FTM": 1, "FTA": 2, "FT_PCT": 0.5, "OREB": 1, "DREB": 3, "REB": 4, "AST": 0, "STL": 1, "BLK": 1, "TOV": 1, "PF": 3, "PTS": 7, "PLUS_MINUS": -8, "VIDEO_AVAILABLE": 1}, {"SEASON_ID": "22016", "Player_ID": 1627737, "Game_ID": "0021600012", "GAME_DATE": "OCT 26, 2016", "MATCHUP": "PHX vs. SAC", "WL": "L", "MIN": 22, "FGM": 3, "FGA": 7, "FG_PCT": 0.429, "FG3M": 0, "FG3A": 0, "FG3_PCT": 0.0, "FTM": 1, "FTA": 2, "FT_PCT": 0.5, "OREB": 2, "DREB": 2, "REB": 4, "AST": 2, "STL": 0, "BLK": 1, "TOV": 4, "PF": 3, "PTS": 7, "PLUS_MINUS": -10, "VIDEO_AVAILABLE": 1}, {"SEASON_ID": "22018", "Player_ID": 1627737, "Game_ID": "0021801209", "GAME_DATE": "APR 09, 2019", "MATCHUP": "CLE vs. CHA", "WL": "L", "MIN": 16, "FGM": 4, "FGA": 11, "FG_PCT": 0.364, "FG3M": 0, "FG3A": 3, "FG3_PCT": 0.0, "FTM": 0, "FTA": 0, "FT_PCT": 0.0, "OREB": 3, "DREB": 4, "REB": 7, "AST": 1, "STL": 1, "BLK": 0, "TOV": 0, "PF": 0, "PTS": 8, "PLUS_MINUS": -14, "VIDEO_AVAILABLE": 1}, {"SEASON_ID": "22018", "Player_ID": 1627737, "Game_ID": "0021801196", "GAME_DATE": "APR 07, 2019", "MATCHUP": "CLE vs. SAS", "WL": "L", "MIN": 11, "FGM": 0, "FGA": 2, "FG_PCT": 0.0, "FG3M": 0, "FG3A": 0, "FG3_PCT": 0.0, "FTM": 2, "FTA": 4, "FT_PCT": 0.5, "OREB": 0, "DREB": 1, "REB": 1, "AST": 0, "STL": 1, "BLK": 0, "TOV": 0, "PF": 5, "PTS": 2, "PLUS_MINUS": -16, "VIDEO_AVAILABLE": 1}, {"SEASON_ID": "22018", "Player_ID": 1627737, "Game_ID": "0021801191", "GAME_DATE": "APR 05, 2019", "MATCHUP": "CLE @ GSW", "WL": "L", "MIN": 6, "FGM": 0, "FGA": 2, "FG_PCT": 0.0, "FG3M": 0, "FG3A": 1, "FG3_PCT": 0.0, "FTM": 2, "FTA": 2, "FT_PCT": 1.0, "OREB": 0, "DREB": 1, "REB": 1, "AST": 0, "STL": 1, "BLK": 0, "TOV": 0, "PF": 0, "PTS": 2, "PLUS_MINUS": 2, "VIDEO_AVAILABLE": 1}, {"SEASON_ID": "22018", "Player_ID": 1627737, "Game_ID": "0021801178", "GAME_DATE": "APR 04, 2019", "MATCHUP": "CLE @ SAC", "WL": "L", "MIN": 16, "FGM": 3, "FGA": 6, "FG_PCT": 0.5, "FG3M": 0, "FG3A": 1, "FG3_PCT": 0.0, "FTM": 0, "FTA": 0, "FT_PCT": 0.0, "OREB": 1, "DREB": 6, "REB": 7, "AST": 0, "STL": 1, "BLK": 0, "TOV": 2, "PF": 0, "PTS": 6, "PLUS_MINUS": -4, "VIDEO_AVAILABLE": 1}, {"SEASON_ID": "22018", "Player_ID": 1627737, "Game_ID": "0021801160", "GAME_DATE": "APR 01, 2019", "MATCHUP": "CLE @ PHX", "WL": "L", "MIN": 10, "FGM": 3, "FGA": 5, "FG_PCT": 0.6, "FG3M": 0, "FG3A": 0, "FG3_PCT": 0.0, "FTM": 0, "FTA": 0, "FT_PCT": 0.0, "OREB": 3, "DREB": 4, "REB": 7, "AST": 0, "STL": 0, "BLK": 0, "TOV": 1, "PF": 4, "PTS": 6, "PLUS_MINUS": -2, "VIDEO_AVAILABLE": 1}, {"SEASON_ID": "22018", "Player_ID": 1627737, "Game_ID": "0021801136", "GAME_DATE": "MAR 30, 2019", "MATCHUP": "CLE @ LAC", "WL": "L", "MIN": 12, "FGM": 1, "FGA": 4, "FG_PCT": 0.25, "FG3M": 0, "FG3A": 2, "FG3_PCT": 0.0, "FTM": 1, "FTA": 1, "FT_PCT": 1.0, "OREB": 2, "DREB": 2, "REB": 4, "AST": 0, "STL": 0, "BLK": 0, "TOV": 1, "PF": 3, "PTS": 3, "PLUS_MINUS": 7, "VIDEO_AVAILABLE": 1}, {"SEASON_ID": "22018", "Player_ID": 1627737, "Game_ID": "0021801129", "GAME_DATE": "MAR 28, 2019", "MATCHUP": "CLE @ SAS", "WL": "L", "MIN": 11, "FGM": 0, "FGA": 3, "FG_PCT": 0.0, "FG3M": 0, "FG3A": 1, "FG3_PCT": 0.0, "FTM": 2, "FTA": 2, "FT_PCT": 1.0, "OREB": 0, "DREB": 3, "REB": 3, "AST": 0, "STL": 1, "BLK": 0, "TOV": 0, "PF": 2, "PTS": 2, "PLUS_MINUS": 5, "VIDEO_AVAILABLE": 1}, {"SEASON_ID": "22018", "Player_ID": 1627737, "Game_ID": "0021801108", "GAME_DATE": "MAR 26, 2019", "MATCHUP": "CLE vs. BOS", "WL": "L", "MIN": 12, "FGM": 3, "FGA": 5, "FG_PCT": 0.6, "FG3M": 1, "FG3A": 1, "FG3_PCT": 1.0, "FTM": 0, "FTA": 2, "FT_PCT": 0.0, "OREB": 0, "DREB": 2, "REB": 2, "AST": 0, "STL": 0, "BLK": 0, "TOV": 1, "PF": 3, "PTS": 7, "PLUS_MINUS": 0, "VIDEO_AVAILABLE": 1}, {"SEASON_ID": "22018", "Player_ID": 1627737, "Game_ID": "0021801096", "GAME_DATE": "MAR 24, 2019", "MATCHUP": "CLE @ MIL", "WL": "L", "MIN": 4, "FGM": 0, "FGA": 1, "FG_PCT": 0.0, "FG3M": 0, "FG3A": 0, "FG3_PCT": 0.0, "FTM": 0, "FTA": 0, "FT_PCT": 0.0, "OREB": 1, "DREB": 0, "REB": 1, "AST": 1, "STL": 1, "BLK": 0, "TOV": 0, "PF": 0, "PTS": 0, "PLUS_MINUS": -5, "VIDEO_AVAILABLE": 1}, {"SEASON_ID": "22018", "Player_ID": 1627737, "Game_ID": "0021801081", "GAME_DATE": "MAR 22, 2019", "MATCHUP": "CLE vs. LAC", "WL": "L", "MIN": 6, "FGM": 1, "FGA": 2, "FG_PCT": 0.5, "FG3M": 0, "FG3A": 0, "FG3_PCT": 0.0, "FTM": 0, "FTA": 0, "FT_PCT": 0.0, "OREB": 0, "DREB": 1, "REB": 1, "AST": 0, "STL": 0, "BLK": 0, "TOV": 0, "PF": 0, "PTS": 2, "PLUS_MINUS": -5, "VIDEO_AVAILABLE": 1}, {"SEASON_ID": "22018", "Player_ID": 1627737, "Game_ID": "0021801065", "GAME_DATE": "MAR 20, 2019", "MATCHUP": "CLE vs. MIL", "WL": "W", "MIN": 6, "FGM": 0, "FGA": 1, "FG_PCT": 0.0, "FG3M": 0, "FG3A": 1, "FG3_PCT": 0.0, "FTM": 1, "FTA": 2, "FT_PCT": 0.5, "OREB": 0, "DREB": 0, "REB": 0, "AST": 0, "STL": 0, "BLK": 0, "TOV": 1, "PF": 0, "PTS": 1, "PLUS_MINUS": -2, "VIDEO_AVAILABLE": 1}, {"SEASON_ID": "22018", "Player_ID": 1627737, "Game_ID": "0021801050", "GAME_DATE": "MAR 18, 2019", "MATCHUP": "CLE vs. DET", "WL": "W", "MIN": 20, "FGM": 4, "FGA": 8, "FG_PCT": 0.5, "FG3M": 0, "FG3A": 2, "FG3_PCT": 0.0, "FTM": 2, "FTA": 2, "FT_PCT": 1.0, "OREB": 4, "DREB": 6, "REB": 10, "AST": 2, "STL": 0, "BLK": 2, "TOV": 0, "PF": 3, "PTS": 10, "PLUS_MINUS": -12, "VIDEO_AVAILABLE": 1}, {"SEASON_ID": "22018", "Player_ID": 1627737, "Game_ID": "0021801037", "GAME_DATE": "MAR 16, 2019", "MATCHUP": "CLE @ DAL", "WL": "L", "MIN": 17, "FGM": 1, "FGA": 5, "FG_PCT": 0.2, "FG3M": 0, "FG3A": 1, "FG3_PCT": 0.0, "FTM": 2, "FTA": 2, "FT_PCT": 1.0, "OREB": 1, "DREB": 1, "REB": 2, "AST": 2, "STL": 0, "BLK": 0, "TOV": 0, "PF": 1, "PTS": 4, "PLUS_MINUS": -17, "VIDEO_AVAILABLE": 1}, {"SEASON_ID": "22018", "Player_ID": 1627737, "Game_ID": "0021801021", "GAME_DATE": "MAR 14, 2019", "MATCHUP": "CLE @ ORL", "WL": "L", "MIN": 18, "FGM": 2, "FGA": 5, "FG_PCT": 0.4, "FG3M": 0, "FG3A": 3, "FG3_PCT": 0.0, "FTM": 0, "FTA": 0, "FT_PCT": 0.0, "OREB": 2, "DREB": 4, "REB": 6, "AST": 0, "STL": 0, "BLK": 1, "TOV": 2, "PF": 2, "PTS": 4, "PLUS_MINUS": -8, "VIDEO_AVAILABLE": 1}, {"SEASON_ID": "22018", "Player_ID": 1627737, "Game_ID": "0021801001", "GAME_DATE": "MAR 11, 2019", "MATCHUP": "CLE vs. TOR", "WL": "W", "MIN": 14, "FGM": 0, "FGA": 3, "FG_PCT": 0.0, "FG3M": 0, "FG3A": 1, "FG3_PCT": 0.0, "FTM": 0, "FTA": 0, "FT_PCT": 0.0, "OREB": 0, "DREB": 3, "REB": 3, "AST": 0, "STL": 0, "BLK": 1, "TOV": 0, "PF": 1, "PTS": 0, "PLUS_MINUS": -2, "VIDEO_AVAILABLE": 1}, {"SEASON_ID": "22018", "Player_ID": 1627737, "Game_ID": "0021800979", "GAME_DATE": "MAR 08, 2019", "MATCHUP": "CLE @ MIA", "WL": "L", "MIN": 18, "FGM": 4, "FGA": 7, "FG_PCT": 0.571, "FG3M": 0, "FG3A": 1, "FG3_PCT": 0.0, "FTM": 0, "FTA": 0, "FT_PCT": 0.0, "OREB": 2, "DREB": 3, "REB": 5, "AST": 0, "STL": 1, "BLK": 0, "TOV": 0, "PF": 4, "PTS": 8, "PLUS_MINUS": -14, "VIDEO_AVAILABLE": 1}, {"SEASON_ID": "22018", "Player_ID": 1627737, "Game_ID": "0021800969", "GAME_DATE": "MAR 06, 2019", "MATCHUP": "CLE @ BKN", "WL": "L", "MIN": 11, "FGM": 0, "FGA": 2, "FG_PCT": 0.0, "FG3M": 0, "FG3A": 2, "FG3_PCT": 0.0, "FTM": 1, "FTA": 2, "FT_PCT": 0.5, "OREB": 0, "DREB": 3, "REB": 3, "AST": 2, "STL": 1, "BLK": 0, "TOV": 4, "PF": 5, "PTS": 1, "PLUS_MINUS": -5, "VIDEO_AVAILABLE": 1}, {"SEASON_ID": "22018", "Player_ID": 1627737, "Game_ID": "0021800948", "GAME_DATE": "MAR 03, 2019", "MATCHUP": "CLE vs. ORL", "WL": "W", "MIN": 16, "FGM": 1, "FGA": 4, "FG_PCT": 0.25, "FG3M": 0, "FG3A": 2, "FG3_PCT": 0.0, "FTM": 1, "FTA": 2, "FT_PCT": 0.5, "OREB": 1, "DREB": 4, "REB": 5, "AST": 1, "STL": 0, "BLK": 1, "TOV": 1, "PF": 1, "PTS": 3, "PLUS_MINUS": 15, "VIDEO_AVAILABLE": 1}, {"SEASON_ID": "22018", "Player_ID": 1627737, "Game_ID": "0021800935", "GAME_DATE": "MAR 02, 2019", "MATCHUP": "CLE vs. DET", "WL": "L", "MIN": 21, "FGM": 2, "FGA": 8, "FG_PCT": 0.25, "FG3M": 2, "FG3A": 5, "FG3_PCT": 0.4, "FTM": 3, "FTA": 4, "FT_PCT": 0.75, "OREB": 1, "DREB": 3, "REB": 4, "AST": 1, "STL": 1, "BLK": 0, "TOV": 5, "PF": 3, "PTS": 9, "PLUS_MINUS": -25, "VIDEO_AVAILABLE": 1}, {"SEASON_ID": "22018", "Player_ID": 1627737, "Game_ID": "0021800924", "GAME_DATE": "FEB 28, 2019", "MATCHUP": "CLE @ NYK", "WL": "W", "MIN": 13, "FGM": 0, "FGA": 5, "FG_PCT": 0.0, "FG3M": 0, "FG3A": 3, "FG3_PCT": 0.0, "FTM": 0, "FTA": 0, "FT_PCT": 0.0, "OREB": 1, "DREB": 6, "REB": 7, "AST": 1, "STL": 1, "BLK": 0, "TOV": 0, "PF": 1, "PTS": 0, "PLUS_MINUS": -14, "VIDEO_AVAILABLE": 1}, {"SEASON_ID": "22018", "Player_ID": 1627737, "Game_ID": "0021800898", "GAME_DATE": "FEB 25, 2019", "MATCHUP": "CLE vs. POR", "WL": "L", "MIN": 15, "FGM": 1, "FGA": 3, "FG_PCT": 0.333, "FG3M": 1, "FG3A": 2, "FG3_PCT": 0.5, "FTM": 3, "FTA": 4, "FT_PCT": 0.75, "OREB": 1, "DREB": 2, "REB": 3, "AST": 0, "STL": 0, "BLK": 1, "TOV": 0, "PF": 5, "PTS": 6, "PLUS_MINUS": 4, "VIDEO_AVAILABLE": 1}, {"SEASON_ID": "22018", "Player_ID": 1627737, "Game_ID": "0021800885", "GAME_DATE": "FEB 23, 2019", "MATCHUP": "CLE vs. MEM", "WL": "W", "MIN": 11, "FGM": 2, "FGA": 8, "FG_PCT": 0.25, "FG3M": 1, "FG3A": 5, "FG3_PCT": 0.2, "FTM": 1, "FTA": 2, "FT_PCT": 0.5, "OREB": 2, "DREB": 4, "REB": 6, "AST": 1, "STL": 0, "BLK": 1, "TOV": 1, "PF": 5, "PTS": 6, "PLUS_MINUS": -5, "VIDEO_AVAILABLE": 1}, {"SEASON_ID": "22018", "Player_ID": 1627737, "Game_ID": "0021800867", "GAME_DATE": "FEB 21, 2019", "MATCHUP": "CLE vs. PHX", "WL": "W", "MIN": 15, "FGM": 2, "FGA": 5, "FG_PCT": 0.4, "FG3M": 1, "FG3A": 4, "FG3_PCT": 0.25, "FTM": 1, "FTA": 2, "FT_PCT": 0.5, "OREB": 1, "DREB": 0, "REB": 1, "AST": 0, "STL": 1, "BLK": 0, "TOV": 0, "PF": 3, "PTS": 6, "PLUS_MINUS": -4, "VIDEO_AVAILABLE": 1}, {"SEASON_ID": "22018", "Player_ID": 1627737, "Game_ID": "0021800853", "GAME_DATE": "FEB 13, 2019", "MATCHUP": "CLE vs. BKN", "WL": "L", "MIN": 28, "FGM": 9, "FGA": 16, "FG_PCT": 0.563, "FG3M": 3, "FG3A": 6, "FG3_PCT": 0.5, "FTM": 2, "FTA": 3, "FT_PCT": 0.667, "OREB": 4, "DREB": 3, "REB": 7, "AST": 1, "STL": 2, "BLK": 0, "TOV": 1, "PF": 6, "PTS": 23, "PLUS_MINUS": -1, "VIDEO_AVAILABLE": 1}, {"SEASON_ID": "22018", "Player_ID": 1627737, "Game_ID": "0021800839", "GAME_DATE": "FEB 11, 2019", "MATCHUP": "CLE vs. NYK", "WL": "W", "MIN": 22, "FGM": 5, "FGA": 8, "FG_PCT": 0.625, "FG3M": 2, "FG3A": 3, "FG3_PCT": 0.667, "FTM": 2, "FTA": 2, "FT_PCT": 1.0, "OREB": 1, "DREB": 6, "REB": 7, "AST": 1, "STL": 1, "BLK": 0, "TOV": 1, "PF": 3, "PTS": 14, "PLUS_MINUS": 4, "VIDEO_AVAILABLE": 1}, {"SEASON_ID": "22018", "Player_ID": 1627737, "Game_ID": "0021800826", "GAME_DATE": "FEB 09, 2019", "MATCHUP": "CLE @ IND", "WL": "L", "MIN": 24, "FGM": 3, "FGA": 7, "FG_PCT": 0.429, "FG3M": 1, "FG3A": 2, "FG3_PCT": 0.5, "FTM": 0, "FTA": 0, "FT_PCT": 0.0, "OREB": 1, "DREB": 2, "REB": 3, "AST": 2, "STL": 1, "BLK": 0, "TOV": 0, "PF": 2, "PTS": 7, "PLUS_MINUS": -19, "VIDEO_AVAILABLE": 1}, {"SEASON_ID": "22018", "Player_ID": 1627737, "Game_ID": "0021800819", "GAME_DATE": "FEB 08, 2019", "MATCHUP": "CLE @ WAS", "WL": "L", "MIN": 23, "FGM": 5, "FGA": 10, "FG_PCT": 0.5, "FG3M": 3, "FG3A": 5, "FG3_PCT": 0.6, "FTM": 0, "FTA": 0, "FT_PCT": 0.0, "OREB": 1, "DREB": 7, "REB": 8, "AST": 0, "STL": 0, "BLK": 0, "TOV": 3, "PF": 2, "PTS": 13, "PLUS_MINUS": -12, "VIDEO_AVAILABLE": 1}, {"SEASON_ID": "22018", "Player_ID": 1627737, "Game_ID": "0021800786", "GAME_DATE": "FEB 02, 2019", "MATCHUP": "HOU @ UTA", "WL": "W", "MIN": 2, "FGM": 0, "FGA": 1, "FG_PCT": 0.0, "FG3M": 0, "FG3A": 0, "FG3_PCT": 0.0, "FTM": 0, "FTA": 0, "FT_PCT": 0.0, "OREB": 0, "DREB": 1, "REB": 1, "AST": 0, "STL": 0, "BLK": 0, "TOV": 0, "PF": 0, "PTS": 0, "PLUS_MINUS": 4, "VIDEO_AVAILABLE": 1}, {"SEASON_ID": "22018", "Player_ID": 1627737, "Game_ID": "0021800699", "GAME_DATE": "JAN 21, 2019", "MATCHUP": "HOU @ PHI", "WL": "L", "MIN": 8, "FGM": 1, "FGA": 3, "FG_PCT": 0.333, "FG3M": 0, "FG3A": 1, "FG3_PCT": 0.0, "FTM": 2, "FTA": 2, "FT_PCT": 1.0, "OREB": 1, "DREB": 2, "REB": 3, "AST": 1, "STL": 0, "BLK": 1, "TOV": 1, "PF": 1, "PTS": 4, "PLUS_MINUS": -2, "VIDEO_AVAILABLE": 1}, {"SEASON_ID": "22018", "Player_ID": 1627737, "Game_ID": "0021800659", "GAME_DATE": "JAN 16, 2019", "MATCHUP": "HOU vs. BKN", "WL": "L", "MIN": 6, "FGM": 0, "FGA": 1, "FG_PCT": 0.0, "FG3M": 0, "FG3A": 1, "FG3_PCT": 0.0, "FTM": 0, "FTA": 0, "FT_PCT": 0.0, "OREB": 0, "DREB": 1, "REB": 1, "AST": 0, "STL": 0, "BLK": 0, "TOV": 1, "PF": 1, "PTS": 0, "PLUS_MINUS": 4, "VIDEO_AVAILABLE": 1}, {"SEASON_ID": "22018", "Player_ID": 1627737, "Game_ID": "0021800646", "GAME_DATE": "JAN 14, 2019", "MATCHUP": "HOU vs. MEM", "WL": "W", "MIN": 7, "FGM": 0, "FGA": 1, "FG_PCT": 0.0, "FG3M": 0, "FG3A": 1, "FG3_PCT": 0.0, "FTM": 0, "FTA": 0, "FT_PCT": 0.0, "OREB": 0, "DREB": 2, "REB": 2, "AST": 0, "STL": 0, "BLK": 0, "TOV": 1, "PF": 1, "PTS": 0, "PLUS_MINUS": -5, "VIDEO_AVAILABLE": 1}, {"SEASON_ID": "22018", "Player_ID": 1627737, "Game_ID": "0021800641", "GAME_DATE": "JAN 13, 2019", "MATCHUP": "HOU @ ORL", "WL": "L", "MIN": 11, "FGM": 0, "FGA": 0, "FG_PCT": 0.0, "FG3M": 0, "FG3A": 0, "FG3_PCT": 0.0, "FTM": 2, "FTA": 2, "FT_PCT": 1.0, "OREB": 0, "DREB": 4, "REB": 4, "AST": 0, "STL": 0, "BLK": 0, "TOV": 2, "PF": 1, "PTS": 2, "PLUS_MINUS": 6, "VIDEO_AVAILABLE": 1}, {"SEASON_ID": "22018", "Player_ID": 1627737, "Game_ID": "0021800625", "GAME_DATE": "JAN 11, 2019", "MATCHUP": "HOU vs. CLE", "WL": "W", "MIN": 12, "FGM": 2, "FGA": 6, "FG_PCT": 0.333, "FG3M": 0, "FG3A": 2, "FG3_PCT": 0.0, "FTM": 0, "FTA": 0, "FT_PCT": 0.0, "OREB": 3, "DREB": 3, "REB": 6, "AST": 2, "STL": 1, "BLK": 1, "TOV": 2, "PF": 4, "PTS": 4, "PLUS_MINUS": -4, "VIDEO_AVAILABLE": 1}, {"SEASON_ID": "22018", "Player_ID": 1627737, "Game_ID": "0021800461", "GAME_DATE": "DEC 19, 2018", "MATCHUP": "HOU vs. WAS", "WL": "W", "MIN": 4, "FGM": 0, "FGA": 1, "FG_PCT": 0.0, "FG3M": 0, "FG3A": 1, "FG3_PCT": 0.0, "FTM": 0, "FTA": 0, "FT_PCT": 0.0, "OREB": 0, "DREB": 1, "REB": 1, "AST": 0, "STL": 0, "BLK": 0, "TOV": 0, "PF": 0, "PTS": 0, "PLUS_MINUS": -2, "VIDEO_AVAILABLE": 1}, {"SEASON_ID": "22018", "Player_ID": 1627737, "Game_ID": "0021800334", "GAME_DATE": "DEC 01, 2018", "MATCHUP": "HOU vs. CHI", "WL": "W", "MIN": 3, "FGM": 0, "FGA": 0, "FG_PCT": 0.0, "FG3M": 0, "FG3A": 0, "FG3_PCT": 0.0, "FTM": 2, "FTA": 2, "FT_PCT": 1.0, "OREB": 0, "DREB": 0, "REB": 0, "AST": 0, "STL": 1, "BLK": 0, "TOV": 0, "PF": 0, "PTS": 2, "PLUS_MINUS": -4, "VIDEO_AVAILABLE": 1}, {"SEASON_ID": "22018", "Player_ID": 1627737, "Game_ID": "0021800326", "GAME_DATE": "NOV 30, 2018", "MATCHUP": "HOU @ SAS", "WL": "W", "MIN": 14, "FGM": 2, "FGA": 5, "FG_PCT": 0.4, "FG3M": 1, "FG3A": 3, "FG3_PCT": 0.333, "FTM": 0, "FTA": 0, "FT_PCT": 0.0, "OREB": 0, "DREB": 3, "REB": 3, "AST": 1, "STL": 0, "BLK": 0, "TOV": 2, "PF": 1, "PTS": 5, "PLUS_MINUS": -2, "VIDEO_AVAILABLE": 1}, {"SEASON_ID": "22018", "Player_ID": 1627737, "Game_ID": "0021800309", "GAME_DATE": "NOV 28, 2018", "MATCHUP": "HOU vs. DAL", "WL": "L", "MIN": 7, "FGM": 1, "FGA": 1, "FG_PCT": 1.0, "FG3M": 0, "FG3A": 0, "FG3_PCT": 0.0, "FTM": 0, "FTA": 1, "FT_PCT": 0.0, "OREB": 1, "DREB": 1, "REB": 2, "AST": 1, "STL": 0, "BLK": 0, "TOV": 0, "PF": 1, "PTS": 2, "PLUS_MINUS": 2, "VIDEO_AVAILABLE": 1}, {"SEASON_ID": "22018", "Player_ID": 1627737, "Game_ID": "0021800296", "GAME_DATE": "NOV 26, 2018", "MATCHUP": "HOU @ WAS", "WL": "L", "MIN": 5, "FGM": 1, "FGA": 3, "FG_PCT": 0.333, "FG3M": 0, "FG3A": 1, "FG3_PCT": 0.0, "FTM": 0, "FTA": 0, "FT_PCT": 0.0, "OREB": 1, "DREB": 0, "REB": 1, "AST": 0, "STL": 0, "BLK": 0, "TOV": 1, "PF": 3, "PTS": 2, "PLUS_MINUS": -5, "VIDEO_AVAILABLE": 1}, {"SEASON_ID": "22018", "Player_ID": 1627737, "Game_ID": "0021800231", "GAME_DATE": "NOV 17, 2018", "MATCHUP": "HOU vs. SAC", "WL": "W", "MIN": 3, "FGM": 1, "FGA": 2, "FG_PCT": 0.5, "FG3M": 0, "FG3A": 1, "FG3_PCT": 0.0, "FTM": 0, "FTA": 0, "FT_PCT": 0.0, "OREB": 0, "DREB": 0, "REB": 0, "AST": 0, "STL": 0, "BLK": 1, "TOV": 1, "PF": 1, "PTS": 2, "PLUS_MINUS": -3, "VIDEO_AVAILABLE": 1}, {"SEASON_ID": "22018", "Player_ID": 1627737, "Game_ID": "0021800213", "GAME_DATE": "NOV 15, 2018", "MATCHUP": "HOU vs. GSW", "WL": "W", "MIN": 4, "FGM": 0, "FGA": 0, "FG_PCT": 0.0, "FG3M": 0, "FG3A": 0, "FG3_PCT": 0.0, "FTM": 0, "FTA": 0, "FT_PCT": 0.0, "OREB": 0, "DREB": 0, "REB": 0, "AST": 0, "STL": 0, "BLK": 0, "TOV": 0, "PF": 2, "PTS": 0, "PLUS_MINUS": -5, "VIDEO_AVAILABLE": 1}, {"SEASON_ID": "22018", "Player_ID": 1627737, "Game_ID": "0021800163", "GAME_DATE": "NOV 08, 2018", "MATCHUP": "HOU @ OKC", "WL": "L", "MIN": 6, "FGM": 1, "FGA": 3, "FG_PCT": 0.333, "FG3M": 0, "FG3A": 1, "FG3_PCT": 0.0, "FTM": 0, "FTA": 0, "FT_PCT": 0.0, "OREB": 1, "DREB": 1, "REB": 2, "AST": 1, "STL": 0, "BLK": 0, "TOV": 0, "PF": 0, "PTS": 2, "PLUS_MINUS": 4, "VIDEO_AVAILABLE": 1}, {"SEASON_ID": "22018", "Player_ID": 1627737, "Game_ID": "0021800118", "GAME_DATE": "NOV 02, 2018", "MATCHUP": "HOU @ BKN", "WL": "W", "MIN": 3, "FGM": 0, "FGA": 2, "FG_PCT": 0.0, "FG3M": 0, "FG3A": 1, "FG3_PCT": 0.0, "FTM": 0, "FTA": 0, "FT_PCT": 0.0, "OREB": 0, "DREB": 0, "REB": 0, "AST": 0, "STL": 0, "BLK": 0, "TOV": 0, "PF": 0, "PTS": 0, "PLUS_MINUS": -8, "VIDEO_AVAILABLE": 1}, {"SEASON_ID": "22018", "Player_ID": 1627737, "Game_ID": "0021800101", "GAME_DATE": "OCT 30, 2018", "MATCHUP": "HOU vs. POR", "WL": "L", "MIN": 8, "FGM": 2, "FGA": 5, "FG_PCT": 0.4, "FG3M": 0, "FG3A": 2, "FG3_PCT": 0.0, "FTM": 0, "FTA": 0, "FT_PCT": 0.0, "OREB": 0, "DREB": 2, "REB": 2, "AST": 0, "STL": 0, "BLK": 1, "TOV": 1, "PF": 1, "PTS": 4, "PLUS_MINUS": -2, "VIDEO_AVAILABLE": 1}, {"SEASON_ID": "22017", "Player_ID": 1627737, "Game_ID": "0021701189", "GAME_DATE": "APR 06, 2018", "MATCHUP": "PHX vs. NOP", "WL": "L", "MIN": 26, "FGM": 7, "FGA": 13, "FG_PCT": 0.538, "FG3M": 1, "FG3A": 4, "FG3_PCT": 0.25, "FTM": 8, "FTA": 10, "FT_PCT": 0.8, "OREB": 3, "DREB": 5, "REB": 8, "AST": 2, "STL": 1, "BLK": 0, "TOV": 2, "PF": 4, "PTS": 23, "PLUS_MINUS": -13, "VIDEO_AVAILABLE": 1}, {"SEASON_ID": "22017", "Player_ID": 1627737, "Game_ID": "0021701167", "GAME_DATE": "APR 03, 2018", "MATCHUP": "PHX vs. SAC", "WL": "W", "MIN": 27, "FGM": 2, "FGA": 7, "FG_PCT": 0.286, "FG3M": 0, "FG3A": 1, "FG3_PCT": 0.0, "FTM": 2, "FTA": 2, "FT_PCT": 1.0, "OREB": 0, "DREB": 13, "REB": 13, "AST": 0, "STL": 0, "BLK": 1, "TOV": 2, "PF": 2, "PTS": 6, "PLUS_MINUS": -4, "VIDEO_AVAILABLE": 1}, {"SEASON_ID": "22017", "Player_ID": 1627737, "Game_ID": "0021701153", "GAME_DATE": "APR 01, 2018", "MATCHUP": "PHX @ GSW", "WL": "L", "MIN": 31, "FGM": 9, "FGA": 15, "FG_PCT": 0.6, "FG3M": 1, "FG3A": 2, "FG3_PCT": 0.5, "FTM": 3, "FTA": 5, "FT_PCT": 0.6, "OREB": 2, "DREB": 7, "REB": 9, "AST": 1, "STL": 1, "BLK": 1, "TOV": 4, "PF": 4, "PTS": 22, "PLUS_MINUS": -9, "VIDEO_AVAILABLE": 1}, {"SEASON_ID": "22017", "Player_ID": 1627737, "Game_ID": "0021701132", "GAME_DATE": "MAR 30, 2018", "MATCHUP": "PHX @ HOU", "WL": "L", "MIN": 33, "FGM": 6, "FGA": 11, "FG_PCT": 0.545, "FG3M": 0, "FG3A": 3, "FG3_PCT": 0.0, "FTM": 0, "FTA": 0, "FT_PCT": 0.0, "OREB": 2, "DREB": 9, "REB": 11, "AST": 2, "STL": 1, "BLK": 3, "TOV": 3, "PF": 4, "PTS": 12, "PLUS_MINUS": 5, "VIDEO_AVAILABLE": 1}, {"SEASON_ID": "22017", "Player_ID": 1627737, "Game_ID": "0021701122", "GAME_DATE": "MAR 28, 2018", "MATCHUP": "PHX vs. LAC", "WL": "L", "MIN": 30, "FGM": 4, "FGA": 11, "FG_PCT": 0.364, "FG3M": 0, "FG3A": 4, "FG3_PCT": 0.0, "FTM": 4, "FTA": 4, "FT_PCT": 1.0, "OREB": 4, "DREB": 9, "REB": 13, "AST": 1, "STL": 4, "BLK": 1, "TOV": 4, "PF": 4, "PTS": 12, "PLUS_MINUS": -9, "VIDEO_AVAILABLE": 1}, {"SEASON_ID": "22017", "Player_ID": 1627737, "Game_ID": "0021701107", "GAME_DATE": "MAR 26, 2018", "MATCHUP": "PHX vs. BOS", "WL": "L", "MIN": 24, "FGM": 6, "FGA": 8, "FG_PCT": 0.75, "FG3M": 1, "FG3A": 3, "FG3_PCT": 0.333, "FTM": 0, "FTA": 2, "FT_PCT": 0.0, "OREB": 1, "DREB": 3, "REB": 4, "AST": 2, "STL": 0, "BLK": 1, "TOV": 0, "PF": 0, "PTS": 13, "PLUS_MINUS": 3, "VIDEO_AVAILABLE": 1}, {"SEASON_ID": "22017", "Player_ID": 1627737, "Game_ID": "0021701090", "GAME_DATE": "MAR 24, 2018", "MATCHUP": "PHX @ ORL", "WL": "L", "MIN": 24, "FGM": 3, "FGA": 8, "FG_PCT": 0.375, "FG3M": 1, "FG3A": 3, "FG3_PCT": 0.333, "FTM": 3, "FTA": 4, "FT_PCT": 0.75, "OREB": 1, "DREB": 4, "REB": 5, "AST": 1, "STL": 1, "BLK": 0, "TOV": 2, "PF": 3, "PTS": 10, "PLUS_MINUS": -8, "VIDEO_AVAILABLE": 1}, {"SEASON_ID": "22017", "Player_ID": 1627737, "Game_ID": "0021701080", "GAME_DATE": "MAR 23, 2018", "MATCHUP": "PHX @ CLE", "WL": "L", "MIN": 35, "FGM": 7, "FGA": 11, "FG_PCT": 0.636, "FG3M": 1, "FG3A": 3, "FG3_PCT": 0.333, "FTM": 4, "FTA": 6, "FT_PCT": 0.667, "OREB": 2, "DREB": 8, "REB": 10, "AST": 3, "STL": 1, "BLK": 2, "TOV": 1, "PF": 1, "PTS": 19, "PLUS_MINUS": -17, "VIDEO_AVAILABLE": 1}, {"SEASON_ID": "22017", "Player_ID": 1627737, "Game_ID": "0021701063", "GAME_DATE": "MAR 20, 2018", "MATCHUP": "PHX vs. DET", "WL": "L", "MIN": 18, "FGM": 3, "FGA": 10, "FG_PCT": 0.3, "FG3M": 1, "FG3A": 4, "FG3_PCT": 0.25, "FTM": 3, "FTA": 4, "FT_PCT": 0.75, "OREB": 1, "DREB": 3, "REB": 4, "AST": 1, "STL": 0, "BLK": 2, "TOV": 3, "PF": 3, "PTS": 10, "PLUS_MINUS": -21, "VIDEO_AVAILABLE": 1}, {"SEASON_ID": "22017", "Player_ID": 1627737, "Game_ID": "0021701044", "GAME_DATE": "MAR 17, 2018", "MATCHUP": "PHX vs. GSW", "WL": "L", "MIN": 18, "FGM": 4, "FGA": 8, "FG_PCT": 0.5, "FG3M": 0, "FG3A": 2, "FG3_PCT": 0.0, "FTM": 2, "FTA": 4, "FT_PCT": 0.5, "OREB": 2, "DREB": 6, "REB": 8, "AST": 1, "STL": 1, "BLK": 0, "TOV": 3, "PF": 3, "PTS": 10, "PLUS_MINUS": 4, "VIDEO_AVAILABLE": 1}, {"SEASON_ID": "22017", "Player_ID": 1627737, "Game_ID": "0021701027", "GAME_DATE": "MAR 15, 2018", "MATCHUP": "PHX @ UTA", "WL": "L", "MIN": 14, "FGM": 2, "FGA": 5, "FG_PCT": 0.4, "FG3M": 0, "FG3A": 1, "FG3_PCT": 0.0, "FTM": 0, "FTA": 0, "FT_PCT": 0.0, "OREB": 1, "DREB": 3, "REB": 4, "AST": 0, "STL": 0, "BLK": 1, "TOV": 1, "PF": 1, "PTS": 4, "PLUS_MINUS": 2, "VIDEO_AVAILABLE": 1}, {"SEASON_ID": "22017", "Player_ID": 1627737, "Game_ID": "0021701014", "GAME_DATE": "MAR 13, 2018", "MATCHUP": "PHX vs. CLE", "WL": "L", "MIN": 17, "FGM": 1, "FGA": 4, "FG_PCT": 0.25, "FG3M": 0, "FG3A": 0, "FG3_PCT": 0.0, "FTM": 3, "FTA": 4, "FT_PCT": 0.75, "OREB": 3, "DREB": 2, "REB": 5, "AST": 0, "STL": 0, "BLK": 0, "TOV": 3, "PF": 2, "PTS": 5, "PLUS_MINUS": 4, "VIDEO_AVAILABLE": 1}, {"SEASON_ID": "22017", "Player_ID": 1627737, "Game_ID": "0021700987", "GAME_DATE": "MAR 10, 2018", "MATCHUP": "PHX @ CHA", "WL": "L", "MIN": 20, "FGM": 3, "FGA": 8, "FG_PCT": 0.375, "FG3M": 1, "FG3A": 3, "FG3_PCT": 0.333, "FTM": 0, "FTA": 0, "FT_PCT": 0.0, "OREB": 2, "DREB": 4, "REB": 6, "AST": 0, "STL": 0, "BLK": 0, "TOV": 0, "PF": 2, "PTS": 7, "PLUS_MINUS": -13, "VIDEO_AVAILABLE": 1}, {"SEASON_ID": "22017", "Player_ID": 1627737, "Game_ID": "0021700975", "GAME_DATE": "MAR 08, 2018", "MATCHUP": "PHX @ OKC", "WL": "L", "MIN": 24, "FGM": 2, "FGA": 6, "FG_PCT": 0.333, "FG3M": 0, "FG3A": 2, "FG3_PCT": 0.0, "FTM": 1, "FTA": 2, "FT_PCT": 0.5, "OREB": 0, "DREB": 4, "REB": 4, "AST": 0, "STL": 1, "BLK": 0, "TOV": 0, "PF": 2, "PTS": 5, "PLUS_MINUS": -5, "VIDEO_AVAILABLE": 1}, {"SEASON_ID": "22017", "Player_ID": 1627737, "Game_ID": "0021700952", "GAME_DATE": "MAR 05, 2018", "MATCHUP": "PHX @ MIA", "WL": "L", "MIN": 27, "FGM": 5, "FGA": 9, "FG_PCT": 0.556, "FG3M": 2, "FG3A": 4, "FG3_PCT": 0.5, "FTM": 0, "FTA": 1, "FT_PCT": 0.0, "OREB": 1, "DREB": 5, "REB": 6, "AST": 1, "STL": 0, "BLK": 1, "TOV": 1, "PF": 2, "PTS": 12, "PLUS_MINUS": -5, "VIDEO_AVAILABLE": 1}, {"SEASON_ID": "22017", "Player_ID": 1627737, "Game_ID": "0021700943", "GAME_DATE": "MAR 04, 2018", "MATCHUP": "PHX @ ATL", "WL": "L", "MIN": 18, "FGM": 5, "FGA": 8, "FG_PCT": 0.625, "FG3M": 4, "FG3A": 5, "FG3_PCT": 0.8, "FTM": 3, "FTA": 6, "FT_PCT": 0.5, "OREB": 0, "DREB": 5, "REB": 5, "AST": 1, "STL": 1, "BLK": 4, "TOV": 1, "PF": 0, "PTS": 17, "PLUS_MINUS": 10, "VIDEO_AVAILABLE": 1}, {"SEASON_ID": "22017", "Player_ID": 1627737, "Game_ID": "0021700933", "GAME_DATE": "MAR 02, 2018", "MATCHUP": "PHX vs. OKC", "WL": "L", "MIN": 13, "FGM": 2, "FGA": 4, "FG_PCT": 0.5, "FG3M": 1, "FG3A": 2, "FG3_PCT": 0.5, "FTM": 0, "FTA": 0, "FT_PCT": 0.0, "OREB": 1, "DREB": 3, "REB": 4, "AST": 0, "STL": 1, "BLK": 1, "TOV": 0, "PF": 2, "PTS": 5, "PLUS_MINUS": 3, "VIDEO_AVAILABLE": 1}, {"SEASON_ID": "22017", "Player_ID": 1627737, "Game_ID": "0021700918", "GAME_DATE": "FEB 28, 2018", "MATCHUP": "PHX @ MEM", "WL": "W", "MIN": 7, "FGM": 0, "FGA": 3, "FG_PCT": 0.0, "FG3M": 0, "FG3A": 2, "FG3_PCT": 0.0, "FTM": 0, "FTA": 0, "FT_PCT": 0.0, "OREB": 1, "DREB": 1, "REB": 2, "AST": 0, "STL": 0, "BLK": 0, "TOV": 2, "PF": 5, "PTS": 0, "PLUS_MINUS": -8, "VIDEO_AVAILABLE": 2}, {"SEASON_ID": "22017", "Player_ID": 1627737, "Game_ID": "0021700902", "GAME_DATE": "FEB 26, 2018", "MATCHUP": "PHX @ NOP", "WL": "L", "MIN": 18, "FGM": 3, "FGA": 5, "FG_PCT": 0.6, "FG3M": 1, "FG3A": 2, "FG3_PCT": 0.5, "FTM": 0, "FTA": 1, "FT_PCT": 0.0, "OREB": 1, "DREB": 4, "REB": 5, "AST": 0, "STL": 0, "BLK": 3, "TOV": 3, "PF": 6, "PTS": 7, "PLUS_MINUS": -3, "VIDEO_AVAILABLE": 1}, {"SEASON_ID": "22017", "Player_ID": 1627737, "Game_ID": "0021700889", "GAME_DATE": "FEB 24, 2018", "MATCHUP": "PHX vs. POR", "WL": "L", "MIN": 18, "FGM": 2, "FGA": 6, "FG_PCT": 0.333, "FG3M": 1, "FG3A": 3, "FG3_PCT": 0.333, "FTM": 0, "FTA": 0, "FT_PCT": 0.0, "OREB": 2, "DREB": 5, "REB": 7, "AST": 3, "STL": 2, "BLK": 0, "TOV": 0, "PF": 1, "PTS": 5, "PLUS_MINUS": 2, "VIDEO_AVAILABLE": 1}, {"SEASON_ID": "22017", "Player_ID": 1627737, "Game_ID": "0021700881", "GAME_DATE": "FEB 23, 2018", "MATCHUP": "PHX vs. LAC", "WL": "L", "MIN": 13, "FGM": 0, "FGA": 5, "FG_PCT": 0.0, "FG3M": 0, "FG3A": 2, "FG3_PCT": 0.0, "FTM": 0, "FTA": 2, "FT_PCT": 0.0, "OREB": 2, "DREB": 1, "REB": 3, "AST": 1, "STL": 0, "BLK": 0, "TOV": 1, "PF": 2, "PTS": 0, "PLUS_MINUS": -4, "VIDEO_AVAILABLE": 1}, {"SEASON_ID": "22017", "Player_ID": 1627737, "Game_ID": "0021700863", "GAME_DATE": "FEB 14, 2018", "MATCHUP": "PHX @ UTA", "WL": "L", "MIN": 19, "FGM": 2, "FGA": 4, "FG_PCT": 0.5, "FG3M": 1, "FG3A": 1, "FG3_PCT": 1.0, "FTM": 0, "FTA": 0, "FT_PCT": 0.0, "OREB": 1, "DREB": 2, "REB": 3, "AST": 0, "STL": 0, "BLK": 0, "TOV": 0, "PF": 2, "PTS": 5, "PLUS_MINUS": 0, "VIDEO_AVAILABLE": 1}, {"SEASON_ID": "22017", "Player_ID": 1627737, "Game_ID": "0021700846", "GAME_DATE": "FEB 12, 2018", "MATCHUP": "PHX @ GSW", "WL": "L", "MIN": 18, "FGM": 0, "FGA": 2, "FG_PCT": 0.0, "FG3M": 0, "FG3A": 1, "FG3_PCT": 0.0, "FTM": 1, "FTA": 2, "FT_PCT": 0.5, "OREB": 1, "DREB": 4, "REB": 5, "AST": 2, "STL": 1, "BLK": 1, "TOV": 1, "PF": 3, "PTS": 1, "PLUS_MINUS": -24, "VIDEO_AVAILABLE": 1}, {"SEASON_ID": "22017", "Player_ID": 1627737, "Game_ID": "0021700832", "GAME_DATE": "FEB 10, 2018", "MATCHUP": "PHX vs. DEN", "WL": "L", "MIN": 17, "FGM": 2, "FGA": 3, "FG_PCT": 0.667, "FG3M": 1, "FG3A": 2, "FG3_PCT": 0.5, "FTM": 0, "FTA": 2, "FT_PCT": 0.0, "OREB": 0, "DREB": 3, "REB": 3, "AST": 1, "STL": 0, "BLK": 1, "TOV": 5, "PF": 5, "PTS": 5, "PLUS_MINUS": -1, "VIDEO_AVAILABLE": 1}, {"SEASON_ID": "22017", "Player_ID": 1627737, "Game_ID": "0021700810", "GAME_DATE": "FEB 07, 2018", "MATCHUP": "PHX vs. SAS", "WL": "L", "MIN": 29, "FGM": 1, "FGA": 7, "FG_PCT": 0.143, "FG3M": 0, "FG3A": 4, "FG3_PCT": 0.0, "FTM": 5, "FTA": 7, "FT_PCT": 0.714, "OREB": 1, "DREB": 9, "REB": 10, "AST": 1, "STL": 1, "BLK": 0, "TOV": 3, "PF": 5, "PTS": 7, "PLUS_MINUS": -46, "VIDEO_AVAILABLE": 1}, {"SEASON_ID": "22017", "Player_ID": 1627737, "Game_ID": "0021700804", "GAME_DATE": "FEB 06, 2018", "MATCHUP": "PHX @ LAL", "WL": "L", "MIN": 19, "FGM": 4, "FGA": 9, "FG_PCT": 0.444, "FG3M": 2, "FG3A": 4, "FG3_PCT": 0.5, "FTM": 0, "FTA": 2, "FT_PCT": 0.0, "OREB": 0, "DREB": 6, "REB": 6, "AST": 3, "STL": 0, "BLK": 2, "TOV": 0, "PF": 2, "PTS": 10, "PLUS_MINUS": -16, "VIDEO_AVAILABLE": 1}, {"SEASON_ID": "22017", "Player_ID": 1627737, "Game_ID": "0021700773", "GAME_DATE": "FEB 02, 2018", "MATCHUP": "PHX vs. UTA", "WL": "L", "MIN": 14, "FGM": 1, "FGA": 5, "FG_PCT": 0.2, "FG3M": 0, "FG3A": 2, "FG3_PCT": 0.0, "FTM": 1, "FTA": 2, "FT_PCT": 0.5, "OREB": 0, "DREB": 3, "REB": 3, "AST": 0, "STL": 1, "BLK": 0, "TOV": 3, "PF": 1, "PTS": 3, "PLUS_MINUS": -20, "VIDEO_AVAILABLE": 1}, {"SEASON_ID": "22017", "Player_ID": 1627737, "Game_ID": "0021700760", "GAME_DATE": "JAN 31, 2018", "MATCHUP": "PHX vs. DAL", "WL": "W", "MIN": 28, "FGM": 5, "FGA": 7, "FG_PCT": 0.714, "FG3M": 1, "FG3A": 2, "FG3_PCT": 0.5, "FTM": 4, "FTA": 5, "FT_PCT": 0.8, "OREB": 0, "DREB": 12, "REB": 12, "AST": 2, "STL": 1, "BLK": 1, "TOV": 4, "PF": 3, "PTS": 15, "PLUS_MINUS": 12, "VIDEO_AVAILABLE": 1}, {"SEASON_ID": "22017", "Player_ID": 1627737, "Game_ID": "0021700732", "GAME_DATE": "JAN 28, 2018", "MATCHUP": "PHX @ HOU", "WL": "L", "MIN": 16, "FGM": 1, "FGA": 3, "FG_PCT": 0.333, "FG3M": 0, "FG3A": 1, "FG3_PCT": 0.0, "FTM": 0, "FTA": 0, "FT_PCT": 0.0, "OREB": 0, "DREB": 5, "REB": 5, "AST": 0, "STL": 2, "BLK": 1, "TOV": 1, "PF": 4, "PTS": 2, "PLUS_MINUS": -2, "VIDEO_AVAILABLE": 1}, {"SEASON_ID": "22017", "Player_ID": 1627737, "Game_ID": "0021700723", "GAME_DATE": "JAN 26, 2018", "MATCHUP": "PHX vs. NYK", "WL": "L", "MIN": 20, "FGM": 1, "FGA": 12, "FG_PCT": 0.083, "FG3M": 1, "FG3A": 6, "FG3_PCT": 0.167, "FTM": 0, "FTA": 2, "FT_PCT": 0.0, "OREB": 2, "DREB": 2, "REB": 4, "AST": 1, "STL": 1, "BLK": 1, "TOV": 0, "PF": 3, "PTS": 3, "PLUS_MINUS": -25, "VIDEO_AVAILABLE": 1}, {"SEASON_ID": "22017", "Player_ID": 1627737, "Game_ID": "0021700588", "GAME_DATE": "JAN 07, 2018", "MATCHUP": "PHX vs. OKC", "WL": "W", "MIN": 10, "FGM": 0, "FGA": 3, "FG_PCT": 0.0, "FG3M": 0, "FG3A": 3, "FG3_PCT": 0.0, "FTM": 2, "FTA": 2, "FT_PCT": 1.0, "OREB": 0, "DREB": 0, "REB": 0, "AST": 2, "STL": 1, "BLK": 1, "TOV": 0, "PF": 0, "PTS": 2, "PLUS_MINUS": -10, "VIDEO_AVAILABLE": 1}, {"SEASON_ID": "22017", "Player_ID": 1627737, "Game_ID": "0021700573", "GAME_DATE": "JAN 05, 2018", "MATCHUP": "PHX @ SAS", "WL": "L", "MIN": 32, "FGM": 6, "FGA": 17, "FG_PCT": 0.353, "FG3M": 0, "FG3A": 5, "FG3_PCT": 0.0, "FTM": 0, "FTA": 0, "FT_PCT": 0.0, "OREB": 1, "DREB": 6, "REB": 7, "AST": 1, "STL": 2, "BLK": 1, "TOV": 4, "PF": 3, "PTS": 12, "PLUS_MINUS": -5, "VIDEO_AVAILABLE": 1}, {"SEASON_ID": "22017", "Player_ID": 1627737, "Game_ID": "0021700563", "GAME_DATE": "JAN 03, 2018", "MATCHUP": "PHX @ DEN", "WL": "L", "MIN": 31, "FGM": 6, "FGA": 13, "FG_PCT": 0.462, "FG3M": 3, "FG3A": 9, "FG3_PCT": 0.333, "FTM": 1, "FTA": 4, "FT_PCT": 0.25, "OREB": 1, "DREB": 3, "REB": 4, "AST": 1, "STL": 5, "BLK": 0, "TOV": 3, "PF": 3, "PTS": 16, "PLUS_MINUS": -20, "VIDEO_AVAILABLE": 1}, {"SEASON_ID": "22017", "Player_ID": 1627737, "Game_ID": "0021700551", "GAME_DATE": "JAN 02, 2018", "MATCHUP": "PHX vs. ATL", "WL": "W", "MIN": 34, "FGM": 6, "FGA": 12, "FG_PCT": 0.5, "FG3M": 3, "FG3A": 7, "FG3_PCT": 0.429, "FTM": 2, "FTA": 4, "FT_PCT": 0.5, "OREB": 2, "DREB": 9, "REB": 11, "AST": 3, "STL": 0, "BLK": 2, "TOV": 2, "PF": 4, "PTS": 17, "PLUS_MINUS": 5, "VIDEO_AVAILABLE": 1}, {"SEASON_ID": "22017", "Player_ID": 1627737, "Game_ID": "0021700544", "GAME_DATE": "DEC 31, 2017", "MATCHUP": "PHX vs. PHI", "WL": "L", "MIN": 20, "FGM": 4, "FGA": 6, "FG_PCT": 0.667, "FG3M": 2, "FG3A": 3, "FG3_PCT": 0.667, "FTM": 2, "FTA": 3, "FT_PCT": 0.667, "OREB": 1, "DREB": 6, "REB": 7, "AST": 2, "STL": 1, "BLK": 2, "TOV": 4, "PF": 6, "PTS": 12, "PLUS_MINUS": 1, "VIDEO_AVAILABLE": 1}, {"SEASON_ID": "22017", "Player_ID": 1627737, "Game_ID": "0021700527", "GAME_DATE": "DEC 29, 2017", "MATCHUP": "PHX @ SAC", "WL": "W", "MIN": 28, "FGM": 5, "FGA": 6, "FG_PCT": 0.833, "FG3M": 3, "FG3A": 3, "FG3_PCT": 1.0, "FTM": 1, "FTA": 4, "FT_PCT": 0.25, "OREB": 3, "DREB": 5, "REB": 8, "AST": 4, "STL": 1, "BLK": 1, "TOV": 1, "PF": 2, "PTS": 14, "PLUS_MINUS": 7, "VIDEO_AVAILABLE": 1}, {"SEASON_ID": "22017", "Player_ID": 1627737, "Game_ID": "0021700504", "GAME_DATE": "DEC 26, 2017", "MATCHUP": "PHX vs. MEM", "WL": "W", "MIN": 29, "FGM": 2, "FGA": 3, "FG_PCT": 0.667, "FG3M": 0, "FG3A": 0, "FG3_PCT": 0.0, "FTM": 2, "FTA": 4, "FT_PCT": 0.5, "OREB": 1, "DREB": 12, "REB": 13, "AST": 0, "STL": 2, "BLK": 1, "TOV": 5, "PF": 4, "PTS": 6, "PLUS_MINUS": 11, "VIDEO_AVAILABLE": 1}, {"SEASON_ID": "22017", "Player_ID": 1627737, "Game_ID": "0021700490", "GAME_DATE": "DEC 23, 2017", "MATCHUP": "PHX vs. MIN", "WL": "L", "MIN": 25, "FGM": 4, "FGA": 8, "FG_PCT": 0.5, "FG3M": 1, "FG3A": 4, "FG3_PCT": 0.25, "FTM": 3, "FTA": 6, "FT_PCT": 0.5, "OREB": 0, "DREB": 2, "REB": 2, "AST": 2, "STL": 0, "BLK": 3, "TOV": 2, "PF": 1, "PTS": 12, "PLUS_MINUS": -1, "VIDEO_AVAILABLE": 1}, {"SEASON_ID": "22017", "Player_ID": 1627737, "Game_ID": "0021700469", "GAME_DATE": "DEC 21, 2017", "MATCHUP": "PHX vs. MEM", "WL": "W", "MIN": 16, "FGM": 1, "FGA": 3, "FG_PCT": 0.333, "FG3M": 0, "FG3A": 1, "FG3_PCT": 0.0, "FTM": 0, "FTA": 0, "FT_PCT": 0.0, "OREB": 1, "DREB": 2, "REB": 3, "AST": 0, "STL": 0, "BLK": 0, "TOV": 0, "PF": 3, "PTS": 2, "PLUS_MINUS": -15, "VIDEO_AVAILABLE": 1}, {"SEASON_ID": "22017", "Player_ID": 1627737, "Game_ID": "0021700465", "GAME_DATE": "DEC 20, 2017", "MATCHUP": "PHX @ LAC", "WL": "L", "MIN": 26, "FGM": 5, "FGA": 9, "FG_PCT": 0.556, "FG3M": 2, "FG3A": 6, "FG3_PCT": 0.333, "FTM": 1, "FTA": 2, "FT_PCT": 0.5, "OREB": 1, "DREB": 7, "REB": 8, "AST": 1, "STL": 0, "BLK": 0, "TOV": 1, "PF": 4, "PTS": 13, "PLUS_MINUS": -8, "VIDEO_AVAILABLE": 1}, {"SEASON_ID": "22017", "Player_ID": 1627737, "Game_ID": "0021700448", "GAME_DATE": "DEC 18, 2017", "MATCHUP": "PHX @ DAL", "WL": "W", "MIN": 18, "FGM": 1, "FGA": 5, "FG_PCT": 0.2, "FG3M": 0, "FG3A": 2, "FG3_PCT": 0.0, "FTM": 0, "FTA": 0, "FT_PCT": 0.0, "OREB": 1, "DREB": 3, "REB": 4, "AST": 0, "STL": 0, "BLK": 0, "TOV": 1, "PF": 4, "PTS": 2, "PLUS_MINUS": -17, "VIDEO_AVAILABLE": 1}, {"SEASON_ID": "22017", "Player_ID": 1627737, "Game_ID": "0021700434", "GAME_DATE": "DEC 16, 2017", "MATCHUP": "PHX @ MIN", "WL": "W", "MIN": 16, "FGM": 1, "FGA": 6, "FG_PCT": 0.167, "FG3M": 0, "FG3A": 3, "FG3_PCT": 0.0, "FTM": 1, "FTA": 2, "FT_PCT": 0.5, "OREB": 0, "DREB": 2, "REB": 2, "AST": 2, "STL": 0, "BLK": 0, "TOV": 2, "PF": 4, "PTS": 3, "PLUS_MINUS": -27, "VIDEO_AVAILABLE": 1}, {"SEASON_ID": "22017", "Player_ID": 1627737, "Game_ID": "0021700411", "GAME_DATE": "DEC 13, 2017", "MATCHUP": "PHX vs. TOR", "WL": "L", "MIN": 18, "FGM": 0, "FGA": 3, "FG_PCT": 0.0, "FG3M": 0, "FG3A": 2, "FG3_PCT": 0.0, "FTM": 2, "FTA": 4, "FT_PCT": 0.5, "OREB": 1, "DREB": 2, "REB": 3, "AST": 0, "STL": 0, "BLK": 0, "TOV": 0, "PF": 4, "PTS": 2, "PLUS_MINUS": -9, "VIDEO_AVAILABLE": 1}, {"SEASON_ID": "22017", "Player_ID": 1627737, "Game_ID": "0021700403", "GAME_DATE": "DEC 12, 2017", "MATCHUP": "PHX @ SAC", "WL": "L", "MIN": 23, "FGM": 3, "FGA": 8, "FG_PCT": 0.375, "FG3M": 0, "FG3A": 3, "FG3_PCT": 0.0, "FTM": 1, "FTA": 2, "FT_PCT": 0.5, "OREB": 1, "DREB": 5, "REB": 6, "AST": 2, "STL": 1, "BLK": 1, "TOV": 0, "PF": 1, "PTS": 7, "PLUS_MINUS": -2, "VIDEO_AVAILABLE": 1}, {"SEASON_ID": "22017", "Player_ID": 1627737, "Game_ID": "0021700383", "GAME_DATE": "DEC 09, 2017", "MATCHUP": "PHX vs. SAS", "WL": "L", "MIN": 25, "FGM": 5, "FGA": 10, "FG_PCT": 0.5, "FG3M": 1, "FG3A": 2, "FG3_PCT": 0.5, "FTM": 4, "FTA": 5, "FT_PCT": 0.8, "OREB": 4, "DREB": 4, "REB": 8, "AST": 1, "STL": 0, "BLK": 0, "TOV": 0, "PF": 2, "PTS": 15, "PLUS_MINUS": 4, "VIDEO_AVAILABLE": 1}, {"SEASON_ID": "22017", "Player_ID": 1627737, "Game_ID": "0021700364", "GAME_DATE": "DEC 07, 2017", "MATCHUP": "PHX vs. WAS", "WL": "L", "MIN": 24, "FGM": 5, "FGA": 7, "FG_PCT": 0.714, "FG3M": 1, "FG3A": 2, "FG3_PCT": 0.5, "FTM": 0, "FTA": 0, "FT_PCT": 0.0, "OREB": 0, "DREB": 2, "REB": 2, "AST": 1, "STL": 2, "BLK": 1, "TOV": 1, "PF": 3, "PTS": 11, "PLUS_MINUS": 7, "VIDEO_AVAILABLE": 1}, {"SEASON_ID": "22017", "Player_ID": 1627737, "Game_ID": "0021700350", "GAME_DATE": "DEC 05, 2017", "MATCHUP": "PHX @ TOR", "WL": "L", "MIN": 10, "FGM": 1, "FGA": 1, "FG_PCT": 1.0, "FG3M": 1, "FG3A": 1, "FG3_PCT": 1.0, "FTM": 2, "FTA": 2, "FT_PCT": 1.0, "OREB": 0, "DREB": 2, "REB": 2, "AST": 1, "STL": 0, "BLK": 0, "TOV": 1, "PF": 2, "PTS": 5, "PLUS_MINUS": -9, "VIDEO_AVAILABLE": 1}, {"SEASON_ID": "22017", "Player_ID": 1627737, "Game_ID": "0021700341", "GAME_DATE": "DEC 04, 2017", "MATCHUP": "PHX @ PHI", "WL": "W", "MIN": 23, "FGM": 1, "FGA": 5, "FG_PCT": 0.2, "FG3M": 0, "FG3A": 2, "FG3_PCT": 0.0, "FTM": 1, "FTA": 2, "FT_PCT": 0.5, "OREB": 2, "DREB": 4, "REB": 6, "AST": 2, "STL": 0, "BLK": 2, "TOV": 0, "PF": 0, "PTS": 3, "PLUS_MINUS": 12, "VIDEO_AVAILABLE": 1}, {"SEASON_ID": "22017", "Player_ID": 1627737, "Game_ID": "0021700326", "GAME_DATE": "DEC 02, 2017", "MATCHUP": "PHX @ BOS", "WL": "L", "MIN": 22, "FGM": 1, "FGA": 2, "FG_PCT": 0.5, "FG3M": 0, "FG3A": 1, "FG3_PCT": 0.0, "FTM": 0, "FTA": 0, "FT_PCT": 0.0, "OREB": 0, "DREB": 2, "REB": 2, "AST": 2, "STL": 1, "BLK": 0, "TOV": 0, "PF": 2, "PTS": 2, "PLUS_MINUS": 1, "VIDEO_AVAILABLE": 1}, {"SEASON_ID": "22017", "Player_ID": 1627737, "Game_ID": "0021700303", "GAME_DATE": "NOV 29, 2017", "MATCHUP": "PHX @ DET", "WL": "L", "MIN": 23, "FGM": 2, "FGA": 6, "FG_PCT": 0.333, "FG3M": 1, "FG3A": 4, "FG3_PCT": 0.25, "FTM": 5, "FTA": 6, "FT_PCT": 0.833, "OREB": 1, "DREB": 3, "REB": 4, "AST": 1, "STL": 1, "BLK": 1, "TOV": 0, "PF": 5, "PTS": 10, "PLUS_MINUS": 4, "VIDEO_AVAILABLE": 1}, {"SEASON_ID": "22017", "Player_ID": 1627737, "Game_ID": "0021700299", "GAME_DATE": "NOV 28, 2017", "MATCHUP": "PHX @ CHI", "WL": "W", "MIN": 25, "FGM": 2, "FGA": 5, "FG_PCT": 0.4, "FG3M": 0, "FG3A": 1, "FG3_PCT": 0.0, "FTM": 0, "FTA": 0, "FT_PCT": 0.0, "OREB": 2, "DREB": 4, "REB": 6, "AST": 0, "STL": 0, "BLK": 1, "TOV": 2, "PF": 1, "PTS": 4, "PLUS_MINUS": 12, "VIDEO_AVAILABLE": 1}, {"SEASON_ID": "22017", "Player_ID": 1627737, "Game_ID": "0021700288", "GAME_DATE": "NOV 26, 2017", "MATCHUP": "PHX @ MIN", "WL": "L", "MIN": 16, "FGM": 3, "FGA": 6, "FG_PCT": 0.5, "FG3M": 1, "FG3A": 2, "FG3_PCT": 0.5, "FTM": 0, "FTA": 0, "FT_PCT": 0.0, "OREB": 4, "DREB": 3, "REB": 7, "AST": 1, "STL": 1, "BLK": 0, "TOV": 1, "PF": 2, "PTS": 7, "PLUS_MINUS": -7, "VIDEO_AVAILABLE": 1}, {"SEASON_ID": "22017", "Player_ID": 1627737, "Game_ID": "0021700275", "GAME_DATE": "NOV 24, 2017", "MATCHUP": "PHX vs. NOP", "WL": "L", "MIN": 14, "FGM": 1, "FGA": 7, "FG_PCT": 0.143, "FG3M": 0, "FG3A": 2, "FG3_PCT": 0.0, "FTM": 0, "FTA": 0, "FT_PCT": 0.0, "OREB": 2, "DREB": 2, "REB": 4, "AST": 0, "STL": 0, "BLK": 1, "TOV": 0, "PF": 2, "PTS": 2, "PLUS_MINUS": -4, "VIDEO_AVAILABLE": 2}, {"SEASON_ID": "22017", "Player_ID": 1627737, "Game_ID": "0021700264", "GAME_DATE": "NOV 22, 2017", "MATCHUP": "PHX vs. MIL", "WL": "L", "MIN": 12, "FGM": 1, "FGA": 2, "FG_PCT": 0.5, "FG3M": 0, "FG3A": 1, "FG3_PCT": 0.0, "FTM": 0, "FTA": 0, "FT_PCT": 0.0, "OREB": 0, "DREB": 2, "REB": 2, "AST": 0, "STL": 0, "BLK": 0, "TOV": 2, "PF": 1, "PTS": 2, "PLUS_MINUS": -4, "VIDEO_AVAILABLE": 2}, {"SEASON_ID": "22017", "Player_ID": 1627737, "Game_ID": "0021700239", "GAME_DATE": "NOV 19, 2017", "MATCHUP": "PHX vs. CHI", "WL": "W", "MIN": 21, "FGM": 3, "FGA": 4, "FG_PCT": 0.75, "FG3M": 0, "FG3A": 1, "FG3_PCT": 0.0, "FTM": 2, "FTA": 2, "FT_PCT": 1.0, "OREB": 0, "DREB": 6, "REB": 6, "AST": 3, "STL": 1, "BLK": 0, "TOV": 1, "PF": 3, "PTS": 8, "PLUS_MINUS": 4, "VIDEO_AVAILABLE": 1}, {"SEASON_ID": "22017", "Player_ID": 1627737, "Game_ID": "0021700227", "GAME_DATE": "NOV 17, 2017", "MATCHUP": "PHX @ LAL", "WL": "W", "MIN": 18, "FGM": 1, "FGA": 4, "FG_PCT": 0.25, "FG3M": 0, "FG3A": 1, "FG3_PCT": 0.0, "FTM": 0, "FTA": 0, "FT_PCT": 0.0, "OREB": 0, "DREB": 3, "REB": 3, "AST": 0, "STL": 1, "BLK": 1, "TOV": 1, "PF": 2, "PTS": 2, "PLUS_MINUS": 6, "VIDEO_AVAILABLE": 1}, {"SEASON_ID": "22017", "Player_ID": 1627737, "Game_ID": "0021700216", "GAME_DATE": "NOV 16, 2017", "MATCHUP": "PHX vs. HOU", "WL": "L", "MIN": 16, "FGM": 2, "FGA": 7, "FG_PCT": 0.286, "FG3M": 0, "FG3A": 3, "FG3_PCT": 0.0, "FTM": 1, "FTA": 3, "FT_PCT": 0.333, "OREB": 0, "DREB": 1, "REB": 1, "AST": 0, "STL": 1, "BLK": 3, "TOV": 1, "PF": 4, "PTS": 5, "PLUS_MINUS": 0, "VIDEO_AVAILABLE": 1}, {"SEASON_ID": "22017", "Player_ID": 1627737, "Game_ID": "0021700196", "GAME_DATE": "NOV 13, 2017", "MATCHUP": "PHX vs. LAL", "WL": "L", "MIN": 27, "FGM": 2, "FGA": 7, "FG_PCT": 0.286, "FG3M": 0, "FG3A": 2, "FG3_PCT": 0.0, "FTM": 0, "FTA": 0, "FT_PCT": 0.0, "OREB": 2, "DREB": 5, "REB": 7, "AST": 2, "STL": 0, "BLK": 2, "TOV": 1, "PF": 1, "PTS": 4, "PLUS_MINUS": -5, "VIDEO_AVAILABLE": 2}, {"SEASON_ID": "22017", "Player_ID": 1627737, "Game_ID": "0021700186", "GAME_DATE": "NOV 11, 2017", "MATCHUP": "PHX vs. MIN", "WL": "W", "MIN": 26, "FGM": 4, "FGA": 7, "FG_PCT": 0.571, "FG3M": 3, "FG3A": 4, "FG3_PCT": 0.75, "FTM": 2, "FTA": 4, "FT_PCT": 0.5, "OREB": 1, "DREB": 6, "REB": 7, "AST": 2, "STL": 0, "BLK": 5, "TOV": 0, "PF": 4, "PTS": 13, "PLUS_MINUS": 15, "VIDEO_AVAILABLE": 1}, {"SEASON_ID": "22017", "Player_ID": 1627737, "Game_ID": "0021700174", "GAME_DATE": "NOV 10, 2017", "MATCHUP": "PHX vs. ORL", "WL": "L", "MIN": 21, "FGM": 4, "FGA": 8, "FG_PCT": 0.5, "FG3M": 1, "FG3A": 3, "FG3_PCT": 0.333, "FTM": 0, "FTA": 0, "FT_PCT": 0.0, "OREB": 1, "DREB": 3, "REB": 4, "AST": 0, "STL": 0, "BLK": 1, "TOV": 3, "PF": 6, "PTS": 9, "PLUS_MINUS": -10, "VIDEO_AVAILABLE": 1}, {"SEASON_ID": "22017", "Player_ID": 1627737, "Game_ID": "0021700162", "GAME_DATE": "NOV 08, 2017", "MATCHUP": "PHX vs. MIA", "WL": "L", "MIN": 25, "FGM": 3, "FGA": 9, "FG_PCT": 0.333, "FG3M": 3, "FG3A": 6, "FG3_PCT": 0.5, "FTM": 0, "FTA": 0, "FT_PCT": 0.0, "OREB": 0, "DREB": 9, "REB": 9, "AST": 1, "STL": 1, "BLK": 1, "TOV": 1, "PF": 6, "PTS": 9, "PLUS_MINUS": -8, "VIDEO_AVAILABLE": 1}, {"SEASON_ID": "22017", "Player_ID": 1627737, "Game_ID": "0021700147", "GAME_DATE": "NOV 06, 2017", "MATCHUP": "PHX vs. BKN", "WL": "L", "MIN": 15, "FGM": 1, "FGA": 4, "FG_PCT": 0.25, "FG3M": 0, "FG3A": 1, "FG3_PCT": 0.0, "FTM": 2, "FTA": 2, "FT_PCT": 1.0, "OREB": 0, "DREB": 4, "REB": 4, "AST": 2, "STL": 0, "BLK": 0, "TOV": 1, "PF": 2, "PTS": 4, "PLUS_MINUS": 5, "VIDEO_AVAILABLE": 1}, {"SEASON_ID": "22017", "Player_ID": 1627737, "Game_ID": "0021700141", "GAME_DATE": "NOV 05, 2017", "MATCHUP": "PHX @ SAS", "WL": "L", "MIN": 19, "FGM": 1, "FGA": 3, "FG_PCT": 0.333, "FG3M": 0, "FG3A": 1, "FG3_PCT": 0.0, "FTM": 1, "FTA": 2, "FT_PCT": 0.5, "OREB": 0, "DREB": 3, "REB": 3, "AST": 2, "STL": 0, "BLK": 0, "TOV": 1, "PF": 3, "PTS": 3, "PLUS_MINUS": -3, "VIDEO_AVAILABLE": 1}, {"SEASON_ID": "22017", "Player_ID": 1627737, "Game_ID": "0021700124", "GAME_DATE": "NOV 03, 2017", "MATCHUP": "PHX @ NYK", "WL": "L", "MIN": 17, "FGM": 2, "FGA": 7, "FG_PCT": 0.286, "FG3M": 1, "FG3A": 2, "FG3_PCT": 0.5, "FTM": 0, "FTA": 0, "FT_PCT": 0.0, "OREB": 3, "DREB": 6, "REB": 9, "AST": 0, "STL": 0, "BLK": 0, "TOV": 0, "PF": 6, "PTS": 5, "PLUS_MINUS": 14, "VIDEO_AVAILABLE": 1}, {"SEASON_ID": "22017", "Player_ID": 1627737, "Game_ID": "0021700108", "GAME_DATE": "NOV 01, 2017", "MATCHUP": "PHX @ WAS", "WL": "W", "MIN": 25, "FGM": 3, "FGA": 7, "FG_PCT": 0.429, "FG3M": 1, "FG3A": 3, "FG3_PCT": 0.333, "FTM": 2, "FTA": 2, "FT_PCT": 1.0, "OREB": 1, "DREB": 9, "REB": 10, "AST": 4, "STL": 2, "BLK": 1, "TOV": 1, "PF": 1, "PTS": 9, "PLUS_MINUS": 3, "VIDEO_AVAILABLE": 2}, {"SEASON_ID": "22017", "Player_ID": 1627737, "Game_ID": "0021700102", "GAME_DATE": "OCT 31, 2017", "MATCHUP": "PHX @ BKN", "WL": "W", "MIN": 21, "FGM": 0, "FGA": 2, "FG_PCT": 0.0, "FG3M": 0, "FG3A": 2, "FG3_PCT": 0.0, "FTM": 5, "FTA": 6, "FT_PCT": 0.833, "OREB": 0, "DREB": 5, "REB": 5, "AST": 2, "STL": 1, "BLK": 1, "TOV": 2, "PF": 4, "PTS": 5, "PLUS_MINUS": -12, "VIDEO_AVAILABLE": 2}, {"SEASON_ID": "22017", "Player_ID": 1627737, "Game_ID": "0021700083", "GAME_DATE": "OCT 28, 2017", "MATCHUP": "PHX @ POR", "WL": "L", "MIN": 20, "FGM": 3, "FGA": 6, "FG_PCT": 0.5, "FG3M": 1, "FG3A": 3, "FG3_PCT": 0.333, "FTM": 0, "FTA": 1, "FT_PCT": 0.0, "OREB": 0, "DREB": 1, "REB": 1, "AST": 2, "STL": 2, "BLK": 1, "TOV": 2, "PF": 1, "PTS": 7, "PLUS_MINUS": -9, "VIDEO_AVAILABLE": 1}, {"SEASON_ID": "22017", "Player_ID": 1627737, "Game_ID": "0021700062", "GAME_DATE": "OCT 25, 2017", "MATCHUP": "PHX vs. UTA", "WL": "W", "MIN": 23, "FGM": 2, "FGA": 6, "FG_PCT": 0.333, "FG3M": 0, "FG3A": 2, "FG3_PCT": 0.0, "FTM": 0, "FTA": 0, "FT_PCT": 0.0, "OREB": 0, "DREB": 5, "REB": 5, "AST": 2, "STL": 0, "BLK": 1, "TOV": 1, "PF": 1, "PTS": 4, "PLUS_MINUS": -2, "VIDEO_AVAILABLE": 1}, {"SEASON_ID": "22017", "Player_ID": 1627737, "Game_ID": "0021700048", "GAME_DATE": "OCT 23, 2017", "MATCHUP": "PHX vs. SAC", "WL": "W", "MIN": 29, "FGM": 8, "FGA": 13, "FG_PCT": 0.615, "FG3M": 2, "FG3A": 4, "FG3_PCT": 0.5, "FTM": 1, "FTA": 1, "FT_PCT": 1.0, "OREB": 1, "DREB": 4, "REB": 5, "AST": 1, "STL": 0, "BLK": 3, "TOV": 2, "PF": 6, "PTS": 19, "PLUS_MINUS": 14, "VIDEO_AVAILABLE": 1}, {"SEASON_ID": "22017", "Player_ID": 1627737, "Game_ID": "0021700037", "GAME_DATE": "OCT 21, 2017", "MATCHUP": "PHX @ LAC", "WL": "L", "MIN": 16, "FGM": 2, "FGA": 5, "FG_PCT": 0.4, "FG3M": 2, "FG3A": 3, "FG3_PCT": 0.667, "FTM": 1, "FTA": 2, "FT_PCT": 0.5, "OREB": 0, "DREB": 1, "REB": 1, "AST": 0, "STL": 2, "BLK": 0, "TOV": 1, "PF": 4, "PTS": 7, "PLUS_MINUS": -5, "VIDEO_AVAILABLE": 1}, {"SEASON_ID": "22017", "Player_ID": 1627737, "Game_ID": "0021700026", "GAME_DATE": "OCT 20, 2017", "MATCHUP": "PHX vs. LAL", "WL": "L", "MIN": 18, "FGM": 1, "FGA": 3, "FG_PCT": 0.333, "FG3M": 1, "FG3A": 1, "FG3_PCT": 1.0, "FTM": 2, "FTA": 2, "FT_PCT": 1.0, "OREB": 0, "DREB": 6, "REB": 6, "AST": 1, "STL": 0, "BLK": 3, "TOV": 1, "PF": 2, "PTS": 5, "PLUS_MINUS": -5, "VIDEO_AVAILABLE": 2}, {"SEASON_ID": "22017", "Player_ID": 1627737, "Game_ID": "0021700012", "GAME_DATE": "OCT 18, 2017", "MATCHUP": "PHX vs. POR", "WL": "L", "MIN": 12, "FGM": 1, "FGA": 5, "FG_PCT": 0.2, "FG3M": 0, "FG3A": 1, "FG3_PCT": 0.0, "FTM": 0, "FTA": 0, "FT_PCT": 0.0, "OREB": 1, "DREB": 0, "REB": 1, "AST": 0, "STL": 0, "BLK": 1, "TOV": 2, "PF": 5, "PTS": 2, "PLUS_MINUS": -17, "VIDEO_AVAILABLE": 1}]