{"firstName": "Marquese", "lastName": "Chriss", "temporaryDisplayName": "Chriss, Marquese", "personId": "1627737", "teamId": "1610612744", "jersey": "32", "isActive": true, "pos": "F", "heightFeet": "6", "heightInches": "10", "heightMeters": "2.08", "weightPounds": "240", "weightKilograms": "108.9", "dateOfBirthUTC": "1997-07-02", "teamSitesOnly": {"playerCode": "marquese_chriss", "posFull": "Forward", "displayAffiliation": "Washington/USA", "freeAgentCode": ""}, "teams": [{"teamId": "1610612756", "seasonStart": "2016", "seasonEnd": "2017"}, {"teamId": "1610612745", "seasonStart": "2018", "seasonEnd": "2018"}, {"teamId": "1610612739", "seasonStart": "2018", "seasonEnd": "2018"}, {"teamId": "1610612744", "seasonStart": "2019", "seasonEnd": "2019"}], "draft": {"teamId": "1610612756", "pickNum": "8", "roundNum": "1", "seasonYear": "2016"}, "nbaDebutYear": "2016", "yearsPro": "3", "collegeName": "Washington", "lastAffiliation": "Washington/USA", "country": "USA"}