{"firstName": "Tacko", "lastName": "Fall", "temporaryDisplayName": "Fall, Tacko", "personId": "1629605", "teamId": "1610612738", "jersey": "99", "isActive": true, "pos": "C", "heightFeet": "7", "heightInches": "6", "heightMeters": "2.29", "weightPounds": "289", "weightKilograms": "131.1", "dateOfBirthUTC": "1995-12-10", "teamSitesOnly": {"playerCode": "tacko_fall", "posFull": "Center", "displayAffiliation": "Central Florida/Senegal", "freeAgentCode": ""}, "teams": [{"teamId": "1610612738", "seasonStart": "2019", "seasonEnd": "2019"}], "draft": {"teamId": "", "pickNum": "", "roundNum": "", "seasonYear": ""}, "nbaDebutYear": "", "yearsPro": "0", "collegeName": "Central Florida", "lastAffiliation": "Central Florida/Senegal", "country": "Senegal"}