{"firstName": "Cameron", "lastName": "Johnson", "temporaryDisplayName": "Johnson, Cameron", "personId": "1629661", "teamId": "1610612756", "jersey": "23", "isActive": true, "pos": "F", "heightFeet": "6", "heightInches": "9", "heightMeters": "2.06", "weightPounds": "205", "weightKilograms": "93.0", "dateOfBirthUTC": "1996-03-03", "teamSitesOnly": {"playerCode": "cameron_johnson", "posFull": "Forward", "displayAffiliation": "North Carolina/USA", "freeAgentCode": ""}, "teams": [{"teamId": "1610612756", "seasonStart": "2019", "seasonEnd": "2019"}], "draft": {"teamId": "1610612750", "pickNum": "11", "roundNum": "1", "seasonYear": "2019"}, "nbaDebutYear": "", "yearsPro": "0", "collegeName": "North Carolina", "lastAffiliation": "University of North Carolina at Cha/USA", "country": "USA"}