{"firstName": "Devontae", "lastName": "Cacok", "temporaryDisplayName": "Cacok, Devontae", "personId": "1629719", "teamId": "1610612747", "jersey": "12", "isActive": true, "pos": "F-C", "heightFeet": "6", "heightInches": "7", "heightMeters": "2.01", "weightPounds": "240", "weightKilograms": "108.9", "dateOfBirthUTC": "1996-10-08", "teamSitesOnly": {"playerCode": "davontae_cacok", "posFull": "Forward-Center", "displayAffiliation": "North Carolina-Wilmington/USA", "freeAgentCode": ""}, "teams": [{"teamId": "1610612747", "seasonStart": "2019", "seasonEnd": "2019"}], "draft": {"teamId": "", "pickNum": "", "roundNum": "", "seasonYear": ""}, "nbaDebutYear": "", "yearsPro": "0", "collegeName": "UNC-Wilmington", "lastAffiliation": "North Carolina-Wilmington/USA", "country": "USA"}