{"firstName": "Deonte", "lastName": "Burton", "temporaryDisplayName": "Burton, Deonte", "personId": "1629126", "teamId": "1610612760", "jersey": "30", "isActive": true, "pos": "G", "heightFeet": "6", "heightInches": "5", "heightMeters": "1.96", "weightPounds": "240", "weightKilograms": "108.9", "dateOfBirthUTC": "1994-01-31", "teamSitesOnly": {"playerCode": "deonte_burton", "posFull": "Guard", "displayAffiliation": "Iowa State/USA", "freeAgentCode": ""}, "teams": [{"teamId": "1610612760", "seasonStart": "2018", "seasonEnd": "2019"}], "draft": {"teamId": "", "pickNum": "", "roundNum": "", "seasonYear": ""}, "nbaDebutYear": "2018", "yearsPro": "1", "collegeName": "Iowa State", "lastAffiliation": "Iowa State/USA", "country": "USA"}