{"firstName": "Damyean", "lastName": "Dotson", "temporaryDisplayName": "Dotson, Damyean", "personId": "1628422", "teamId": "1610612752", "jersey": "21", "isActive": true, "pos": "G", "heightFeet": "6", "heightInches": "6", "heightMeters": "1.98", "weightPounds": "210", "weightKilograms": "95.3", "dateOfBirthUTC": "1994-05-06", "teamSitesOnly": {"playerCode": "damyean_dotson", "posFull": "Guard", "displayAffiliation": "Houston/USA", "freeAgentCode": ""}, "teams": [{"teamId": "1610612752", "seasonStart": "2017", "seasonEnd": "2019"}], "draft": {"teamId": "1610612752", "pickNum": "44", "roundNum": "2", "seasonYear": "2017"}, "nbaDebutYear": "2017", "yearsPro": "2", "collegeName": "Houston", "lastAffiliation": "Houston/USA", "country": "USA"}