[{"SEASON_ID": "22018", "Player_ID": 1628381, "Game_ID": "0021801220", "GAME_DATE": "APR 10, 2019", "MATCHUP": "ATL vs. IND", "WL": "L", "MIN": 36, "FGM": 8, "FGA": 15, "FG_PCT": 0.533, "FG3M": 1, "FG3A": 2, "FG3_PCT": 0.5, "FTM": 3, "FTA": 4, "FT_PCT": 0.75, "OREB": 9, "DREB": 16, "REB": 25, "AST": 6, "STL": 0, "BLK": 1, "TOV": 3, "PF": 2, "PTS": 20, "PLUS_MINUS": 9, "VIDEO_AVAILABLE": 1}, {"SEASON_ID": "22018", "Player_ID": 1628381, "Game_ID": "0021801181", "GAME_DATE": "APR 05, 2019", "MATCHUP": "ATL @ ORL", "WL": "L", "MIN": 34, "FGM": 8, "FGA": 18, "FG_PCT": 0.444, "FG3M": 0, "FG3A": 5, "FG3_PCT": 0.0, "FTM": 4, "FTA": 5, "FT_PCT": 0.8, "OREB": 4, "DREB": 2, "REB": 6, "AST": 1, "STL": 1, "BLK": 0, "TOV": 4, "PF": 5, "PTS": 20, "PLUS_MINUS": -31, "VIDEO_AVAILABLE": 1}, {"SEASON_ID": "22018", "Player_ID": 1628381, "Game_ID": "0021801168", "GAME_DATE": "APR 03, 2019", "MATCHUP": "ATL vs. PHI", "WL": "W", "MIN": 35, "FGM": 10, "FGA": 18, "FG_PCT": 0.556, "FG3M": 1, "FG3A": 3, "FG3_PCT": 0.333, "FTM": 4, "FTA": 5, "FT_PCT": 0.8, "OREB": 2, "DREB": 6, "REB": 8, "AST": 1, "STL": 1, "BLK": 2, "TOV": 2, "PF": 3, "PTS": 25, "PLUS_MINUS": 7, "VIDEO_AVAILABLE": 1}, {"SEASON_ID": "22018", "Player_ID": 1628381, "Game_ID": "0021801145", "GAME_DATE": "MAR 31, 2019", "MATCHUP": "ATL vs. MIL", "WL": "W", "MIN": 38, "FGM": 9, "FGA": 14, "FG_PCT": 0.643, "FG3M": 3, "FG3A": 5, "FG3_PCT": 0.6, "FTM": 2, "FTA": 5, "FT_PCT": 0.4, "OREB": 3, "DREB": 9, "REB": 12, "AST": 4, "STL": 0, "BLK": 3, "TOV": 0, "PF": 1, "PTS": 23, "PLUS_MINUS": -3, "VIDEO_AVAILABLE": 1}, {"SEASON_ID": "22018", "Player_ID": 1628381, "Game_ID": "0021801131", "GAME_DATE": "MAR 29, 2019", "MATCHUP": "ATL vs. POR", "WL": "L", "MIN": 35, "FGM": 8, "FGA": 16, "FG_PCT": 0.5, "FG3M": 1, "FG3A": 5, "FG3_PCT": 0.2, "FTM": 3, "FTA": 3, "FT_PCT": 1.0, "OREB": 1, "DREB": 1, "REB": 2, "AST": 3, "STL": 0, "BLK": 2, "TOV": 2, "PF": 3, "PTS": 20, "PLUS_MINUS": -12, "VIDEO_AVAILABLE": 1}, {"SEASON_ID": "22018", "Player_ID": 1628381, "Game_ID": "0021801113", "GAME_DATE": "MAR 26, 2019", "MATCHUP": "ATL @ NOP", "WL": "W", "MIN": 20, "FGM": 5, "FGA": 12, "FG_PCT": 0.417, "FG3M": 0, "FG3A": 3, "FG3_PCT": 0.0, "FTM": 2, "FTA": 2, "FT_PCT": 1.0, "OREB": 3, "DREB": 4, "REB": 7, "AST": 0, "STL": 0, "BLK": 1, "TOV": 3, "PF": 6, "PTS": 12, "PLUS_MINUS": -4, "VIDEO_AVAILABLE": 1}, {"SEASON_ID": "22018", "Player_ID": 1628381, "Game_ID": "0021801088", "GAME_DATE": "MAR 23, 2019", "MATCHUP": "ATL vs. PHI", "WL": "W", "MIN": 30, "FGM": 4, "FGA": 10, "FG_PCT": 0.4, "FG3M": 1, "FG3A": 1, "FG3_PCT": 1.0, "FTM": 4, "FTA": 4, "FT_PCT": 1.0, "OREB": 3, "DREB": 6, "REB": 9, "AST": 2, "STL": 1, "BLK": 2, "TOV": 0, "PF": 0, "PTS": 13, "PLUS_MINUS": 17, "VIDEO_AVAILABLE": 1}, {"SEASON_ID": "22018", "Player_ID": 1628381, "Game_ID": "0021801076", "GAME_DATE": "MAR 21, 2019", "MATCHUP": "ATL vs. UTA", "WL": "W", "MIN": 27, "FGM": 4, "FGA": 10, "FG_PCT": 0.4, "FG3M": 1, "FG3A": 4, "FG3_PCT": 0.25, "FTM": 0, "FTA": 0, "FT_PCT": 0.0, "OREB": 2, "DREB": 6, "REB": 8, "AST": 1, "STL": 1, "BLK": 1, "TOV": 1, "PF": 6, "PTS": 9, "PLUS_MINUS": 3, "VIDEO_AVAILABLE": 1}, {"SEASON_ID": "22018", "Player_ID": 1628381, "Game_ID": "0021801060", "GAME_DATE": "MAR 19, 2019", "MATCHUP": "ATL vs. HOU", "WL": "L", "MIN": 31, "FGM": 9, "FGA": 14, "FG_PCT": 0.643, "FG3M": 0, "FG3A": 2, "FG3_PCT": 0.0, "FTM": 2, "FTA": 4, "FT_PCT": 0.5, "OREB": 2, "DREB": 8, "REB": 10, "AST": 1, "STL": 1, "BLK": 0, "TOV": 1, "PF": 2, "PTS": 20, "PLUS_MINUS": -18, "VIDEO_AVAILABLE": 1}, {"SEASON_ID": "22018", "Player_ID": 1628381, "Game_ID": "0021801046", "GAME_DATE": "MAR 17, 2019", "MATCHUP": "ATL @ ORL", "WL": "L", "MIN": 20, "FGM": 5, "FGA": 9, "FG_PCT": 0.556, "FG3M": 0, "FG3A": 1, "FG3_PCT": 0.0, "FTM": 0, "FTA": 0, "FT_PCT": 0.0, "OREB": 3, "DREB": 4, "REB": 7, "AST": 1, "STL": 0, "BLK": 1, "TOV": 1, "PF": 6, "PTS": 10, "PLUS_MINUS": -6, "VIDEO_AVAILABLE": 2}, {"SEASON_ID": "22018", "Player_ID": 1628381, "Game_ID": "0021801034", "GAME_DATE": "MAR 16, 2019", "MATCHUP": "ATL @ BOS", "WL": "L", "MIN": 34, "FGM": 7, "FGA": 19, "FG_PCT": 0.368, "FG3M": 0, "FG3A": 3, "FG3_PCT": 0.0, "FTM": 6, "FTA": 9, "FT_PCT": 0.667, "OREB": 9, "DREB": 2, "REB": 11, "AST": 6, "STL": 1, "BLK": 1, "TOV": 3, "PF": 4, "PTS": 20, "PLUS_MINUS": -3, "VIDEO_AVAILABLE": 2}, {"SEASON_ID": "22018", "Player_ID": 1628381, "Game_ID": "0021801016", "GAME_DATE": "MAR 13, 2019", "MATCHUP": "ATL vs. MEM", "WL": "W", "MIN": 25, "FGM": 11, "FGA": 17, "FG_PCT": 0.647, "FG3M": 1, "FG3A": 2, "FG3_PCT": 0.5, "FTM": 4, "FTA": 5, "FT_PCT": 0.8, "OREB": 5, "DREB": 7, "REB": 12, "AST": 1, "STL": 1, "BLK": 2, "TOV": 1, "PF": 1, "PTS": 27, "PLUS_MINUS": 28, "VIDEO_AVAILABLE": 1}, {"SEASON_ID": "22018", "Player_ID": 1628381, "Game_ID": "0021800995", "GAME_DATE": "MAR 10, 2019", "MATCHUP": "ATL vs. NOP", "WL": "W", "MIN": 30, "FGM": 9, "FGA": 15, "FG_PCT": 0.6, "FG3M": 2, "FG3A": 3, "FG3_PCT": 0.667, "FTM": 3, "FTA": 4, "FT_PCT": 0.75, "OREB": 3, "DREB": 7, "REB": 10, "AST": 0, "STL": 0, "BLK": 4, "TOV": 1, "PF": 3, "PTS": 23, "PLUS_MINUS": 6, "VIDEO_AVAILABLE": 1}, {"SEASON_ID": "22018", "Player_ID": 1628381, "Game_ID": "0021800987", "GAME_DATE": "MAR 09, 2019", "MATCHUP": "ATL vs. BKN", "WL": "L", "MIN": 30, "FGM": 13, "FGA": 20, "FG_PCT": 0.65, "FG3M": 0, "FG3A": 1, "FG3_PCT": 0.0, "FTM": 7, "FTA": 9, "FT_PCT": 0.778, "OREB": 6, "DREB": 13, "REB": 19, "AST": 2, "STL": 1, "BLK": 1, "TOV": 2, "PF": 5, "PTS": 33, "PLUS_MINUS": 3, "VIDEO_AVAILABLE": 1}, {"SEASON_ID": "22018", "Player_ID": 1628381, "Game_ID": "0021800968", "GAME_DATE": "MAR 06, 2019", "MATCHUP": "ATL vs. SAS", "WL": "L", "MIN": 25, "FGM": 6, "FGA": 11, "FG_PCT": 0.545, "FG3M": 0, "FG3A": 2, "FG3_PCT": 0.0, "FTM": 6, "FTA": 7, "FT_PCT": 0.857, "OREB": 3, "DREB": 7, "REB": 10, "AST": 2, "STL": 0, "BLK": 0, "TOV": 1, "PF": 1, "PTS": 18, "PLUS_MINUS": -14, "VIDEO_AVAILABLE": 1}, {"SEASON_ID": "22018", "Player_ID": 1628381, "Game_ID": "0021800912", "GAME_DATE": "FEB 27, 2019", "MATCHUP": "ATL vs. MIN", "WL": "W", "MIN": 33, "FGM": 13, "FGA": 21, "FG_PCT": 0.619, "FG3M": 2, "FG3A": 4, "FG3_PCT": 0.5, "FTM": 6, "FTA": 6, "FT_PCT": 1.0, "OREB": 1, "DREB": 7, "REB": 8, "AST": 0, "STL": 0, "BLK": 0, "TOV": 3, "PF": 4, "PTS": 34, "PLUS_MINUS": 9, "VIDEO_AVAILABLE": 1}, {"SEASON_ID": "22018", "Player_ID": 1628381, "Game_ID": "0021800903", "GAME_DATE": "FEB 25, 2019", "MATCHUP": "ATL @ HOU", "WL": "L", "MIN": 32, "FGM": 7, "FGA": 10, "FG_PCT": 0.7, "FG3M": 1, "FG3A": 1, "FG3_PCT": 1.0, "FTM": 5, "FTA": 7, "FT_PCT": 0.714, "OREB": 3, "DREB": 9, "REB": 12, "AST": 1, "STL": 1, "BLK": 0, "TOV": 2, "PF": 1, "PTS": 20, "PLUS_MINUS": -1, "VIDEO_AVAILABLE": 1}, {"SEASON_ID": "22018", "Player_ID": 1628381, "Game_ID": "0021800883", "GAME_DATE": "FEB 23, 2019", "MATCHUP": "ATL vs. PHX", "WL": "W", "MIN": 30, "FGM": 4, "FGA": 10, "FG_PCT": 0.4, "FG3M": 1, "FG3A": 3, "FG3_PCT": 0.333, "FTM": 10, "FTA": 10, "FT_PCT": 1.0, "OREB": 4, "DREB": 10, "REB": 14, "AST": 2, "STL": 0, "BLK": 0, "TOV": 2, "PF": 3, "PTS": 19, "PLUS_MINUS": 19, "VIDEO_AVAILABLE": 1}, {"SEASON_ID": "22018", "Player_ID": 1628381, "Game_ID": "0021800877", "GAME_DATE": "FEB 22, 2019", "MATCHUP": "ATL vs. DET", "WL": "L", "MIN": 34, "FGM": 6, "FGA": 16, "FG_PCT": 0.375, "FG3M": 3, "FG3A": 5, "FG3_PCT": 0.6, "FTM": 4, "FTA": 5, "FT_PCT": 0.8, "OREB": 4, "DREB": 2, "REB": 6, "AST": 0, "STL": 0, "BLK": 1, "TOV": 0, "PF": 2, "PTS": 19, "PLUS_MINUS": -4, "VIDEO_AVAILABLE": 1}, {"SEASON_ID": "22018", "Player_ID": 1628381, "Game_ID": "0021800865", "GAME_DATE": "FEB 14, 2019", "MATCHUP": "ATL vs. NYK", "WL": "L", "MIN": 25, "FGM": 4, "FGA": 11, "FG_PCT": 0.364, "FG3M": 0, "FG3A": 2, "FG3_PCT": 0.0, "FTM": 0, "FTA": 0, "FT_PCT": 0.0, "OREB": 1, "DREB": 0, "REB": 1, "AST": 0, "STL": 1, "BLK": 0, "TOV": 0, "PF": 3, "PTS": 8, "PLUS_MINUS": -10, "VIDEO_AVAILABLE": 1}, {"SEASON_ID": "22018", "Player_ID": 1628381, "Game_ID": "0021800848", "GAME_DATE": "FEB 12, 2019", "MATCHUP": "ATL vs. LAL", "WL": "W", "MIN": 34, "FGM": 8, "FGA": 15, "FG_PCT": 0.533, "FG3M": 2, "FG3A": 2, "FG3_PCT": 1.0, "FTM": 4, "FTA": 5, "FT_PCT": 0.8, "OREB": 0, "DREB": 8, "REB": 8, "AST": 3, "STL": 0, "BLK": 0, "TOV": 2, "PF": 5, "PTS": 22, "PLUS_MINUS": -2, "VIDEO_AVAILABLE": 1}, {"SEASON_ID": "22018", "Player_ID": 1628381, "Game_ID": "0021800837", "GAME_DATE": "FEB 10, 2019", "MATCHUP": "ATL vs. ORL", "WL": "L", "MIN": 25, "FGM": 5, "FGA": 12, "FG_PCT": 0.417, "FG3M": 0, "FG3A": 2, "FG3_PCT": 0.0, "FTM": 5, "FTA": 5, "FT_PCT": 1.0, "OREB": 2, "DREB": 2, "REB": 4, "AST": 2, "STL": 0, "BLK": 1, "TOV": 1, "PF": 2, "PTS": 15, "PLUS_MINUS": -22, "VIDEO_AVAILABLE": 1}, {"SEASON_ID": "22018", "Player_ID": 1628381, "Game_ID": "0021800827", "GAME_DATE": "FEB 09, 2019", "MATCHUP": "ATL vs. CHA", "WL": "L", "MIN": 35, "FGM": 8, "FGA": 12, "FG_PCT": 0.667, "FG3M": 0, "FG3A": 2, "FG3_PCT": 0.0, "FTM": 5, "FTA": 7, "FT_PCT": 0.714, "OREB": 4, "DREB": 1, "REB": 5, "AST": 0, "STL": 1, "BLK": 1, "TOV": 4, "PF": 5, "PTS": 21, "PLUS_MINUS": -12, "VIDEO_AVAILABLE": 1}, {"SEASON_ID": "22018", "Player_ID": 1628381, "Game_ID": "0021800813", "GAME_DATE": "FEB 07, 2019", "MATCHUP": "ATL vs. TOR", "WL": "L", "MIN": 32, "FGM": 5, "FGA": 11, "FG_PCT": 0.455, "FG3M": 1, "FG3A": 3, "FG3_PCT": 0.333, "FTM": 1, "FTA": 2, "FT_PCT": 0.5, "OREB": 1, "DREB": 11, "REB": 12, "AST": 1, "STL": 0, "BLK": 1, "TOV": 2, "PF": 5, "PTS": 12, "PLUS_MINUS": -12, "VIDEO_AVAILABLE": 1}, {"SEASON_ID": "22018", "Player_ID": 1628381, "Game_ID": "0021800791", "GAME_DATE": "FEB 04, 2019", "MATCHUP": "ATL @ WAS", "WL": "W", "MIN": 17, "FGM": 4, "FGA": 9, "FG_PCT": 0.444, "FG3M": 0, "FG3A": 0, "FG3_PCT": 0.0, "FTM": 7, "FTA": 8, "FT_PCT": 0.875, "OREB": 5, "DREB": 6, "REB": 11, "AST": 2, "STL": 0, "BLK": 0, "TOV": 1, "PF": 1, "PTS": 15, "PLUS_MINUS": -9, "VIDEO_AVAILABLE": 1}, {"SEASON_ID": "22018", "Player_ID": 1628381, "Game_ID": "0021800784", "GAME_DATE": "FEB 02, 2019", "MATCHUP": "ATL @ PHX", "WL": "W", "MIN": 39, "FGM": 13, "FGA": 20, "FG_PCT": 0.65, "FG3M": 2, "FG3A": 4, "FG3_PCT": 0.5, "FTM": 7, "FTA": 11, "FT_PCT": 0.636, "OREB": 10, "DREB": 6, "REB": 16, "AST": 2, "STL": 0, "BLK": 1, "TOV": 2, "PF": 2, "PTS": 35, "PLUS_MINUS": 15, "VIDEO_AVAILABLE": 1}, {"SEASON_ID": "22018", "Player_ID": 1628381, "Game_ID": "0021800773", "GAME_DATE": "FEB 01, 2019", "MATCHUP": "ATL @ UTA", "WL": "L", "MIN": 27, "FGM": 8, "FGA": 16, "FG_PCT": 0.5, "FG3M": 0, "FG3A": 4, "FG3_PCT": 0.0, "FTM": 3, "FTA": 4, "FT_PCT": 0.75, "OREB": 0, "DREB": 4, "REB": 4, "AST": 1, "STL": 1, "BLK": 1, "TOV": 3, "PF": 5, "PTS": 19, "PLUS_MINUS": -3, "VIDEO_AVAILABLE": 1}, {"SEASON_ID": "22018", "Player_ID": 1628381, "Game_ID": "0021800762", "GAME_DATE": "JAN 30, 2019", "MATCHUP": "ATL @ SAC", "WL": "L", "MIN": 25, "FGM": 5, "FGA": 15, "FG_PCT": 0.333, "FG3M": 0, "FG3A": 4, "FG3_PCT": 0.0, "FTM": 4, "FTA": 4, "FT_PCT": 1.0, "OREB": 4, "DREB": 3, "REB": 7, "AST": 1, "STL": 0, "BLK": 1, "TOV": 3, "PF": 1, "PTS": 14, "PLUS_MINUS": -12, "VIDEO_AVAILABLE": 1}, {"SEASON_ID": "22018", "Player_ID": 1628381, "Game_ID": "0021800748", "GAME_DATE": "JAN 28, 2019", "MATCHUP": "ATL @ LAC", "WL": "W", "MIN": 30, "FGM": 7, "FGA": 10, "FG_PCT": 0.7, "FG3M": 3, "FG3A": 5, "FG3_PCT": 0.6, "FTM": 5, "FTA": 5, "FT_PCT": 1.0, "OREB": 3, "DREB": 3, "REB": 6, "AST": 0, "STL": 2, "BLK": 0, "TOV": 2, "PF": 4, "PTS": 22, "PLUS_MINUS": -14, "VIDEO_AVAILABLE": 1}, {"SEASON_ID": "22018", "Player_ID": 1628381, "Game_ID": "0021800734", "GAME_DATE": "JAN 26, 2019", "MATCHUP": "ATL @ POR", "WL": "L", "MIN": 29, "FGM": 8, "FGA": 12, "FG_PCT": 0.667, "FG3M": 2, "FG3A": 3, "FG3_PCT": 0.667, "FTM": 3, "FTA": 4, "FT_PCT": 0.75, "OREB": 2, "DREB": 4, "REB": 6, "AST": 1, "STL": 0, "BLK": 0, "TOV": 0, "PF": 2, "PTS": 21, "PLUS_MINUS": 5, "VIDEO_AVAILABLE": 1}, {"SEASON_ID": "22018", "Player_ID": 1628381, "Game_ID": "0021800712", "GAME_DATE": "JAN 23, 2019", "MATCHUP": "ATL @ CHI", "WL": "W", "MIN": 29, "FGM": 14, "FGA": 16, "FG_PCT": 0.875, "FG3M": 4, "FG3A": 4, "FG3_PCT": 1.0, "FTM": 3, "FTA": 3, "FT_PCT": 1.0, "OREB": 3, "DREB": 5, "REB": 8, "AST": 2, "STL": 2, "BLK": 0, "TOV": 2, "PF": 4, "PTS": 35, "PLUS_MINUS": 33, "VIDEO_AVAILABLE": 1}, {"SEASON_ID": "22018", "Player_ID": 1628381, "Game_ID": "0021800695", "GAME_DATE": "JAN 21, 2019", "MATCHUP": "ATL vs. ORL", "WL": "L", "MIN": 32, "FGM": 5, "FGA": 12, "FG_PCT": 0.417, "FG3M": 1, "FG3A": 3, "FG3_PCT": 0.333, "FTM": 3, "FTA": 6, "FT_PCT": 0.5, "OREB": 3, "DREB": 7, "REB": 10, "AST": 3, "STL": 0, "BLK": 0, "TOV": 3, "PF": 4, "PTS": 14, "PLUS_MINUS": -12, "VIDEO_AVAILABLE": 1}, {"SEASON_ID": "22018", "Player_ID": 1628381, "Game_ID": "0021800683", "GAME_DATE": "JAN 19, 2019", "MATCHUP": "ATL vs. BOS", "WL": "L", "MIN": 29, "FGM": 5, "FGA": 7, "FG_PCT": 0.714, "FG3M": 1, "FG3A": 2, "FG3_PCT": 0.5, "FTM": 4, "FTA": 4, "FT_PCT": 1.0, "OREB": 3, "DREB": 8, "REB": 11, "AST": 3, "STL": 0, "BLK": 0, "TOV": 3, "PF": 4, "PTS": 15, "PLUS_MINUS": -3, "VIDEO_AVAILABLE": 1}, {"SEASON_ID": "22018", "Player_ID": 1628381, "Game_ID": "0021800653", "GAME_DATE": "JAN 15, 2019", "MATCHUP": "ATL vs. OKC", "WL": "W", "MIN": 28, "FGM": 12, "FGA": 14, "FG_PCT": 0.857, "FG3M": 0, "FG3A": 0, "FG3_PCT": 0.0, "FTM": 2, "FTA": 3, "FT_PCT": 0.667, "OREB": 2, "DREB": 3, "REB": 5, "AST": 2, "STL": 0, "BLK": 0, "TOV": 0, "PF": 4, "PTS": 26, "PLUS_MINUS": 14, "VIDEO_AVAILABLE": 1}, {"SEASON_ID": "22018", "Player_ID": 1628381, "Game_ID": "0021800640", "GAME_DATE": "JAN 13, 2019", "MATCHUP": "ATL vs. MIL", "WL": "L", "MIN": 34, "FGM": 6, "FGA": 17, "FG_PCT": 0.353, "FG3M": 0, "FG3A": 4, "FG3_PCT": 0.0, "FTM": 1, "FTA": 1, "FT_PCT": 1.0, "OREB": 3, "DREB": 8, "REB": 11, "AST": 4, "STL": 0, "BLK": 0, "TOV": 1, "PF": 5, "PTS": 13, "PLUS_MINUS": -12, "VIDEO_AVAILABLE": 1}, {"SEASON_ID": "22018", "Player_ID": 1628381, "Game_ID": "0021800621", "GAME_DATE": "JAN 11, 2019", "MATCHUP": "ATL @ PHI", "WL": "W", "MIN": 34, "FGM": 10, "FGA": 17, "FG_PCT": 0.588, "FG3M": 1, "FG3A": 1, "FG3_PCT": 1.0, "FTM": 4, "FTA": 6, "FT_PCT": 0.667, "OREB": 6, "DREB": 3, "REB": 9, "AST": 2, "STL": 1, "BLK": 0, "TOV": 1, "PF": 3, "PTS": 25, "PLUS_MINUS": 8, "VIDEO_AVAILABLE": 1}, {"SEASON_ID": "22018", "Player_ID": 1628381, "Game_ID": "0021800609", "GAME_DATE": "JAN 09, 2019", "MATCHUP": "ATL @ BKN", "WL": "L", "MIN": 35, "FGM": 12, "FGA": 21, "FG_PCT": 0.571, "FG3M": 1, "FG3A": 2, "FG3_PCT": 0.5, "FTM": 5, "FTA": 6, "FT_PCT": 0.833, "OREB": 9, "DREB": 5, "REB": 14, "AST": 1, "STL": 1, "BLK": 0, "TOV": 3, "PF": 2, "PTS": 30, "PLUS_MINUS": -14, "VIDEO_AVAILABLE": 1}, {"SEASON_ID": "22018", "Player_ID": 1628381, "Game_ID": "0021800602", "GAME_DATE": "JAN 08, 2019", "MATCHUP": "ATL @ TOR", "WL": "L", "MIN": 35, "FGM": 8, "FGA": 11, "FG_PCT": 0.727, "FG3M": 3, "FG3A": 3, "FG3_PCT": 1.0, "FTM": 2, "FTA": 3, "FT_PCT": 0.667, "OREB": 5, "DREB": 9, "REB": 14, "AST": 2, "STL": 1, "BLK": 0, "TOV": 4, "PF": 4, "PTS": 21, "PLUS_MINUS": 2, "VIDEO_AVAILABLE": 1}, {"SEASON_ID": "22018", "Player_ID": 1628381, "Game_ID": "0021800587", "GAME_DATE": "JAN 06, 2019", "MATCHUP": "ATL vs. MIA", "WL": "W", "MIN": 27, "FGM": 5, "FGA": 6, "FG_PCT": 0.833, "FG3M": 0, "FG3A": 0, "FG3_PCT": 0.0, "FTM": 3, "FTA": 3, "FT_PCT": 1.0, "OREB": 3, "DREB": 10, "REB": 13, "AST": 0, "STL": 0, "BLK": 1, "TOV": 2, "PF": 4, "PTS": 13, "PLUS_MINUS": 19, "VIDEO_AVAILABLE": 1}, {"SEASON_ID": "22018", "Player_ID": 1628381, "Game_ID": "0021800572", "GAME_DATE": "JAN 04, 2019", "MATCHUP": "ATL @ MIL", "WL": "L", "MIN": 26, "FGM": 4, "FGA": 9, "FG_PCT": 0.444, "FG3M": 0, "FG3A": 2, "FG3_PCT": 0.0, "FTM": 4, "FTA": 6, "FT_PCT": 0.667, "OREB": 2, "DREB": 5, "REB": 7, "AST": 2, "STL": 2, "BLK": 0, "TOV": 1, "PF": 4, "PTS": 12, "PLUS_MINUS": -13, "VIDEO_AVAILABLE": 1}, {"SEASON_ID": "22018", "Player_ID": 1628381, "Game_ID": "0021800556", "GAME_DATE": "JAN 02, 2019", "MATCHUP": "ATL @ WAS", "WL": "L", "MIN": 27, "FGM": 8, "FGA": 14, "FG_PCT": 0.571, "FG3M": 4, "FG3A": 5, "FG3_PCT": 0.8, "FTM": 1, "FTA": 2, "FT_PCT": 0.5, "OREB": 1, "DREB": 7, "REB": 8, "AST": 3, "STL": 0, "BLK": 0, "TOV": 2, "PF": 4, "PTS": 21, "PLUS_MINUS": -7, "VIDEO_AVAILABLE": 1}, {"SEASON_ID": "22018", "Player_ID": 1628381, "Game_ID": "0021800542", "GAME_DATE": "DEC 31, 2018", "MATCHUP": "ATL @ IND", "WL": "L", "MIN": 37, "FGM": 8, "FGA": 15, "FG_PCT": 0.533, "FG3M": 2, "FG3A": 4, "FG3_PCT": 0.5, "FTM": 4, "FTA": 4, "FT_PCT": 1.0, "OREB": 7, "DREB": 9, "REB": 16, "AST": 4, "STL": 0, "BLK": 0, "TOV": 0, "PF": 3, "PTS": 22, "PLUS_MINUS": -3, "VIDEO_AVAILABLE": 1}, {"SEASON_ID": "22018", "Player_ID": 1628381, "Game_ID": "0021800529", "GAME_DATE": "DEC 29, 2018", "MATCHUP": "ATL vs. CLE", "WL": "W", "MIN": 27, "FGM": 6, "FGA": 13, "FG_PCT": 0.462, "FG3M": 0, "FG3A": 1, "FG3_PCT": 0.0, "FTM": 2, "FTA": 3, "FT_PCT": 0.667, "OREB": 6, "DREB": 7, "REB": 13, "AST": 2, "STL": 0, "BLK": 0, "TOV": 2, "PF": 5, "PTS": 14, "PLUS_MINUS": 1, "VIDEO_AVAILABLE": 1}, {"SEASON_ID": "22018", "Player_ID": 1628381, "Game_ID": "0021800522", "GAME_DATE": "DEC 28, 2018", "MATCHUP": "ATL @ MIN", "WL": "W", "MIN": 39, "FGM": 9, "FGA": 15, "FG_PCT": 0.6, "FG3M": 0, "FG3A": 2, "FG3_PCT": 0.0, "FTM": 3, "FTA": 5, "FT_PCT": 0.6, "OREB": 5, "DREB": 5, "REB": 10, "AST": 4, "STL": 0, "BLK": 0, "TOV": 2, "PF": 5, "PTS": 21, "PLUS_MINUS": -2, "VIDEO_AVAILABLE": 1}, {"SEASON_ID": "22018", "Player_ID": 1628381, "Game_ID": "0021800504", "GAME_DATE": "DEC 26, 2018", "MATCHUP": "ATL vs. IND", "WL": "L", "MIN": 27, "FGM": 9, "FGA": 13, "FG_PCT": 0.692, "FG3M": 2, "FG3A": 3, "FG3_PCT": 0.667, "FTM": 1, "FTA": 2, "FT_PCT": 0.5, "OREB": 5, "DREB": 6, "REB": 11, "AST": 0, "STL": 0, "BLK": 1, "TOV": 2, "PF": 4, "PTS": 21, "PLUS_MINUS": 11, "VIDEO_AVAILABLE": 1}, {"SEASON_ID": "22018", "Player_ID": 1628381, "Game_ID": "0021800472", "GAME_DATE": "DEC 21, 2018", "MATCHUP": "ATL @ NYK", "WL": "W", "MIN": 33, "FGM": 7, "FGA": 15, "FG_PCT": 0.467, "FG3M": 0, "FG3A": 3, "FG3_PCT": 0.0, "FTM": 3, "FTA": 4, "FT_PCT": 0.75, "OREB": 5, "DREB": 11, "REB": 16, "AST": 4, "STL": 0, "BLK": 0, "TOV": 1, "PF": 2, "PTS": 17, "PLUS_MINUS": 17, "VIDEO_AVAILABLE": 1}, {"SEASON_ID": "22018", "Player_ID": 1628381, "Game_ID": "0021800452", "GAME_DATE": "DEC 18, 2018", "MATCHUP": "ATL vs. WAS", "WL": "W", "MIN": 25, "FGM": 7, "FGA": 14, "FG_PCT": 0.5, "FG3M": 1, "FG3A": 2, "FG3_PCT": 0.5, "FTM": 5, "FTA": 6, "FT_PCT": 0.833, "OREB": 6, "DREB": 7, "REB": 13, "AST": 3, "STL": 0, "BLK": 0, "TOV": 3, "PF": 4, "PTS": 20, "PLUS_MINUS": 7, "VIDEO_AVAILABLE": 1}, {"SEASON_ID": "22018", "Player_ID": 1628381, "Game_ID": "0021800436", "GAME_DATE": "DEC 16, 2018", "MATCHUP": "ATL @ BKN", "WL": "L", "MIN": 34, "FGM": 13, "FGA": 19, "FG_PCT": 0.684, "FG3M": 0, "FG3A": 1, "FG3_PCT": 0.0, "FTM": 3, "FTA": 6, "FT_PCT": 0.5, "OREB": 3, "DREB": 5, "REB": 8, "AST": 2, "STL": 0, "BLK": 1, "TOV": 3, "PF": 3, "PTS": 29, "PLUS_MINUS": -28, "VIDEO_AVAILABLE": 1}, {"SEASON_ID": "22018", "Player_ID": 1628381, "Game_ID": "0021800420", "GAME_DATE": "DEC 14, 2018", "MATCHUP": "ATL @ BOS", "WL": "L", "MIN": 29, "FGM": 2, "FGA": 8, "FG_PCT": 0.25, "FG3M": 0, "FG3A": 0, "FG3_PCT": 0.0, "FTM": 7, "FTA": 12, "FT_PCT": 0.583, "OREB": 7, "DREB": 7, "REB": 14, "AST": 1, "STL": 0, "BLK": 1, "TOV": 5, "PF": 3, "PTS": 11, "PLUS_MINUS": -7, "VIDEO_AVAILABLE": 1}, {"SEASON_ID": "22018", "Player_ID": 1628381, "Game_ID": "0021800412", "GAME_DATE": "DEC 12, 2018", "MATCHUP": "ATL @ DAL", "WL": "L", "MIN": 36, "FGM": 10, "FGA": 22, "FG_PCT": 0.455, "FG3M": 0, "FG3A": 3, "FG3_PCT": 0.0, "FTM": 0, "FTA": 1, "FT_PCT": 0.0, "OREB": 9, "DREB": 8, "REB": 17, "AST": 1, "STL": 0, "BLK": 1, "TOV": 5, "PF": 5, "PTS": 20, "PLUS_MINUS": 5, "VIDEO_AVAILABLE": 1}, {"SEASON_ID": "22018", "Player_ID": 1628381, "Game_ID": "0021800380", "GAME_DATE": "DEC 08, 2018", "MATCHUP": "ATL vs. DEN", "WL": "W", "MIN": 33, "FGM": 12, "FGA": 20, "FG_PCT": 0.6, "FG3M": 3, "FG3A": 6, "FG3_PCT": 0.5, "FTM": 3, "FTA": 4, "FT_PCT": 0.75, "OREB": 3, "DREB": 9, "REB": 12, "AST": 5, "STL": 0, "BLK": 1, "TOV": 1, "PF": 2, "PTS": 30, "PLUS_MINUS": 7, "VIDEO_AVAILABLE": 1}, {"SEASON_ID": "22018", "Player_ID": 1628381, "Game_ID": "0021800357", "GAME_DATE": "DEC 05, 2018", "MATCHUP": "ATL vs. WAS", "WL": "L", "MIN": 32, "FGM": 12, "FGA": 17, "FG_PCT": 0.706, "FG3M": 2, "FG3A": 4, "FG3_PCT": 0.5, "FTM": 0, "FTA": 1, "FT_PCT": 0.0, "OREB": 3, "DREB": 11, "REB": 14, "AST": 0, "STL": 0, "BLK": 0, "TOV": 2, "PF": 5, "PTS": 26, "PLUS_MINUS": -8, "VIDEO_AVAILABLE": 1}, {"SEASON_ID": "22018", "Player_ID": 1628381, "Game_ID": "0021800344", "GAME_DATE": "DEC 03, 2018", "MATCHUP": "ATL vs. GSW", "WL": "L", "MIN": 30, "FGM": 11, "FGA": 14, "FG_PCT": 0.786, "FG3M": 0, "FG3A": 1, "FG3_PCT": 0.0, "FTM": 2, "FTA": 3, "FT_PCT": 0.667, "OREB": 3, "DREB": 8, "REB": 11, "AST": 2, "STL": 0, "BLK": 1, "TOV": 2, "PF": 2, "PTS": 24, "PLUS_MINUS": -6, "VIDEO_AVAILABLE": 1}, {"SEASON_ID": "22018", "Player_ID": 1628381, "Game_ID": "0021800325", "GAME_DATE": "NOV 30, 2018", "MATCHUP": "ATL @ OKC", "WL": "L", "MIN": 33, "FGM": 9, "FGA": 15, "FG_PCT": 0.6, "FG3M": 0, "FG3A": 3, "FG3_PCT": 0.0, "FTM": 1, "FTA": 1, "FT_PCT": 1.0, "OREB": 4, "DREB": 7, "REB": 11, "AST": 1, "STL": 0, "BLK": 1, "TOV": 1, "PF": 0, "PTS": 19, "PLUS_MINUS": -8, "VIDEO_AVAILABLE": 1}, {"SEASON_ID": "22018", "Player_ID": 1628381, "Game_ID": "0021800306", "GAME_DATE": "NOV 28, 2018", "MATCHUP": "ATL @ CHA", "WL": "L", "MIN": 31, "FGM": 3, "FGA": 10, "FG_PCT": 0.3, "FG3M": 0, "FG3A": 3, "FG3_PCT": 0.0, "FTM": 3, "FTA": 3, "FT_PCT": 1.0, "OREB": 2, "DREB": 8, "REB": 10, "AST": 4, "STL": 1, "BLK": 0, "TOV": 3, "PF": 2, "PTS": 9, "PLUS_MINUS": -6, "VIDEO_AVAILABLE": 1}, {"SEASON_ID": "22018", "Player_ID": 1628381, "Game_ID": "0021800302", "GAME_DATE": "NOV 27, 2018", "MATCHUP": "ATL @ MIA", "WL": "W", "MIN": 29, "FGM": 6, "FGA": 10, "FG_PCT": 0.6, "FG3M": 0, "FG3A": 2, "FG3_PCT": 0.0, "FTM": 4, "FTA": 4, "FT_PCT": 1.0, "OREB": 0, "DREB": 4, "REB": 4, "AST": 2, "STL": 0, "BLK": 1, "TOV": 2, "PF": 2, "PTS": 16, "PLUS_MINUS": -5, "VIDEO_AVAILABLE": 1}, {"SEASON_ID": "22018", "Player_ID": 1628381, "Game_ID": "0021800288", "GAME_DATE": "NOV 25, 2018", "MATCHUP": "ATL vs. CHA", "WL": "W", "MIN": 30, "FGM": 11, "FGA": 16, "FG_PCT": 0.688, "FG3M": 0, "FG3A": 1, "FG3_PCT": 0.0, "FTM": 1, "FTA": 2, "FT_PCT": 0.5, "OREB": 4, "DREB": 7, "REB": 11, "AST": 4, "STL": 0, "BLK": 1, "TOV": 2, "PF": 4, "PTS": 23, "PLUS_MINUS": 16, "VIDEO_AVAILABLE": 1}, {"SEASON_ID": "22018", "Player_ID": 1628381, "Game_ID": "0021800268", "GAME_DATE": "NOV 23, 2018", "MATCHUP": "ATL vs. BOS", "WL": "L", "MIN": 30, "FGM": 7, "FGA": 8, "FG_PCT": 0.875, "FG3M": 0, "FG3A": 0, "FG3_PCT": 0.0, "FTM": 2, "FTA": 4, "FT_PCT": 0.5, "OREB": 1, "DREB": 6, "REB": 7, "AST": 1, "STL": 0, "BLK": 0, "TOV": 5, "PF": 4, "PTS": 16, "PLUS_MINUS": -11, "VIDEO_AVAILABLE": 1}, {"SEASON_ID": "22018", "Player_ID": 1628381, "Game_ID": "0021800254", "GAME_DATE": "NOV 21, 2018", "MATCHUP": "ATL vs. TOR", "WL": "L", "MIN": 27, "FGM": 3, "FGA": 9, "FG_PCT": 0.333, "FG3M": 0, "FG3A": 3, "FG3_PCT": 0.0, "FTM": 0, "FTA": 0, "FT_PCT": 0.0, "OREB": 1, "DREB": 5, "REB": 6, "AST": 4, "STL": 0, "BLK": 0, "TOV": 2, "PF": 3, "PTS": 6, "PLUS_MINUS": -10, "VIDEO_AVAILABLE": 1}, {"SEASON_ID": "22018", "Player_ID": 1628381, "Game_ID": "0021800243", "GAME_DATE": "NOV 19, 2018", "MATCHUP": "ATL vs. LAC", "WL": "L", "MIN": 21, "FGM": 7, "FGA": 10, "FG_PCT": 0.7, "FG3M": 2, "FG3A": 3, "FG3_PCT": 0.667, "FTM": 2, "FTA": 2, "FT_PCT": 1.0, "OREB": 2, "DREB": 1, "REB": 3, "AST": 6, "STL": 0, "BLK": 0, "TOV": 0, "PF": 5, "PTS": 18, "PLUS_MINUS": -2, "VIDEO_AVAILABLE": 1}, {"SEASON_ID": "22018", "Player_ID": 1628381, "Game_ID": "0021800226", "GAME_DATE": "NOV 17, 2018", "MATCHUP": "ATL @ IND", "WL": "L", "MIN": 12, "FGM": 3, "FGA": 6, "FG_PCT": 0.5, "FG3M": 0, "FG3A": 1, "FG3_PCT": 0.0, "FTM": 6, "FTA": 7, "FT_PCT": 0.857, "OREB": 1, "DREB": 1, "REB": 2, "AST": 0, "STL": 0, "BLK": 1, "TOV": 3, "PF": 1, "PTS": 12, "PLUS_MINUS": 14, "VIDEO_AVAILABLE": 1}, {"SEASON_ID": "22017", "Player_ID": 1628381, "Game_ID": "0021701214", "GAME_DATE": "APR 10, 2018", "MATCHUP": "ATL vs. PHI", "WL": "L", "MIN": 31, "FGM": 5, "FGA": 10, "FG_PCT": 0.5, "FG3M": 1, "FG3A": 2, "FG3_PCT": 0.5, "FTM": 2, "FTA": 5, "FT_PCT": 0.4, "OREB": 3, "DREB": 6, "REB": 9, "AST": 5, "STL": 1, "BLK": 0, "TOV": 2, "PF": 2, "PTS": 13, "PLUS_MINUS": 3, "VIDEO_AVAILABLE": 1}, {"SEASON_ID": "22017", "Player_ID": 1628381, "Game_ID": "0021701202", "GAME_DATE": "APR 08, 2018", "MATCHUP": "ATL @ BOS", "WL": "W", "MIN": 33, "FGM": 5, "FGA": 9, "FG_PCT": 0.556, "FG3M": 0, "FG3A": 2, "FG3_PCT": 0.0, "FTM": 2, "FTA": 2, "FT_PCT": 1.0, "OREB": 1, "DREB": 4, "REB": 5, "AST": 3, "STL": 3, "BLK": 1, "TOV": 3, "PF": 5, "PTS": 12, "PLUS_MINUS": -2, "VIDEO_AVAILABLE": 1}, {"SEASON_ID": "22017", "Player_ID": 1628381, "Game_ID": "0021701184", "GAME_DATE": "APR 06, 2018", "MATCHUP": "ATL @ WAS", "WL": "W", "MIN": 31, "FGM": 5, "FGA": 9, "FG_PCT": 0.556, "FG3M": 0, "FG3A": 0, "FG3_PCT": 0.0, "FTM": 0, "FTA": 3, "FT_PCT": 0.0, "OREB": 3, "DREB": 7, "REB": 10, "AST": 5, "STL": 0, "BLK": 1, "TOV": 1, "PF": 2, "PTS": 10, "PLUS_MINUS": -6, "VIDEO_AVAILABLE": 1}, {"SEASON_ID": "22017", "Player_ID": 1628381, "Game_ID": "0021701172", "GAME_DATE": "APR 04, 2018", "MATCHUP": "ATL vs. MIA", "WL": "L", "MIN": 27, "FGM": 3, "FGA": 9, "FG_PCT": 0.333, "FG3M": 1, "FG3A": 2, "FG3_PCT": 0.5, "FTM": 2, "FTA": 4, "FT_PCT": 0.5, "OREB": 2, "DREB": 6, "REB": 8, "AST": 4, "STL": 0, "BLK": 1, "TOV": 3, "PF": 1, "PTS": 9, "PLUS_MINUS": -18, "VIDEO_AVAILABLE": 1}, {"SEASON_ID": "22017", "Player_ID": 1628381, "Game_ID": "0021701158", "GAME_DATE": "APR 03, 2018", "MATCHUP": "ATL @ MIA", "WL": "L", "MIN": 33, "FGM": 7, "FGA": 14, "FG_PCT": 0.5, "FG3M": 3, "FG3A": 7, "FG3_PCT": 0.429, "FTM": 2, "FTA": 3, "FT_PCT": 0.667, "OREB": 0, "DREB": 10, "REB": 10, "AST": 1, "STL": 1, "BLK": 1, "TOV": 2, "PF": 3, "PTS": 19, "PLUS_MINUS": 5, "VIDEO_AVAILABLE": 1}, {"SEASON_ID": "22017", "Player_ID": 1628381, "Game_ID": "0021701147", "GAME_DATE": "APR 01, 2018", "MATCHUP": "ATL vs. ORL", "WL": "W", "MIN": 33, "FGM": 5, "FGA": 9, "FG_PCT": 0.556, "FG3M": 0, "FG3A": 3, "FG3_PCT": 0.0, "FTM": 0, "FTA": 0, "FT_PCT": 0.0, "OREB": 0, "DREB": 11, "REB": 11, "AST": 1, "STL": 0, "BLK": 2, "TOV": 0, "PF": 0, "PTS": 10, "PLUS_MINUS": 1, "VIDEO_AVAILABLE": 1}, {"SEASON_ID": "22017", "Player_ID": 1628381, "Game_ID": "0021701130", "GAME_DATE": "MAR 30, 2018", "MATCHUP": "ATL vs. PHI", "WL": "L", "MIN": 30, "FGM": 2, "FGA": 3, "FG_PCT": 0.667, "FG3M": 1, "FG3A": 1, "FG3_PCT": 1.0, "FTM": 0, "FTA": 2, "FT_PCT": 0.0, "OREB": 4, "DREB": 6, "REB": 10, "AST": 6, "STL": 1, "BLK": 2, "TOV": 3, "PF": 4, "PTS": 5, "PLUS_MINUS": 6, "VIDEO_AVAILABLE": 1}, {"SEASON_ID": "22017", "Player_ID": 1628381, "Game_ID": "0021701120", "GAME_DATE": "MAR 28, 2018", "MATCHUP": "ATL @ MIN", "WL": "L", "MIN": 24, "FGM": 4, "FGA": 6, "FG_PCT": 0.667, "FG3M": 1, "FG3A": 2, "FG3_PCT": 0.5, "FTM": 1, "FTA": 2, "FT_PCT": 0.5, "OREB": 0, "DREB": 5, "REB": 5, "AST": 0, "STL": 1, "BLK": 1, "TOV": 0, "PF": 1, "PTS": 10, "PLUS_MINUS": -8, "VIDEO_AVAILABLE": 1}, {"SEASON_ID": "22017", "Player_ID": 1628381, "Game_ID": "0021701101", "GAME_DATE": "MAR 25, 2018", "MATCHUP": "ATL @ HOU", "WL": "L", "MIN": 25, "FGM": 2, "FGA": 3, "FG_PCT": 0.667, "FG3M": 0, "FG3A": 0, "FG3_PCT": 0.0, "FTM": 2, "FTA": 2, "FT_PCT": 1.0, "OREB": 0, "DREB": 10, "REB": 10, "AST": 2, "STL": 0, "BLK": 1, "TOV": 2, "PF": 1, "PTS": 6, "PLUS_MINUS": -10, "VIDEO_AVAILABLE": 1}, {"SEASON_ID": "22017", "Player_ID": 1628381, "Game_ID": "0021701087", "GAME_DATE": "MAR 23, 2018", "MATCHUP": "ATL @ GSW", "WL": "L", "MIN": 32, "FGM": 4, "FGA": 7, "FG_PCT": 0.571, "FG3M": 0, "FG3A": 1, "FG3_PCT": 0.0, "FTM": 1, "FTA": 2, "FT_PCT": 0.5, "OREB": 1, "DREB": 6, "REB": 7, "AST": 1, "STL": 0, "BLK": 1, "TOV": 1, "PF": 1, "PTS": 9, "PLUS_MINUS": -8, "VIDEO_AVAILABLE": 1}, {"SEASON_ID": "22017", "Player_ID": 1628381, "Game_ID": "0021701041", "GAME_DATE": "MAR 17, 2018", "MATCHUP": "ATL @ MIL", "WL": "L", "MIN": 26, "FGM": 6, "FGA": 8, "FG_PCT": 0.75, "FG3M": 0, "FG3A": 0, "FG3_PCT": 0.0, "FTM": 3, "FTA": 3, "FT_PCT": 1.0, "OREB": 2, "DREB": 10, "REB": 12, "AST": 1, "STL": 0, "BLK": 0, "TOV": 2, "PF": 4, "PTS": 15, "PLUS_MINUS": 13, "VIDEO_AVAILABLE": 1}, {"SEASON_ID": "22017", "Player_ID": 1628381, "Game_ID": "0021701021", "GAME_DATE": "MAR 15, 2018", "MATCHUP": "ATL vs. CHA", "WL": "L", "MIN": 29, "FGM": 7, "FGA": 10, "FG_PCT": 0.7, "FG3M": 2, "FG3A": 3, "FG3_PCT": 0.667, "FTM": 5, "FTA": 7, "FT_PCT": 0.714, "OREB": 0, "DREB": 9, "REB": 9, "AST": 2, "STL": 2, "BLK": 0, "TOV": 2, "PF": 5, "PTS": 21, "PLUS_MINUS": -19, "VIDEO_AVAILABLE": 1}, {"SEASON_ID": "22017", "Player_ID": 1628381, "Game_ID": "0021701007", "GAME_DATE": "MAR 13, 2018", "MATCHUP": "ATL vs. OKC", "WL": "L", "MIN": 31, "FGM": 5, "FGA": 10, "FG_PCT": 0.5, "FG3M": 0, "FG3A": 0, "FG3_PCT": 0.0, "FTM": 0, "FTA": 0, "FT_PCT": 0.0, "OREB": 3, "DREB": 6, "REB": 9, "AST": 2, "STL": 0, "BLK": 1, "TOV": 3, "PF": 6, "PTS": 10, "PLUS_MINUS": -22, "VIDEO_AVAILABLE": 1}, {"SEASON_ID": "22017", "Player_ID": 1628381, "Game_ID": "0021700993", "GAME_DATE": "MAR 11, 2018", "MATCHUP": "ATL vs. CHI", "WL": "L", "MIN": 27, "FGM": 5, "FGA": 8, "FG_PCT": 0.625, "FG3M": 0, "FG3A": 0, "FG3_PCT": 0.0, "FTM": 5, "FTA": 6, "FT_PCT": 0.833, "OREB": 0, "DREB": 7, "REB": 7, "AST": 0, "STL": 0, "BLK": 1, "TOV": 1, "PF": 2, "PTS": 15, "PLUS_MINUS": -6, "VIDEO_AVAILABLE": 1}, {"SEASON_ID": "22017", "Player_ID": 1628381, "Game_ID": "0021700978", "GAME_DATE": "MAR 09, 2018", "MATCHUP": "ATL @ IND", "WL": "L", "MIN": 26, "FGM": 4, "FGA": 6, "FG_PCT": 0.667, "FG3M": 0, "FG3A": 2, "FG3_PCT": 0.0, "FTM": 0, "FTA": 0, "FT_PCT": 0.0, "OREB": 1, "DREB": 5, "REB": 6, "AST": 3, "STL": 1, "BLK": 0, "TOV": 1, "PF": 0, "PTS": 8, "PLUS_MINUS": -25, "VIDEO_AVAILABLE": 1}, {"SEASON_ID": "22017", "Player_ID": 1628381, "Game_ID": "0021700958", "GAME_DATE": "MAR 06, 2018", "MATCHUP": "ATL @ TOR", "WL": "L", "MIN": 29, "FGM": 6, "FGA": 12, "FG_PCT": 0.5, "FG3M": 0, "FG3A": 1, "FG3_PCT": 0.0, "FTM": 2, "FTA": 2, "FT_PCT": 1.0, "OREB": 1, "DREB": 2, "REB": 3, "AST": 3, "STL": 1, "BLK": 0, "TOV": 2, "PF": 3, "PTS": 14, "PLUS_MINUS": -6, "VIDEO_AVAILABLE": 1}, {"SEASON_ID": "22017", "Player_ID": 1628381, "Game_ID": "0021700943", "GAME_DATE": "MAR 04, 2018", "MATCHUP": "ATL vs. PHX", "WL": "W", "MIN": 22, "FGM": 1, "FGA": 6, "FG_PCT": 0.167, "FG3M": 0, "FG3A": 1, "FG3_PCT": 0.0, "FTM": 2, "FTA": 2, "FT_PCT": 1.0, "OREB": 4, "DREB": 3, "REB": 7, "AST": 2, "STL": 2, "BLK": 0, "TOV": 3, "PF": 5, "PTS": 4, "PLUS_MINUS": -9, "VIDEO_AVAILABLE": 1}, {"SEASON_ID": "22017", "Player_ID": 1628381, "Game_ID": "0021700928", "GAME_DATE": "MAR 02, 2018", "MATCHUP": "ATL vs. GSW", "WL": "L", "MIN": 32, "FGM": 6, "FGA": 7, "FG_PCT": 0.857, "FG3M": 1, "FG3A": 1, "FG3_PCT": 1.0, "FTM": 3, "FTA": 3, "FT_PCT": 1.0, "OREB": 1, "DREB": 7, "REB": 8, "AST": 2, "STL": 0, "BLK": 1, "TOV": 2, "PF": 3, "PTS": 16, "PLUS_MINUS": 12, "VIDEO_AVAILABLE": 1}, {"SEASON_ID": "22017", "Player_ID": 1628381, "Game_ID": "0021700915", "GAME_DATE": "FEB 28, 2018", "MATCHUP": "ATL vs. IND", "WL": "W", "MIN": 27, "FGM": 7, "FGA": 9, "FG_PCT": 0.778, "FG3M": 0, "FG3A": 0, "FG3_PCT": 0.0, "FTM": 2, "FTA": 3, "FT_PCT": 0.667, "OREB": 4, "DREB": 3, "REB": 7, "AST": 2, "STL": 0, "BLK": 2, "TOV": 2, "PF": 4, "PTS": 16, "PLUS_MINUS": 9, "VIDEO_AVAILABLE": 2}, {"SEASON_ID": "22017", "Player_ID": 1628381, "Game_ID": "0021700897", "GAME_DATE": "FEB 26, 2018", "MATCHUP": "ATL vs. LAL", "WL": "L", "MIN": 24, "FGM": 3, "FGA": 8, "FG_PCT": 0.375, "FG3M": 0, "FG3A": 0, "FG3_PCT": 0.0, "FTM": 0, "FTA": 0, "FT_PCT": 0.0, "OREB": 3, "DREB": 6, "REB": 9, "AST": 0, "STL": 1, "BLK": 1, "TOV": 1, "PF": 4, "PTS": 6, "PLUS_MINUS": -4, "VIDEO_AVAILABLE": 1}, {"SEASON_ID": "22017", "Player_ID": 1628381, "Game_ID": "0021700874", "GAME_DATE": "FEB 23, 2018", "MATCHUP": "ATL @ IND", "WL": "L", "MIN": 30, "FGM": 4, "FGA": 6, "FG_PCT": 0.667, "FG3M": 0, "FG3A": 0, "FG3_PCT": 0.0, "FTM": 1, "FTA": 2, "FT_PCT": 0.5, "OREB": 2, "DREB": 7, "REB": 9, "AST": 0, "STL": 0, "BLK": 2, "TOV": 0, "PF": 3, "PTS": 9, "PLUS_MINUS": -20, "VIDEO_AVAILABLE": 1}, {"SEASON_ID": "22017", "Player_ID": 1628381, "Game_ID": "0021700853", "GAME_DATE": "FEB 14, 2018", "MATCHUP": "ATL @ DET", "WL": "L", "MIN": 31, "FGM": 3, "FGA": 8, "FG_PCT": 0.375, "FG3M": 0, "FG3A": 2, "FG3_PCT": 0.0, "FTM": 5, "FTA": 6, "FT_PCT": 0.833, "OREB": 1, "DREB": 9, "REB": 10, "AST": 0, "STL": 1, "BLK": 2, "TOV": 1, "PF": 5, "PTS": 11, "PLUS_MINUS": 4, "VIDEO_AVAILABLE": 1}, {"SEASON_ID": "22017", "Player_ID": 1628381, "Game_ID": "0021700848", "GAME_DATE": "FEB 13, 2018", "MATCHUP": "ATL @ MIL", "WL": "L", "MIN": 23, "FGM": 2, "FGA": 5, "FG_PCT": 0.4, "FG3M": 0, "FG3A": 0, "FG3_PCT": 0.0, "FTM": 0, "FTA": 0, "FT_PCT": 0.0, "OREB": 4, "DREB": 1, "REB": 5, "AST": 1, "STL": 1, "BLK": 4, "TOV": 0, "PF": 1, "PTS": 4, "PLUS_MINUS": -5, "VIDEO_AVAILABLE": 1}, {"SEASON_ID": "22017", "Player_ID": 1628381, "Game_ID": "0021700834", "GAME_DATE": "FEB 11, 2018", "MATCHUP": "ATL vs. DET", "WL": "W", "MIN": 18, "FGM": 4, "FGA": 7, "FG_PCT": 0.571, "FG3M": 0, "FG3A": 0, "FG3_PCT": 0.0, "FTM": 1, "FTA": 2, "FT_PCT": 0.5, "OREB": 0, "DREB": 3, "REB": 3, "AST": 3, "STL": 0, "BLK": 0, "TOV": 0, "PF": 6, "PTS": 9, "PLUS_MINUS": -5, "VIDEO_AVAILABLE": 1}, {"SEASON_ID": "22017", "Player_ID": 1628381, "Game_ID": "0021700819", "GAME_DATE": "FEB 09, 2018", "MATCHUP": "ATL vs. CLE", "WL": "L", "MIN": 20, "FGM": 1, "FGA": 3, "FG_PCT": 0.333, "FG3M": 0, "FG3A": 0, "FG3_PCT": 0.0, "FTM": 0, "FTA": 0, "FT_PCT": 0.0, "OREB": 2, "DREB": 5, "REB": 7, "AST": 0, "STL": 0, "BLK": 0, "TOV": 1, "PF": 3, "PTS": 2, "PLUS_MINUS": -25, "VIDEO_AVAILABLE": 1}, {"SEASON_ID": "22017", "Player_ID": 1628381, "Game_ID": "0021700811", "GAME_DATE": "FEB 08, 2018", "MATCHUP": "ATL @ ORL", "WL": "L", "MIN": 26, "FGM": 4, "FGA": 9, "FG_PCT": 0.444, "FG3M": 1, "FG3A": 1, "FG3_PCT": 1.0, "FTM": 0, "FTA": 0, "FT_PCT": 0.0, "OREB": 4, "DREB": 8, "REB": 12, "AST": 0, "STL": 1, "BLK": 2, "TOV": 2, "PF": 0, "PTS": 9, "PLUS_MINUS": 7, "VIDEO_AVAILABLE": 1}, {"SEASON_ID": "22017", "Player_ID": 1628381, "Game_ID": "0021700799", "GAME_DATE": "FEB 06, 2018", "MATCHUP": "ATL vs. MEM", "WL": "W", "MIN": 26, "FGM": 6, "FGA": 9, "FG_PCT": 0.667, "FG3M": 0, "FG3A": 1, "FG3_PCT": 0.0, "FTM": 3, "FTA": 5, "FT_PCT": 0.6, "OREB": 3, "DREB": 7, "REB": 10, "AST": 1, "STL": 1, "BLK": 0, "TOV": 2, "PF": 2, "PTS": 15, "PLUS_MINUS": 5, "VIDEO_AVAILABLE": 1}, {"SEASON_ID": "22017", "Player_ID": 1628381, "Game_ID": "0021700786", "GAME_DATE": "FEB 04, 2018", "MATCHUP": "ATL @ NYK", "WL": "W", "MIN": 22, "FGM": 2, "FGA": 8, "FG_PCT": 0.25, "FG3M": 0, "FG3A": 0, "FG3_PCT": 0.0, "FTM": 2, "FTA": 3, "FT_PCT": 0.667, "OREB": 3, "DREB": 2, "REB": 5, "AST": 1, "STL": 2, "BLK": 1, "TOV": 3, "PF": 1, "PTS": 6, "PLUS_MINUS": 0, "VIDEO_AVAILABLE": 1}, {"SEASON_ID": "22017", "Player_ID": 1628381, "Game_ID": "0021700767", "GAME_DATE": "FEB 02, 2018", "MATCHUP": "ATL @ BOS", "WL": "L", "MIN": 25, "FGM": 4, "FGA": 5, "FG_PCT": 0.8, "FG3M": 0, "FG3A": 0, "FG3_PCT": 0.0, "FTM": 0, "FTA": 0, "FT_PCT": 0.0, "OREB": 0, "DREB": 1, "REB": 1, "AST": 0, "STL": 0, "BLK": 1, "TOV": 1, "PF": 2, "PTS": 8, "PLUS_MINUS": -3, "VIDEO_AVAILABLE": 1}, {"SEASON_ID": "22017", "Player_ID": 1628381, "Game_ID": "0021700755", "GAME_DATE": "JAN 31, 2018", "MATCHUP": "ATL vs. CHA", "WL": "L", "MIN": 21, "FGM": 5, "FGA": 6, "FG_PCT": 0.833, "FG3M": 0, "FG3A": 0, "FG3_PCT": 0.0, "FTM": 2, "FTA": 2, "FT_PCT": 1.0, "OREB": 1, "DREB": 2, "REB": 3, "AST": 1, "STL": 0, "BLK": 1, "TOV": 0, "PF": 3, "PTS": 12, "PLUS_MINUS": -13, "VIDEO_AVAILABLE": 1}, {"SEASON_ID": "22017", "Player_ID": 1628381, "Game_ID": "0021700739", "GAME_DATE": "JAN 29, 2018", "MATCHUP": "ATL vs. MIN", "WL": "W", "MIN": 20, "FGM": 4, "FGA": 4, "FG_PCT": 1.0, "FG3M": 0, "FG3A": 0, "FG3_PCT": 0.0, "FTM": 0, "FTA": 0, "FT_PCT": 0.0, "OREB": 3, "DREB": 8, "REB": 11, "AST": 0, "STL": 0, "BLK": 0, "TOV": 3, "PF": 1, "PTS": 8, "PLUS_MINUS": -4, "VIDEO_AVAILABLE": 1}, {"SEASON_ID": "22017", "Player_ID": 1628381, "Game_ID": "0021700726", "GAME_DATE": "JAN 27, 2018", "MATCHUP": "ATL vs. WAS", "WL": "L", "MIN": 18, "FGM": 3, "FGA": 4, "FG_PCT": 0.75, "FG3M": 1, "FG3A": 2, "FG3_PCT": 0.5, "FTM": 1, "FTA": 1, "FT_PCT": 1.0, "OREB": 1, "DREB": 2, "REB": 3, "AST": 1, "STL": 0, "BLK": 2, "TOV": 1, "PF": 4, "PTS": 8, "PLUS_MINUS": -8, "VIDEO_AVAILABLE": 1}, {"SEASON_ID": "22017", "Player_ID": 1628381, "Game_ID": "0021700714", "GAME_DATE": "JAN 26, 2018", "MATCHUP": "ATL @ CHA", "WL": "L", "MIN": 21, "FGM": 4, "FGA": 5, "FG_PCT": 0.8, "FG3M": 2, "FG3A": 2, "FG3_PCT": 1.0, "FTM": 0, "FTA": 0, "FT_PCT": 0.0, "OREB": 4, "DREB": 5, "REB": 9, "AST": 0, "STL": 1, "BLK": 1, "TOV": 1, "PF": 3, "PTS": 10, "PLUS_MINUS": 7, "VIDEO_AVAILABLE": 1}, {"SEASON_ID": "22017", "Player_ID": 1628381, "Game_ID": "0021700705", "GAME_DATE": "JAN 24, 2018", "MATCHUP": "ATL vs. TOR", "WL": "L", "MIN": 26, "FGM": 5, "FGA": 13, "FG_PCT": 0.385, "FG3M": 0, "FG3A": 1, "FG3_PCT": 0.0, "FTM": 3, "FTA": 4, "FT_PCT": 0.75, "OREB": 3, "DREB": 13, "REB": 16, "AST": 0, "STL": 0, "BLK": 4, "TOV": 1, "PF": 3, "PTS": 13, "PLUS_MINUS": 15, "VIDEO_AVAILABLE": 1}, {"SEASON_ID": "22017", "Player_ID": 1628381, "Game_ID": "0021700688", "GAME_DATE": "JAN 22, 2018", "MATCHUP": "ATL vs. UTA", "WL": "W", "MIN": 21, "FGM": 3, "FGA": 4, "FG_PCT": 0.75, "FG3M": 1, "FG3A": 1, "FG3_PCT": 1.0, "FTM": 1, "FTA": 1, "FT_PCT": 1.0, "OREB": 4, "DREB": 3, "REB": 7, "AST": 1, "STL": 0, "BLK": 1, "TOV": 0, "PF": 1, "PTS": 8, "PLUS_MINUS": 17, "VIDEO_AVAILABLE": 1}, {"SEASON_ID": "22017", "Player_ID": 1628381, "Game_ID": "0021700675", "GAME_DATE": "JAN 20, 2018", "MATCHUP": "ATL vs. CHI", "WL": "L", "MIN": 24, "FGM": 1, "FGA": 5, "FG_PCT": 0.2, "FG3M": 0, "FG3A": 2, "FG3_PCT": 0.0, "FTM": 2, "FTA": 4, "FT_PCT": 0.5, "OREB": 3, "DREB": 6, "REB": 9, "AST": 4, "STL": 1, "BLK": 1, "TOV": 0, "PF": 3, "PTS": 4, "PLUS_MINUS": -5, "VIDEO_AVAILABLE": 1}, {"SEASON_ID": "22017", "Player_ID": 1628381, "Game_ID": "0021700654", "GAME_DATE": "JAN 17, 2018", "MATCHUP": "ATL vs. NOP", "WL": "W", "MIN": 26, "FGM": 7, "FGA": 8, "FG_PCT": 0.875, "FG3M": 0, "FG3A": 0, "FG3_PCT": 0.0, "FTM": 4, "FTA": 4, "FT_PCT": 1.0, "OREB": 1, "DREB": 4, "REB": 5, "AST": 1, "STL": 0, "BLK": 1, "TOV": 0, "PF": 2, "PTS": 18, "PLUS_MINUS": 2, "VIDEO_AVAILABLE": 1}, {"SEASON_ID": "22017", "Player_ID": 1628381, "Game_ID": "0021700641", "GAME_DATE": "JAN 15, 2018", "MATCHUP": "ATL vs. SAS", "WL": "W", "MIN": 22, "FGM": 5, "FGA": 8, "FG_PCT": 0.625, "FG3M": 0, "FG3A": 1, "FG3_PCT": 0.0, "FTM": 2, "FTA": 2, "FT_PCT": 1.0, "OREB": 2, "DREB": 6, "REB": 8, "AST": 1, "STL": 1, "BLK": 0, "TOV": 1, "PF": 5, "PTS": 12, "PLUS_MINUS": 1, "VIDEO_AVAILABLE": 1}, {"SEASON_ID": "22017", "Player_ID": 1628381, "Game_ID": "0021700621", "GAME_DATE": "JAN 12, 2018", "MATCHUP": "ATL vs. BKN", "WL": "L", "MIN": 15, "FGM": 2, "FGA": 4, "FG_PCT": 0.5, "FG3M": 0, "FG3A": 1, "FG3_PCT": 0.0, "FTM": 1, "FTA": 1, "FT_PCT": 1.0, "OREB": 2, "DREB": 8, "REB": 10, "AST": 0, "STL": 0, "BLK": 1, "TOV": 3, "PF": 3, "PTS": 5, "PLUS_MINUS": 5, "VIDEO_AVAILABLE": 1}, {"SEASON_ID": "22017", "Player_ID": 1628381, "Game_ID": "0021700612", "GAME_DATE": "JAN 10, 2018", "MATCHUP": "ATL @ DEN", "WL": "W", "MIN": 17, "FGM": 3, "FGA": 4, "FG_PCT": 0.75, "FG3M": 0, "FG3A": 0, "FG3_PCT": 0.0, "FTM": 2, "FTA": 2, "FT_PCT": 1.0, "OREB": 0, "DREB": 2, "REB": 2, "AST": 2, "STL": 0, "BLK": 1, "TOV": 1, "PF": 5, "PTS": 8, "PLUS_MINUS": 1, "VIDEO_AVAILABLE": 1}, {"SEASON_ID": "22017", "Player_ID": 1628381, "Game_ID": "0021700598", "GAME_DATE": "JAN 08, 2018", "MATCHUP": "ATL @ LAC", "WL": "L", "MIN": 8, "FGM": 1, "FGA": 1, "FG_PCT": 1.0, "FG3M": 0, "FG3A": 0, "FG3_PCT": 0.0, "FTM": 1, "FTA": 2, "FT_PCT": 0.5, "OREB": 2, "DREB": 2, "REB": 4, "AST": 2, "STL": 0, "BLK": 2, "TOV": 0, "PF": 0, "PTS": 3, "PLUS_MINUS": -5, "VIDEO_AVAILABLE": 1}, {"SEASON_ID": "22017", "Player_ID": 1628381, "Game_ID": "0021700590", "GAME_DATE": "JAN 07, 2018", "MATCHUP": "ATL @ LAL", "WL": "L", "MIN": 21, "FGM": 5, "FGA": 7, "FG_PCT": 0.714, "FG3M": 1, "FG3A": 1, "FG3_PCT": 1.0, "FTM": 4, "FTA": 5, "FT_PCT": 0.8, "OREB": 1, "DREB": 3, "REB": 4, "AST": 0, "STL": 0, "BLK": 2, "TOV": 3, "PF": 2, "PTS": 15, "PLUS_MINUS": -20, "VIDEO_AVAILABLE": 1}, {"SEASON_ID": "22017", "Player_ID": 1628381, "Game_ID": "0021700576", "GAME_DATE": "JAN 05, 2018", "MATCHUP": "ATL @ POR", "WL": "L", "MIN": 22, "FGM": 1, "FGA": 5, "FG_PCT": 0.2, "FG3M": 0, "FG3A": 2, "FG3_PCT": 0.0, "FTM": 5, "FTA": 7, "FT_PCT": 0.714, "OREB": 3, "DREB": 2, "REB": 5, "AST": 0, "STL": 2, "BLK": 1, "TOV": 3, "PF": 3, "PTS": 7, "PLUS_MINUS": -17, "VIDEO_AVAILABLE": 1}, {"SEASON_ID": "22017", "Player_ID": 1628381, "Game_ID": "0021700551", "GAME_DATE": "JAN 02, 2018", "MATCHUP": "ATL @ PHX", "WL": "L", "MIN": 20, "FGM": 1, "FGA": 6, "FG_PCT": 0.167, "FG3M": 0, "FG3A": 0, "FG3_PCT": 0.0, "FTM": 4, "FTA": 4, "FT_PCT": 1.0, "OREB": 4, "DREB": 1, "REB": 5, "AST": 2, "STL": 2, "BLK": 1, "TOV": 0, "PF": 4, "PTS": 6, "PLUS_MINUS": -6, "VIDEO_AVAILABLE": 1}, {"SEASON_ID": "22017", "Player_ID": 1628381, "Game_ID": "0021700533", "GAME_DATE": "DEC 30, 2017", "MATCHUP": "ATL vs. POR", "WL": "W", "MIN": 25, "FGM": 2, "FGA": 8, "FG_PCT": 0.25, "FG3M": 0, "FG3A": 0, "FG3_PCT": 0.0, "FTM": 1, "FTA": 1, "FT_PCT": 1.0, "OREB": 6, "DREB": 3, "REB": 9, "AST": 4, "STL": 2, "BLK": 0, "TOV": 1, "PF": 3, "PTS": 5, "PLUS_MINUS": 6, "VIDEO_AVAILABLE": 1}, {"SEASON_ID": "22017", "Player_ID": 1628381, "Game_ID": "0021700522", "GAME_DATE": "DEC 29, 2017", "MATCHUP": "ATL @ TOR", "WL": "L", "MIN": 21, "FGM": 3, "FGA": 8, "FG_PCT": 0.375, "FG3M": 0, "FG3A": 0, "FG3_PCT": 0.0, "FTM": 5, "FTA": 8, "FT_PCT": 0.625, "OREB": 2, "DREB": 6, "REB": 8, "AST": 0, "STL": 0, "BLK": 4, "TOV": 1, "PF": 1, "PTS": 11, "PLUS_MINUS": -5, "VIDEO_AVAILABLE": 1}, {"SEASON_ID": "22017", "Player_ID": 1628381, "Game_ID": "0021700508", "GAME_DATE": "DEC 27, 2017", "MATCHUP": "ATL vs. WAS", "WL": "W", "MIN": 24, "FGM": 4, "FGA": 7, "FG_PCT": 0.571, "FG3M": 0, "FG3A": 0, "FG3_PCT": 0.0, "FTM": 0, "FTA": 2, "FT_PCT": 0.0, "OREB": 1, "DREB": 7, "REB": 8, "AST": 2, "STL": 0, "BLK": 3, "TOV": 2, "PF": 3, "PTS": 8, "PLUS_MINUS": 18, "VIDEO_AVAILABLE": 1}, {"SEASON_ID": "22017", "Player_ID": 1628381, "Game_ID": "0021700484", "GAME_DATE": "DEC 23, 2017", "MATCHUP": "ATL vs. DAL", "WL": "W", "MIN": 20, "FGM": 6, "FGA": 9, "FG_PCT": 0.667, "FG3M": 0, "FG3A": 0, "FG3_PCT": 0.0, "FTM": 1, "FTA": 3, "FT_PCT": 0.333, "OREB": 1, "DREB": 3, "REB": 4, "AST": 2, "STL": 0, "BLK": 0, "TOV": 0, "PF": 0, "PTS": 13, "PLUS_MINUS": -10, "VIDEO_AVAILABLE": 1}, {"SEASON_ID": "22017", "Player_ID": 1628381, "Game_ID": "0021700477", "GAME_DATE": "DEC 22, 2017", "MATCHUP": "ATL @ OKC", "WL": "L", "MIN": 27, "FGM": 7, "FGA": 8, "FG_PCT": 0.875, "FG3M": 0, "FG3A": 1, "FG3_PCT": 0.0, "FTM": 2, "FTA": 4, "FT_PCT": 0.5, "OREB": 5, "DREB": 4, "REB": 9, "AST": 1, "STL": 1, "BLK": 1, "TOV": 1, "PF": 1, "PTS": 16, "PLUS_MINUS": -4, "VIDEO_AVAILABLE": 1}, {"SEASON_ID": "22017", "Player_ID": 1628381, "Game_ID": "0021700455", "GAME_DATE": "DEC 20, 2017", "MATCHUP": "ATL vs. IND", "WL": "L", "MIN": 27, "FGM": 6, "FGA": 7, "FG_PCT": 0.857, "FG3M": 0, "FG3A": 0, "FG3_PCT": 0.0, "FTM": 6, "FTA": 6, "FT_PCT": 1.0, "OREB": 4, "DREB": 5, "REB": 9, "AST": 0, "STL": 0, "BLK": 1, "TOV": 4, "PF": 2, "PTS": 18, "PLUS_MINUS": -9, "VIDEO_AVAILABLE": 1}, {"SEASON_ID": "22017", "Player_ID": 1628381, "Game_ID": "0021700443", "GAME_DATE": "DEC 18, 2017", "MATCHUP": "ATL vs. MIA", "WL": "W", "MIN": 18, "FGM": 3, "FGA": 5, "FG_PCT": 0.6, "FG3M": 0, "FG3A": 0, "FG3_PCT": 0.0, "FTM": 3, "FTA": 4, "FT_PCT": 0.75, "OREB": 2, "DREB": 4, "REB": 6, "AST": 1, "STL": 0, "BLK": 0, "TOV": 1, "PF": 3, "PTS": 9, "PLUS_MINUS": 4, "VIDEO_AVAILABLE": 1}, {"SEASON_ID": "22017", "Player_ID": 1628381, "Game_ID": "0021700425", "GAME_DATE": "DEC 15, 2017", "MATCHUP": "ATL @ MEM", "WL": "L", "MIN": 24, "FGM": 1, "FGA": 2, "FG_PCT": 0.5, "FG3M": 0, "FG3A": 0, "FG3_PCT": 0.0, "FTM": 0, "FTA": 0, "FT_PCT": 0.0, "OREB": 1, "DREB": 6, "REB": 7, "AST": 4, "STL": 2, "BLK": 4, "TOV": 1, "PF": 2, "PTS": 2, "PLUS_MINUS": -7, "VIDEO_AVAILABLE": 2}, {"SEASON_ID": "22017", "Player_ID": 1628381, "Game_ID": "0021700413", "GAME_DATE": "DEC 14, 2017", "MATCHUP": "ATL vs. DET", "WL": "L", "MIN": 20, "FGM": 7, "FGA": 10, "FG_PCT": 0.7, "FG3M": 0, "FG3A": 0, "FG3_PCT": 0.0, "FTM": 1, "FTA": 3, "FT_PCT": 0.333, "OREB": 2, "DREB": 5, "REB": 7, "AST": 1, "STL": 1, "BLK": 1, "TOV": 0, "PF": 2, "PTS": 15, "PLUS_MINUS": 3, "VIDEO_AVAILABLE": 1}, {"SEASON_ID": "22017", "Player_ID": 1628381, "Game_ID": "0021700313", "GAME_DATE": "NOV 30, 2017", "MATCHUP": "ATL vs. CLE", "WL": "L", "MIN": 26, "FGM": 6, "FGA": 7, "FG_PCT": 0.857, "FG3M": 0, "FG3A": 0, "FG3_PCT": 0.0, "FTM": 1, "FTA": 1, "FT_PCT": 1.0, "OREB": 4, "DREB": 3, "REB": 7, "AST": 0, "STL": 2, "BLK": 1, "TOV": 0, "PF": 3, "PTS": 13, "PLUS_MINUS": -7, "VIDEO_AVAILABLE": 1}, {"SEASON_ID": "22017", "Player_ID": 1628381, "Game_ID": "0021700280", "GAME_DATE": "NOV 25, 2017", "MATCHUP": "ATL vs. TOR", "WL": "L", "MIN": 20, "FGM": 2, "FGA": 4, "FG_PCT": 0.5, "FG3M": 0, "FG3A": 0, "FG3_PCT": 0.0, "FTM": 0, "FTA": 0, "FT_PCT": 0.0, "OREB": 2, "DREB": 0, "REB": 2, "AST": 0, "STL": 2, "BLK": 0, "TOV": 3, "PF": 0, "PTS": 4, "PLUS_MINUS": -24, "VIDEO_AVAILABLE": 1}, {"SEASON_ID": "22017", "Player_ID": 1628381, "Game_ID": "0021700268", "GAME_DATE": "NOV 24, 2017", "MATCHUP": "ATL vs. NYK", "WL": "W", "MIN": 24, "FGM": 6, "FGA": 10, "FG_PCT": 0.6, "FG3M": 0, "FG3A": 0, "FG3_PCT": 0.0, "FTM": 1, "FTA": 1, "FT_PCT": 1.0, "OREB": 3, "DREB": 2, "REB": 5, "AST": 3, "STL": 0, "BLK": 0, "TOV": 1, "PF": 3, "PTS": 13, "PLUS_MINUS": 0, "VIDEO_AVAILABLE": 1}, {"SEASON_ID": "22017", "Player_ID": 1628381, "Game_ID": "0021700256", "GAME_DATE": "NOV 22, 2017", "MATCHUP": "ATL vs. LAC", "WL": "L", "MIN": 38, "FGM": 7, "FGA": 9, "FG_PCT": 0.778, "FG3M": 0, "FG3A": 0, "FG3_PCT": 0.0, "FTM": 0, "FTA": 0, "FT_PCT": 0.0, "OREB": 3, "DREB": 7, "REB": 10, "AST": 3, "STL": 4, "BLK": 0, "TOV": 2, "PF": 4, "PTS": 14, "PLUS_MINUS": -13, "VIDEO_AVAILABLE": 2}, {"SEASON_ID": "22017", "Player_ID": 1628381, "Game_ID": "0021700250", "GAME_DATE": "NOV 20, 2017", "MATCHUP": "ATL @ SAS", "WL": "L", "MIN": 36, "FGM": 10, "FGA": 12, "FG_PCT": 0.833, "FG3M": 0, "FG3A": 0, "FG3_PCT": 0.0, "FTM": 1, "FTA": 2, "FT_PCT": 0.5, "OREB": 4, "DREB": 5, "REB": 9, "AST": 0, "STL": 0, "BLK": 2, "TOV": 2, "PF": 5, "PTS": 21, "PLUS_MINUS": -1, "VIDEO_AVAILABLE": 1}, {"SEASON_ID": "22017", "Player_ID": 1628381, "Game_ID": "0021700230", "GAME_DATE": "NOV 18, 2017", "MATCHUP": "ATL vs. BOS", "WL": "L", "MIN": 25, "FGM": 7, "FGA": 8, "FG_PCT": 0.875, "FG3M": 0, "FG3A": 0, "FG3_PCT": 0.0, "FTM": 4, "FTA": 4, "FT_PCT": 1.0, "OREB": 3, "DREB": 4, "REB": 7, "AST": 1, "STL": 1, "BLK": 0, "TOV": 1, "PF": 3, "PTS": 18, "PLUS_MINUS": -6, "VIDEO_AVAILABLE": 1}, {"SEASON_ID": "22017", "Player_ID": 1628381, "Game_ID": "0021700204", "GAME_DATE": "NOV 15, 2017", "MATCHUP": "ATL vs. SAC", "WL": "W", "MIN": 22, "FGM": 7, "FGA": 9, "FG_PCT": 0.778, "FG3M": 0, "FG3A": 0, "FG3_PCT": 0.0, "FTM": 0, "FTA": 0, "FT_PCT": 0.0, "OREB": 2, "DREB": 6, "REB": 8, "AST": 0, "STL": 0, "BLK": 0, "TOV": 3, "PF": 5, "PTS": 14, "PLUS_MINUS": 19, "VIDEO_AVAILABLE": 1}, {"SEASON_ID": "22017", "Player_ID": 1628381, "Game_ID": "0021700195", "GAME_DATE": "NOV 13, 2017", "MATCHUP": "ATL @ NOP", "WL": "L", "MIN": 22, "FGM": 6, "FGA": 10, "FG_PCT": 0.6, "FG3M": 0, "FG3A": 0, "FG3_PCT": 0.0, "FTM": 0, "FTA": 0, "FT_PCT": 0.0, "OREB": 4, "DREB": 2, "REB": 6, "AST": 1, "STL": 0, "BLK": 0, "TOV": 2, "PF": 4, "PTS": 12, "PLUS_MINUS": -16, "VIDEO_AVAILABLE": 2}, {"SEASON_ID": "22017", "Player_ID": 1628381, "Game_ID": "0021700177", "GAME_DATE": "NOV 11, 2017", "MATCHUP": "ATL @ WAS", "WL": "L", "MIN": 22, "FGM": 1, "FGA": 4, "FG_PCT": 0.25, "FG3M": 0, "FG3A": 0, "FG3_PCT": 0.0, "FTM": 0, "FTA": 0, "FT_PCT": 0.0, "OREB": 1, "DREB": 2, "REB": 3, "AST": 1, "STL": 0, "BLK": 0, "TOV": 0, "PF": 5, "PTS": 2, "PLUS_MINUS": -5, "VIDEO_AVAILABLE": 1}, {"SEASON_ID": "22017", "Player_ID": 1628381, "Game_ID": "0021700169", "GAME_DATE": "NOV 10, 2017", "MATCHUP": "ATL @ DET", "WL": "L", "MIN": 27, "FGM": 8, "FGA": 13, "FG_PCT": 0.615, "FG3M": 0, "FG3A": 0, "FG3_PCT": 0.0, "FTM": 0, "FTA": 0, "FT_PCT": 0.0, "OREB": 2, "DREB": 6, "REB": 8, "AST": 1, "STL": 0, "BLK": 2, "TOV": 3, "PF": 5, "PTS": 16, "PLUS_MINUS": 5, "VIDEO_AVAILABLE": 1}, {"SEASON_ID": "22017", "Player_ID": 1628381, "Game_ID": "0021700146", "GAME_DATE": "NOV 06, 2017", "MATCHUP": "ATL vs. BOS", "WL": "L", "MIN": 16, "FGM": 3, "FGA": 4, "FG_PCT": 0.75, "FG3M": 0, "FG3A": 0, "FG3_PCT": 0.0, "FTM": 2, "FTA": 2, "FT_PCT": 1.0, "OREB": 1, "DREB": 0, "REB": 1, "AST": 0, "STL": 0, "BLK": 0, "TOV": 1, "PF": 5, "PTS": 8, "PLUS_MINUS": -6, "VIDEO_AVAILABLE": 1}, {"SEASON_ID": "22017", "Player_ID": 1628381, "Game_ID": "0021700136", "GAME_DATE": "NOV 05, 2017", "MATCHUP": "ATL @ CLE", "WL": "W", "MIN": 24, "FGM": 3, "FGA": 10, "FG_PCT": 0.3, "FG3M": 0, "FG3A": 0, "FG3_PCT": 0.0, "FTM": 6, "FTA": 8, "FT_PCT": 0.75, "OREB": 7, "DREB": 6, "REB": 13, "AST": 1, "STL": 0, "BLK": 2, "TOV": 3, "PF": 3, "PTS": 12, "PLUS_MINUS": 15, "VIDEO_AVAILABLE": 1}, {"SEASON_ID": "22017", "Player_ID": 1628381, "Game_ID": "0021700123", "GAME_DATE": "NOV 03, 2017", "MATCHUP": "ATL vs. HOU", "WL": "L", "MIN": 28, "FGM": 3, "FGA": 7, "FG_PCT": 0.429, "FG3M": 0, "FG3A": 0, "FG3_PCT": 0.0, "FTM": 2, "FTA": 2, "FT_PCT": 1.0, "OREB": 4, "DREB": 8, "REB": 12, "AST": 1, "STL": 2, "BLK": 4, "TOV": 3, "PF": 2, "PTS": 8, "PLUS_MINUS": -5, "VIDEO_AVAILABLE": 1}, {"SEASON_ID": "22017", "Player_ID": 1628381, "Game_ID": "0021700107", "GAME_DATE": "NOV 01, 2017", "MATCHUP": "ATL @ PHI", "WL": "L", "MIN": 14, "FGM": 3, "FGA": 7, "FG_PCT": 0.429, "FG3M": 0, "FG3A": 1, "FG3_PCT": 0.0, "FTM": 1, "FTA": 2, "FT_PCT": 0.5, "OREB": 6, "DREB": 1, "REB": 7, "AST": 2, "STL": 0, "BLK": 1, "TOV": 1, "PF": 6, "PTS": 7, "PLUS_MINUS": 0, "VIDEO_AVAILABLE": 2}, {"SEASON_ID": "22017", "Player_ID": 1628381, "Game_ID": "0021700085", "GAME_DATE": "OCT 29, 2017", "MATCHUP": "ATL vs. MIL", "WL": "L", "MIN": 25, "FGM": 5, "FGA": 7, "FG_PCT": 0.714, "FG3M": 0, "FG3A": 0, "FG3_PCT": 0.0, "FTM": 4, "FTA": 7, "FT_PCT": 0.571, "OREB": 1, "DREB": 6, "REB": 7, "AST": 0, "STL": 0, "BLK": 1, "TOV": 0, "PF": 2, "PTS": 14, "PLUS_MINUS": 9, "VIDEO_AVAILABLE": 1}, {"SEASON_ID": "22017", "Player_ID": 1628381, "Game_ID": "0021700072", "GAME_DATE": "OCT 27, 2017", "MATCHUP": "ATL vs. DEN", "WL": "L", "MIN": 14, "FGM": 2, "FGA": 11, "FG_PCT": 0.182, "FG3M": 0, "FG3A": 0, "FG3_PCT": 0.0, "FTM": 2, "FTA": 2, "FT_PCT": 1.0, "OREB": 5, "DREB": 3, "REB": 8, "AST": 0, "STL": 0, "BLK": 0, "TOV": 0, "PF": 5, "PTS": 6, "PLUS_MINUS": -5, "VIDEO_AVAILABLE": 1}, {"SEASON_ID": "22017", "Player_ID": 1628381, "Game_ID": "0021700065", "GAME_DATE": "OCT 26, 2017", "MATCHUP": "ATL @ CHI", "WL": "L", "MIN": 25, "FGM": 5, "FGA": 6, "FG_PCT": 0.833, "FG3M": 0, "FG3A": 0, "FG3_PCT": 0.0, "FTM": 3, "FTA": 5, "FT_PCT": 0.6, "OREB": 1, "DREB": 4, "REB": 5, "AST": 0, "STL": 0, "BLK": 1, "TOV": 1, "PF": 3, "PTS": 13, "PLUS_MINUS": -2, "VIDEO_AVAILABLE": 1}, {"SEASON_ID": "22017", "Player_ID": 1628381, "Game_ID": "0021700042", "GAME_DATE": "OCT 23, 2017", "MATCHUP": "ATL @ MIA", "WL": "L", "MIN": 18, "FGM": 6, "FGA": 11, "FG_PCT": 0.545, "FG3M": 0, "FG3A": 0, "FG3_PCT": 0.0, "FTM": 2, "FTA": 2, "FT_PCT": 1.0, "OREB": 4, "DREB": 7, "REB": 11, "AST": 2, "STL": 0, "BLK": 1, "TOV": 0, "PF": 2, "PTS": 14, "PLUS_MINUS": 0, "VIDEO_AVAILABLE": 1}, {"SEASON_ID": "22017", "Player_ID": 1628381, "Game_ID": "0021700038", "GAME_DATE": "OCT 22, 2017", "MATCHUP": "ATL @ BKN", "WL": "L", "MIN": 21, "FGM": 5, "FGA": 11, "FG_PCT": 0.455, "FG3M": 0, "FG3A": 0, "FG3_PCT": 0.0, "FTM": 4, "FTA": 4, "FT_PCT": 1.0, "OREB": 6, "DREB": 7, "REB": 13, "AST": 0, "STL": 0, "BLK": 1, "TOV": 2, "PF": 5, "PTS": 14, "PLUS_MINUS": 1, "VIDEO_AVAILABLE": 1}, {"SEASON_ID": "22017", "Player_ID": 1628381, "Game_ID": "0021700017", "GAME_DATE": "OCT 20, 2017", "MATCHUP": "ATL @ CHA", "WL": "L", "MIN": 15, "FGM": 2, "FGA": 4, "FG_PCT": 0.5, "FG3M": 0, "FG3A": 0, "FG3_PCT": 0.0, "FTM": 1, "FTA": 2, "FT_PCT": 0.5, "OREB": 0, "DREB": 2, "REB": 2, "AST": 0, "STL": 1, "BLK": 2, "TOV": 2, "PF": 6, "PTS": 5, "PLUS_MINUS": -16, "VIDEO_AVAILABLE": 1}, {"SEASON_ID": "22017", "Player_ID": 1628381, "Game_ID": "0021700009", "GAME_DATE": "OCT 18, 2017", "MATCHUP": "ATL @ DAL", "WL": "W", "MIN": 22, "FGM": 6, "FGA": 10, "FG_PCT": 0.6, "FG3M": 0, "FG3A": 0, "FG3_PCT": 0.0, "FTM": 2, "FTA": 3, "FT_PCT": 0.667, "OREB": 3, "DREB": 2, "REB": 5, "AST": 1, "STL": 2, "BLK": 0, "TOV": 1, "PF": 1, "PTS": 14, "PLUS_MINUS": 8, "VIDEO_AVAILABLE": 1}]