{"firstName": "John", "lastName": "Collins", "temporaryDisplayName": "Collins, John", "personId": "1628381", "teamId": "1610612737", "jersey": "20", "isActive": true, "pos": "F", "heightFeet": "6", "heightInches": "10", "heightMeters": "2.08", "weightPounds": "235", "weightKilograms": "106.6", "dateOfBirthUTC": "1997-09-23", "teamSitesOnly": {"playerCode": "john_collins", "posFull": "Forward", "displayAffiliation": "Wake Forest/USA", "freeAgentCode": ""}, "teams": [{"teamId": "1610612737", "seasonStart": "2017", "seasonEnd": "2019"}], "draft": {"teamId": "1610612737", "pickNum": "19", "roundNum": "1", "seasonYear": "2017"}, "nbaDebutYear": "2017", "yearsPro": "2", "collegeName": "Wake Forest", "lastAffiliation": "Wake Forest/USA", "country": "USA"}