{"firstName": "Robin", "lastName": "Lopez", "temporaryDisplayName": "Lopez, Robin", "personId": "201577", "teamId": "1610612749", "jersey": "42", "isActive": true, "pos": "C", "heightFeet": "7", "heightInches": "0", "heightMeters": "2.13", "weightPounds": "275", "weightKilograms": "124.7", "dateOfBirthUTC": "1988-04-01", "teamSitesOnly": {"playerCode": "robin_lopez", "posFull": "Center", "displayAffiliation": "Stanford/USA", "freeAgentCode": ""}, "teams": [{"teamId": "1610612756", "seasonStart": "2008", "seasonEnd": "2011"}, {"teamId": "1610612740", "seasonStart": "2012", "seasonEnd": "2012"}, {"teamId": "1610612757", "seasonStart": "2013", "seasonEnd": "2014"}, {"teamId": "1610612752", "seasonStart": "2015", "seasonEnd": "2015"}, {"teamId": "1610612741", "seasonStart": "2016", "seasonEnd": "2018"}, {"teamId": "1610612749", "seasonStart": "2019", "seasonEnd": "2019"}], "draft": {"teamId": "1610612756", "pickNum": "15", "roundNum": "1", "seasonYear": "2008"}, "nbaDebutYear": "2008", "yearsPro": "11", "collegeName": "Stanford", "lastAffiliation": "Stanford/USA", "country": "USA"}