{"firstName": "Isaiah", "lastName": "Hartenstein", "temporaryDisplayName": "Hartenstein, Isaiah", "personId": "1628392", "teamId": "1610612745", "jersey": "55", "isActive": true, "pos": "C", "heightFeet": "7", "heightInches": "0", "heightMeters": "2.13", "weightPounds": "249", "weightKilograms": "112.9", "dateOfBirthUTC": "1998-05-05", "teamSitesOnly": {"playerCode": "isaiah_hartenstein", "posFull": "Center", "displayAffiliation": "USA", "freeAgentCode": ""}, "teams": [{"teamId": "1610612745", "seasonStart": "2018", "seasonEnd": "2019"}], "draft": {"teamId": "1610612745", "pickNum": "43", "roundNum": "2", "seasonYear": "2017"}, "nbaDebutYear": "2018", "yearsPro": "1", "collegeName": " ", "lastAffiliation": "Germany/Germany", "country": "Germany"}