{"firstName": "T.J.", "lastName": "McConnell", "temporaryDisplayName": "McConnell, T.J.", "personId": "204456", "teamId": "1610612754", "jersey": "9", "isActive": true, "pos": "G", "heightFeet": "6", "heightInches": "2", "heightMeters": "1.88", "weightPounds": "190", "weightKilograms": "86.2", "dateOfBirthUTC": "1992-03-25", "teamSitesOnly": {"playerCode": "t.j._mcconnell", "posFull": "Guard", "displayAffiliation": "Arizona/USA", "freeAgentCode": ""}, "teams": [{"teamId": "1610612755", "seasonStart": "2015", "seasonEnd": "2018"}, {"teamId": "1610612754", "seasonStart": "2019", "seasonEnd": "2019"}], "draft": {"teamId": "", "pickNum": "", "roundNum": "", "seasonYear": ""}, "nbaDebutYear": "2015", "yearsPro": "4", "collegeName": "Arizona", "lastAffiliation": "Arizona/USA", "country": "USA"}