{"firstName": "Matisse", "lastName": "Thybulle", "temporaryDisplayName": "Thybulle, Matisse", "personId": "1629680", "teamId": "1610612755", "jersey": "22", "isActive": true, "pos": "G-F", "heightFeet": "6", "heightInches": "5", "heightMeters": "1.96", "weightPounds": "200", "weightKilograms": "90.7", "dateOfBirthUTC": "1997-03-04", "teamSitesOnly": {"playerCode": "matisse_thybulle", "posFull": "Guard-Forward", "displayAffiliation": "Washington/USA", "freeAgentCode": ""}, "teams": [{"teamId": "1610612755", "seasonStart": "2019", "seasonEnd": "2019"}], "draft": {"teamId": "1610612738", "pickNum": "20", "roundNum": "1", "seasonYear": "2019"}, "nbaDebutYear": "", "yearsPro": "0", "collegeName": "Washington", "lastAffiliation": "University of Washington/USA", "country": "USA"}