{"firstName": "Lindell", "lastName": "Wigginton", "temporaryDisplayName": "Wigginton, Lindell", "personId": "1629623", "teamId": "1610612750", "jersey": "26", "isActive": true, "pos": "G", "heightFeet": "6", "heightInches": "2", "heightMeters": "1.88", "weightPounds": "189", "weightKilograms": "85.7", "dateOfBirthUTC": "1998-03-28", "teamSitesOnly": {"playerCode": "lindell_wigginton", "posFull": "Guard", "displayAffiliation": "Iowa State/Canada", "freeAgentCode": ""}, "teams": [{"teamId": "1610612750", "seasonStart": "2019", "seasonEnd": "2019"}], "draft": {"teamId": "", "pickNum": "", "roundNum": "", "seasonYear": ""}, "nbaDebutYear": "", "yearsPro": "0", "collegeName": "Iowa State", "lastAffiliation": "Iowa State University/Canada", "country": "Canada"}