{"firstName": "Dorian", "lastName": "Finney-Smith", "temporaryDisplayName": "Finney-Smith, Dorian", "personId": "1627827", "teamId": "1610612742", "jersey": "10", "isActive": true, "pos": "F", "heightFeet": "6", "heightInches": "8", "heightMeters": "2.03", "weightPounds": "220", "weightKilograms": "99.8", "dateOfBirthUTC": "1993-05-04", "teamSitesOnly": {"playerCode": "dorian_finney-smith", "posFull": "Forward", "displayAffiliation": "Florida/USA", "freeAgentCode": ""}, "teams": [{"teamId": "1610612742", "seasonStart": "2016", "seasonEnd": "2019"}], "draft": {"teamId": "", "pickNum": "", "roundNum": "", "seasonYear": ""}, "nbaDebutYear": "2016", "yearsPro": "3", "collegeName": "Florida", "lastAffiliation": "Florida/USA", "country": "USA"}