[{"SEASON_ID": "22018", "Player_ID": 1627747, "Game_ID": "0021801221", "GAME_DATE": "APR 10, 2019", "MATCHUP": "BKN vs. MIA", "WL": "W", "MIN": 20, "FGM": 4, "FGA": 5, "FG_PCT": 0.8, "FG3M": 1, "FG3A": 1, "FG3_PCT": 1.0, "FTM": 1, "FTA": 1, "FT_PCT": 1.0, "OREB": 1, "DREB": 2, "REB": 3, "AST": 4, "STL": 0, "BLK": 0, "TOV": 2, "PF": 2, "PTS": 10, "PLUS_MINUS": 15, "VIDEO_AVAILABLE": 1}, {"SEASON_ID": "22018", "Player_ID": 1627747, "Game_ID": "0021801199", "GAME_DATE": "APR 07, 2019", "MATCHUP": "BKN @ IND", "WL": "W", "MIN": 28, "FGM": 7, "FGA": 16, "FG_PCT": 0.438, "FG3M": 0, "FG3A": 3, "FG3_PCT": 0.0, "FTM": 4, "FTA": 6, "FT_PCT": 0.667, "OREB": 2, "DREB": 3, "REB": 5, "AST": 2, "STL": 2, "BLK": 1, "TOV": 0, "PF": 2, "PTS": 18, "PLUS_MINUS": 7, "VIDEO_AVAILABLE": 1}, {"SEASON_ID": "22018", "Player_ID": 1627747, "Game_ID": "0021801193", "GAME_DATE": "APR 06, 2019", "MATCHUP": "BKN @ MIL", "WL": "W", "MIN": 26, "FGM": 9, "FGA": 12, "FG_PCT": 0.75, "FG3M": 4, "FG3A": 5, "FG3_PCT": 0.8, "FTM": 2, "FTA": 4, "FT_PCT": 0.5, "OREB": 0, "DREB": 2, "REB": 2, "AST": 6, "STL": 0, "BLK": 0, "TOV": 2, "PF": 2, "PTS": 24, "PLUS_MINUS": -1, "VIDEO_AVAILABLE": 1}, {"SEASON_ID": "22018", "Player_ID": 1627747, "Game_ID": "0021801169", "GAME_DATE": "APR 03, 2019", "MATCHUP": "BKN vs. TOR", "WL": "L", "MIN": 26, "FGM": 1, "FGA": 9, "FG_PCT": 0.111, "FG3M": 1, "FG3A": 4, "FG3_PCT": 0.25, "FTM": 0, "FTA": 2, "FT_PCT": 0.0, "OREB": 1, "DREB": 1, "REB": 2, "AST": 5, "STL": 1, "BLK": 0, "TOV": 0, "PF": 3, "PTS": 3, "PLUS_MINUS": 1, "VIDEO_AVAILABLE": 1}, {"SEASON_ID": "22018", "Player_ID": 1627747, "Game_ID": "0021801154", "GAME_DATE": "APR 01, 2019", "MATCHUP": "BKN vs. MIL", "WL": "L", "MIN": 30, "FGM": 8, "FGA": 15, "FG_PCT": 0.533, "FG3M": 4, "FG3A": 8, "FG3_PCT": 0.5, "FTM": 4, "FTA": 6, "FT_PCT": 0.667, "OREB": 4, "DREB": 0, "REB": 4, "AST": 6, "STL": 0, "BLK": 0, "TOV": 3, "PF": 1, "PTS": 24, "PLUS_MINUS": 2, "VIDEO_AVAILABLE": 1}, {"SEASON_ID": "22018", "Player_ID": 1627747, "Game_ID": "0021801137", "GAME_DATE": "MAR 30, 2019", "MATCHUP": "BKN vs. BOS", "WL": "W", "MIN": 29, "FGM": 5, "FGA": 13, "FG_PCT": 0.385, "FG3M": 1, "FG3A": 4, "FG3_PCT": 0.25, "FTM": 4, "FTA": 6, "FT_PCT": 0.667, "OREB": 0, "DREB": 2, "REB": 2, "AST": 1, "STL": 4, "BLK": 0, "TOV": 1, "PF": 0, "PTS": 15, "PLUS_MINUS": -7, "VIDEO_AVAILABLE": 1}, {"SEASON_ID": "22018", "Player_ID": 1627747, "Game_ID": "0021801123", "GAME_DATE": "MAR 28, 2019", "MATCHUP": "BKN @ PHI", "WL": "L", "MIN": 28, "FGM": 6, "FGA": 14, "FG_PCT": 0.429, "FG3M": 2, "FG3A": 4, "FG3_PCT": 0.5, "FTM": 4, "FTA": 6, "FT_PCT": 0.667, "OREB": 1, "DREB": 3, "REB": 4, "AST": 3, "STL": 1, "BLK": 1, "TOV": 1, "PF": 0, "PTS": 18, "PLUS_MINUS": 2, "VIDEO_AVAILABLE": 1}, {"SEASON_ID": "22018", "Player_ID": 1627747, "Game_ID": "0021801106", "GAME_DATE": "MAR 25, 2019", "MATCHUP": "BKN @ POR", "WL": "L", "MIN": 24, "FGM": 5, "FGA": 8, "FG_PCT": 0.625, "FG3M": 1, "FG3A": 2, "FG3_PCT": 0.5, "FTM": 5, "FTA": 6, "FT_PCT": 0.833, "OREB": 1, "DREB": 2, "REB": 3, "AST": 7, "STL": 1, "BLK": 0, "TOV": 1, "PF": 2, "PTS": 16, "PLUS_MINUS": 9, "VIDEO_AVAILABLE": 1}, {"SEASON_ID": "22018", "Player_ID": 1627747, "Game_ID": "0021801086", "GAME_DATE": "MAR 22, 2019", "MATCHUP": "BKN @ LAL", "WL": "W", "MIN": 18, "FGM": 0, "FGA": 6, "FG_PCT": 0.0, "FG3M": 0, "FG3A": 3, "FG3_PCT": 0.0, "FTM": 0, "FTA": 0, "FT_PCT": 0.0, "OREB": 0, "DREB": 3, "REB": 3, "AST": 3, "STL": 1, "BLK": 1, "TOV": 1, "PF": 3, "PTS": 0, "PLUS_MINUS": -7, "VIDEO_AVAILABLE": 1}, {"SEASON_ID": "22018", "Player_ID": 1627747, "Game_ID": "0021801063", "GAME_DATE": "MAR 19, 2019", "MATCHUP": "BKN @ SAC", "WL": "W", "MIN": 24, "FGM": 3, "FGA": 8, "FG_PCT": 0.375, "FG3M": 0, "FG3A": 1, "FG3_PCT": 0.0, "FTM": 0, "FTA": 0, "FT_PCT": 0.0, "OREB": 3, "DREB": 0, "REB": 3, "AST": 6, "STL": 0, "BLK": 0, "TOV": 0, "PF": 1, "PTS": 6, "PLUS_MINUS": -27, "VIDEO_AVAILABLE": 1}, {"SEASON_ID": "22018", "Player_ID": 1627747, "Game_ID": "0021801049", "GAME_DATE": "MAR 17, 2019", "MATCHUP": "BKN @ LAC", "WL": "L", "MIN": 32, "FGM": 6, "FGA": 15, "FG_PCT": 0.4, "FG3M": 0, "FG3A": 4, "FG3_PCT": 0.0, "FTM": 0, "FTA": 1, "FT_PCT": 0.0, "OREB": 1, "DREB": 3, "REB": 4, "AST": 7, "STL": 0, "BLK": 0, "TOV": 2, "PF": 2, "PTS": 12, "PLUS_MINUS": -11, "VIDEO_AVAILABLE": 1}, {"SEASON_ID": "22018", "Player_ID": 1627747, "Game_ID": "0021801041", "GAME_DATE": "MAR 16, 2019", "MATCHUP": "BKN @ UTA", "WL": "L", "MIN": 27, "FGM": 3, "FGA": 12, "FG_PCT": 0.25, "FG3M": 0, "FG3A": 3, "FG3_PCT": 0.0, "FTM": 0, "FTA": 0, "FT_PCT": 0.0, "OREB": 0, "DREB": 1, "REB": 1, "AST": 4, "STL": 2, "BLK": 0, "TOV": 0, "PF": 2, "PTS": 6, "PLUS_MINUS": -5, "VIDEO_AVAILABLE": 1}, {"SEASON_ID": "22018", "Player_ID": 1627747, "Game_ID": "0021801017", "GAME_DATE": "MAR 13, 2019", "MATCHUP": "BKN @ OKC", "WL": "L", "MIN": 19, "FGM": 3, "FGA": 10, "FG_PCT": 0.3, "FG3M": 1, "FG3A": 2, "FG3_PCT": 0.5, "FTM": 1, "FTA": 1, "FT_PCT": 1.0, "OREB": 0, "DREB": 6, "REB": 6, "AST": 4, "STL": 0, "BLK": 0, "TOV": 0, "PF": 2, "PTS": 8, "PLUS_MINUS": 0, "VIDEO_AVAILABLE": 1}, {"SEASON_ID": "22018", "Player_ID": 1627747, "Game_ID": "0021801003", "GAME_DATE": "MAR 11, 2019", "MATCHUP": "BKN vs. DET", "WL": "W", "MIN": 27, "FGM": 6, "FGA": 13, "FG_PCT": 0.462, "FG3M": 0, "FG3A": 2, "FG3_PCT": 0.0, "FTM": 0, "FTA": 0, "FT_PCT": 0.0, "OREB": 0, "DREB": 5, "REB": 5, "AST": 2, "STL": 1, "BLK": 0, "TOV": 5, "PF": 0, "PTS": 12, "PLUS_MINUS": 17, "VIDEO_AVAILABLE": 1}, {"SEASON_ID": "22018", "Player_ID": 1627747, "Game_ID": "0021800987", "GAME_DATE": "MAR 09, 2019", "MATCHUP": "BKN @ ATL", "WL": "W", "MIN": 21, "FGM": 1, "FGA": 6, "FG_PCT": 0.167, "FG3M": 0, "FG3A": 2, "FG3_PCT": 0.0, "FTM": 0, "FTA": 0, "FT_PCT": 0.0, "OREB": 1, "DREB": 4, "REB": 5, "AST": 1, "STL": 1, "BLK": 0, "TOV": 2, "PF": 0, "PTS": 2, "PLUS_MINUS": 12, "VIDEO_AVAILABLE": 1}, {"SEASON_ID": "22018", "Player_ID": 1627747, "Game_ID": "0021800969", "GAME_DATE": "MAR 06, 2019", "MATCHUP": "BKN vs. CLE", "WL": "W", "MIN": 20, "FGM": 5, "FGA": 12, "FG_PCT": 0.417, "FG3M": 3, "FG3A": 5, "FG3_PCT": 0.6, "FTM": 1, "FTA": 4, "FT_PCT": 0.25, "OREB": 1, "DREB": 3, "REB": 4, "AST": 1, "STL": 0, "BLK": 1, "TOV": 0, "PF": 0, "PTS": 14, "PLUS_MINUS": 9, "VIDEO_AVAILABLE": 1}, {"SEASON_ID": "22018", "Player_ID": 1627747, "Game_ID": "0021800952", "GAME_DATE": "MAR 04, 2019", "MATCHUP": "BKN vs. DAL", "WL": "W", "MIN": 27, "FGM": 5, "FGA": 11, "FG_PCT": 0.455, "FG3M": 2, "FG3A": 7, "FG3_PCT": 0.286, "FTM": 6, "FTA": 8, "FT_PCT": 0.75, "OREB": 0, "DREB": 5, "REB": 5, "AST": 5, "STL": 1, "BLK": 0, "TOV": 1, "PF": 2, "PTS": 18, "PLUS_MINUS": 25, "VIDEO_AVAILABLE": 1}, {"SEASON_ID": "22018", "Player_ID": 1627747, "Game_ID": "0021800937", "GAME_DATE": "MAR 02, 2019", "MATCHUP": "BKN @ MIA", "WL": "L", "MIN": 29, "FGM": 3, "FGA": 9, "FG_PCT": 0.333, "FG3M": 0, "FG3A": 2, "FG3_PCT": 0.0, "FTM": 2, "FTA": 2, "FT_PCT": 1.0, "OREB": 1, "DREB": 1, "REB": 2, "AST": 6, "STL": 1, "BLK": 0, "TOV": 1, "PF": 2, "PTS": 8, "PLUS_MINUS": -22, "VIDEO_AVAILABLE": 1}, {"SEASON_ID": "22018", "Player_ID": 1627747, "Game_ID": "0021800929", "GAME_DATE": "MAR 01, 2019", "MATCHUP": "BKN vs. CHA", "WL": "L", "MIN": 24, "FGM": 6, "FGA": 11, "FG_PCT": 0.545, "FG3M": 2, "FG3A": 4, "FG3_PCT": 0.5, "FTM": 0, "FTA": 0, "FT_PCT": 0.0, "OREB": 2, "DREB": 5, "REB": 7, "AST": 4, "STL": 0, "BLK": 1, "TOV": 3, "PF": 2, "PTS": 14, "PLUS_MINUS": -6, "VIDEO_AVAILABLE": 1}, {"SEASON_ID": "22018", "Player_ID": 1627747, "Game_ID": "0021800914", "GAME_DATE": "FEB 27, 2019", "MATCHUP": "BKN vs. WAS", "WL": "L", "MIN": 20, "FGM": 0, "FGA": 5, "FG_PCT": 0.0, "FG3M": 0, "FG3A": 3, "FG3_PCT": 0.0, "FTM": 0, "FTA": 0, "FT_PCT": 0.0, "OREB": 0, "DREB": 2, "REB": 2, "AST": 0, "STL": 0, "BLK": 0, "TOV": 2, "PF": 3, "PTS": 0, "PLUS_MINUS": -15, "VIDEO_AVAILABLE": 1}, {"SEASON_ID": "22018", "Player_ID": 1627747, "Game_ID": "0021800900", "GAME_DATE": "FEB 25, 2019", "MATCHUP": "BKN vs. SAS", "WL": "W", "MIN": 27, "FGM": 5, "FGA": 14, "FG_PCT": 0.357, "FG3M": 2, "FG3A": 5, "FG3_PCT": 0.4, "FTM": 3, "FTA": 3, "FT_PCT": 1.0, "OREB": 0, "DREB": 5, "REB": 5, "AST": 7, "STL": 0, "BLK": 1, "TOV": 0, "PF": 0, "PTS": 15, "PLUS_MINUS": 14, "VIDEO_AVAILABLE": 1}, {"SEASON_ID": "22018", "Player_ID": 1627747, "Game_ID": "0021800884", "GAME_DATE": "FEB 23, 2019", "MATCHUP": "BKN @ CHA", "WL": "W", "MIN": 30, "FGM": 2, "FGA": 8, "FG_PCT": 0.25, "FG3M": 2, "FG3A": 4, "FG3_PCT": 0.5, "FTM": 0, "FTA": 0, "FT_PCT": 0.0, "OREB": 1, "DREB": 4, "REB": 5, "AST": 2, "STL": 1, "BLK": 1, "TOV": 3, "PF": 2, "PTS": 6, "PLUS_MINUS": 1, "VIDEO_AVAILABLE": 1}, {"SEASON_ID": "22018", "Player_ID": 1627747, "Game_ID": "0021800869", "GAME_DATE": "FEB 21, 2019", "MATCHUP": "BKN vs. POR", "WL": "L", "MIN": 21, "FGM": 4, "FGA": 11, "FG_PCT": 0.364, "FG3M": 1, "FG3A": 2, "FG3_PCT": 0.5, "FTM": 3, "FTA": 4, "FT_PCT": 0.75, "OREB": 0, "DREB": 0, "REB": 0, "AST": 1, "STL": 2, "BLK": 0, "TOV": 1, "PF": 2, "PTS": 12, "PLUS_MINUS": -13, "VIDEO_AVAILABLE": 1}, {"SEASON_ID": "22018", "Player_ID": 1627747, "Game_ID": "0021800853", "GAME_DATE": "FEB 13, 2019", "MATCHUP": "BKN @ CLE", "WL": "W", "MIN": 31, "FGM": 5, "FGA": 14, "FG_PCT": 0.357, "FG3M": 2, "FG3A": 5, "FG3_PCT": 0.4, "FTM": 0, "FTA": 0, "FT_PCT": 0.0, "OREB": 1, "DREB": 6, "REB": 7, "AST": 9, "STL": 0, "BLK": 1, "TOV": 3, "PF": 4, "PTS": 12, "PLUS_MINUS": 4, "VIDEO_AVAILABLE": 1}, {"SEASON_ID": "22018", "Player_ID": 1627747, "Game_ID": "0021800842", "GAME_DATE": "FEB 11, 2019", "MATCHUP": "BKN @ TOR", "WL": "L", "MIN": 23, "FGM": 3, "FGA": 11, "FG_PCT": 0.273, "FG3M": 0, "FG3A": 5, "FG3_PCT": 0.0, "FTM": 0, "FTA": 0, "FT_PCT": 0.0, "OREB": 0, "DREB": 0, "REB": 0, "AST": 4, "STL": 1, "BLK": 1, "TOV": 5, "PF": 3, "PTS": 6, "PLUS_MINUS": 7, "VIDEO_AVAILABLE": 1}, {"SEASON_ID": "22018", "Player_ID": 1627747, "Game_ID": "0021800820", "GAME_DATE": "FEB 08, 2019", "MATCHUP": "BKN vs. CHI", "WL": "L", "MIN": 15, "FGM": 5, "FGA": 11, "FG_PCT": 0.455, "FG3M": 0, "FG3A": 3, "FG3_PCT": 0.0, "FTM": 1, "FTA": 2, "FT_PCT": 0.5, "OREB": 0, "DREB": 2, "REB": 2, "AST": 4, "STL": 5, "BLK": 0, "TOV": 0, "PF": 1, "PTS": 11, "PLUS_MINUS": 3, "VIDEO_AVAILABLE": 1}, {"SEASON_ID": "22018", "Player_ID": 1627747, "Game_ID": "0021800195", "GAME_DATE": "NOV 12, 2018", "MATCHUP": "BKN @ MIN", "WL": "L", "MIN": 17, "FGM": 5, "FGA": 12, "FG_PCT": 0.417, "FG3M": 0, "FG3A": 3, "FG3_PCT": 0.0, "FTM": 0, "FTA": 0, "FT_PCT": 0.0, "OREB": 3, "DREB": 2, "REB": 5, "AST": 4, "STL": 0, "BLK": 0, "TOV": 1, "PF": 3, "PTS": 10, "PLUS_MINUS": -2, "VIDEO_AVAILABLE": 1}, {"SEASON_ID": "22018", "Player_ID": 1627747, "Game_ID": "0021800182", "GAME_DATE": "NOV 10, 2018", "MATCHUP": "BKN @ GSW", "WL": "L", "MIN": 21, "FGM": 1, "FGA": 6, "FG_PCT": 0.167, "FG3M": 0, "FG3A": 3, "FG3_PCT": 0.0, "FTM": 2, "FTA": 4, "FT_PCT": 0.5, "OREB": 0, "DREB": 2, "REB": 2, "AST": 0, "STL": 0, "BLK": 0, "TOV": 2, "PF": 0, "PTS": 4, "PLUS_MINUS": -21, "VIDEO_AVAILABLE": 1}, {"SEASON_ID": "22018", "Player_ID": 1627747, "Game_ID": "0021800171", "GAME_DATE": "NOV 09, 2018", "MATCHUP": "BKN @ DEN", "WL": "W", "MIN": 31, "FGM": 6, "FGA": 13, "FG_PCT": 0.462, "FG3M": 1, "FG3A": 4, "FG3_PCT": 0.25, "FTM": 4, "FTA": 9, "FT_PCT": 0.444, "OREB": 0, "DREB": 2, "REB": 2, "AST": 5, "STL": 1, "BLK": 1, "TOV": 0, "PF": 2, "PTS": 17, "PLUS_MINUS": 0, "VIDEO_AVAILABLE": 1}, {"SEASON_ID": "22018", "Player_ID": 1627747, "Game_ID": "0021800151", "GAME_DATE": "NOV 06, 2018", "MATCHUP": "BKN @ PHX", "WL": "W", "MIN": 32, "FGM": 10, "FGA": 16, "FG_PCT": 0.625, "FG3M": 3, "FG3A": 6, "FG3_PCT": 0.5, "FTM": 3, "FTA": 4, "FT_PCT": 0.75, "OREB": 1, "DREB": 4, "REB": 5, "AST": 1, "STL": 1, "BLK": 1, "TOV": 3, "PF": 2, "PTS": 26, "PLUS_MINUS": 9, "VIDEO_AVAILABLE": 1}, {"SEASON_ID": "22018", "Player_ID": 1627747, "Game_ID": "0021800134", "GAME_DATE": "NOV 04, 2018", "MATCHUP": "BKN vs. PHI", "WL": "W", "MIN": 29, "FGM": 8, "FGA": 20, "FG_PCT": 0.4, "FG3M": 1, "FG3A": 3, "FG3_PCT": 0.333, "FTM": 3, "FTA": 4, "FT_PCT": 0.75, "OREB": 3, "DREB": 2, "REB": 5, "AST": 2, "STL": 4, "BLK": 0, "TOV": 2, "PF": 1, "PTS": 20, "PLUS_MINUS": 19, "VIDEO_AVAILABLE": 1}, {"SEASON_ID": "22018", "Player_ID": 1627747, "Game_ID": "0021800118", "GAME_DATE": "NOV 02, 2018", "MATCHUP": "BKN vs. HOU", "WL": "L", "MIN": 30, "FGM": 10, "FGA": 17, "FG_PCT": 0.588, "FG3M": 4, "FG3A": 6, "FG3_PCT": 0.667, "FTM": 5, "FTA": 7, "FT_PCT": 0.714, "OREB": 1, "DREB": 3, "REB": 4, "AST": 2, "STL": 3, "BLK": 1, "TOV": 1, "PF": 5, "PTS": 29, "PLUS_MINUS": -18, "VIDEO_AVAILABLE": 1}, {"SEASON_ID": "22018", "Player_ID": 1627747, "Game_ID": "0021800104", "GAME_DATE": "OCT 31, 2018", "MATCHUP": "BKN vs. DET", "WL": "W", "MIN": 40, "FGM": 7, "FGA": 16, "FG_PCT": 0.438, "FG3M": 1, "FG3A": 5, "FG3_PCT": 0.2, "FTM": 4, "FTA": 6, "FT_PCT": 0.667, "OREB": 0, "DREB": 6, "REB": 6, "AST": 6, "STL": 2, "BLK": 0, "TOV": 1, "PF": 4, "PTS": 19, "PLUS_MINUS": 13, "VIDEO_AVAILABLE": 1}, {"SEASON_ID": "22018", "Player_ID": 1627747, "Game_ID": "0021800090", "GAME_DATE": "OCT 29, 2018", "MATCHUP": "BKN @ NYK", "WL": "L", "MIN": 29, "FGM": 2, "FGA": 11, "FG_PCT": 0.182, "FG3M": 0, "FG3A": 6, "FG3_PCT": 0.0, "FTM": 0, "FTA": 0, "FT_PCT": 0.0, "OREB": 0, "DREB": 2, "REB": 2, "AST": 5, "STL": 2, "BLK": 0, "TOV": 2, "PF": 3, "PTS": 4, "PLUS_MINUS": -23, "VIDEO_AVAILABLE": 1}, {"SEASON_ID": "22018", "Player_ID": 1627747, "Game_ID": "0021800083", "GAME_DATE": "OCT 28, 2018", "MATCHUP": "BKN vs. GSW", "WL": "L", "MIN": 30, "FGM": 9, "FGA": 18, "FG_PCT": 0.5, "FG3M": 4, "FG3A": 7, "FG3_PCT": 0.571, "FTM": 1, "FTA": 1, "FT_PCT": 1.0, "OREB": 0, "DREB": 3, "REB": 3, "AST": 7, "STL": 0, "BLK": 0, "TOV": 3, "PF": 2, "PTS": 23, "PLUS_MINUS": 9, "VIDEO_AVAILABLE": 1}, {"SEASON_ID": "22018", "Player_ID": 1627747, "Game_ID": "0021800072", "GAME_DATE": "OCT 26, 2018", "MATCHUP": "BKN @ NOP", "WL": "L", "MIN": 31, "FGM": 8, "FGA": 23, "FG_PCT": 0.348, "FG3M": 1, "FG3A": 6, "FG3_PCT": 0.167, "FTM": 4, "FTA": 5, "FT_PCT": 0.8, "OREB": 4, "DREB": 2, "REB": 6, "AST": 4, "STL": 0, "BLK": 0, "TOV": 2, "PF": 3, "PTS": 21, "PLUS_MINUS": -5, "VIDEO_AVAILABLE": 1}, {"SEASON_ID": "22018", "Player_ID": 1627747, "Game_ID": "0021800053", "GAME_DATE": "OCT 24, 2018", "MATCHUP": "BKN @ CLE", "WL": "W", "MIN": 32, "FGM": 5, "FGA": 12, "FG_PCT": 0.417, "FG3M": 0, "FG3A": 2, "FG3_PCT": 0.0, "FTM": 0, "FTA": 0, "FT_PCT": 0.0, "OREB": 0, "DREB": 6, "REB": 6, "AST": 4, "STL": 1, "BLK": 0, "TOV": 2, "PF": 1, "PTS": 10, "PLUS_MINUS": 23, "VIDEO_AVAILABLE": 1}, {"SEASON_ID": "22018", "Player_ID": 1627747, "Game_ID": "0021800026", "GAME_DATE": "OCT 20, 2018", "MATCHUP": "BKN @ IND", "WL": "L", "MIN": 28, "FGM": 8, "FGA": 9, "FG_PCT": 0.889, "FG3M": 2, "FG3A": 3, "FG3_PCT": 0.667, "FTM": 1, "FTA": 2, "FT_PCT": 0.5, "OREB": 0, "DREB": 4, "REB": 4, "AST": 3, "STL": 2, "BLK": 1, "TOV": 4, "PF": 3, "PTS": 19, "PLUS_MINUS": -20, "VIDEO_AVAILABLE": 1}, {"SEASON_ID": "22018", "Player_ID": 1627747, "Game_ID": "0021800018", "GAME_DATE": "OCT 19, 2018", "MATCHUP": "BKN vs. NYK", "WL": "W", "MIN": 32, "FGM": 8, "FGA": 13, "FG_PCT": 0.615, "FG3M": 2, "FG3A": 5, "FG3_PCT": 0.4, "FTM": 10, "FTA": 11, "FT_PCT": 0.909, "OREB": 1, "DREB": 5, "REB": 6, "AST": 5, "STL": 0, "BLK": 0, "TOV": 4, "PF": 3, "PTS": 28, "PLUS_MINUS": 0, "VIDEO_AVAILABLE": 1}, {"SEASON_ID": "22018", "Player_ID": 1627747, "Game_ID": "0021800004", "GAME_DATE": "OCT 17, 2018", "MATCHUP": "BKN @ DET", "WL": "L", "MIN": 34, "FGM": 10, "FGA": 18, "FG_PCT": 0.556, "FG3M": 0, "FG3A": 2, "FG3_PCT": 0.0, "FTM": 7, "FTA": 8, "FT_PCT": 0.875, "OREB": 1, "DREB": 3, "REB": 4, "AST": 4, "STL": 1, "BLK": 1, "TOV": 3, "PF": 2, "PTS": 27, "PLUS_MINUS": -10, "VIDEO_AVAILABLE": 1}, {"SEASON_ID": "22017", "Player_ID": 1627747, "Game_ID": "0021701219", "GAME_DATE": "APR 11, 2018", "MATCHUP": "BKN @ BOS", "WL": "L", "MIN": 29, "FGM": 4, "FGA": 13, "FG_PCT": 0.308, "FG3M": 1, "FG3A": 4, "FG3_PCT": 0.25, "FTM": 2, "FTA": 2, "FT_PCT": 1.0, "OREB": 0, "DREB": 2, "REB": 2, "AST": 6, "STL": 3, "BLK": 0, "TOV": 3, "PF": 0, "PTS": 11, "PLUS_MINUS": -6, "VIDEO_AVAILABLE": 1}, {"SEASON_ID": "22017", "Player_ID": 1627747, "Game_ID": "0021701193", "GAME_DATE": "APR 07, 2018", "MATCHUP": "BKN @ CHI", "WL": "W", "MIN": 24, "FGM": 5, "FGA": 7, "FG_PCT": 0.714, "FG3M": 2, "FG3A": 2, "FG3_PCT": 1.0, "FTM": 1, "FTA": 1, "FT_PCT": 1.0, "OREB": 0, "DREB": 1, "REB": 1, "AST": 8, "STL": 3, "BLK": 0, "TOV": 3, "PF": 0, "PTS": 13, "PLUS_MINUS": 18, "VIDEO_AVAILABLE": 1}, {"SEASON_ID": "22017", "Player_ID": 1627747, "Game_ID": "0021701178", "GAME_DATE": "APR 05, 2018", "MATCHUP": "BKN @ MIL", "WL": "W", "MIN": 30, "FGM": 5, "FGA": 10, "FG_PCT": 0.5, "FG3M": 2, "FG3A": 3, "FG3_PCT": 0.667, "FTM": 1, "FTA": 2, "FT_PCT": 0.5, "OREB": 0, "DREB": 3, "REB": 3, "AST": 2, "STL": 1, "BLK": 1, "TOV": 2, "PF": 2, "PTS": 13, "PLUS_MINUS": -5, "VIDEO_AVAILABLE": 1}, {"SEASON_ID": "22017", "Player_ID": 1627747, "Game_ID": "0021701157", "GAME_DATE": "APR 03, 2018", "MATCHUP": "BKN @ PHI", "WL": "L", "MIN": 24, "FGM": 2, "FGA": 9, "FG_PCT": 0.222, "FG3M": 0, "FG3A": 4, "FG3_PCT": 0.0, "FTM": 0, "FTA": 3, "FT_PCT": 0.0, "OREB": 0, "DREB": 3, "REB": 3, "AST": 4, "STL": 0, "BLK": 0, "TOV": 0, "PF": 4, "PTS": 4, "PLUS_MINUS": -11, "VIDEO_AVAILABLE": 1}, {"SEASON_ID": "22017", "Player_ID": 1627747, "Game_ID": "0021701148", "GAME_DATE": "APR 01, 2018", "MATCHUP": "BKN vs. DET", "WL": "L", "MIN": 31, "FGM": 4, "FGA": 10, "FG_PCT": 0.4, "FG3M": 1, "FG3A": 6, "FG3_PCT": 0.167, "FTM": 1, "FTA": 1, "FT_PCT": 1.0, "OREB": 0, "DREB": 1, "REB": 1, "AST": 7, "STL": 1, "BLK": 0, "TOV": 3, "PF": 4, "PTS": 10, "PLUS_MINUS": -1, "VIDEO_AVAILABLE": 1}, {"SEASON_ID": "22017", "Player_ID": 1627747, "Game_ID": "0021701141", "GAME_DATE": "MAR 31, 2018", "MATCHUP": "BKN @ MIA", "WL": "W", "MIN": 35, "FGM": 7, "FGA": 13, "FG_PCT": 0.538, "FG3M": 0, "FG3A": 3, "FG3_PCT": 0.0, "FTM": 5, "FTA": 5, "FT_PCT": 1.0, "OREB": 2, "DREB": 10, "REB": 12, "AST": 8, "STL": 2, "BLK": 1, "TOV": 2, "PF": 4, "PTS": 19, "PLUS_MINUS": -7, "VIDEO_AVAILABLE": 1}, {"SEASON_ID": "22017", "Player_ID": 1627747, "Game_ID": "0021701117", "GAME_DATE": "MAR 28, 2018", "MATCHUP": "BKN @ ORL", "WL": "W", "MIN": 25, "FGM": 6, "FGA": 14, "FG_PCT": 0.429, "FG3M": 2, "FG3A": 6, "FG3_PCT": 0.333, "FTM": 2, "FTA": 2, "FT_PCT": 1.0, "OREB": 1, "DREB": 2, "REB": 3, "AST": 6, "STL": 1, "BLK": 0, "TOV": 1, "PF": 3, "PTS": 16, "PLUS_MINUS": 0, "VIDEO_AVAILABLE": 1}, {"SEASON_ID": "22017", "Player_ID": 1627747, "Game_ID": "0021701094", "GAME_DATE": "MAR 25, 2018", "MATCHUP": "BKN vs. CLE", "WL": "L", "MIN": 25, "FGM": 3, "FGA": 9, "FG_PCT": 0.333, "FG3M": 0, "FG3A": 2, "FG3_PCT": 0.0, "FTM": 2, "FTA": 2, "FT_PCT": 1.0, "OREB": 0, "DREB": 4, "REB": 4, "AST": 7, "STL": 0, "BLK": 0, "TOV": 1, "PF": 3, "PTS": 8, "PLUS_MINUS": 2, "VIDEO_AVAILABLE": 1}, {"SEASON_ID": "22017", "Player_ID": 1627747, "Game_ID": "0021701082", "GAME_DATE": "MAR 23, 2018", "MATCHUP": "BKN @ TOR", "WL": "L", "MIN": 29, "FGM": 4, "FGA": 12, "FG_PCT": 0.333, "FG3M": 1, "FG3A": 3, "FG3_PCT": 0.333, "FTM": 0, "FTA": 0, "FT_PCT": 0.0, "OREB": 0, "DREB": 2, "REB": 2, "AST": 3, "STL": 3, "BLK": 0, "TOV": 0, "PF": 5, "PTS": 9, "PLUS_MINUS": -14, "VIDEO_AVAILABLE": 1}, {"SEASON_ID": "22017", "Player_ID": 1627747, "Game_ID": "0021701067", "GAME_DATE": "MAR 21, 2018", "MATCHUP": "BKN vs. CHA", "WL": "L", "MIN": 27, "FGM": 6, "FGA": 15, "FG_PCT": 0.4, "FG3M": 2, "FG3A": 4, "FG3_PCT": 0.5, "FTM": 0, "FTA": 1, "FT_PCT": 0.0, "OREB": 2, "DREB": 3, "REB": 5, "AST": 4, "STL": 1, "BLK": 0, "TOV": 1, "PF": 5, "PTS": 14, "PLUS_MINUS": -9, "VIDEO_AVAILABLE": 1}, {"SEASON_ID": "22017", "Player_ID": 1627747, "Game_ID": "0021701053", "GAME_DATE": "MAR 19, 2018", "MATCHUP": "BKN vs. MEM", "WL": "W", "MIN": 24, "FGM": 7, "FGA": 9, "FG_PCT": 0.778, "FG3M": 4, "FG3A": 4, "FG3_PCT": 1.0, "FTM": 4, "FTA": 6, "FT_PCT": 0.667, "OREB": 0, "DREB": 3, "REB": 3, "AST": 2, "STL": 0, "BLK": 1, "TOV": 4, "PF": 3, "PTS": 22, "PLUS_MINUS": -6, "VIDEO_AVAILABLE": 1}, {"SEASON_ID": "22017", "Player_ID": 1627747, "Game_ID": "0021701037", "GAME_DATE": "MAR 17, 2018", "MATCHUP": "BKN vs. DAL", "WL": "W", "MIN": 27, "FGM": 5, "FGA": 11, "FG_PCT": 0.455, "FG3M": 0, "FG3A": 2, "FG3_PCT": 0.0, "FTM": 1, "FTA": 3, "FT_PCT": 0.333, "OREB": 2, "DREB": 2, "REB": 4, "AST": 3, "STL": 0, "BLK": 0, "TOV": 0, "PF": 2, "PTS": 11, "PLUS_MINUS": 5, "VIDEO_AVAILABLE": 1}, {"SEASON_ID": "22017", "Player_ID": 1627747, "Game_ID": "0021701030", "GAME_DATE": "MAR 16, 2018", "MATCHUP": "BKN @ PHI", "WL": "L", "MIN": 28, "FGM": 6, "FGA": 11, "FG_PCT": 0.545, "FG3M": 2, "FG3A": 3, "FG3_PCT": 0.667, "FTM": 2, "FTA": 2, "FT_PCT": 1.0, "OREB": 0, "DREB": 3, "REB": 3, "AST": 2, "STL": 0, "BLK": 0, "TOV": 1, "PF": 3, "PTS": 16, "PLUS_MINUS": 4, "VIDEO_AVAILABLE": 1}, {"SEASON_ID": "22017", "Player_ID": 1627747, "Game_ID": "0021701008", "GAME_DATE": "MAR 13, 2018", "MATCHUP": "BKN vs. TOR", "WL": "L", "MIN": 29, "FGM": 4, "FGA": 11, "FG_PCT": 0.364, "FG3M": 1, "FG3A": 3, "FG3_PCT": 0.333, "FTM": 2, "FTA": 2, "FT_PCT": 1.0, "OREB": 1, "DREB": 2, "REB": 3, "AST": 7, "STL": 3, "BLK": 0, "TOV": 2, "PF": 2, "PTS": 11, "PLUS_MINUS": -14, "VIDEO_AVAILABLE": 1}, {"SEASON_ID": "22017", "Player_ID": 1627747, "Game_ID": "0021700999", "GAME_DATE": "MAR 11, 2018", "MATCHUP": "BKN vs. PHI", "WL": "L", "MIN": 27, "FGM": 2, "FGA": 5, "FG_PCT": 0.4, "FG3M": 1, "FG3A": 2, "FG3_PCT": 0.5, "FTM": 5, "FTA": 6, "FT_PCT": 0.833, "OREB": 0, "DREB": 2, "REB": 2, "AST": 5, "STL": 1, "BLK": 0, "TOV": 2, "PF": 1, "PTS": 10, "PLUS_MINUS": -13, "VIDEO_AVAILABLE": 1}, {"SEASON_ID": "22017", "Player_ID": 1627747, "Game_ID": "0021700972", "GAME_DATE": "MAR 08, 2018", "MATCHUP": "BKN @ CHA", "WL": "W", "MIN": 30, "FGM": 8, "FGA": 15, "FG_PCT": 0.533, "FG3M": 1, "FG3A": 4, "FG3_PCT": 0.25, "FTM": 5, "FTA": 5, "FT_PCT": 1.0, "OREB": 1, "DREB": 3, "REB": 4, "AST": 8, "STL": 1, "BLK": 0, "TOV": 2, "PF": 2, "PTS": 22, "PLUS_MINUS": 5, "VIDEO_AVAILABLE": 1}, {"SEASON_ID": "22017", "Player_ID": 1627747, "Game_ID": "0021700963", "GAME_DATE": "MAR 06, 2018", "MATCHUP": "BKN @ GSW", "WL": "L", "MIN": 25, "FGM": 4, "FGA": 11, "FG_PCT": 0.364, "FG3M": 1, "FG3A": 5, "FG3_PCT": 0.2, "FTM": 1, "FTA": 2, "FT_PCT": 0.5, "OREB": 1, "DREB": 3, "REB": 4, "AST": 3, "STL": 2, "BLK": 0, "TOV": 1, "PF": 2, "PTS": 10, "PLUS_MINUS": -5, "VIDEO_AVAILABLE": 1}, {"SEASON_ID": "22017", "Player_ID": 1627747, "Game_ID": "0021700948", "GAME_DATE": "MAR 04, 2018", "MATCHUP": "BKN @ LAC", "WL": "L", "MIN": 29, "FGM": 11, "FGA": 19, "FG_PCT": 0.579, "FG3M": 5, "FG3A": 7, "FG3_PCT": 0.714, "FTM": 0, "FTA": 0, "FT_PCT": 0.0, "OREB": 2, "DREB": 3, "REB": 5, "AST": 5, "STL": 2, "BLK": 1, "TOV": 2, "PF": 2, "PTS": 27, "PLUS_MINUS": 7, "VIDEO_AVAILABLE": 1}, {"SEASON_ID": "22017", "Player_ID": 1627747, "Game_ID": "0021700924", "GAME_DATE": "MAR 01, 2018", "MATCHUP": "BKN @ SAC", "WL": "L", "MIN": 20, "FGM": 3, "FGA": 11, "FG_PCT": 0.273, "FG3M": 0, "FG3A": 3, "FG3_PCT": 0.0, "FTM": 0, "FTA": 1, "FT_PCT": 0.0, "OREB": 2, "DREB": 0, "REB": 2, "AST": 2, "STL": 1, "BLK": 0, "TOV": 2, "PF": 1, "PTS": 6, "PLUS_MINUS": -18, "VIDEO_AVAILABLE": 1}, {"SEASON_ID": "22017", "Player_ID": 1627747, "Game_ID": "0021700908", "GAME_DATE": "FEB 27, 2018", "MATCHUP": "BKN @ CLE", "WL": "L", "MIN": 19, "FGM": 6, "FGA": 9, "FG_PCT": 0.667, "FG3M": 2, "FG3A": 3, "FG3_PCT": 0.667, "FTM": 4, "FTA": 4, "FT_PCT": 1.0, "OREB": 0, "DREB": 3, "REB": 3, "AST": 1, "STL": 0, "BLK": 0, "TOV": 1, "PF": 1, "PTS": 18, "PLUS_MINUS": -4, "VIDEO_AVAILABLE": 1}, {"SEASON_ID": "22017", "Player_ID": 1627747, "Game_ID": "0021700899", "GAME_DATE": "FEB 26, 2018", "MATCHUP": "BKN vs. CHI", "WL": "W", "MIN": 21, "FGM": 3, "FGA": 9, "FG_PCT": 0.333, "FG3M": 0, "FG3A": 2, "FG3_PCT": 0.0, "FTM": 0, "FTA": 0, "FT_PCT": 0.0, "OREB": 0, "DREB": 0, "REB": 0, "AST": 4, "STL": 0, "BLK": 2, "TOV": 1, "PF": 1, "PTS": 6, "PLUS_MINUS": 5, "VIDEO_AVAILABLE": 1}, {"SEASON_ID": "22017", "Player_ID": 1627747, "Game_ID": "0021700800", "GAME_DATE": "FEB 06, 2018", "MATCHUP": "BKN vs. HOU", "WL": "L", "MIN": 12, "FGM": 3, "FGA": 6, "FG_PCT": 0.5, "FG3M": 1, "FG3A": 1, "FG3_PCT": 1.0, "FTM": 2, "FTA": 2, "FT_PCT": 1.0, "OREB": 1, "DREB": 2, "REB": 3, "AST": 3, "STL": 1, "BLK": 0, "TOV": 1, "PF": 2, "PTS": 9, "PLUS_MINUS": -11, "VIDEO_AVAILABLE": 1}, {"SEASON_ID": "22017", "Player_ID": 1627747, "Game_ID": "0021700785", "GAME_DATE": "FEB 04, 2018", "MATCHUP": "BKN vs. MIL", "WL": "L", "MIN": 23, "FGM": 6, "FGA": 7, "FG_PCT": 0.857, "FG3M": 0, "FG3A": 0, "FG3_PCT": 0.0, "FTM": 3, "FTA": 4, "FT_PCT": 0.75, "OREB": 0, "DREB": 0, "REB": 0, "AST": 1, "STL": 0, "BLK": 0, "TOV": 1, "PF": 4, "PTS": 15, "PLUS_MINUS": 3, "VIDEO_AVAILABLE": 1}, {"SEASON_ID": "22017", "Player_ID": 1627747, "Game_ID": "0021700768", "GAME_DATE": "FEB 02, 2018", "MATCHUP": "BKN vs. LAL", "WL": "L", "MIN": 18, "FGM": 3, "FGA": 5, "FG_PCT": 0.6, "FG3M": 1, "FG3A": 2, "FG3_PCT": 0.5, "FTM": 0, "FTA": 0, "FT_PCT": 0.0, "OREB": 0, "DREB": 2, "REB": 2, "AST": 1, "STL": 0, "BLK": 1, "TOV": 4, "PF": 1, "PTS": 7, "PLUS_MINUS": -13, "VIDEO_AVAILABLE": 1}, {"SEASON_ID": "22017", "Player_ID": 1627747, "Game_ID": "0021700719", "GAME_DATE": "JAN 26, 2018", "MATCHUP": "BKN @ MIL", "WL": "L", "MIN": 29, "FGM": 2, "FGA": 10, "FG_PCT": 0.2, "FG3M": 0, "FG3A": 4, "FG3_PCT": 0.0, "FTM": 0, "FTA": 0, "FT_PCT": 0.0, "OREB": 2, "DREB": 7, "REB": 9, "AST": 4, "STL": 0, "BLK": 0, "TOV": 1, "PF": 0, "PTS": 4, "PLUS_MINUS": -17, "VIDEO_AVAILABLE": 1}, {"SEASON_ID": "22017", "Player_ID": 1627747, "Game_ID": "0021700697", "GAME_DATE": "JAN 23, 2018", "MATCHUP": "BKN @ OKC", "WL": "L", "MIN": 19, "FGM": 2, "FGA": 4, "FG_PCT": 0.5, "FG3M": 0, "FG3A": 1, "FG3_PCT": 0.0, "FTM": 2, "FTA": 3, "FT_PCT": 0.667, "OREB": 0, "DREB": 5, "REB": 5, "AST": 6, "STL": 0, "BLK": 0, "TOV": 2, "PF": 3, "PTS": 6, "PLUS_MINUS": -1, "VIDEO_AVAILABLE": 1}, {"SEASON_ID": "22017", "Player_ID": 1627747, "Game_ID": "0021700685", "GAME_DATE": "JAN 21, 2018", "MATCHUP": "BKN @ DET", "WL": "W", "MIN": 22, "FGM": 2, "FGA": 7, "FG_PCT": 0.286, "FG3M": 0, "FG3A": 2, "FG3_PCT": 0.0, "FTM": 5, "FTA": 9, "FT_PCT": 0.556, "OREB": 1, "DREB": 3, "REB": 4, "AST": 3, "STL": 0, "BLK": 0, "TOV": 0, "PF": 2, "PTS": 9, "PLUS_MINUS": -4, "VIDEO_AVAILABLE": 2}, {"SEASON_ID": "22017", "Player_ID": 1627747, "Game_ID": "0021700668", "GAME_DATE": "JAN 19, 2018", "MATCHUP": "BKN vs. MIA", "WL": "W", "MIN": 27, "FGM": 4, "FGA": 12, "FG_PCT": 0.333, "FG3M": 1, "FG3A": 6, "FG3_PCT": 0.167, "FTM": 3, "FTA": 4, "FT_PCT": 0.75, "OREB": 0, "DREB": 4, "REB": 4, "AST": 5, "STL": 3, "BLK": 1, "TOV": 1, "PF": 1, "PTS": 12, "PLUS_MINUS": 11, "VIDEO_AVAILABLE": 1}, {"SEASON_ID": "22017", "Player_ID": 1627747, "Game_ID": "0021700655", "GAME_DATE": "JAN 17, 2018", "MATCHUP": "BKN vs. SAS", "WL": "L", "MIN": 21, "FGM": 4, "FGA": 11, "FG_PCT": 0.364, "FG3M": 2, "FG3A": 7, "FG3_PCT": 0.286, "FTM": 3, "FTA": 4, "FT_PCT": 0.75, "OREB": 0, "DREB": 2, "REB": 2, "AST": 2, "STL": 0, "BLK": 0, "TOV": 2, "PF": 3, "PTS": 13, "PLUS_MINUS": -15, "VIDEO_AVAILABLE": 1}, {"SEASON_ID": "22017", "Player_ID": 1627747, "Game_ID": "0021700642", "GAME_DATE": "JAN 15, 2018", "MATCHUP": "BKN vs. NYK", "WL": "L", "MIN": 30, "FGM": 8, "FGA": 20, "FG_PCT": 0.4, "FG3M": 3, "FG3A": 5, "FG3_PCT": 0.6, "FTM": 1, "FTA": 2, "FT_PCT": 0.5, "OREB": 3, "DREB": 4, "REB": 7, "AST": 1, "STL": 1, "BLK": 0, "TOV": 3, "PF": 1, "PTS": 20, "PLUS_MINUS": -11, "VIDEO_AVAILABLE": 1}, {"SEASON_ID": "22017", "Player_ID": 1627747, "Game_ID": "0021700630", "GAME_DATE": "JAN 13, 2018", "MATCHUP": "BKN @ WAS", "WL": "L", "MIN": 35, "FGM": 5, "FGA": 16, "FG_PCT": 0.313, "FG3M": 1, "FG3A": 7, "FG3_PCT": 0.143, "FTM": 1, "FTA": 2, "FT_PCT": 0.5, "OREB": 4, "DREB": 4, "REB": 8, "AST": 8, "STL": 1, "BLK": 0, "TOV": 5, "PF": 4, "PTS": 12, "PLUS_MINUS": 9, "VIDEO_AVAILABLE": 1}, {"SEASON_ID": "22017", "Player_ID": 1627747, "Game_ID": "0021700621", "GAME_DATE": "JAN 12, 2018", "MATCHUP": "BKN @ ATL", "WL": "W", "MIN": 21, "FGM": 3, "FGA": 9, "FG_PCT": 0.333, "FG3M": 0, "FG3A": 2, "FG3_PCT": 0.0, "FTM": 1, "FTA": 1, "FT_PCT": 1.0, "OREB": 1, "DREB": 1, "REB": 2, "AST": 7, "STL": 0, "BLK": 0, "TOV": 2, "PF": 3, "PTS": 7, "PLUS_MINUS": 5, "VIDEO_AVAILABLE": 1}, {"SEASON_ID": "22017", "Player_ID": 1627747, "Game_ID": "0021700606", "GAME_DATE": "JAN 10, 2018", "MATCHUP": "BKN vs. DET", "WL": "L", "MIN": 27, "FGM": 5, "FGA": 8, "FG_PCT": 0.625, "FG3M": 2, "FG3A": 4, "FG3_PCT": 0.5, "FTM": 0, "FTA": 0, "FT_PCT": 0.0, "OREB": 0, "DREB": 5, "REB": 5, "AST": 3, "STL": 1, "BLK": 0, "TOV": 6, "PF": 1, "PTS": 12, "PLUS_MINUS": -29, "VIDEO_AVAILABLE": 1}, {"SEASON_ID": "22017", "Player_ID": 1627747, "Game_ID": "0021700592", "GAME_DATE": "JAN 08, 2018", "MATCHUP": "BKN vs. TOR", "WL": "L", "MIN": 27, "FGM": 2, "FGA": 13, "FG_PCT": 0.154, "FG3M": 1, "FG3A": 2, "FG3_PCT": 0.5, "FTM": 0, "FTA": 0, "FT_PCT": 0.0, "OREB": 0, "DREB": 1, "REB": 1, "AST": 3, "STL": 2, "BLK": 1, "TOV": 2, "PF": 2, "PTS": 5, "PLUS_MINUS": -9, "VIDEO_AVAILABLE": 1}, {"SEASON_ID": "22017", "Player_ID": 1627747, "Game_ID": "0021700545", "GAME_DATE": "JAN 01, 2018", "MATCHUP": "BKN vs. ORL", "WL": "W", "MIN": 27, "FGM": 6, "FGA": 15, "FG_PCT": 0.4, "FG3M": 1, "FG3A": 2, "FG3_PCT": 0.5, "FTM": 2, "FTA": 3, "FT_PCT": 0.667, "OREB": 1, "DREB": 4, "REB": 5, "AST": 8, "STL": 2, "BLK": 0, "TOV": 5, "PF": 3, "PTS": 15, "PLUS_MINUS": 2, "VIDEO_AVAILABLE": 1}, {"SEASON_ID": "22017", "Player_ID": 1627747, "Game_ID": "0021700539", "GAME_DATE": "DEC 31, 2017", "MATCHUP": "BKN @ BOS", "WL": "L", "MIN": 30, "FGM": 5, "FGA": 12, "FG_PCT": 0.417, "FG3M": 2, "FG3A": 3, "FG3_PCT": 0.667, "FTM": 4, "FTA": 5, "FT_PCT": 0.8, "OREB": 2, "DREB": 4, "REB": 6, "AST": 7, "STL": 2, "BLK": 0, "TOV": 2, "PF": 3, "PTS": 16, "PLUS_MINUS": 10, "VIDEO_AVAILABLE": 1}, {"SEASON_ID": "22017", "Player_ID": 1627747, "Game_ID": "0021700523", "GAME_DATE": "DEC 29, 2017", "MATCHUP": "BKN @ MIA", "WL": "W", "MIN": 23, "FGM": 4, "FGA": 10, "FG_PCT": 0.4, "FG3M": 0, "FG3A": 1, "FG3_PCT": 0.0, "FTM": 4, "FTA": 4, "FT_PCT": 1.0, "OREB": 1, "DREB": 4, "REB": 5, "AST": 11, "STL": 1, "BLK": 0, "TOV": 2, "PF": 2, "PTS": 12, "PLUS_MINUS": 25, "VIDEO_AVAILABLE": 1}, {"SEASON_ID": "22017", "Player_ID": 1627747, "Game_ID": "0021700511", "GAME_DATE": "DEC 27, 2017", "MATCHUP": "BKN @ NOP", "WL": "L", "MIN": 32, "FGM": 8, "FGA": 15, "FG_PCT": 0.533, "FG3M": 3, "FG3A": 6, "FG3_PCT": 0.5, "FTM": 3, "FTA": 5, "FT_PCT": 0.6, "OREB": 2, "DREB": 4, "REB": 6, "AST": 7, "STL": 0, "BLK": 0, "TOV": 4, "PF": 0, "PTS": 22, "PLUS_MINUS": 3, "VIDEO_AVAILABLE": 1}, {"SEASON_ID": "22017", "Player_ID": 1627747, "Game_ID": "0021700502", "GAME_DATE": "DEC 26, 2017", "MATCHUP": "BKN @ SAS", "WL": "L", "MIN": 28, "FGM": 8, "FGA": 11, "FG_PCT": 0.727, "FG3M": 2, "FG3A": 3, "FG3_PCT": 0.667, "FTM": 0, "FTA": 1, "FT_PCT": 0.0, "OREB": 0, "DREB": 0, "REB": 0, "AST": 5, "STL": 2, "BLK": 0, "TOV": 2, "PF": 1, "PTS": 18, "PLUS_MINUS": -16, "VIDEO_AVAILABLE": 1}, {"SEASON_ID": "22017", "Player_ID": 1627747, "Game_ID": "0021700482", "GAME_DATE": "DEC 23, 2017", "MATCHUP": "BKN @ IND", "WL": "L", "MIN": 34, "FGM": 5, "FGA": 10, "FG_PCT": 0.5, "FG3M": 2, "FG3A": 3, "FG3_PCT": 0.667, "FTM": 2, "FTA": 3, "FT_PCT": 0.667, "OREB": 1, "DREB": 3, "REB": 4, "AST": 2, "STL": 1, "BLK": 0, "TOV": 6, "PF": 3, "PTS": 14, "PLUS_MINUS": -3, "VIDEO_AVAILABLE": 1}, {"SEASON_ID": "22017", "Player_ID": 1627747, "Game_ID": "0021700473", "GAME_DATE": "DEC 22, 2017", "MATCHUP": "BKN vs. WAS", "WL": "W", "MIN": 24, "FGM": 7, "FGA": 9, "FG_PCT": 0.778, "FG3M": 2, "FG3A": 2, "FG3_PCT": 1.0, "FTM": 1, "FTA": 1, "FT_PCT": 1.0, "OREB": 2, "DREB": 4, "REB": 6, "AST": 3, "STL": 0, "BLK": 0, "TOV": 2, "PF": 2, "PTS": 17, "PLUS_MINUS": 10, "VIDEO_AVAILABLE": 1}, {"SEASON_ID": "22017", "Player_ID": 1627747, "Game_ID": "0021700457", "GAME_DATE": "DEC 20, 2017", "MATCHUP": "BKN vs. SAC", "WL": "L", "MIN": 27, "FGM": 4, "FGA": 10, "FG_PCT": 0.4, "FG3M": 3, "FG3A": 5, "FG3_PCT": 0.6, "FTM": 2, "FTA": 2, "FT_PCT": 1.0, "OREB": 1, "DREB": 1, "REB": 2, "AST": 4, "STL": 0, "BLK": 2, "TOV": 1, "PF": 0, "PTS": 13, "PLUS_MINUS": -7, "VIDEO_AVAILABLE": 1}, {"SEASON_ID": "22017", "Player_ID": 1627747, "Game_ID": "0021700439", "GAME_DATE": "DEC 17, 2017", "MATCHUP": "BKN vs. IND", "WL": "L", "MIN": 31, "FGM": 6, "FGA": 11, "FG_PCT": 0.545, "FG3M": 0, "FG3A": 2, "FG3_PCT": 0.0, "FTM": 2, "FTA": 5, "FT_PCT": 0.4, "OREB": 1, "DREB": 3, "REB": 4, "AST": 3, "STL": 3, "BLK": 0, "TOV": 1, "PF": 0, "PTS": 14, "PLUS_MINUS": -8, "VIDEO_AVAILABLE": 1}, {"SEASON_ID": "22017", "Player_ID": 1627747, "Game_ID": "0021700424", "GAME_DATE": "DEC 15, 2017", "MATCHUP": "BKN @ TOR", "WL": "L", "MIN": 26, "FGM": 1, "FGA": 7, "FG_PCT": 0.143, "FG3M": 0, "FG3A": 3, "FG3_PCT": 0.0, "FTM": 0, "FTA": 0, "FT_PCT": 0.0, "OREB": 0, "DREB": 2, "REB": 2, "AST": 1, "STL": 0, "BLK": 0, "TOV": 2, "PF": 1, "PTS": 2, "PLUS_MINUS": -17, "VIDEO_AVAILABLE": 2}, {"SEASON_ID": "22017", "Player_ID": 1627747, "Game_ID": "0021700414", "GAME_DATE": "DEC 14, 2017", "MATCHUP": "BKN vs. NYK", "WL": "L", "MIN": 28, "FGM": 4, "FGA": 10, "FG_PCT": 0.4, "FG3M": 3, "FG3A": 7, "FG3_PCT": 0.429, "FTM": 4, "FTA": 4, "FT_PCT": 1.0, "OREB": 3, "DREB": 2, "REB": 5, "AST": 5, "STL": 3, "BLK": 0, "TOV": 4, "PF": 4, "PTS": 15, "PLUS_MINUS": -20, "VIDEO_AVAILABLE": 1}, {"SEASON_ID": "22017", "Player_ID": 1627747, "Game_ID": "0021700400", "GAME_DATE": "DEC 12, 2017", "MATCHUP": "BKN vs. WAS", "WL": "W", "MIN": 29, "FGM": 4, "FGA": 8, "FG_PCT": 0.5, "FG3M": 3, "FG3A": 4, "FG3_PCT": 0.75, "FTM": 5, "FTA": 6, "FT_PCT": 0.833, "OREB": 0, "DREB": 3, "REB": 3, "AST": 8, "STL": 0, "BLK": 0, "TOV": 4, "PF": 4, "PTS": 16, "PLUS_MINUS": -5, "VIDEO_AVAILABLE": 1}, {"SEASON_ID": "22017", "Player_ID": 1627747, "Game_ID": "0021700376", "GAME_DATE": "DEC 09, 2017", "MATCHUP": "BKN vs. MIA", "WL": "L", "MIN": 31, "FGM": 4, "FGA": 9, "FG_PCT": 0.444, "FG3M": 0, "FG3A": 1, "FG3_PCT": 0.0, "FTM": 4, "FTA": 4, "FT_PCT": 1.0, "OREB": 0, "DREB": 0, "REB": 0, "AST": 5, "STL": 2, "BLK": 0, "TOV": 3, "PF": 1, "PTS": 12, "PLUS_MINUS": -18, "VIDEO_AVAILABLE": 1}, {"SEASON_ID": "22017", "Player_ID": 1627747, "Game_ID": "0021700365", "GAME_DATE": "DEC 07, 2017", "MATCHUP": "BKN vs. OKC", "WL": "W", "MIN": 30, "FGM": 6, "FGA": 10, "FG_PCT": 0.6, "FG3M": 1, "FG3A": 4, "FG3_PCT": 0.25, "FTM": 8, "FTA": 9, "FT_PCT": 0.889, "OREB": 0, "DREB": 5, "REB": 5, "AST": 10, "STL": 2, "BLK": 2, "TOV": 0, "PF": 4, "PTS": 21, "PLUS_MINUS": 0, "VIDEO_AVAILABLE": 1}, {"SEASON_ID": "22017", "Player_ID": 1627747, "Game_ID": "0021700342", "GAME_DATE": "DEC 04, 2017", "MATCHUP": "BKN @ ATL", "WL": "W", "MIN": 28, "FGM": 7, "FGA": 13, "FG_PCT": 0.538, "FG3M": 1, "FG3A": 3, "FG3_PCT": 0.333, "FTM": 2, "FTA": 2, "FT_PCT": 1.0, "OREB": 1, "DREB": 1, "REB": 2, "AST": 6, "STL": 2, "BLK": 1, "TOV": 3, "PF": 4, "PTS": 17, "PLUS_MINUS": 4, "VIDEO_AVAILABLE": 1}, {"SEASON_ID": "22017", "Player_ID": 1627747, "Game_ID": "0021700328", "GAME_DATE": "DEC 02, 2017", "MATCHUP": "BKN vs. ATL", "WL": "L", "MIN": 25, "FGM": 2, "FGA": 8, "FG_PCT": 0.25, "FG3M": 2, "FG3A": 6, "FG3_PCT": 0.333, "FTM": 0, "FTA": 0, "FT_PCT": 0.0, "OREB": 1, "DREB": 2, "REB": 3, "AST": 3, "STL": 1, "BLK": 0, "TOV": 4, "PF": 3, "PTS": 6, "PLUS_MINUS": -24, "VIDEO_AVAILABLE": 1}, {"SEASON_ID": "22017", "Player_ID": 1627747, "Game_ID": "0021700310", "GAME_DATE": "NOV 29, 2017", "MATCHUP": "BKN @ DAL", "WL": "W", "MIN": 28, "FGM": 5, "FGA": 13, "FG_PCT": 0.385, "FG3M": 2, "FG3A": 3, "FG3_PCT": 0.667, "FTM": 1, "FTA": 2, "FT_PCT": 0.5, "OREB": 1, "DREB": 5, "REB": 6, "AST": 5, "STL": 1, "BLK": 0, "TOV": 0, "PF": 2, "PTS": 13, "PLUS_MINUS": 7, "VIDEO_AVAILABLE": 1}, {"SEASON_ID": "22017", "Player_ID": 1627747, "Game_ID": "0021700294", "GAME_DATE": "NOV 27, 2017", "MATCHUP": "BKN @ HOU", "WL": "L", "MIN": 29, "FGM": 6, "FGA": 14, "FG_PCT": 0.429, "FG3M": 0, "FG3A": 5, "FG3_PCT": 0.0, "FTM": 1, "FTA": 2, "FT_PCT": 0.5, "OREB": 0, "DREB": 2, "REB": 2, "AST": 6, "STL": 2, "BLK": 0, "TOV": 2, "PF": 3, "PTS": 13, "PLUS_MINUS": -1, "VIDEO_AVAILABLE": 1}, {"SEASON_ID": "22017", "Player_ID": 1627747, "Game_ID": "0021700289", "GAME_DATE": "NOV 26, 2017", "MATCHUP": "BKN @ MEM", "WL": "W", "MIN": 29, "FGM": 4, "FGA": 9, "FG_PCT": 0.444, "FG3M": 1, "FG3A": 3, "FG3_PCT": 0.333, "FTM": 0, "FTA": 0, "FT_PCT": 0.0, "OREB": 0, "DREB": 1, "REB": 1, "AST": 3, "STL": 4, "BLK": 1, "TOV": 3, "PF": 0, "PTS": 9, "PLUS_MINUS": -5, "VIDEO_AVAILABLE": 1}, {"SEASON_ID": "22017", "Player_ID": 1627747, "Game_ID": "0021700267", "GAME_DATE": "NOV 24, 2017", "MATCHUP": "BKN vs. POR", "WL": "L", "MIN": 27, "FGM": 5, "FGA": 6, "FG_PCT": 0.833, "FG3M": 1, "FG3A": 1, "FG3_PCT": 1.0, "FTM": 3, "FTA": 4, "FT_PCT": 0.75, "OREB": 1, "DREB": 5, "REB": 6, "AST": 2, "STL": 0, "BLK": 0, "TOV": 4, "PF": 4, "PTS": 14, "PLUS_MINUS": -5, "VIDEO_AVAILABLE": 1}, {"SEASON_ID": "22017", "Player_ID": 1627747, "Game_ID": "0021700254", "GAME_DATE": "NOV 22, 2017", "MATCHUP": "BKN @ CLE", "WL": "L", "MIN": 23, "FGM": 4, "FGA": 9, "FG_PCT": 0.444, "FG3M": 0, "FG3A": 2, "FG3_PCT": 0.0, "FTM": 1, "FTA": 2, "FT_PCT": 0.5, "OREB": 1, "DREB": 6, "REB": 7, "AST": 5, "STL": 1, "BLK": 0, "TOV": 3, "PF": 3, "PTS": 9, "PLUS_MINUS": -1, "VIDEO_AVAILABLE": 1}, {"SEASON_ID": "22017", "Player_ID": 1627747, "Game_ID": "0021700236", "GAME_DATE": "NOV 19, 2017", "MATCHUP": "BKN vs. GSW", "WL": "L", "MIN": 22, "FGM": 5, "FGA": 11, "FG_PCT": 0.455, "FG3M": 2, "FG3A": 4, "FG3_PCT": 0.5, "FTM": 1, "FTA": 3, "FT_PCT": 0.333, "OREB": 0, "DREB": 4, "REB": 4, "AST": 4, "STL": 2, "BLK": 0, "TOV": 0, "PF": 1, "PTS": 13, "PLUS_MINUS": -10, "VIDEO_AVAILABLE": 1}, {"SEASON_ID": "22017", "Player_ID": 1627747, "Game_ID": "0021700219", "GAME_DATE": "NOV 17, 2017", "MATCHUP": "BKN vs. UTA", "WL": "W", "MIN": 22, "FGM": 4, "FGA": 11, "FG_PCT": 0.364, "FG3M": 2, "FG3A": 5, "FG3_PCT": 0.4, "FTM": 0, "FTA": 0, "FT_PCT": 0.0, "OREB": 0, "DREB": 4, "REB": 4, "AST": 2, "STL": 0, "BLK": 0, "TOV": 0, "PF": 1, "PTS": 10, "PLUS_MINUS": 16, "VIDEO_AVAILABLE": 1}, {"SEASON_ID": "22017", "Player_ID": 1627747, "Game_ID": "0021700201", "GAME_DATE": "NOV 14, 2017", "MATCHUP": "BKN vs. BOS", "WL": "L", "MIN": 22, "FGM": 6, "FGA": 7, "FG_PCT": 0.857, "FG3M": 2, "FG3A": 2, "FG3_PCT": 1.0, "FTM": 1, "FTA": 3, "FT_PCT": 0.333, "OREB": 0, "DREB": 1, "REB": 1, "AST": 4, "STL": 1, "BLK": 0, "TOV": 3, "PF": 2, "PTS": 15, "PLUS_MINUS": 3, "VIDEO_AVAILABLE": 1}, {"SEASON_ID": "22017", "Player_ID": 1627747, "Game_ID": "0021700187", "GAME_DATE": "NOV 11, 2017", "MATCHUP": "BKN @ UTA", "WL": "L", "MIN": 21, "FGM": 3, "FGA": 5, "FG_PCT": 0.6, "FG3M": 0, "FG3A": 0, "FG3_PCT": 0.0, "FTM": 2, "FTA": 3, "FT_PCT": 0.667, "OREB": 2, "DREB": 2, "REB": 4, "AST": 2, "STL": 1, "BLK": 0, "TOV": 3, "PF": 3, "PTS": 8, "PLUS_MINUS": -10, "VIDEO_AVAILABLE": 1}, {"SEASON_ID": "22017", "Player_ID": 1627747, "Game_ID": "0021700176", "GAME_DATE": "NOV 10, 2017", "MATCHUP": "BKN @ POR", "WL": "W", "MIN": 19, "FGM": 2, "FGA": 5, "FG_PCT": 0.4, "FG3M": 0, "FG3A": 2, "FG3_PCT": 0.0, "FTM": 1, "FTA": 2, "FT_PCT": 0.5, "OREB": 1, "DREB": 5, "REB": 6, "AST": 3, "STL": 0, "BLK": 0, "TOV": 2, "PF": 0, "PTS": 5, "PLUS_MINUS": -3, "VIDEO_AVAILABLE": 1}, {"SEASON_ID": "22017", "Player_ID": 1627747, "Game_ID": "0021700155", "GAME_DATE": "NOV 07, 2017", "MATCHUP": "BKN @ DEN", "WL": "L", "MIN": 26, "FGM": 5, "FGA": 9, "FG_PCT": 0.556, "FG3M": 1, "FG3A": 2, "FG3_PCT": 0.5, "FTM": 2, "FTA": 4, "FT_PCT": 0.5, "OREB": 0, "DREB": 3, "REB": 3, "AST": 2, "STL": 0, "BLK": 2, "TOV": 2, "PF": 0, "PTS": 13, "PLUS_MINUS": -3, "VIDEO_AVAILABLE": 1}, {"SEASON_ID": "22017", "Player_ID": 1627747, "Game_ID": "0021700147", "GAME_DATE": "NOV 06, 2017", "MATCHUP": "BKN @ PHX", "WL": "W", "MIN": 23, "FGM": 2, "FGA": 8, "FG_PCT": 0.25, "FG3M": 0, "FG3A": 2, "FG3_PCT": 0.0, "FTM": 0, "FTA": 0, "FT_PCT": 0.0, "OREB": 1, "DREB": 3, "REB": 4, "AST": 0, "STL": 5, "BLK": 0, "TOV": 3, "PF": 4, "PTS": 4, "PLUS_MINUS": 3, "VIDEO_AVAILABLE": 1}, {"SEASON_ID": "22017", "Player_ID": 1627747, "Game_ID": "0021700130", "GAME_DATE": "NOV 03, 2017", "MATCHUP": "BKN @ LAL", "WL": "L", "MIN": 30, "FGM": 2, "FGA": 10, "FG_PCT": 0.2, "FG3M": 1, "FG3A": 5, "FG3_PCT": 0.2, "FTM": 2, "FTA": 2, "FT_PCT": 1.0, "OREB": 0, "DREB": 4, "REB": 4, "AST": 2, "STL": 1, "BLK": 1, "TOV": 1, "PF": 3, "PTS": 7, "PLUS_MINUS": -11, "VIDEO_AVAILABLE": 1}, {"SEASON_ID": "22017", "Player_ID": 1627747, "Game_ID": "0021700102", "GAME_DATE": "OCT 31, 2017", "MATCHUP": "BKN vs. PHX", "WL": "L", "MIN": 28, "FGM": 4, "FGA": 9, "FG_PCT": 0.444, "FG3M": 1, "FG3A": 5, "FG3_PCT": 0.2, "FTM": 2, "FTA": 3, "FT_PCT": 0.667, "OREB": 1, "DREB": 1, "REB": 2, "AST": 3, "STL": 0, "BLK": 1, "TOV": 1, "PF": 0, "PTS": 11, "PLUS_MINUS": -10, "VIDEO_AVAILABLE": 2}, {"SEASON_ID": "22017", "Player_ID": 1627747, "Game_ID": "0021700087", "GAME_DATE": "OCT 29, 2017", "MATCHUP": "BKN vs. DEN", "WL": "L", "MIN": 24, "FGM": 3, "FGA": 12, "FG_PCT": 0.25, "FG3M": 2, "FG3A": 5, "FG3_PCT": 0.4, "FTM": 0, "FTA": 0, "FT_PCT": 0.0, "OREB": 1, "DREB": 5, "REB": 6, "AST": 3, "STL": 0, "BLK": 1, "TOV": 0, "PF": 1, "PTS": 8, "PLUS_MINUS": -22, "VIDEO_AVAILABLE": 1}, {"SEASON_ID": "22017", "Player_ID": 1627747, "Game_ID": "0021700073", "GAME_DATE": "OCT 27, 2017", "MATCHUP": "BKN @ NYK", "WL": "L", "MIN": 26, "FGM": 2, "FGA": 8, "FG_PCT": 0.25, "FG3M": 2, "FG3A": 5, "FG3_PCT": 0.4, "FTM": 1, "FTA": 4, "FT_PCT": 0.25, "OREB": 0, "DREB": 3, "REB": 3, "AST": 2, "STL": 1, "BLK": 0, "TOV": 4, "PF": 3, "PTS": 7, "PLUS_MINUS": -16, "VIDEO_AVAILABLE": 1}, {"SEASON_ID": "22017", "Player_ID": 1627747, "Game_ID": "0021700058", "GAME_DATE": "OCT 25, 2017", "MATCHUP": "BKN vs. CLE", "WL": "W", "MIN": 30, "FGM": 5, "FGA": 14, "FG_PCT": 0.357, "FG3M": 0, "FG3A": 5, "FG3_PCT": 0.0, "FTM": 0, "FTA": 0, "FT_PCT": 0.0, "OREB": 0, "DREB": 1, "REB": 1, "AST": 4, "STL": 1, "BLK": 0, "TOV": 3, "PF": 4, "PTS": 10, "PLUS_MINUS": -3, "VIDEO_AVAILABLE": 1}, {"SEASON_ID": "22017", "Player_ID": 1627747, "Game_ID": "0021700050", "GAME_DATE": "OCT 24, 2017", "MATCHUP": "BKN @ ORL", "WL": "L", "MIN": 29, "FGM": 4, "FGA": 11, "FG_PCT": 0.364, "FG3M": 2, "FG3A": 6, "FG3_PCT": 0.333, "FTM": 5, "FTA": 5, "FT_PCT": 1.0, "OREB": 2, "DREB": 6, "REB": 8, "AST": 5, "STL": 0, "BLK": 0, "TOV": 2, "PF": 3, "PTS": 15, "PLUS_MINUS": 5, "VIDEO_AVAILABLE": 2}, {"SEASON_ID": "22017", "Player_ID": 1627747, "Game_ID": "0021700038", "GAME_DATE": "OCT 22, 2017", "MATCHUP": "BKN vs. ATL", "WL": "W", "MIN": 30, "FGM": 5, "FGA": 9, "FG_PCT": 0.556, "FG3M": 0, "FG3A": 2, "FG3_PCT": 0.0, "FTM": 6, "FTA": 9, "FT_PCT": 0.667, "OREB": 0, "DREB": 6, "REB": 6, "AST": 4, "STL": 3, "BLK": 0, "TOV": 4, "PF": 5, "PTS": 16, "PLUS_MINUS": 6, "VIDEO_AVAILABLE": 1}, {"SEASON_ID": "22017", "Player_ID": 1627747, "Game_ID": "0021700022", "GAME_DATE": "OCT 20, 2017", "MATCHUP": "BKN vs. ORL", "WL": "W", "MIN": 27, "FGM": 4, "FGA": 11, "FG_PCT": 0.364, "FG3M": 0, "FG3A": 4, "FG3_PCT": 0.0, "FTM": 1, "FTA": 3, "FT_PCT": 0.333, "OREB": 0, "DREB": 1, "REB": 1, "AST": 2, "STL": 2, "BLK": 1, "TOV": 3, "PF": 2, "PTS": 9, "PLUS_MINUS": 12, "VIDEO_AVAILABLE": 1}, {"SEASON_ID": "22017", "Player_ID": 1627747, "Game_ID": "0021700004", "GAME_DATE": "OCT 18, 2017", "MATCHUP": "BKN @ IND", "WL": "L", "MIN": 28, "FGM": 5, "FGA": 15, "FG_PCT": 0.333, "FG3M": 1, "FG3A": 4, "FG3_PCT": 0.25, "FTM": 1, "FTA": 1, "FT_PCT": 1.0, "OREB": 0, "DREB": 2, "REB": 2, "AST": 4, "STL": 2, "BLK": 1, "TOV": 1, "PF": 3, "PTS": 12, "PLUS_MINUS": -2, "VIDEO_AVAILABLE": 1}, {"SEASON_ID": "22016", "Player_ID": 1627747, "Game_ID": "0021601222", "GAME_DATE": "APR 12, 2017", "MATCHUP": "BKN @ CHI", "WL": "L", "MIN": 25, "FGM": 5, "FGA": 13, "FG_PCT": 0.385, "FG3M": 0, "FG3A": 5, "FG3_PCT": 0.0, "FTM": 0, "FTA": 0, "FT_PCT": 0.0, "OREB": 0, "DREB": 5, "REB": 5, "AST": 2, "STL": 1, "BLK": 0, "TOV": 2, "PF": 1, "PTS": 10, "PLUS_MINUS": -22, "VIDEO_AVAILABLE": 1}, {"SEASON_ID": "22016", "Player_ID": 1627747, "Game_ID": "0021601204", "GAME_DATE": "APR 10, 2017", "MATCHUP": "BKN @ BOS", "WL": "L", "MIN": 28, "FGM": 4, "FGA": 12, "FG_PCT": 0.333, "FG3M": 2, "FG3A": 6, "FG3_PCT": 0.333, "FTM": 2, "FTA": 2, "FT_PCT": 1.0, "OREB": 0, "DREB": 3, "REB": 3, "AST": 2, "STL": 0, "BLK": 1, "TOV": 1, "PF": 2, "PTS": 12, "PLUS_MINUS": -5, "VIDEO_AVAILABLE": 1}, {"SEASON_ID": "22016", "Player_ID": 1627747, "Game_ID": "0021601188", "GAME_DATE": "APR 08, 2017", "MATCHUP": "BKN vs. CHI", "WL": "W", "MIN": 25, "FGM": 7, "FGA": 11, "FG_PCT": 0.636, "FG3M": 4, "FG3A": 7, "FG3_PCT": 0.571, "FTM": 1, "FTA": 4, "FT_PCT": 0.25, "OREB": 0, "DREB": 5, "REB": 5, "AST": 1, "STL": 1, "BLK": 0, "TOV": 2, "PF": 3, "PTS": 19, "PLUS_MINUS": 10, "VIDEO_AVAILABLE": 1}, {"SEASON_ID": "22016", "Player_ID": 1627747, "Game_ID": "0021601174", "GAME_DATE": "APR 06, 2017", "MATCHUP": "BKN @ ORL", "WL": "L", "MIN": 27, "FGM": 7, "FGA": 12, "FG_PCT": 0.583, "FG3M": 2, "FG3A": 4, "FG3_PCT": 0.5, "FTM": 4, "FTA": 4, "FT_PCT": 1.0, "OREB": 0, "DREB": 4, "REB": 4, "AST": 1, "STL": 0, "BLK": 0, "TOV": 0, "PF": 1, "PTS": 20, "PLUS_MINUS": -10, "VIDEO_AVAILABLE": 1}, {"SEASON_ID": "22016", "Player_ID": 1627747, "Game_ID": "0021601154", "GAME_DATE": "APR 04, 2017", "MATCHUP": "BKN @ PHI", "WL": "W", "MIN": 19, "FGM": 3, "FGA": 5, "FG_PCT": 0.6, "FG3M": 1, "FG3A": 3, "FG3_PCT": 0.333, "FTM": 0, "FTA": 0, "FT_PCT": 0.0, "OREB": 0, "DREB": 4, "REB": 4, "AST": 7, "STL": 1, "BLK": 1, "TOV": 2, "PF": 1, "PTS": 7, "PLUS_MINUS": 26, "VIDEO_AVAILABLE": 1}, {"SEASON_ID": "22016", "Player_ID": 1627747, "Game_ID": "0021601148", "GAME_DATE": "APR 02, 2017", "MATCHUP": "BKN vs. ATL", "WL": "W", "MIN": 18, "FGM": 3, "FGA": 8, "FG_PCT": 0.375, "FG3M": 1, "FG3A": 4, "FG3_PCT": 0.25, "FTM": 2, "FTA": 2, "FT_PCT": 1.0, "OREB": 0, "DREB": 2, "REB": 2, "AST": 1, "STL": 0, "BLK": 0, "TOV": 0, "PF": 6, "PTS": 9, "PLUS_MINUS": -4, "VIDEO_AVAILABLE": 1}, {"SEASON_ID": "22016", "Player_ID": 1627747, "Game_ID": "0021601139", "GAME_DATE": "APR 01, 2017", "MATCHUP": "BKN vs. ORL", "WL": "W", "MIN": 20, "FGM": 4, "FGA": 8, "FG_PCT": 0.5, "FG3M": 1, "FG3A": 4, "FG3_PCT": 0.25, "FTM": 0, "FTA": 0, "FT_PCT": 0.0, "OREB": 0, "DREB": 3, "REB": 3, "AST": 0, "STL": 0, "BLK": 0, "TOV": 0, "PF": 1, "PTS": 9, "PLUS_MINUS": -6, "VIDEO_AVAILABLE": 1}, {"SEASON_ID": "22016", "Player_ID": 1627747, "Game_ID": "0021601121", "GAME_DATE": "MAR 30, 2017", "MATCHUP": "BKN @ DET", "WL": "L", "MIN": 25, "FGM": 3, "FGA": 9, "FG_PCT": 0.333, "FG3M": 1, "FG3A": 1, "FG3_PCT": 1.0, "FTM": 0, "FTA": 0, "FT_PCT": 0.0, "OREB": 0, "DREB": 7, "REB": 7, "AST": 4, "STL": 1, "BLK": 0, "TOV": 0, "PF": 2, "PTS": 7, "PLUS_MINUS": 8, "VIDEO_AVAILABLE": 1}, {"SEASON_ID": "22016", "Player_ID": 1627747, "Game_ID": "0021601105", "GAME_DATE": "MAR 28, 2017", "MATCHUP": "BKN vs. PHI", "WL": "L", "MIN": 26, "FGM": 3, "FGA": 9, "FG_PCT": 0.333, "FG3M": 2, "FG3A": 6, "FG3_PCT": 0.333, "FTM": 1, "FTA": 2, "FT_PCT": 0.5, "OREB": 0, "DREB": 5, "REB": 5, "AST": 0, "STL": 0, "BLK": 0, "TOV": 2, "PF": 2, "PTS": 9, "PLUS_MINUS": 1, "VIDEO_AVAILABLE": 1}, {"SEASON_ID": "22016", "Player_ID": 1627747, "Game_ID": "0021601088", "GAME_DATE": "MAR 26, 2017", "MATCHUP": "BKN @ ATL", "WL": "W", "MIN": 26, "FGM": 4, "FGA": 9, "FG_PCT": 0.444, "FG3M": 0, "FG3A": 2, "FG3_PCT": 0.0, "FTM": 0, "FTA": 0, "FT_PCT": 0.0, "OREB": 2, "DREB": 3, "REB": 5, "AST": 1, "STL": 0, "BLK": 0, "TOV": 2, "PF": 1, "PTS": 8, "PLUS_MINUS": -5, "VIDEO_AVAILABLE": 1}, {"SEASON_ID": "22016", "Player_ID": 1627747, "Game_ID": "0021601072", "GAME_DATE": "MAR 24, 2017", "MATCHUP": "BKN @ WAS", "WL": "L", "MIN": 18, "FGM": 2, "FGA": 4, "FG_PCT": 0.5, "FG3M": 0, "FG3A": 1, "FG3_PCT": 0.0, "FTM": 0, "FTA": 0, "FT_PCT": 0.0, "OREB": 1, "DREB": 1, "REB": 2, "AST": 2, "STL": 1, "BLK": 0, "TOV": 1, "PF": 3, "PTS": 4, "PLUS_MINUS": -7, "VIDEO_AVAILABLE": 1}, {"SEASON_ID": "22016", "Player_ID": 1627747, "Game_ID": "0021601067", "GAME_DATE": "MAR 23, 2017", "MATCHUP": "BKN vs. PHX", "WL": "W", "MIN": 20, "FGM": 3, "FGA": 6, "FG_PCT": 0.5, "FG3M": 1, "FG3A": 3, "FG3_PCT": 0.333, "FTM": 1, "FTA": 3, "FT_PCT": 0.333, "OREB": 1, "DREB": 2, "REB": 3, "AST": 3, "STL": 0, "BLK": 0, "TOV": 2, "PF": 2, "PTS": 8, "PLUS_MINUS": -3, "VIDEO_AVAILABLE": 1}, {"SEASON_ID": "22016", "Player_ID": 1627747, "Game_ID": "0021601052", "GAME_DATE": "MAR 21, 2017", "MATCHUP": "BKN vs. DET", "WL": "W", "MIN": 25, "FGM": 5, "FGA": 8, "FG_PCT": 0.625, "FG3M": 3, "FG3A": 4, "FG3_PCT": 0.75, "FTM": 2, "FTA": 2, "FT_PCT": 1.0, "OREB": 0, "DREB": 1, "REB": 1, "AST": 1, "STL": 1, "BLK": 0, "TOV": 0, "PF": 1, "PTS": 15, "PLUS_MINUS": 9, "VIDEO_AVAILABLE": 1}, {"SEASON_ID": "22016", "Player_ID": 1627747, "Game_ID": "0021601036", "GAME_DATE": "MAR 19, 2017", "MATCHUP": "BKN vs. DAL", "WL": "L", "MIN": 25, "FGM": 2, "FGA": 6, "FG_PCT": 0.333, "FG3M": 1, "FG3A": 3, "FG3_PCT": 0.333, "FTM": 0, "FTA": 0, "FT_PCT": 0.0, "OREB": 0, "DREB": 5, "REB": 5, "AST": 1, "STL": 0, "BLK": 0, "TOV": 1, "PF": 2, "PTS": 5, "PLUS_MINUS": 5, "VIDEO_AVAILABLE": 1}, {"SEASON_ID": "22016", "Player_ID": 1627747, "Game_ID": "0021601022", "GAME_DATE": "MAR 17, 2017", "MATCHUP": "BKN vs. BOS", "WL": "L", "MIN": 25, "FGM": 1, "FGA": 6, "FG_PCT": 0.167, "FG3M": 1, "FG3A": 4, "FG3_PCT": 0.25, "FTM": 2, "FTA": 2, "FT_PCT": 1.0, "OREB": 1, "DREB": 3, "REB": 4, "AST": 2, "STL": 1, "BLK": 0, "TOV": 0, "PF": 2, "PTS": 5, "PLUS_MINUS": 1, "VIDEO_AVAILABLE": 1}, {"SEASON_ID": "22016", "Player_ID": 1627747, "Game_ID": "0021601016", "GAME_DATE": "MAR 16, 2017", "MATCHUP": "BKN @ NYK", "WL": "W", "MIN": 25, "FGM": 5, "FGA": 9, "FG_PCT": 0.556, "FG3M": 1, "FG3A": 3, "FG3_PCT": 0.333, "FTM": 2, "FTA": 2, "FT_PCT": 1.0, "OREB": 1, "DREB": 6, "REB": 7, "AST": 0, "STL": 0, "BLK": 0, "TOV": 1, "PF": 2, "PTS": 13, "PLUS_MINUS": 9, "VIDEO_AVAILABLE": 1}, {"SEASON_ID": "22016", "Player_ID": 1627747, "Game_ID": "0021601000", "GAME_DATE": "MAR 14, 2017", "MATCHUP": "BKN vs. OKC", "WL": "L", "MIN": 23, "FGM": 4, "FGA": 6, "FG_PCT": 0.667, "FG3M": 1, "FG3A": 2, "FG3_PCT": 0.5, "FTM": 7, "FTA": 8, "FT_PCT": 0.875, "OREB": 1, "DREB": 6, "REB": 7, "AST": 2, "STL": 2, "BLK": 1, "TOV": 2, "PF": 2, "PTS": 16, "PLUS_MINUS": -2, "VIDEO_AVAILABLE": 1}, {"SEASON_ID": "22016", "Player_ID": 1627747, "Game_ID": "0021600986", "GAME_DATE": "MAR 12, 2017", "MATCHUP": "BKN vs. NYK", "WL": "W", "MIN": 26, "FGM": 4, "FGA": 4, "FG_PCT": 1.0, "FG3M": 2, "FG3A": 2, "FG3_PCT": 1.0, "FTM": 3, "FTA": 4, "FT_PCT": 0.75, "OREB": 0, "DREB": 4, "REB": 4, "AST": 4, "STL": 2, "BLK": 0, "TOV": 0, "PF": 2, "PTS": 13, "PLUS_MINUS": -4, "VIDEO_AVAILABLE": 1}, {"SEASON_ID": "22016", "Player_ID": 1627747, "Game_ID": "0021600971", "GAME_DATE": "MAR 10, 2017", "MATCHUP": "BKN @ DAL", "WL": "L", "MIN": 22, "FGM": 1, "FGA": 5, "FG_PCT": 0.2, "FG3M": 0, "FG3A": 2, "FG3_PCT": 0.0, "FTM": 0, "FTA": 0, "FT_PCT": 0.0, "OREB": 1, "DREB": 2, "REB": 3, "AST": 2, "STL": 0, "BLK": 0, "TOV": 0, "PF": 1, "PTS": 2, "PLUS_MINUS": -9, "VIDEO_AVAILABLE": 1}, {"SEASON_ID": "22016", "Player_ID": 1627747, "Game_ID": "0021600950", "GAME_DATE": "MAR 08, 2017", "MATCHUP": "BKN @ ATL", "WL": "L", "MIN": 24, "FGM": 3, "FGA": 6, "FG_PCT": 0.5, "FG3M": 1, "FG3A": 4, "FG3_PCT": 0.25, "FTM": 0, "FTA": 0, "FT_PCT": 0.0, "OREB": 0, "DREB": 3, "REB": 3, "AST": 2, "STL": 1, "BLK": 0, "TOV": 0, "PF": 1, "PTS": 7, "PLUS_MINUS": -2, "VIDEO_AVAILABLE": 1}, {"SEASON_ID": "22016", "Player_ID": 1627747, "Game_ID": "0021600939", "GAME_DATE": "MAR 06, 2017", "MATCHUP": "BKN @ MEM", "WL": "W", "MIN": 25, "FGM": 5, "FGA": 6, "FG_PCT": 0.833, "FG3M": 2, "FG3A": 3, "FG3_PCT": 0.667, "FTM": 2, "FTA": 5, "FT_PCT": 0.4, "OREB": 1, "DREB": 2, "REB": 3, "AST": 1, "STL": 0, "BLK": 0, "TOV": 2, "PF": 2, "PTS": 14, "PLUS_MINUS": 9, "VIDEO_AVAILABLE": 1}, {"SEASON_ID": "22016", "Player_ID": 1627747, "Game_ID": "0021600926", "GAME_DATE": "MAR 04, 2017", "MATCHUP": "BKN @ POR", "WL": "L", "MIN": 24, "FGM": 3, "FGA": 7, "FG_PCT": 0.429, "FG3M": 0, "FG3A": 2, "FG3_PCT": 0.0, "FTM": 1, "FTA": 2, "FT_PCT": 0.5, "OREB": 0, "DREB": 2, "REB": 2, "AST": 6, "STL": 2, "BLK": 0, "TOV": 1, "PF": 2, "PTS": 7, "PLUS_MINUS": -6, "VIDEO_AVAILABLE": 1}, {"SEASON_ID": "22016", "Player_ID": 1627747, "Game_ID": "0021600915", "GAME_DATE": "MAR 03, 2017", "MATCHUP": "BKN @ UTA", "WL": "L", "MIN": 20, "FGM": 2, "FGA": 6, "FG_PCT": 0.333, "FG3M": 0, "FG3A": 4, "FG3_PCT": 0.0, "FTM": 0, "FTA": 0, "FT_PCT": 0.0, "OREB": 0, "DREB": 2, "REB": 2, "AST": 2, "STL": 1, "BLK": 0, "TOV": 1, "PF": 1, "PTS": 4, "PLUS_MINUS": -19, "VIDEO_AVAILABLE": 1}, {"SEASON_ID": "22016", "Player_ID": 1627747, "Game_ID": "0021600905", "GAME_DATE": "MAR 01, 2017", "MATCHUP": "BKN @ SAC", "WL": "W", "MIN": 25, "FGM": 6, "FGA": 9, "FG_PCT": 0.667, "FG3M": 1, "FG3A": 1, "FG3_PCT": 1.0, "FTM": 0, "FTA": 0, "FT_PCT": 0.0, "OREB": 3, "DREB": 4, "REB": 7, "AST": 2, "STL": 3, "BLK": 0, "TOV": 2, "PF": 1, "PTS": 13, "PLUS_MINUS": 12, "VIDEO_AVAILABLE": 1}, {"SEASON_ID": "22016", "Player_ID": 1627747, "Game_ID": "0021600864", "GAME_DATE": "FEB 24, 2017", "MATCHUP": "BKN @ DEN", "WL": "L", "MIN": 26, "FGM": 4, "FGA": 9, "FG_PCT": 0.444, "FG3M": 1, "FG3A": 5, "FG3_PCT": 0.2, "FTM": 1, "FTA": 2, "FT_PCT": 0.5, "OREB": 0, "DREB": 2, "REB": 2, "AST": 1, "STL": 1, "BLK": 0, "TOV": 0, "PF": 0, "PTS": 10, "PLUS_MINUS": -7, "VIDEO_AVAILABLE": 1}, {"SEASON_ID": "22016", "Player_ID": 1627747, "Game_ID": "0021600838", "GAME_DATE": "FEB 15, 2017", "MATCHUP": "BKN vs. MIL", "WL": "L", "MIN": 13, "FGM": 0, "FGA": 3, "FG_PCT": 0.0, "FG3M": 0, "FG3A": 2, "FG3_PCT": 0.0, "FTM": 2, "FTA": 2, "FT_PCT": 1.0, "OREB": 0, "DREB": 2, "REB": 2, "AST": 4, "STL": 1, "BLK": 0, "TOV": 2, "PF": 3, "PTS": 2, "PLUS_MINUS": -15, "VIDEO_AVAILABLE": 1}, {"SEASON_ID": "22016", "Player_ID": 1627747, "Game_ID": "0021600822", "GAME_DATE": "FEB 13, 2017", "MATCHUP": "BKN vs. MEM", "WL": "L", "MIN": 21, "FGM": 1, "FGA": 6, "FG_PCT": 0.167, "FG3M": 0, "FG3A": 4, "FG3_PCT": 0.0, "FTM": 0, "FTA": 0, "FT_PCT": 0.0, "OREB": 0, "DREB": 2, "REB": 2, "AST": 2, "STL": 0, "BLK": 0, "TOV": 1, "PF": 3, "PTS": 2, "PLUS_MINUS": -5, "VIDEO_AVAILABLE": 1}, {"SEASON_ID": "22016", "Player_ID": 1627747, "Game_ID": "0021600799", "GAME_DATE": "FEB 10, 2017", "MATCHUP": "BKN vs. MIA", "WL": "L", "MIN": 19, "FGM": 4, "FGA": 7, "FG_PCT": 0.571, "FG3M": 1, "FG3A": 1, "FG3_PCT": 1.0, "FTM": 0, "FTA": 1, "FT_PCT": 0.0, "OREB": 1, "DREB": 2, "REB": 3, "AST": 1, "STL": 0, "BLK": 0, "TOV": 2, "PF": 4, "PTS": 9, "PLUS_MINUS": -3, "VIDEO_AVAILABLE": 1}, {"SEASON_ID": "22016", "Player_ID": 1627747, "Game_ID": "0021600784", "GAME_DATE": "FEB 08, 2017", "MATCHUP": "BKN vs. WAS", "WL": "L", "MIN": 26, "FGM": 2, "FGA": 6, "FG_PCT": 0.333, "FG3M": 1, "FG3A": 3, "FG3_PCT": 0.333, "FTM": 4, "FTA": 6, "FT_PCT": 0.667, "OREB": 1, "DREB": 4, "REB": 5, "AST": 0, "STL": 2, "BLK": 1, "TOV": 1, "PF": 1, "PTS": 9, "PLUS_MINUS": -2, "VIDEO_AVAILABLE": 1}, {"SEASON_ID": "22016", "Player_ID": 1627747, "Game_ID": "0021600747", "GAME_DATE": "FEB 03, 2017", "MATCHUP": "BKN vs. IND", "WL": "L", "MIN": 30, "FGM": 1, "FGA": 9, "FG_PCT": 0.111, "FG3M": 0, "FG3A": 4, "FG3_PCT": 0.0, "FTM": 2, "FTA": 2, "FT_PCT": 1.0, "OREB": 0, "DREB": 5, "REB": 5, "AST": 1, "STL": 1, "BLK": 0, "TOV": 1, "PF": 2, "PTS": 4, "PLUS_MINUS": -24, "VIDEO_AVAILABLE": 1}, {"SEASON_ID": "22016", "Player_ID": 1627747, "Game_ID": "0021600733", "GAME_DATE": "FEB 01, 2017", "MATCHUP": "BKN vs. NYK", "WL": "L", "MIN": 27, "FGM": 4, "FGA": 9, "FG_PCT": 0.444, "FG3M": 2, "FG3A": 4, "FG3_PCT": 0.5, "FTM": 0, "FTA": 0, "FT_PCT": 0.0, "OREB": 0, "DREB": 4, "REB": 4, "AST": 2, "STL": 2, "BLK": 0, "TOV": 3, "PF": 1, "PTS": 10, "PLUS_MINUS": 0, "VIDEO_AVAILABLE": 1}, {"SEASON_ID": "22016", "Player_ID": 1627747, "Game_ID": "0021600719", "GAME_DATE": "JAN 30, 2017", "MATCHUP": "BKN @ MIA", "WL": "L", "MIN": 27, "FGM": 2, "FGA": 8, "FG_PCT": 0.25, "FG3M": 0, "FG3A": 2, "FG3_PCT": 0.0, "FTM": 0, "FTA": 0, "FT_PCT": 0.0, "OREB": 3, "DREB": 3, "REB": 6, "AST": 2, "STL": 2, "BLK": 0, "TOV": 4, "PF": 0, "PTS": 4, "PLUS_MINUS": 7, "VIDEO_AVAILABLE": 1}, {"SEASON_ID": "22016", "Player_ID": 1627747, "Game_ID": "0021600710", "GAME_DATE": "JAN 28, 2017", "MATCHUP": "BKN @ MIN", "WL": "L", "MIN": 27, "FGM": 4, "FGA": 8, "FG_PCT": 0.5, "FG3M": 1, "FG3A": 2, "FG3_PCT": 0.5, "FTM": 2, "FTA": 3, "FT_PCT": 0.667, "OREB": 0, "DREB": 4, "REB": 4, "AST": 1, "STL": 2, "BLK": 1, "TOV": 1, "PF": 3, "PTS": 11, "PLUS_MINUS": -10, "VIDEO_AVAILABLE": 1}, {"SEASON_ID": "22016", "Player_ID": 1627747, "Game_ID": "0021600682", "GAME_DATE": "JAN 25, 2017", "MATCHUP": "BKN vs. MIA", "WL": "L", "MIN": 26, "FGM": 4, "FGA": 8, "FG_PCT": 0.5, "FG3M": 1, "FG3A": 5, "FG3_PCT": 0.2, "FTM": 3, "FTA": 4, "FT_PCT": 0.75, "OREB": 0, "DREB": 1, "REB": 1, "AST": 4, "STL": 0, "BLK": 0, "TOV": 1, "PF": 1, "PTS": 12, "PLUS_MINUS": -11, "VIDEO_AVAILABLE": 1}, {"SEASON_ID": "22016", "Player_ID": 1627747, "Game_ID": "0021600652", "GAME_DATE": "JAN 21, 2017", "MATCHUP": "BKN @ CHA", "WL": "L", "MIN": 18, "FGM": 2, "FGA": 4, "FG_PCT": 0.5, "FG3M": 0, "FG3A": 2, "FG3_PCT": 0.0, "FTM": 5, "FTA": 6, "FT_PCT": 0.833, "OREB": 0, "DREB": 1, "REB": 1, "AST": 4, "STL": 2, "BLK": 0, "TOV": 1, "PF": 0, "PTS": 9, "PLUS_MINUS": -9, "VIDEO_AVAILABLE": 1}, {"SEASON_ID": "22016", "Player_ID": 1627747, "Game_ID": "0021600645", "GAME_DATE": "JAN 20, 2017", "MATCHUP": "BKN @ NOP", "WL": "W", "MIN": 25, "FGM": 6, "FGA": 6, "FG_PCT": 1.0, "FG3M": 3, "FG3A": 3, "FG3_PCT": 1.0, "FTM": 2, "FTA": 2, "FT_PCT": 1.0, "OREB": 1, "DREB": 4, "REB": 5, "AST": 6, "STL": 1, "BLK": 1, "TOV": 3, "PF": 3, "PTS": 17, "PLUS_MINUS": 3, "VIDEO_AVAILABLE": 1}, {"SEASON_ID": "22016", "Player_ID": 1627747, "Game_ID": "0021600622", "GAME_DATE": "JAN 17, 2017", "MATCHUP": "BKN vs. TOR", "WL": "L", "MIN": 23, "FGM": 6, "FGA": 8, "FG_PCT": 0.75, "FG3M": 2, "FG3A": 3, "FG3_PCT": 0.667, "FTM": 0, "FTA": 0, "FT_PCT": 0.0, "OREB": 0, "DREB": 3, "REB": 3, "AST": 4, "STL": 2, "BLK": 0, "TOV": 1, "PF": 3, "PTS": 14, "PLUS_MINUS": 9, "VIDEO_AVAILABLE": 1}, {"SEASON_ID": "22016", "Player_ID": 1627747, "Game_ID": "0021600609", "GAME_DATE": "JAN 15, 2017", "MATCHUP": "BKN vs. HOU", "WL": "L", "MIN": 22, "FGM": 2, "FGA": 8, "FG_PCT": 0.25, "FG3M": 2, "FG3A": 6, "FG3_PCT": 0.333, "FTM": 2, "FTA": 2, "FT_PCT": 1.0, "OREB": 0, "DREB": 2, "REB": 2, "AST": 2, "STL": 1, "BLK": 0, "TOV": 0, "PF": 0, "PTS": 8, "PLUS_MINUS": 7, "VIDEO_AVAILABLE": 1}, {"SEASON_ID": "22016", "Player_ID": 1627747, "Game_ID": "0021600592", "GAME_DATE": "JAN 13, 2017", "MATCHUP": "BKN @ TOR", "WL": "L", "MIN": 19, "FGM": 1, "FGA": 5, "FG_PCT": 0.2, "FG3M": 1, "FG3A": 5, "FG3_PCT": 0.2, "FTM": 0, "FTA": 0, "FT_PCT": 0.0, "OREB": 0, "DREB": 1, "REB": 1, "AST": 0, "STL": 0, "BLK": 0, "TOV": 2, "PF": 1, "PTS": 3, "PLUS_MINUS": -6, "VIDEO_AVAILABLE": 1}, {"SEASON_ID": "22016", "Player_ID": 1627747, "Game_ID": "0021600586", "GAME_DATE": "JAN 12, 2017", "MATCHUP": "BKN vs. NOP", "WL": "L", "MIN": 25, "FGM": 4, "FGA": 8, "FG_PCT": 0.5, "FG3M": 1, "FG3A": 5, "FG3_PCT": 0.2, "FTM": 1, "FTA": 2, "FT_PCT": 0.5, "OREB": 0, "DREB": 3, "REB": 3, "AST": 1, "STL": 2, "BLK": 0, "TOV": 0, "PF": 2, "PTS": 10, "PLUS_MINUS": 3, "VIDEO_AVAILABLE": 1}, {"SEASON_ID": "22016", "Player_ID": 1627747, "Game_ID": "0021600573", "GAME_DATE": "JAN 10, 2017", "MATCHUP": "BKN vs. ATL", "WL": "L", "MIN": 23, "FGM": 4, "FGA": 9, "FG_PCT": 0.444, "FG3M": 1, "FG3A": 4, "FG3_PCT": 0.25, "FTM": 2, "FTA": 3, "FT_PCT": 0.667, "OREB": 1, "DREB": 2, "REB": 3, "AST": 2, "STL": 0, "BLK": 0, "TOV": 2, "PF": 1, "PTS": 11, "PLUS_MINUS": -17, "VIDEO_AVAILABLE": 1}, {"SEASON_ID": "22016", "Player_ID": 1627747, "Game_ID": "0021600560", "GAME_DATE": "JAN 08, 2017", "MATCHUP": "BKN vs. PHI", "WL": "L", "MIN": 21, "FGM": 3, "FGA": 5, "FG_PCT": 0.6, "FG3M": 0, "FG3A": 1, "FG3_PCT": 0.0, "FTM": 0, "FTA": 1, "FT_PCT": 0.0, "OREB": 0, "DREB": 3, "REB": 3, "AST": 2, "STL": 0, "BLK": 0, "TOV": 2, "PF": 2, "PTS": 6, "PLUS_MINUS": 9, "VIDEO_AVAILABLE": 1}, {"SEASON_ID": "22016", "Player_ID": 1627747, "Game_ID": "0021600547", "GAME_DATE": "JAN 06, 2017", "MATCHUP": "BKN vs. CLE", "WL": "L", "MIN": 27, "FGM": 7, "FGA": 12, "FG_PCT": 0.583, "FG3M": 2, "FG3A": 7, "FG3_PCT": 0.286, "FTM": 3, "FTA": 3, "FT_PCT": 1.0, "OREB": 0, "DREB": 4, "REB": 4, "AST": 5, "STL": 0, "BLK": 0, "TOV": 1, "PF": 3, "PTS": 19, "PLUS_MINUS": 10, "VIDEO_AVAILABLE": 1}, {"SEASON_ID": "22016", "Player_ID": 1627747, "Game_ID": "0021600536", "GAME_DATE": "JAN 05, 2017", "MATCHUP": "BKN @ IND", "WL": "L", "MIN": 21, "FGM": 2, "FGA": 3, "FG_PCT": 0.667, "FG3M": 2, "FG3A": 3, "FG3_PCT": 0.667, "FTM": 0, "FTA": 0, "FT_PCT": 0.0, "OREB": 1, "DREB": 1, "REB": 2, "AST": 1, "STL": 1, "BLK": 0, "TOV": 0, "PF": 1, "PTS": 6, "PLUS_MINUS": 4, "VIDEO_AVAILABLE": 1}, {"SEASON_ID": "22016", "Player_ID": 1627747, "Game_ID": "0021600515", "GAME_DATE": "JAN 02, 2017", "MATCHUP": "BKN vs. UTA", "WL": "L", "MIN": 14, "FGM": 0, "FGA": 2, "FG_PCT": 0.0, "FG3M": 0, "FG3A": 2, "FG3_PCT": 0.0, "FTM": 0, "FTA": 0, "FT_PCT": 0.0, "OREB": 0, "DREB": 0, "REB": 0, "AST": 0, "STL": 0, "BLK": 0, "TOV": 0, "PF": 2, "PTS": 0, "PLUS_MINUS": -7, "VIDEO_AVAILABLE": 1}, {"SEASON_ID": "22016", "Player_ID": 1627747, "Game_ID": "0021600493", "GAME_DATE": "DEC 30, 2016", "MATCHUP": "BKN @ WAS", "WL": "L", "MIN": 24, "FGM": 4, "FGA": 5, "FG_PCT": 0.8, "FG3M": 2, "FG3A": 3, "FG3_PCT": 0.667, "FTM": 2, "FTA": 2, "FT_PCT": 1.0, "OREB": 0, "DREB": 3, "REB": 3, "AST": 1, "STL": 2, "BLK": 0, "TOV": 0, "PF": 3, "PTS": 12, "PLUS_MINUS": -13, "VIDEO_AVAILABLE": 1}, {"SEASON_ID": "22016", "Player_ID": 1627747, "Game_ID": "0021600480", "GAME_DATE": "DEC 28, 2016", "MATCHUP": "BKN @ CHI", "WL": "L", "MIN": 20, "FGM": 1, "FGA": 4, "FG_PCT": 0.25, "FG3M": 1, "FG3A": 4, "FG3_PCT": 0.25, "FTM": 0, "FTA": 0, "FT_PCT": 0.0, "OREB": 0, "DREB": 2, "REB": 2, "AST": 1, "STL": 1, "BLK": 1, "TOV": 0, "PF": 1, "PTS": 3, "PLUS_MINUS": 1, "VIDEO_AVAILABLE": 1}, {"SEASON_ID": "22016", "Player_ID": 1627747, "Game_ID": "0021600463", "GAME_DATE": "DEC 26, 2016", "MATCHUP": "BKN vs. CHA", "WL": "W", "MIN": 15, "FGM": 2, "FGA": 3, "FG_PCT": 0.667, "FG3M": 1, "FG3A": 2, "FG3_PCT": 0.5, "FTM": 0, "FTA": 0, "FT_PCT": 0.0, "OREB": 0, "DREB": 1, "REB": 1, "AST": 1, "STL": 0, "BLK": 0, "TOV": 1, "PF": 2, "PTS": 5, "PLUS_MINUS": 3, "VIDEO_AVAILABLE": 1}, {"SEASON_ID": "22016", "Player_ID": 1627747, "Game_ID": "0021600444", "GAME_DATE": "DEC 23, 2016", "MATCHUP": "BKN @ CLE", "WL": "L", "MIN": 24, "FGM": 2, "FGA": 7, "FG_PCT": 0.286, "FG3M": 2, "FG3A": 5, "FG3_PCT": 0.4, "FTM": 3, "FTA": 4, "FT_PCT": 0.75, "OREB": 1, "DREB": 6, "REB": 7, "AST": 2, "STL": 1, "BLK": 1, "TOV": 1, "PF": 1, "PTS": 9, "PLUS_MINUS": 4, "VIDEO_AVAILABLE": 1}, {"SEASON_ID": "22016", "Player_ID": 1627747, "Game_ID": "0021600437", "GAME_DATE": "DEC 22, 2016", "MATCHUP": "BKN vs. GSW", "WL": "L", "MIN": 13, "FGM": 2, "FGA": 6, "FG_PCT": 0.333, "FG3M": 0, "FG3A": 1, "FG3_PCT": 0.0, "FTM": 1, "FTA": 2, "FT_PCT": 0.5, "OREB": 0, "DREB": 1, "REB": 1, "AST": 4, "STL": 0, "BLK": 0, "TOV": 0, "PF": 0, "PTS": 5, "PLUS_MINUS": 4, "VIDEO_AVAILABLE": 1}, {"SEASON_ID": "22016", "Player_ID": 1627747, "Game_ID": "0021600420", "GAME_DATE": "DEC 20, 2016", "MATCHUP": "BKN @ TOR", "WL": "L", "MIN": 19, "FGM": 1, "FGA": 6, "FG_PCT": 0.167, "FG3M": 1, "FG3A": 3, "FG3_PCT": 0.333, "FTM": 0, "FTA": 0, "FT_PCT": 0.0, "OREB": 0, "DREB": 1, "REB": 1, "AST": 0, "STL": 1, "BLK": 0, "TOV": 2, "PF": 1, "PTS": 3, "PLUS_MINUS": 8, "VIDEO_AVAILABLE": 1}, {"SEASON_ID": "22016", "Player_ID": 1627747, "Game_ID": "0021600408", "GAME_DATE": "DEC 18, 2016", "MATCHUP": "BKN @ PHI", "WL": "L", "MIN": 11, "FGM": 1, "FGA": 3, "FG_PCT": 0.333, "FG3M": 0, "FG3A": 1, "FG3_PCT": 0.0, "FTM": 0, "FTA": 0, "FT_PCT": 0.0, "OREB": 0, "DREB": 1, "REB": 1, "AST": 1, "STL": 0, "BLK": 0, "TOV": 1, "PF": 0, "PTS": 2, "PLUS_MINUS": -9, "VIDEO_AVAILABLE": 1}, {"SEASON_ID": "22016", "Player_ID": 1627747, "Game_ID": "0021600390", "GAME_DATE": "DEC 16, 2016", "MATCHUP": "BKN @ ORL", "WL": "L", "MIN": 11, "FGM": 2, "FGA": 3, "FG_PCT": 0.667, "FG3M": 1, "FG3A": 2, "FG3_PCT": 0.5, "FTM": 0, "FTA": 0, "FT_PCT": 0.0, "OREB": 0, "DREB": 4, "REB": 4, "AST": 2, "STL": 1, "BLK": 0, "TOV": 0, "PF": 1, "PTS": 5, "PLUS_MINUS": 4, "VIDEO_AVAILABLE": 1}, {"SEASON_ID": "22016", "Player_ID": 1627747, "Game_ID": "0021600378", "GAME_DATE": "DEC 14, 2016", "MATCHUP": "BKN vs. LAL", "WL": "W", "MIN": 11, "FGM": 1, "FGA": 3, "FG_PCT": 0.333, "FG3M": 0, "FG3A": 2, "FG3_PCT": 0.0, "FTM": 1, "FTA": 2, "FT_PCT": 0.5, "OREB": 0, "DREB": 4, "REB": 4, "AST": 2, "STL": 1, "BLK": 0, "TOV": 0, "PF": 0, "PTS": 3, "PLUS_MINUS": 3, "VIDEO_AVAILABLE": 1}, {"SEASON_ID": "22016", "Player_ID": 1627747, "Game_ID": "0021600364", "GAME_DATE": "DEC 12, 2016", "MATCHUP": "BKN @ HOU", "WL": "L", "MIN": 15, "FGM": 2, "FGA": 5, "FG_PCT": 0.4, "FG3M": 2, "FG3A": 4, "FG3_PCT": 0.5, "FTM": 1, "FTA": 2, "FT_PCT": 0.5, "OREB": 1, "DREB": 1, "REB": 2, "AST": 0, "STL": 0, "BLK": 0, "TOV": 0, "PF": 1, "PTS": 7, "PLUS_MINUS": -6, "VIDEO_AVAILABLE": 1}, {"SEASON_ID": "22016", "Player_ID": 1627747, "Game_ID": "0021600353", "GAME_DATE": "DEC 10, 2016", "MATCHUP": "BKN @ SAS", "WL": "L", "MIN": 15, "FGM": 1, "FGA": 5, "FG_PCT": 0.2, "FG3M": 0, "FG3A": 3, "FG3_PCT": 0.0, "FTM": 0, "FTA": 0, "FT_PCT": 0.0, "OREB": 0, "DREB": 1, "REB": 1, "AST": 2, "STL": 1, "BLK": 0, "TOV": 2, "PF": 1, "PTS": 2, "PLUS_MINUS": -10, "VIDEO_AVAILABLE": 1}, {"SEASON_ID": "22016", "Player_ID": 1627747, "Game_ID": "0021600323", "GAME_DATE": "DEC 07, 2016", "MATCHUP": "BKN vs. DEN", "WL": "W", "MIN": 9, "FGM": 0, "FGA": 3, "FG_PCT": 0.0, "FG3M": 0, "FG3A": 1, "FG3_PCT": 0.0, "FTM": 0, "FTA": 0, "FT_PCT": 0.0, "OREB": 1, "DREB": 3, "REB": 4, "AST": 0, "STL": 3, "BLK": 0, "TOV": 0, "PF": 0, "PTS": 0, "PLUS_MINUS": -2, "VIDEO_AVAILABLE": 1}]