{"firstName": "Caris", "lastName": "LeVert", "temporaryDisplayName": "LeVert, Caris", "personId": "1627747", "teamId": "1610612751", "jersey": "22", "isActive": true, "pos": "G", "heightFeet": "6", "heightInches": "6", "heightMeters": "1.98", "weightPounds": "205", "weightKilograms": "93.0", "dateOfBirthUTC": "1994-08-25", "teamSitesOnly": {"playerCode": "caris_levert", "posFull": "Guard", "displayAffiliation": "Michigan/USA", "freeAgentCode": ""}, "teams": [{"teamId": "1610612751", "seasonStart": "2016", "seasonEnd": "2019"}], "draft": {"teamId": "1610612754", "pickNum": "20", "roundNum": "1", "seasonYear": "2016"}, "nbaDebutYear": "2016", "yearsPro": "3", "collegeName": "Michigan", "lastAffiliation": "Michigan/USA", "country": "USA"}