{"firstName": "Cameron", "lastName": "Reddish", "temporaryDisplayName": "Reddish, Cameron", "personId": "1629629", "teamId": "1610612737", "jersey": "22", "isActive": true, "pos": "F-G", "heightFeet": "6", "heightInches": "8", "heightMeters": "2.03", "weightPounds": "208", "weightKilograms": "94.3", "dateOfBirthUTC": "1999-09-01", "teamSitesOnly": {"playerCode": "cameron_reddish", "posFull": "Forward-Guard", "displayAffiliation": "Duke/USA", "freeAgentCode": ""}, "teams": [{"teamId": "1610612737", "seasonStart": "2019", "seasonEnd": "2019"}], "draft": {"teamId": "1610612737", "pickNum": "10", "roundNum": "1", "seasonYear": "2019"}, "nbaDebutYear": "", "yearsPro": "0", "collegeName": "Duke", "lastAffiliation": "Duke University/USA", "country": "USA"}