{"firstName": "Ray", "lastName": "Spalding", "temporaryDisplayName": "Spalding, Ray", "personId": "1629034", "teamId": "1610612745", "jersey": "", "isActive": true, "pos": "F", "heightFeet": "6", "heightInches": "10", "heightMeters": "2.08", "weightPounds": "215", "weightKilograms": "97.5", "dateOfBirthUTC": "1997-03-11", "teamSitesOnly": {"playerCode": "ray_spalding", "posFull": "Forward", "displayAffiliation": "Louisville/USA", "freeAgentCode": ""}, "teams": [{"teamId": "1610612756", "seasonStart": "2018", "seasonEnd": "2018"}, {"teamId": "1610612742", "seasonStart": "2018", "seasonEnd": "2018"}, {"teamId": "1610612745", "seasonStart": "2019", "seasonEnd": "2019"}], "draft": {"teamId": "1610612755", "pickNum": "56", "roundNum": "2", "seasonYear": "2018"}, "nbaDebutYear": "2018", "yearsPro": "1", "collegeName": "Louisville", "lastAffiliation": "Louisville/USA", "country": "USA"}