{"firstName": "RJ", "lastName": "Barrett", "temporaryDisplayName": "Barrett, RJ", "personId": "1629628", "teamId": "1610612752", "jersey": "9", "isActive": true, "pos": "F-G", "heightFeet": "6", "heightInches": "7", "heightMeters": "2.01", "weightPounds": "202", "weightKilograms": "91.6", "dateOfBirthUTC": "2000-06-14", "teamSitesOnly": {"playerCode": "rj_barrett", "posFull": "Forward-Guard", "displayAffiliation": "Duke/Canada", "freeAgentCode": ""}, "teams": [{"teamId": "1610612752", "seasonStart": "2019", "seasonEnd": "2019"}], "draft": {"teamId": "1610612752", "pickNum": "3", "roundNum": "1", "seasonYear": "2019"}, "nbaDebutYear": "", "yearsPro": "0", "collegeName": "Duke", "lastAffiliation": " Canada/Canada", "country": "Canada"}