{"firstName": "Kendrick", "lastName": "Nunn", "temporaryDisplayName": "Nunn, Kendrick", "personId": "1629134", "teamId": "1610612748", "jersey": "25", "isActive": true, "pos": "G", "heightFeet": "6", "heightInches": "2", "heightMeters": "1.88", "weightPounds": "190", "weightKilograms": "86.2", "dateOfBirthUTC": "1995-08-03", "teamSitesOnly": {"playerCode": "kendrick_nunn", "posFull": "Guard", "displayAffiliation": "Oakland University (MI)/USA", "freeAgentCode": ""}, "teams": [{"teamId": "1610612748", "seasonStart": "2018", "seasonEnd": "2019"}], "draft": {"teamId": "", "pickNum": "", "roundNum": "", "seasonYear": ""}, "nbaDebutYear": "", "yearsPro": "0", "collegeName": "Oakland", "lastAffiliation": "Oakland University (MI)/USA", "country": "USA"}