{"firstName": "Jordan", "lastName": "Poole", "temporaryDisplayName": "Poole, Jordan", "personId": "1629673", "teamId": "1610612744", "jersey": "3", "isActive": true, "pos": "G", "heightFeet": "6", "heightInches": "5", "heightMeters": "1.96", "weightPounds": "195", "weightKilograms": "88.5", "dateOfBirthUTC": "1999-06-19", "teamSitesOnly": {"playerCode": "jordan_poole", "posFull": "Guard", "displayAffiliation": "Michigan/USA", "freeAgentCode": ""}, "teams": [{"teamId": "1610612744", "seasonStart": "2019", "seasonEnd": "2019"}], "draft": {"teamId": "1610612744", "pickNum": "28", "roundNum": "1", "seasonYear": "2019"}, "nbaDebutYear": "", "yearsPro": "0", "collegeName": "Michigan", "lastAffiliation": "University of Michigan/USA", "country": "USA"}