{"firstName": "Lonzo", "lastName": "Ball", "temporaryDisplayName": "Ball, Lonzo", "personId": "1628366", "teamId": "1610612740", "jersey": "2", "isActive": true, "pos": "G", "heightFeet": "6", "heightInches": "6", "heightMeters": "1.98", "weightPounds": "190", "weightKilograms": "86.2", "dateOfBirthUTC": "1997-10-27", "teamSitesOnly": {"playerCode": "lonzo_ball", "posFull": "Guard", "displayAffiliation": "UCLA/USA", "freeAgentCode": ""}, "teams": [{"teamId": "1610612747", "seasonStart": "2017", "seasonEnd": "2018"}, {"teamId": "1610612740", "seasonStart": "2019", "seasonEnd": "2019"}], "draft": {"teamId": "1610612747", "pickNum": "2", "roundNum": "1", "seasonYear": "2017"}, "nbaDebutYear": "2017", "yearsPro": "2", "collegeName": "UCLA", "lastAffiliation": "UCLA/USA", "country": "USA"}