{"firstName": "Stephen", "lastName": "Curry", "temporaryDisplayName": "Curry, Stephen", "personId": "201939", "teamId": "1610612744", "jersey": "30", "isActive": true, "pos": "G", "heightFeet": "6", "heightInches": "3", "heightMeters": "1.9", "weightPounds": "190", "weightKilograms": "86.2", "dateOfBirthUTC": "1988-03-14", "teamSitesOnly": {"playerCode": "stephen_curry", "posFull": "Guard", "displayAffiliation": "Davidson/USA", "freeAgentCode": ""}, "teams": [{"teamId": "1610612744", "seasonStart": "2009", "seasonEnd": "2019"}], "draft": {"teamId": "1610612744", "pickNum": "7", "roundNum": "1", "seasonYear": "2009"}, "nbaDebutYear": "2009", "yearsPro": "10", "collegeName": "Davidson", "lastAffiliation": "Davidson/USA", "country": "USA"}