{"firstName": "Kenny", "lastName": "Wooten", "temporaryDisplayName": "Wooten, Kenny", "personId": "1629624", "teamId": "1610612752", "jersey": "45", "isActive": true, "pos": "F", "heightFeet": "6", "heightInches": "9", "heightMeters": "2.06", "weightPounds": "225", "weightKilograms": "102.1", "dateOfBirthUTC": "1998-04-17", "teamSitesOnly": {"playerCode": "kenny_wooten", "posFull": "Forward", "displayAffiliation": "Oregon/USA", "freeAgentCode": ""}, "teams": [{"teamId": "1610612752", "seasonStart": "2019", "seasonEnd": "2019"}], "draft": {"teamId": "", "pickNum": "", "roundNum": "", "seasonYear": ""}, "nbaDebutYear": "", "yearsPro": "0", "collegeName": "Oregon", "lastAffiliation": "University of Oregon/USA", "country": "USA"}