{"firstName": "James", "lastName": "Harden", "temporaryDisplayName": "Harden, James", "personId": "201935", "teamId": "1610612745", "jersey": "13", "isActive": true, "pos": "G", "heightFeet": "6", "heightInches": "5", "heightMeters": "1.96", "weightPounds": "220", "weightKilograms": "99.8", "dateOfBirthUTC": "1989-08-26", "teamSitesOnly": {"playerCode": "james_harden", "posFull": "Guard", "displayAffiliation": "Arizona State/USA", "freeAgentCode": ""}, "teams": [{"teamId": "1610612760", "seasonStart": "2009", "seasonEnd": "2011"}, {"teamId": "1610612745", "seasonStart": "2012", "seasonEnd": "2019"}], "draft": {"teamId": "1610612760", "pickNum": "3", "roundNum": "1", "seasonYear": "2009"}, "nbaDebutYear": "2009", "yearsPro": "10", "collegeName": "Arizona State", "lastAffiliation": "Arizona State/USA", "country": "USA"}