{"firstName": "James", "lastName": "Ennis III", "temporaryDisplayName": "Ennis III, James", "personId": "203516", "teamId": "1610612755", "jersey": "11", "isActive": true, "pos": "F", "heightFeet": "6", "heightInches": "7", "heightMeters": "2.01", "weightPounds": "210", "weightKilograms": "95.3", "dateOfBirthUTC": "1990-07-01", "teamSitesOnly": {"playerCode": "james_ennis iii", "posFull": "Forward", "displayAffiliation": "Long Beach State/USA", "freeAgentCode": ""}, "teams": [{"teamId": "1610612748", "seasonStart": "2014", "seasonEnd": "2015"}, {"teamId": "1610612763", "seasonStart": "2015", "seasonEnd": "2015"}, {"teamId": "1610612740", "seasonStart": "2015", "seasonEnd": "2015"}, {"teamId": "1610612763", "seasonStart": "2016", "seasonEnd": "2017"}, {"teamId": "1610612765", "seasonStart": "2017", "seasonEnd": "2017"}, {"teamId": "1610612745", "seasonStart": "2018", "seasonEnd": "2018"}, {"teamId": "1610612755", "seasonStart": "2018", "seasonEnd": "2019"}], "draft": {"teamId": "1610612737", "pickNum": "50", "roundNum": "2", "seasonYear": "2013"}, "nbaDebutYear": "2014", "yearsPro": "5", "collegeName": "Cal State-Long Beach", "lastAffiliation": "Long Beach State/USA", "country": "USA"}