{"firstName": "Maxi", "lastName": "Kleber", "temporaryDisplayName": "Kleber, Maxi", "personId": "1628467", "teamId": "1610612742", "jersey": "42", "isActive": true, "pos": "F", "heightFeet": "6", "heightInches": "11", "heightMeters": "2.11", "weightPounds": "240", "weightKilograms": "108.9", "dateOfBirthUTC": "1992-01-29", "teamSitesOnly": {"playerCode": "maxi_kleber", "posFull": "Forward", "displayAffiliation": "Germany", "freeAgentCode": ""}, "teams": [{"teamId": "1610612742", "seasonStart": "2017", "seasonEnd": "2019"}], "draft": {"teamId": "", "pickNum": "", "roundNum": "", "seasonYear": ""}, "nbaDebutYear": "2017", "yearsPro": "2", "collegeName": " ", "lastAffiliation": "Germany/Germany", "country": "Germany"}