{"firstName": "Blake", "lastName": "Griffin", "temporaryDisplayName": "Griffin, Blake", "personId": "201933", "teamId": "1610612765", "jersey": "23", "isActive": true, "pos": "F", "heightFeet": "6", "heightInches": "10", "heightMeters": "2.08", "weightPounds": "250", "weightKilograms": "113.4", "dateOfBirthUTC": "1989-03-16", "teamSitesOnly": {"playerCode": "blake_griffin", "posFull": "Forward", "displayAffiliation": "Oklahoma/USA", "freeAgentCode": ""}, "teams": [{"teamId": "1610612746", "seasonStart": "2009", "seasonEnd": "2017"}, {"teamId": "1610612765", "seasonStart": "2017", "seasonEnd": "2019"}], "draft": {"teamId": "1610612746", "pickNum": "1", "roundNum": "1", "seasonYear": "2009"}, "nbaDebutYear": "2010", "yearsPro": "10", "collegeName": "Oklahoma", "lastAffiliation": "Oklahoma/USA", "country": "USA"}