{"firstName": "Klay", "lastName": "Thompson", "temporaryDisplayName": "Thompson, Klay", "personId": "202691", "teamId": "1610612744", "jersey": "11", "isActive": true, "pos": "G", "heightFeet": "6", "heightInches": "7", "heightMeters": "2.01", "weightPounds": "215", "weightKilograms": "97.5", "dateOfBirthUTC": "1990-02-08", "teamSitesOnly": {"playerCode": "klay_thompson", "posFull": "Guard", "displayAffiliation": "Washington State/USA", "freeAgentCode": ""}, "teams": [{"teamId": "1610612744", "seasonStart": "2011", "seasonEnd": "2019"}], "draft": {"teamId": "1610612744", "pickNum": "11", "roundNum": "1", "seasonYear": "2011"}, "nbaDebutYear": "2011", "yearsPro": "8", "collegeName": "Washington State", "lastAffiliation": "Washington State/USA", "country": "USA"}