[{"SEASON_ID": "22017", "Player_ID": 1627749, "Game_ID": "0021701226", "GAME_DATE": "APR 11, 2018", "MATCHUP": "SAS @ NOP", "WL": "L", "MIN": 29, "FGM": 3, "FGA": 10, "FG_PCT": 0.3, "FG3M": 0, "FG3A": 0, "FG3_PCT": 0.0, "FTM": 5, "FTA": 5, "FT_PCT": 1.0, "OREB": 2, "DREB": 4, "REB": 6, "AST": 3, "STL": 2, "BLK": 1, "TOV": 0, "PF": 1, "PTS": 11, "PLUS_MINUS": -14, "VIDEO_AVAILABLE": 1}, {"SEASON_ID": "22017", "Player_ID": 1627749, "Game_ID": "0021701210", "GAME_DATE": "APR 09, 2018", "MATCHUP": "SAS vs. SAC", "WL": "W", "MIN": 15, "FGM": 2, "FGA": 6, "FG_PCT": 0.333, "FG3M": 0, "FG3A": 0, "FG3_PCT": 0.0, "FTM": 0, "FTA": 0, "FT_PCT": 0.0, "OREB": 2, "DREB": 2, "REB": 4, "AST": 0, "STL": 0, "BLK": 1, "TOV": 1, "PF": 0, "PTS": 4, "PLUS_MINUS": -2, "VIDEO_AVAILABLE": 2}, {"SEASON_ID": "22017", "Player_ID": 1627749, "Game_ID": "0021701196", "GAME_DATE": "APR 07, 2018", "MATCHUP": "SAS vs. POR", "WL": "W", "MIN": 29, "FGM": 5, "FGA": 9, "FG_PCT": 0.556, "FG3M": 0, "FG3A": 1, "FG3_PCT": 0.0, "FTM": 7, "FTA": 10, "FT_PCT": 0.7, "OREB": 0, "DREB": 5, "REB": 5, "AST": 4, "STL": 2, "BLK": 0, "TOV": 2, "PF": 2, "PTS": 17, "PLUS_MINUS": 11, "VIDEO_AVAILABLE": 1}, {"SEASON_ID": "22017", "Player_ID": 1627749, "Game_ID": "0021701174", "GAME_DATE": "APR 04, 2018", "MATCHUP": "SAS @ LAL", "WL": "L", "MIN": 37, "FGM": 7, "FGA": 12, "FG_PCT": 0.583, "FG3M": 0, "FG3A": 0, "FG3_PCT": 0.0, "FTM": 9, "FTA": 13, "FT_PCT": 0.692, "OREB": 3, "DREB": 7, "REB": 10, "AST": 6, "STL": 2, "BLK": 1, "TOV": 4, "PF": 4, "PTS": 23, "PLUS_MINUS": -2, "VIDEO_AVAILABLE": 1}, {"SEASON_ID": "22017", "Player_ID": 1627749, "Game_ID": "0021701168", "GAME_DATE": "APR 03, 2018", "MATCHUP": "SAS @ LAC", "WL": "L", "MIN": 25, "FGM": 2, "FGA": 6, "FG_PCT": 0.333, "FG3M": 0, "FG3A": 1, "FG3_PCT": 0.0, "FTM": 2, "FTA": 2, "FT_PCT": 1.0, "OREB": 2, "DREB": 6, "REB": 8, "AST": 0, "STL": 4, "BLK": 0, "TOV": 2, "PF": 2, "PTS": 6, "PLUS_MINUS": 1, "VIDEO_AVAILABLE": 1}, {"SEASON_ID": "22017", "Player_ID": 1627749, "Game_ID": "0021701145", "GAME_DATE": "APR 01, 2018", "MATCHUP": "SAS vs. HOU", "WL": "W", "MIN": 25, "FGM": 6, "FGA": 14, "FG_PCT": 0.429, "FG3M": 0, "FG3A": 1, "FG3_PCT": 0.0, "FTM": 1, "FTA": 2, "FT_PCT": 0.5, "OREB": 1, "DREB": 5, "REB": 6, "AST": 1, "STL": 1, "BLK": 0, "TOV": 2, "PF": 2, "PTS": 13, "PLUS_MINUS": 2, "VIDEO_AVAILABLE": 1}, {"SEASON_ID": "22017", "Player_ID": 1627749, "Game_ID": "0021701126", "GAME_DATE": "MAR 29, 2018", "MATCHUP": "SAS vs. OKC", "WL": "W", "MIN": 30, "FGM": 3, "FGA": 8, "FG_PCT": 0.375, "FG3M": 0, "FG3A": 2, "FG3_PCT": 0.0, "FTM": 1, "FTA": 2, "FT_PCT": 0.5, "OREB": 1, "DREB": 7, "REB": 8, "AST": 7, "STL": 5, "BLK": 1, "TOV": 2, "PF": 2, "PTS": 7, "PLUS_MINUS": 3, "VIDEO_AVAILABLE": 1}, {"SEASON_ID": "22017", "Player_ID": 1627749, "Game_ID": "0021701108", "GAME_DATE": "MAR 27, 2018", "MATCHUP": "SAS @ WAS", "WL": "L", "MIN": 23, "FGM": 3, "FGA": 8, "FG_PCT": 0.375, "FG3M": 0, "FG3A": 0, "FG3_PCT": 0.0, "FTM": 0, "FTA": 0, "FT_PCT": 0.0, "OREB": 1, "DREB": 2, "REB": 3, "AST": 4, "STL": 0, "BLK": 1, "TOV": 1, "PF": 2, "PTS": 6, "PLUS_MINUS": -22, "VIDEO_AVAILABLE": 1}, {"SEASON_ID": "22017", "Player_ID": 1627749, "Game_ID": "0021701095", "GAME_DATE": "MAR 25, 2018", "MATCHUP": "SAS @ MIL", "WL": "L", "MIN": 29, "FGM": 4, "FGA": 9, "FG_PCT": 0.444, "FG3M": 0, "FG3A": 1, "FG3_PCT": 0.0, "FTM": 2, "FTA": 2, "FT_PCT": 1.0, "OREB": 0, "DREB": 9, "REB": 9, "AST": 3, "STL": 2, "BLK": 0, "TOV": 1, "PF": 3, "PTS": 10, "PLUS_MINUS": 7, "VIDEO_AVAILABLE": 1}, {"SEASON_ID": "22017", "Player_ID": 1627749, "Game_ID": "0021701085", "GAME_DATE": "MAR 23, 2018", "MATCHUP": "SAS vs. UTA", "WL": "W", "MIN": 35, "FGM": 2, "FGA": 7, "FG_PCT": 0.286, "FG3M": 0, "FG3A": 0, "FG3_PCT": 0.0, "FTM": 0, "FTA": 0, "FT_PCT": 0.0, "OREB": 0, "DREB": 5, "REB": 5, "AST": 5, "STL": 2, "BLK": 0, "TOV": 2, "PF": 4, "PTS": 4, "PLUS_MINUS": 12, "VIDEO_AVAILABLE": 1}, {"SEASON_ID": "22017", "Player_ID": 1627749, "Game_ID": "0021701071", "GAME_DATE": "MAR 21, 2018", "MATCHUP": "SAS vs. WAS", "WL": "W", "MIN": 29, "FGM": 4, "FGA": 6, "FG_PCT": 0.667, "FG3M": 1, "FG3A": 1, "FG3_PCT": 1.0, "FTM": 0, "FTA": 1, "FT_PCT": 0.0, "OREB": 4, "DREB": 6, "REB": 10, "AST": 2, "STL": 1, "BLK": 0, "TOV": 0, "PF": 0, "PTS": 9, "PLUS_MINUS": 12, "VIDEO_AVAILABLE": 1}, {"SEASON_ID": "22017", "Player_ID": 1627749, "Game_ID": "0021701056", "GAME_DATE": "MAR 19, 2018", "MATCHUP": "SAS vs. GSW", "WL": "W", "MIN": 29, "FGM": 4, "FGA": 9, "FG_PCT": 0.444, "FG3M": 0, "FG3A": 1, "FG3_PCT": 0.0, "FTM": 1, "FTA": 2, "FT_PCT": 0.5, "OREB": 0, "DREB": 8, "REB": 8, "AST": 5, "STL": 1, "BLK": 0, "TOV": 1, "PF": 1, "PTS": 9, "PLUS_MINUS": 13, "VIDEO_AVAILABLE": 1}, {"SEASON_ID": "22017", "Player_ID": 1627749, "Game_ID": "0021701042", "GAME_DATE": "MAR 17, 2018", "MATCHUP": "SAS vs. MIN", "WL": "W", "MIN": 24, "FGM": 2, "FGA": 8, "FG_PCT": 0.25, "FG3M": 1, "FG3A": 1, "FG3_PCT": 1.0, "FTM": 0, "FTA": 0, "FT_PCT": 0.0, "OREB": 2, "DREB": 3, "REB": 5, "AST": 1, "STL": 4, "BLK": 0, "TOV": 3, "PF": 1, "PTS": 5, "PLUS_MINUS": -4, "VIDEO_AVAILABLE": 1}, {"SEASON_ID": "22017", "Player_ID": 1627749, "Game_ID": "0021701025", "GAME_DATE": "MAR 15, 2018", "MATCHUP": "SAS vs. NOP", "WL": "W", "MIN": 26, "FGM": 8, "FGA": 13, "FG_PCT": 0.615, "FG3M": 1, "FG3A": 2, "FG3_PCT": 0.5, "FTM": 1, "FTA": 2, "FT_PCT": 0.5, "OREB": 3, "DREB": 9, "REB": 12, "AST": 0, "STL": 4, "BLK": 0, "TOV": 1, "PF": 5, "PTS": 18, "PLUS_MINUS": 2, "VIDEO_AVAILABLE": 2}, {"SEASON_ID": "22017", "Player_ID": 1627749, "Game_ID": "0021701012", "GAME_DATE": "MAR 13, 2018", "MATCHUP": "SAS vs. ORL", "WL": "W", "MIN": 24, "FGM": 5, "FGA": 7, "FG_PCT": 0.714, "FG3M": 0, "FG3A": 0, "FG3_PCT": 0.0, "FTM": 1, "FTA": 3, "FT_PCT": 0.333, "OREB": 2, "DREB": 6, "REB": 8, "AST": 2, "STL": 3, "BLK": 0, "TOV": 1, "PF": 1, "PTS": 11, "PLUS_MINUS": 21, "VIDEO_AVAILABLE": 1}, {"SEASON_ID": "22017", "Player_ID": 1627749, "Game_ID": "0021701001", "GAME_DATE": "MAR 12, 2018", "MATCHUP": "SAS @ HOU", "WL": "L", "MIN": 20, "FGM": 3, "FGA": 7, "FG_PCT": 0.429, "FG3M": 0, "FG3A": 0, "FG3_PCT": 0.0, "FTM": 1, "FTA": 2, "FT_PCT": 0.5, "OREB": 1, "DREB": 3, "REB": 4, "AST": 3, "STL": 1, "BLK": 0, "TOV": 2, "PF": 0, "PTS": 7, "PLUS_MINUS": -22, "VIDEO_AVAILABLE": 1}, {"SEASON_ID": "22017", "Player_ID": 1627749, "Game_ID": "0021700990", "GAME_DATE": "MAR 10, 2018", "MATCHUP": "SAS @ OKC", "WL": "L", "MIN": 30, "FGM": 4, "FGA": 10, "FG_PCT": 0.4, "FG3M": 1, "FG3A": 2, "FG3_PCT": 0.5, "FTM": 0, "FTA": 0, "FT_PCT": 0.0, "OREB": 0, "DREB": 5, "REB": 5, "AST": 3, "STL": 1, "BLK": 0, "TOV": 2, "PF": 3, "PTS": 9, "PLUS_MINUS": -6, "VIDEO_AVAILABLE": 1}, {"SEASON_ID": "22017", "Player_ID": 1627749, "Game_ID": "0021700976", "GAME_DATE": "MAR 08, 2018", "MATCHUP": "SAS @ GSW", "WL": "L", "MIN": 30, "FGM": 7, "FGA": 14, "FG_PCT": 0.5, "FG3M": 0, "FG3A": 0, "FG3_PCT": 0.0, "FTM": 0, "FTA": 0, "FT_PCT": 0.0, "OREB": 1, "DREB": 4, "REB": 5, "AST": 6, "STL": 1, "BLK": 0, "TOV": 3, "PF": 2, "PTS": 14, "PLUS_MINUS": -1, "VIDEO_AVAILABLE": 1}, {"SEASON_ID": "22017", "Player_ID": 1627749, "Game_ID": "0021700954", "GAME_DATE": "MAR 05, 2018", "MATCHUP": "SAS vs. MEM", "WL": "W", "MIN": 18, "FGM": 2, "FGA": 5, "FG_PCT": 0.4, "FG3M": 0, "FG3A": 1, "FG3_PCT": 0.0, "FTM": 0, "FTA": 0, "FT_PCT": 0.0, "OREB": 0, "DREB": 4, "REB": 4, "AST": 0, "STL": 1, "BLK": 0, "TOV": 0, "PF": 0, "PTS": 4, "PLUS_MINUS": -5, "VIDEO_AVAILABLE": 1}, {"SEASON_ID": "22017", "Player_ID": 1627749, "Game_ID": "0021700940", "GAME_DATE": "MAR 03, 2018", "MATCHUP": "SAS vs. LAL", "WL": "L", "MIN": 24, "FGM": 5, "FGA": 11, "FG_PCT": 0.455, "FG3M": 0, "FG3A": 0, "FG3_PCT": 0.0, "FTM": 2, "FTA": 2, "FT_PCT": 1.0, "OREB": 3, "DREB": 4, "REB": 7, "AST": 1, "STL": 3, "BLK": 0, "TOV": 2, "PF": 2, "PTS": 12, "PLUS_MINUS": 7, "VIDEO_AVAILABLE": 1}, {"SEASON_ID": "22017", "Player_ID": 1627749, "Game_ID": "0021700920", "GAME_DATE": "FEB 28, 2018", "MATCHUP": "SAS vs. NOP", "WL": "L", "MIN": 31, "FGM": 8, "FGA": 15, "FG_PCT": 0.533, "FG3M": 1, "FG3A": 1, "FG3_PCT": 1.0, "FTM": 1, "FTA": 1, "FT_PCT": 1.0, "OREB": 0, "DREB": 9, "REB": 9, "AST": 5, "STL": 1, "BLK": 1, "TOV": 2, "PF": 3, "PTS": 18, "PLUS_MINUS": 7, "VIDEO_AVAILABLE": 2}, {"SEASON_ID": "22017", "Player_ID": 1627749, "Game_ID": "0021700894", "GAME_DATE": "FEB 25, 2018", "MATCHUP": "SAS @ CLE", "WL": "W", "MIN": 34, "FGM": 5, "FGA": 12, "FG_PCT": 0.417, "FG3M": 0, "FG3A": 0, "FG3_PCT": 0.0, "FTM": 3, "FTA": 4, "FT_PCT": 0.75, "OREB": 3, "DREB": 6, "REB": 9, "AST": 5, "STL": 4, "BLK": 3, "TOV": 0, "PF": 2, "PTS": 13, "PLUS_MINUS": 17, "VIDEO_AVAILABLE": 1}, {"SEASON_ID": "22017", "Player_ID": 1627749, "Game_ID": "0021700880", "GAME_DATE": "FEB 23, 2018", "MATCHUP": "SAS @ DEN", "WL": "L", "MIN": 23, "FGM": 5, "FGA": 9, "FG_PCT": 0.556, "FG3M": 0, "FG3A": 0, "FG3_PCT": 0.0, "FTM": 2, "FTA": 2, "FT_PCT": 1.0, "OREB": 1, "DREB": 3, "REB": 4, "AST": 5, "STL": 0, "BLK": 1, "TOV": 3, "PF": 2, "PTS": 12, "PLUS_MINUS": -5, "VIDEO_AVAILABLE": 1}, {"SEASON_ID": "22017", "Player_ID": 1627749, "Game_ID": "0021700852", "GAME_DATE": "FEB 13, 2018", "MATCHUP": "SAS @ DEN", "WL": "L", "MIN": 27, "FGM": 6, "FGA": 10, "FG_PCT": 0.6, "FG3M": 0, "FG3A": 0, "FG3_PCT": 0.0, "FTM": 0, "FTA": 0, "FT_PCT": 0.0, "OREB": 3, "DREB": 3, "REB": 6, "AST": 2, "STL": 2, "BLK": 3, "TOV": 4, "PF": 4, "PTS": 12, "PLUS_MINUS": -8, "VIDEO_AVAILABLE": 1}, {"SEASON_ID": "22017", "Player_ID": 1627749, "Game_ID": "0021700845", "GAME_DATE": "FEB 12, 2018", "MATCHUP": "SAS @ UTA", "WL": "L", "MIN": 29, "FGM": 6, "FGA": 14, "FG_PCT": 0.429, "FG3M": 0, "FG3A": 1, "FG3_PCT": 0.0, "FTM": 0, "FTA": 0, "FT_PCT": 0.0, "OREB": 1, "DREB": 3, "REB": 4, "AST": 4, "STL": 1, "BLK": 0, "TOV": 1, "PF": 2, "PTS": 12, "PLUS_MINUS": -4, "VIDEO_AVAILABLE": 1}, {"SEASON_ID": "22017", "Player_ID": 1627749, "Game_ID": "0021700810", "GAME_DATE": "FEB 07, 2018", "MATCHUP": "SAS @ PHX", "WL": "W", "MIN": 13, "FGM": 7, "FGA": 12, "FG_PCT": 0.583, "FG3M": 0, "FG3A": 0, "FG3_PCT": 0.0, "FTM": 0, "FTA": 1, "FT_PCT": 0.0, "OREB": 2, "DREB": 2, "REB": 4, "AST": 3, "STL": 1, "BLK": 0, "TOV": 0, "PF": 1, "PTS": 14, "PLUS_MINUS": 21, "VIDEO_AVAILABLE": 1}, {"SEASON_ID": "22017", "Player_ID": 1627749, "Game_ID": "0021700781", "GAME_DATE": "FEB 03, 2018", "MATCHUP": "SAS vs. UTA", "WL": "L", "MIN": 22, "FGM": 5, "FGA": 12, "FG_PCT": 0.417, "FG3M": 0, "FG3A": 0, "FG3_PCT": 0.0, "FTM": 0, "FTA": 0, "FT_PCT": 0.0, "OREB": 4, "DREB": 1, "REB": 5, "AST": 2, "STL": 0, "BLK": 0, "TOV": 1, "PF": 3, "PTS": 10, "PLUS_MINUS": -7, "VIDEO_AVAILABLE": 1}, {"SEASON_ID": "22017", "Player_ID": 1627749, "Game_ID": "0021700764", "GAME_DATE": "FEB 01, 2018", "MATCHUP": "SAS vs. HOU", "WL": "L", "MIN": 24, "FGM": 3, "FGA": 6, "FG_PCT": 0.5, "FG3M": 0, "FG3A": 0, "FG3_PCT": 0.0, "FTM": 0, "FTA": 2, "FT_PCT": 0.0, "OREB": 4, "DREB": 7, "REB": 11, "AST": 3, "STL": 0, "BLK": 0, "TOV": 4, "PF": 0, "PTS": 6, "PLUS_MINUS": -11, "VIDEO_AVAILABLE": 1}, {"SEASON_ID": "22017", "Player_ID": 1627749, "Game_ID": "0021700750", "GAME_DATE": "JAN 30, 2018", "MATCHUP": "SAS vs. DEN", "WL": "W", "MIN": 26, "FGM": 0, "FGA": 4, "FG_PCT": 0.0, "FG3M": 0, "FG3A": 0, "FG3_PCT": 0.0, "FTM": 0, "FTA": 0, "FT_PCT": 0.0, "OREB": 3, "DREB": 10, "REB": 13, "AST": 7, "STL": 0, "BLK": 2, "TOV": 2, "PF": 3, "PTS": 0, "PLUS_MINUS": 0, "VIDEO_AVAILABLE": 1}, {"SEASON_ID": "22017", "Player_ID": 1627749, "Game_ID": "0021700737", "GAME_DATE": "JAN 28, 2018", "MATCHUP": "SAS vs. SAC", "WL": "W", "MIN": 26, "FGM": 6, "FGA": 6, "FG_PCT": 1.0, "FG3M": 0, "FG3A": 0, "FG3_PCT": 0.0, "FTM": 2, "FTA": 2, "FT_PCT": 1.0, "OREB": 2, "DREB": 8, "REB": 10, "AST": 6, "STL": 0, "BLK": 0, "TOV": 0, "PF": 2, "PTS": 14, "PLUS_MINUS": 7, "VIDEO_AVAILABLE": 1}, {"SEASON_ID": "22017", "Player_ID": 1627749, "Game_ID": "0021700722", "GAME_DATE": "JAN 26, 2018", "MATCHUP": "SAS vs. PHI", "WL": "L", "MIN": 34, "FGM": 4, "FGA": 11, "FG_PCT": 0.364, "FG3M": 0, "FG3A": 1, "FG3_PCT": 0.0, "FTM": 2, "FTA": 2, "FT_PCT": 1.0, "OREB": 1, "DREB": 8, "REB": 9, "AST": 5, "STL": 1, "BLK": 1, "TOV": 2, "PF": 2, "PTS": 10, "PLUS_MINUS": -16, "VIDEO_AVAILABLE": 1}, {"SEASON_ID": "22017", "Player_ID": 1627749, "Game_ID": "0021700707", "GAME_DATE": "JAN 24, 2018", "MATCHUP": "SAS @ MEM", "WL": "W", "MIN": 24, "FGM": 4, "FGA": 9, "FG_PCT": 0.444, "FG3M": 1, "FG3A": 1, "FG3_PCT": 1.0, "FTM": 2, "FTA": 2, "FT_PCT": 1.0, "OREB": 1, "DREB": 3, "REB": 4, "AST": 7, "STL": 0, "BLK": 0, "TOV": 1, "PF": 3, "PTS": 11, "PLUS_MINUS": 25, "VIDEO_AVAILABLE": 1}, {"SEASON_ID": "22017", "Player_ID": 1627749, "Game_ID": "0021700698", "GAME_DATE": "JAN 23, 2018", "MATCHUP": "SAS vs. CLE", "WL": "W", "MIN": 30, "FGM": 8, "FGA": 15, "FG_PCT": 0.533, "FG3M": 0, "FG3A": 0, "FG3_PCT": 0.0, "FTM": 3, "FTA": 4, "FT_PCT": 0.75, "OREB": 4, "DREB": 6, "REB": 10, "AST": 3, "STL": 7, "BLK": 0, "TOV": 4, "PF": 4, "PTS": 19, "PLUS_MINUS": 3, "VIDEO_AVAILABLE": 1}, {"SEASON_ID": "22017", "Player_ID": 1627749, "Game_ID": "0021700686", "GAME_DATE": "JAN 21, 2018", "MATCHUP": "SAS vs. IND", "WL": "L", "MIN": 28, "FGM": 3, "FGA": 8, "FG_PCT": 0.375, "FG3M": 0, "FG3A": 1, "FG3_PCT": 0.0, "FTM": 2, "FTA": 2, "FT_PCT": 1.0, "OREB": 2, "DREB": 5, "REB": 7, "AST": 4, "STL": 3, "BLK": 1, "TOV": 4, "PF": 5, "PTS": 8, "PLUS_MINUS": 1, "VIDEO_AVAILABLE": 2}, {"SEASON_ID": "22017", "Player_ID": 1627749, "Game_ID": "0021700667", "GAME_DATE": "JAN 19, 2018", "MATCHUP": "SAS @ TOR", "WL": "L", "MIN": 26, "FGM": 4, "FGA": 10, "FG_PCT": 0.4, "FG3M": 0, "FG3A": 0, "FG3_PCT": 0.0, "FTM": 2, "FTA": 2, "FT_PCT": 1.0, "OREB": 4, "DREB": 3, "REB": 7, "AST": 1, "STL": 0, "BLK": 0, "TOV": 3, "PF": 3, "PTS": 10, "PLUS_MINUS": -5, "VIDEO_AVAILABLE": 1}, {"SEASON_ID": "22017", "Player_ID": 1627749, "Game_ID": "0021700655", "GAME_DATE": "JAN 17, 2018", "MATCHUP": "SAS @ BKN", "WL": "W", "MIN": 23, "FGM": 1, "FGA": 5, "FG_PCT": 0.2, "FG3M": 0, "FG3A": 0, "FG3_PCT": 0.0, "FTM": 1, "FTA": 2, "FT_PCT": 0.5, "OREB": 4, "DREB": 5, "REB": 9, "AST": 3, "STL": 2, "BLK": 0, "TOV": 2, "PF": 4, "PTS": 3, "PLUS_MINUS": 5, "VIDEO_AVAILABLE": 1}, {"SEASON_ID": "22017", "Player_ID": 1627749, "Game_ID": "0021700641", "GAME_DATE": "JAN 15, 2018", "MATCHUP": "SAS @ ATL", "WL": "L", "MIN": 18, "FGM": 3, "FGA": 5, "FG_PCT": 0.6, "FG3M": 0, "FG3A": 0, "FG3_PCT": 0.0, "FTM": 2, "FTA": 2, "FT_PCT": 1.0, "OREB": 0, "DREB": 4, "REB": 4, "AST": 0, "STL": 1, "BLK": 0, "TOV": 1, "PF": 2, "PTS": 8, "PLUS_MINUS": 0, "VIDEO_AVAILABLE": 1}, {"SEASON_ID": "22017", "Player_ID": 1627749, "Game_ID": "0021700633", "GAME_DATE": "JAN 13, 2018", "MATCHUP": "SAS vs. DEN", "WL": "W", "MIN": 11, "FGM": 1, "FGA": 1, "FG_PCT": 1.0, "FG3M": 0, "FG3A": 0, "FG3_PCT": 0.0, "FTM": 2, "FTA": 2, "FT_PCT": 1.0, "OREB": 0, "DREB": 4, "REB": 4, "AST": 2, "STL": 1, "BLK": 0, "TOV": 2, "PF": 0, "PTS": 4, "PLUS_MINUS": 19, "VIDEO_AVAILABLE": 1}, {"SEASON_ID": "22017", "Player_ID": 1627749, "Game_ID": "0021700617", "GAME_DATE": "JAN 11, 2018", "MATCHUP": "SAS @ LAL", "WL": "L", "MIN": 26, "FGM": 7, "FGA": 14, "FG_PCT": 0.5, "FG3M": 0, "FG3A": 0, "FG3_PCT": 0.0, "FTM": 0, "FTA": 0, "FT_PCT": 0.0, "OREB": 1, "DREB": 10, "REB": 11, "AST": 5, "STL": 3, "BLK": 1, "TOV": 1, "PF": 0, "PTS": 14, "PLUS_MINUS": 8, "VIDEO_AVAILABLE": 1}, {"SEASON_ID": "22017", "Player_ID": 1627749, "Game_ID": "0021700596", "GAME_DATE": "JAN 08, 2018", "MATCHUP": "SAS @ SAC", "WL": "W", "MIN": 18, "FGM": 3, "FGA": 6, "FG_PCT": 0.5, "FG3M": 0, "FG3A": 0, "FG3_PCT": 0.0, "FTM": 1, "FTA": 2, "FT_PCT": 0.5, "OREB": 1, "DREB": 5, "REB": 6, "AST": 6, "STL": 2, "BLK": 1, "TOV": 3, "PF": 0, "PTS": 7, "PLUS_MINUS": -2, "VIDEO_AVAILABLE": 1}, {"SEASON_ID": "22017", "Player_ID": 1627749, "Game_ID": "0021700589", "GAME_DATE": "JAN 07, 2018", "MATCHUP": "SAS @ POR", "WL": "L", "MIN": 21, "FGM": 1, "FGA": 6, "FG_PCT": 0.167, "FG3M": 0, "FG3A": 1, "FG3_PCT": 0.0, "FTM": 1, "FTA": 1, "FT_PCT": 1.0, "OREB": 0, "DREB": 1, "REB": 1, "AST": 4, "STL": 0, "BLK": 0, "TOV": 3, "PF": 1, "PTS": 3, "PLUS_MINUS": 2, "VIDEO_AVAILABLE": 1}, {"SEASON_ID": "22017", "Player_ID": 1627749, "Game_ID": "0021700573", "GAME_DATE": "JAN 05, 2018", "MATCHUP": "SAS vs. PHX", "WL": "W", "MIN": 8, "FGM": 0, "FGA": 2, "FG_PCT": 0.0, "FG3M": 0, "FG3A": 0, "FG3_PCT": 0.0, "FTM": 1, "FTA": 2, "FT_PCT": 0.5, "OREB": 0, "DREB": 3, "REB": 3, "AST": 0, "STL": 0, "BLK": 0, "TOV": 1, "PF": 2, "PTS": 1, "PLUS_MINUS": 0, "VIDEO_AVAILABLE": 1}, {"SEASON_ID": "22017", "Player_ID": 1627749, "Game_ID": "0021700555", "GAME_DATE": "JAN 03, 2018", "MATCHUP": "SAS @ PHI", "WL": "L", "MIN": 14, "FGM": 2, "FGA": 5, "FG_PCT": 0.4, "FG3M": 0, "FG3A": 0, "FG3_PCT": 0.0, "FTM": 0, "FTA": 0, "FT_PCT": 0.0, "OREB": 0, "DREB": 1, "REB": 1, "AST": 0, "STL": 0, "BLK": 1, "TOV": 1, "PF": 4, "PTS": 4, "PLUS_MINUS": -20, "VIDEO_AVAILABLE": 1}, {"SEASON_ID": "22017", "Player_ID": 1627749, "Game_ID": "0021700550", "GAME_DATE": "JAN 02, 2018", "MATCHUP": "SAS @ NYK", "WL": "W", "MIN": 14, "FGM": 1, "FGA": 5, "FG_PCT": 0.2, "FG3M": 0, "FG3A": 0, "FG3_PCT": 0.0, "FTM": 0, "FTA": 0, "FT_PCT": 0.0, "OREB": 3, "DREB": 5, "REB": 8, "AST": 1, "STL": 2, "BLK": 2, "TOV": 0, "PF": 1, "PTS": 2, "PLUS_MINUS": 6, "VIDEO_AVAILABLE": 1}, {"SEASON_ID": "22017", "Player_ID": 1627749, "Game_ID": "0021700530", "GAME_DATE": "DEC 30, 2017", "MATCHUP": "SAS @ DET", "WL": "L", "MIN": 13, "FGM": 1, "FGA": 5, "FG_PCT": 0.2, "FG3M": 0, "FG3A": 2, "FG3_PCT": 0.0, "FTM": 0, "FTA": 0, "FT_PCT": 0.0, "OREB": 0, "DREB": 3, "REB": 3, "AST": 1, "STL": 2, "BLK": 1, "TOV": 3, "PF": 2, "PTS": 2, "PLUS_MINUS": 11, "VIDEO_AVAILABLE": 1}, {"SEASON_ID": "22017", "Player_ID": 1627749, "Game_ID": "0021700519", "GAME_DATE": "DEC 28, 2017", "MATCHUP": "SAS vs. NYK", "WL": "W", "MIN": 9, "FGM": 3, "FGA": 4, "FG_PCT": 0.75, "FG3M": 0, "FG3A": 0, "FG3_PCT": 0.0, "FTM": 2, "FTA": 7, "FT_PCT": 0.286, "OREB": 0, "DREB": 1, "REB": 1, "AST": 1, "STL": 0, "BLK": 0, "TOV": 0, "PF": 1, "PTS": 8, "PLUS_MINUS": 3, "VIDEO_AVAILABLE": 1}, {"SEASON_ID": "22017", "Player_ID": 1627749, "Game_ID": "0021700502", "GAME_DATE": "DEC 26, 2017", "MATCHUP": "SAS vs. BKN", "WL": "W", "MIN": 4, "FGM": 1, "FGA": 2, "FG_PCT": 0.5, "FG3M": 0, "FG3A": 0, "FG3_PCT": 0.0, "FTM": 0, "FTA": 0, "FT_PCT": 0.0, "OREB": 0, "DREB": 3, "REB": 3, "AST": 1, "STL": 0, "BLK": 0, "TOV": 1, "PF": 0, "PTS": 2, "PLUS_MINUS": -1, "VIDEO_AVAILABLE": 1}, {"SEASON_ID": "22017", "Player_ID": 1627749, "Game_ID": "0021700492", "GAME_DATE": "DEC 23, 2017", "MATCHUP": "SAS @ SAC", "WL": "W", "MIN": 25, "FGM": 6, "FGA": 11, "FG_PCT": 0.545, "FG3M": 0, "FG3A": 0, "FG3_PCT": 0.0, "FTM": 1, "FTA": 2, "FT_PCT": 0.5, "OREB": 1, "DREB": 6, "REB": 7, "AST": 6, "STL": 0, "BLK": 1, "TOV": 0, "PF": 0, "PTS": 13, "PLUS_MINUS": 5, "VIDEO_AVAILABLE": 1}, {"SEASON_ID": "22017", "Player_ID": 1627749, "Game_ID": "0021700470", "GAME_DATE": "DEC 21, 2017", "MATCHUP": "SAS @ UTA", "WL": "L", "MIN": 19, "FGM": 2, "FGA": 6, "FG_PCT": 0.333, "FG3M": 0, "FG3A": 0, "FG3_PCT": 0.0, "FTM": 0, "FTA": 0, "FT_PCT": 0.0, "OREB": 1, "DREB": 7, "REB": 8, "AST": 3, "STL": 1, "BLK": 0, "TOV": 1, "PF": 1, "PTS": 4, "PLUS_MINUS": -2, "VIDEO_AVAILABLE": 2}, {"SEASON_ID": "22017", "Player_ID": 1627749, "Game_ID": "0021700463", "GAME_DATE": "DEC 20, 2017", "MATCHUP": "SAS @ POR", "WL": "W", "MIN": 27, "FGM": 2, "FGA": 8, "FG_PCT": 0.25, "FG3M": 0, "FG3A": 0, "FG3_PCT": 0.0, "FTM": 0, "FTA": 0, "FT_PCT": 0.0, "OREB": 0, "DREB": 9, "REB": 9, "AST": 3, "STL": 0, "BLK": 0, "TOV": 4, "PF": 1, "PTS": 4, "PLUS_MINUS": -7, "VIDEO_AVAILABLE": 1}, {"SEASON_ID": "22017", "Player_ID": 1627749, "Game_ID": "0021700449", "GAME_DATE": "DEC 18, 2017", "MATCHUP": "SAS vs. LAC", "WL": "W", "MIN": 20, "FGM": 4, "FGA": 8, "FG_PCT": 0.5, "FG3M": 0, "FG3A": 1, "FG3_PCT": 0.0, "FTM": 1, "FTA": 1, "FT_PCT": 1.0, "OREB": 1, "DREB": 3, "REB": 4, "AST": 3, "STL": 0, "BLK": 1, "TOV": 1, "PF": 3, "PTS": 9, "PLUS_MINUS": 21, "VIDEO_AVAILABLE": 1}, {"SEASON_ID": "22017", "Player_ID": 1627749, "Game_ID": "0021700435", "GAME_DATE": "DEC 16, 2017", "MATCHUP": "SAS vs. DAL", "WL": "W", "MIN": 24, "FGM": 6, "FGA": 11, "FG_PCT": 0.545, "FG3M": 0, "FG3A": 1, "FG3_PCT": 0.0, "FTM": 2, "FTA": 2, "FT_PCT": 1.0, "OREB": 1, "DREB": 5, "REB": 6, "AST": 4, "STL": 1, "BLK": 0, "TOV": 2, "PF": 4, "PTS": 14, "PLUS_MINUS": 0, "VIDEO_AVAILABLE": 1}, {"SEASON_ID": "22017", "Player_ID": 1627749, "Game_ID": "0021700428", "GAME_DATE": "DEC 15, 2017", "MATCHUP": "SAS @ HOU", "WL": "L", "MIN": 17, "FGM": 3, "FGA": 8, "FG_PCT": 0.375, "FG3M": 0, "FG3A": 1, "FG3_PCT": 0.0, "FTM": 3, "FTA": 4, "FT_PCT": 0.75, "OREB": 0, "DREB": 2, "REB": 2, "AST": 5, "STL": 1, "BLK": 0, "TOV": 2, "PF": 3, "PTS": 9, "PLUS_MINUS": 11, "VIDEO_AVAILABLE": 1}, {"SEASON_ID": "22017", "Player_ID": 1627749, "Game_ID": "0021700402", "GAME_DATE": "DEC 12, 2017", "MATCHUP": "SAS @ DAL", "WL": "L", "MIN": 5, "FGM": 0, "FGA": 1, "FG_PCT": 0.0, "FG3M": 0, "FG3A": 0, "FG3_PCT": 0.0, "FTM": 0, "FTA": 0, "FT_PCT": 0.0, "OREB": 0, "DREB": 2, "REB": 2, "AST": 0, "STL": 0, "BLK": 0, "TOV": 0, "PF": 2, "PTS": 0, "PLUS_MINUS": 3, "VIDEO_AVAILABLE": 1}, {"SEASON_ID": "22017", "Player_ID": 1627749, "Game_ID": "0021700383", "GAME_DATE": "DEC 09, 2017", "MATCHUP": "SAS @ PHX", "WL": "W", "MIN": 27, "FGM": 4, "FGA": 11, "FG_PCT": 0.364, "FG3M": 0, "FG3A": 0, "FG3_PCT": 0.0, "FTM": 0, "FTA": 0, "FT_PCT": 0.0, "OREB": 6, "DREB": 8, "REB": 14, "AST": 4, "STL": 0, "BLK": 0, "TOV": 1, "PF": 4, "PTS": 8, "PLUS_MINUS": 3, "VIDEO_AVAILABLE": 1}, {"SEASON_ID": "22017", "Player_ID": 1627749, "Game_ID": "0021700374", "GAME_DATE": "DEC 08, 2017", "MATCHUP": "SAS vs. BOS", "WL": "W", "MIN": 0, "FGM": 0, "FGA": 0, "FG_PCT": 0.0, "FG3M": 0, "FG3A": 0, "FG3_PCT": 0.0, "FTM": 0, "FTA": 0, "FT_PCT": 0.0, "OREB": 0, "DREB": 0, "REB": 0, "AST": 0, "STL": 0, "BLK": 0, "TOV": 0, "PF": 0, "PTS": 0, "PLUS_MINUS": 3, "VIDEO_AVAILABLE": 1}, {"SEASON_ID": "22017", "Player_ID": 1627749, "Game_ID": "0021700361", "GAME_DATE": "DEC 06, 2017", "MATCHUP": "SAS vs. MIA", "WL": "W", "MIN": 1, "FGM": 0, "FGA": 0, "FG_PCT": 0.0, "FG3M": 0, "FG3A": 0, "FG3_PCT": 0.0, "FTM": 0, "FTA": 0, "FT_PCT": 0.0, "OREB": 0, "DREB": 0, "REB": 0, "AST": 0, "STL": 0, "BLK": 0, "TOV": 0, "PF": 0, "PTS": 0, "PLUS_MINUS": 0, "VIDEO_AVAILABLE": 1}, {"SEASON_ID": "22017", "Player_ID": 1627749, "Game_ID": "0021700348", "GAME_DATE": "DEC 04, 2017", "MATCHUP": "SAS vs. DET", "WL": "W", "MIN": 9, "FGM": 0, "FGA": 0, "FG_PCT": 0.0, "FG3M": 0, "FG3A": 0, "FG3_PCT": 0.0, "FTM": 0, "FTA": 0, "FT_PCT": 0.0, "OREB": 0, "DREB": 1, "REB": 1, "AST": 2, "STL": 0, "BLK": 0, "TOV": 1, "PF": 2, "PTS": 0, "PLUS_MINUS": 4, "VIDEO_AVAILABLE": 1}, {"SEASON_ID": "22017", "Player_ID": 1627749, "Game_ID": "0021700337", "GAME_DATE": "DEC 03, 2017", "MATCHUP": "SAS @ OKC", "WL": "L", "MIN": 39, "FGM": 7, "FGA": 15, "FG_PCT": 0.467, "FG3M": 0, "FG3A": 1, "FG3_PCT": 0.0, "FTM": 3, "FTA": 5, "FT_PCT": 0.6, "OREB": 3, "DREB": 8, "REB": 11, "AST": 5, "STL": 3, "BLK": 1, "TOV": 5, "PF": 5, "PTS": 17, "PLUS_MINUS": -1, "VIDEO_AVAILABLE": 1}, {"SEASON_ID": "22017", "Player_ID": 1627749, "Game_ID": "0021700323", "GAME_DATE": "DEC 01, 2017", "MATCHUP": "SAS @ MEM", "WL": "W", "MIN": 10, "FGM": 1, "FGA": 1, "FG_PCT": 1.0, "FG3M": 0, "FG3A": 0, "FG3_PCT": 0.0, "FTM": 0, "FTA": 0, "FT_PCT": 0.0, "OREB": 0, "DREB": 2, "REB": 2, "AST": 0, "STL": 0, "BLK": 0, "TOV": 2, "PF": 1, "PTS": 2, "PLUS_MINUS": -3, "VIDEO_AVAILABLE": 2}, {"SEASON_ID": "22017", "Player_ID": 1627749, "Game_ID": "0021700311", "GAME_DATE": "NOV 29, 2017", "MATCHUP": "SAS vs. MEM", "WL": "W", "MIN": 5, "FGM": 1, "FGA": 1, "FG_PCT": 1.0, "FG3M": 0, "FG3A": 0, "FG3_PCT": 0.0, "FTM": 1, "FTA": 2, "FT_PCT": 0.5, "OREB": 0, "DREB": 0, "REB": 0, "AST": 0, "STL": 0, "BLK": 0, "TOV": 0, "PF": 1, "PTS": 3, "PLUS_MINUS": -2, "VIDEO_AVAILABLE": 1}, {"SEASON_ID": "22017", "Player_ID": 1627749, "Game_ID": "0021700295", "GAME_DATE": "NOV 27, 2017", "MATCHUP": "SAS vs. DAL", "WL": "W", "MIN": 5, "FGM": 0, "FGA": 1, "FG_PCT": 0.0, "FG3M": 0, "FG3A": 0, "FG3_PCT": 0.0, "FTM": 0, "FTA": 0, "FT_PCT": 0.0, "OREB": 0, "DREB": 3, "REB": 3, "AST": 1, "STL": 0, "BLK": 0, "TOV": 0, "PF": 0, "PTS": 0, "PLUS_MINUS": 3, "VIDEO_AVAILABLE": 1}, {"SEASON_ID": "22017", "Player_ID": 1627749, "Game_ID": "0021700277", "GAME_DATE": "NOV 25, 2017", "MATCHUP": "SAS @ CHA", "WL": "W", "MIN": 24, "FGM": 2, "FGA": 5, "FG_PCT": 0.4, "FG3M": 0, "FG3A": 0, "FG3_PCT": 0.0, "FTM": 2, "FTA": 2, "FT_PCT": 1.0, "OREB": 1, "DREB": 2, "REB": 3, "AST": 2, "STL": 1, "BLK": 1, "TOV": 2, "PF": 2, "PTS": 6, "PLUS_MINUS": 2, "VIDEO_AVAILABLE": 1}, {"SEASON_ID": "22017", "Player_ID": 1627749, "Game_ID": "0021700262", "GAME_DATE": "NOV 22, 2017", "MATCHUP": "SAS @ NOP", "WL": "L", "MIN": 24, "FGM": 5, "FGA": 11, "FG_PCT": 0.455, "FG3M": 0, "FG3A": 0, "FG3_PCT": 0.0, "FTM": 4, "FTA": 4, "FT_PCT": 1.0, "OREB": 0, "DREB": 3, "REB": 3, "AST": 4, "STL": 3, "BLK": 1, "TOV": 2, "PF": 4, "PTS": 14, "PLUS_MINUS": -12, "VIDEO_AVAILABLE": 2}, {"SEASON_ID": "22017", "Player_ID": 1627749, "Game_ID": "0021700250", "GAME_DATE": "NOV 20, 2017", "MATCHUP": "SAS vs. ATL", "WL": "W", "MIN": 15, "FGM": 1, "FGA": 2, "FG_PCT": 0.5, "FG3M": 0, "FG3A": 0, "FG3_PCT": 0.0, "FTM": 0, "FTA": 0, "FT_PCT": 0.0, "OREB": 0, "DREB": 1, "REB": 1, "AST": 3, "STL": 0, "BLK": 0, "TOV": 2, "PF": 1, "PTS": 2, "PLUS_MINUS": 9, "VIDEO_AVAILABLE": 1}, {"SEASON_ID": "22017", "Player_ID": 1627749, "Game_ID": "0021700223", "GAME_DATE": "NOV 17, 2017", "MATCHUP": "SAS vs. OKC", "WL": "W", "MIN": 12, "FGM": 0, "FGA": 4, "FG_PCT": 0.0, "FG3M": 0, "FG3A": 1, "FG3_PCT": 0.0, "FTM": 0, "FTA": 0, "FT_PCT": 0.0, "OREB": 0, "DREB": 3, "REB": 3, "AST": 2, "STL": 1, "BLK": 0, "TOV": 0, "PF": 3, "PTS": 0, "PLUS_MINUS": 1, "VIDEO_AVAILABLE": 2}, {"SEASON_ID": "22017", "Player_ID": 1627749, "Game_ID": "0021700210", "GAME_DATE": "NOV 15, 2017", "MATCHUP": "SAS @ MIN", "WL": "L", "MIN": 20, "FGM": 1, "FGA": 5, "FG_PCT": 0.2, "FG3M": 0, "FG3A": 1, "FG3_PCT": 0.0, "FTM": 0, "FTA": 0, "FT_PCT": 0.0, "OREB": 2, "DREB": 2, "REB": 4, "AST": 1, "STL": 0, "BLK": 1, "TOV": 2, "PF": 0, "PTS": 2, "PLUS_MINUS": -9, "VIDEO_AVAILABLE": 1}, {"SEASON_ID": "22017", "Player_ID": 1627749, "Game_ID": "0021700203", "GAME_DATE": "NOV 14, 2017", "MATCHUP": "SAS @ DAL", "WL": "W", "MIN": 20, "FGM": 4, "FGA": 7, "FG_PCT": 0.571, "FG3M": 1, "FG3A": 2, "FG3_PCT": 0.5, "FTM": 1, "FTA": 2, "FT_PCT": 0.5, "OREB": 1, "DREB": 6, "REB": 7, "AST": 0, "STL": 0, "BLK": 0, "TOV": 0, "PF": 3, "PTS": 10, "PLUS_MINUS": 11, "VIDEO_AVAILABLE": 1}, {"SEASON_ID": "22017", "Player_ID": 1627749, "Game_ID": "0021700183", "GAME_DATE": "NOV 11, 2017", "MATCHUP": "SAS vs. CHI", "WL": "W", "MIN": 25, "FGM": 6, "FGA": 12, "FG_PCT": 0.5, "FG3M": 2, "FG3A": 2, "FG3_PCT": 1.0, "FTM": 3, "FTA": 4, "FT_PCT": 0.75, "OREB": 2, "DREB": 2, "REB": 4, "AST": 5, "STL": 0, "BLK": 1, "TOV": 2, "PF": 2, "PTS": 17, "PLUS_MINUS": 32, "VIDEO_AVAILABLE": 1}, {"SEASON_ID": "22017", "Player_ID": 1627749, "Game_ID": "0021700173", "GAME_DATE": "NOV 10, 2017", "MATCHUP": "SAS vs. MIL", "WL": "L", "MIN": 9, "FGM": 0, "FGA": 2, "FG_PCT": 0.0, "FG3M": 0, "FG3A": 0, "FG3_PCT": 0.0, "FTM": 0, "FTA": 0, "FT_PCT": 0.0, "OREB": 0, "DREB": 1, "REB": 1, "AST": 1, "STL": 1, "BLK": 0, "TOV": 1, "PF": 0, "PTS": 0, "PLUS_MINUS": -7, "VIDEO_AVAILABLE": 1}, {"SEASON_ID": "22017", "Player_ID": 1627749, "Game_ID": "0021700154", "GAME_DATE": "NOV 07, 2017", "MATCHUP": "SAS vs. LAC", "WL": "W", "MIN": 19, "FGM": 0, "FGA": 2, "FG_PCT": 0.0, "FG3M": 0, "FG3A": 0, "FG3_PCT": 0.0, "FTM": 6, "FTA": 8, "FT_PCT": 0.75, "OREB": 3, "DREB": 3, "REB": 6, "AST": 3, "STL": 1, "BLK": 0, "TOV": 2, "PF": 2, "PTS": 6, "PLUS_MINUS": 13, "VIDEO_AVAILABLE": 1}, {"SEASON_ID": "22017", "Player_ID": 1627749, "Game_ID": "0021700141", "GAME_DATE": "NOV 05, 2017", "MATCHUP": "SAS vs. PHX", "WL": "W", "MIN": 22, "FGM": 4, "FGA": 10, "FG_PCT": 0.4, "FG3M": 0, "FG3A": 0, "FG3_PCT": 0.0, "FTM": 5, "FTA": 6, "FT_PCT": 0.833, "OREB": 2, "DREB": 4, "REB": 6, "AST": 1, "STL": 1, "BLK": 0, "TOV": 2, "PF": 2, "PTS": 13, "PLUS_MINUS": -2, "VIDEO_AVAILABLE": 1}, {"SEASON_ID": "22017", "Player_ID": 1627749, "Game_ID": "0021700126", "GAME_DATE": "NOV 03, 2017", "MATCHUP": "SAS vs. CHA", "WL": "W", "MIN": 20, "FGM": 4, "FGA": 6, "FG_PCT": 0.667, "FG3M": 0, "FG3A": 0, "FG3_PCT": 0.0, "FTM": 2, "FTA": 2, "FT_PCT": 1.0, "OREB": 0, "DREB": 1, "REB": 1, "AST": 3, "STL": 1, "BLK": 0, "TOV": 0, "PF": 1, "PTS": 10, "PLUS_MINUS": 12, "VIDEO_AVAILABLE": 2}, {"SEASON_ID": "22017", "Player_ID": 1627749, "Game_ID": "0021700117", "GAME_DATE": "NOV 02, 2017", "MATCHUP": "SAS vs. GSW", "WL": "L", "MIN": 20, "FGM": 2, "FGA": 5, "FG_PCT": 0.4, "FG3M": 0, "FG3A": 0, "FG3_PCT": 0.0, "FTM": 0, "FTA": 0, "FT_PCT": 0.0, "OREB": 1, "DREB": 5, "REB": 6, "AST": 2, "STL": 1, "BLK": 0, "TOV": 3, "PF": 0, "PTS": 4, "PLUS_MINUS": -7, "VIDEO_AVAILABLE": 2}, {"SEASON_ID": "22017", "Player_ID": 1627749, "Game_ID": "0021700092", "GAME_DATE": "OCT 30, 2017", "MATCHUP": "SAS @ BOS", "WL": "L", "MIN": 29, "FGM": 5, "FGA": 11, "FG_PCT": 0.455, "FG3M": 0, "FG3A": 0, "FG3_PCT": 0.0, "FTM": 0, "FTA": 2, "FT_PCT": 0.0, "OREB": 1, "DREB": 4, "REB": 5, "AST": 4, "STL": 2, "BLK": 0, "TOV": 5, "PF": 2, "PTS": 10, "PLUS_MINUS": -23, "VIDEO_AVAILABLE": 1}, {"SEASON_ID": "22017", "Player_ID": 1627749, "Game_ID": "0021700086", "GAME_DATE": "OCT 29, 2017", "MATCHUP": "SAS @ IND", "WL": "L", "MIN": 20, "FGM": 2, "FGA": 8, "FG_PCT": 0.25, "FG3M": 0, "FG3A": 0, "FG3_PCT": 0.0, "FTM": 0, "FTA": 0, "FT_PCT": 0.0, "OREB": 1, "DREB": 5, "REB": 6, "AST": 1, "STL": 0, "BLK": 0, "TOV": 1, "PF": 0, "PTS": 4, "PLUS_MINUS": -8, "VIDEO_AVAILABLE": 1}, {"SEASON_ID": "22017", "Player_ID": 1627749, "Game_ID": "0021700071", "GAME_DATE": "OCT 27, 2017", "MATCHUP": "SAS @ ORL", "WL": "L", "MIN": 20, "FGM": 2, "FGA": 9, "FG_PCT": 0.222, "FG3M": 0, "FG3A": 0, "FG3_PCT": 0.0, "FTM": 3, "FTA": 4, "FT_PCT": 0.75, "OREB": 2, "DREB": 2, "REB": 4, "AST": 4, "STL": 2, "BLK": 0, "TOV": 2, "PF": 0, "PTS": 7, "PLUS_MINUS": -10, "VIDEO_AVAILABLE": 1}, {"SEASON_ID": "22017", "Player_ID": 1627749, "Game_ID": "0021700059", "GAME_DATE": "OCT 25, 2017", "MATCHUP": "SAS @ MIA", "WL": "W", "MIN": 24, "FGM": 0, "FGA": 6, "FG_PCT": 0.0, "FG3M": 0, "FG3A": 0, "FG3_PCT": 0.0, "FTM": 0, "FTA": 0, "FT_PCT": 0.0, "OREB": 1, "DREB": 2, "REB": 3, "AST": 3, "STL": 0, "BLK": 0, "TOV": 1, "PF": 3, "PTS": 0, "PLUS_MINUS": 9, "VIDEO_AVAILABLE": 1}, {"SEASON_ID": "22017", "Player_ID": 1627749, "Game_ID": "0021700046", "GAME_DATE": "OCT 23, 2017", "MATCHUP": "SAS vs. TOR", "WL": "W", "MIN": 28, "FGM": 6, "FGA": 12, "FG_PCT": 0.5, "FG3M": 0, "FG3A": 1, "FG3_PCT": 0.0, "FTM": 4, "FTA": 6, "FT_PCT": 0.667, "OREB": 3, "DREB": 11, "REB": 14, "AST": 6, "STL": 0, "BLK": 0, "TOV": 4, "PF": 2, "PTS": 16, "PLUS_MINUS": 13, "VIDEO_AVAILABLE": 1}, {"SEASON_ID": "22017", "Player_ID": 1627749, "Game_ID": "0021700031", "GAME_DATE": "OCT 21, 2017", "MATCHUP": "SAS @ CHI", "WL": "W", "MIN": 26, "FGM": 4, "FGA": 10, "FG_PCT": 0.4, "FG3M": 0, "FG3A": 1, "FG3_PCT": 0.0, "FTM": 0, "FTA": 0, "FT_PCT": 0.0, "OREB": 3, "DREB": 7, "REB": 10, "AST": 6, "STL": 2, "BLK": 0, "TOV": 1, "PF": 0, "PTS": 8, "PLUS_MINUS": 15, "VIDEO_AVAILABLE": 1}, {"SEASON_ID": "22017", "Player_ID": 1627749, "Game_ID": "0021700011", "GAME_DATE": "OCT 18, 2017", "MATCHUP": "SAS vs. MIN", "WL": "W", "MIN": 25, "FGM": 7, "FGA": 8, "FG_PCT": 0.875, "FG3M": 0, "FG3A": 0, "FG3_PCT": 0.0, "FTM": 2, "FTA": 2, "FT_PCT": 1.0, "OREB": 2, "DREB": 3, "REB": 5, "AST": 2, "STL": 2, "BLK": 1, "TOV": 2, "PF": 4, "PTS": 16, "PLUS_MINUS": 4, "VIDEO_AVAILABLE": 1}, {"SEASON_ID": "22016", "Player_ID": 1627749, "Game_ID": "0021601227", "GAME_DATE": "APR 12, 2017", "MATCHUP": "SAS @ UTA", "WL": "L", "MIN": 5, "FGM": 1, "FGA": 1, "FG_PCT": 1.0, "FG3M": 0, "FG3A": 0, "FG3_PCT": 0.0, "FTM": 0, "FTA": 0, "FT_PCT": 0.0, "OREB": 0, "DREB": 0, "REB": 0, "AST": 0, "STL": 0, "BLK": 0, "TOV": 0, "PF": 1, "PTS": 2, "PLUS_MINUS": -2, "VIDEO_AVAILABLE": 1}, {"SEASON_ID": "22016", "Player_ID": 1627749, "Game_ID": "0021600962", "GAME_DATE": "MAR 09, 2017", "MATCHUP": "SAS @ OKC", "WL": "L", "MIN": 24, "FGM": 2, "FGA": 6, "FG_PCT": 0.333, "FG3M": 0, "FG3A": 1, "FG3_PCT": 0.0, "FTM": 0, "FTA": 0, "FT_PCT": 0.0, "OREB": 1, "DREB": 5, "REB": 6, "AST": 3, "STL": 0, "BLK": 1, "TOV": 1, "PF": 2, "PTS": 4, "PLUS_MINUS": -18, "VIDEO_AVAILABLE": 1}, {"SEASON_ID": "22016", "Player_ID": 1627749, "Game_ID": "0021600957", "GAME_DATE": "MAR 08, 2017", "MATCHUP": "SAS vs. SAC", "WL": "W", "MIN": 13, "FGM": 1, "FGA": 3, "FG_PCT": 0.333, "FG3M": 0, "FG3A": 0, "FG3_PCT": 0.0, "FTM": 2, "FTA": 3, "FT_PCT": 0.667, "OREB": 0, "DREB": 3, "REB": 3, "AST": 3, "STL": 1, "BLK": 0, "TOV": 0, "PF": 0, "PTS": 4, "PLUS_MINUS": 17, "VIDEO_AVAILABLE": 1}, {"SEASON_ID": "22016", "Player_ID": 1627749, "Game_ID": "0021600925", "GAME_DATE": "MAR 04, 2017", "MATCHUP": "SAS vs. MIN", "WL": "W", "MIN": 4, "FGM": 1, "FGA": 1, "FG_PCT": 1.0, "FG3M": 0, "FG3A": 0, "FG3_PCT": 0.0, "FTM": 0, "FTA": 0, "FT_PCT": 0.0, "OREB": 0, "DREB": 1, "REB": 1, "AST": 1, "STL": 0, "BLK": 0, "TOV": 0, "PF": 1, "PTS": 2, "PLUS_MINUS": 6, "VIDEO_AVAILABLE": 1}, {"SEASON_ID": "22016", "Player_ID": 1627749, "Game_ID": "0021600902", "GAME_DATE": "MAR 01, 2017", "MATCHUP": "SAS vs. IND", "WL": "W", "MIN": 21, "FGM": 2, "FGA": 6, "FG_PCT": 0.333, "FG3M": 1, "FG3A": 3, "FG3_PCT": 0.333, "FTM": 1, "FTA": 2, "FT_PCT": 0.5, "OREB": 0, "DREB": 1, "REB": 1, "AST": 6, "STL": 1, "BLK": 0, "TOV": 3, "PF": 2, "PTS": 6, "PLUS_MINUS": 6, "VIDEO_AVAILABLE": 1}, {"SEASON_ID": "22016", "Player_ID": 1627749, "Game_ID": "0021600874", "GAME_DATE": "FEB 26, 2017", "MATCHUP": "SAS @ LAL", "WL": "W", "MIN": 11, "FGM": 0, "FGA": 2, "FG_PCT": 0.0, "FG3M": 0, "FG3A": 0, "FG3_PCT": 0.0, "FTM": 0, "FTA": 0, "FT_PCT": 0.0, "OREB": 0, "DREB": 0, "REB": 0, "AST": 4, "STL": 1, "BLK": 1, "TOV": 3, "PF": 2, "PTS": 0, "PLUS_MINUS": -7, "VIDEO_AVAILABLE": 1}, {"SEASON_ID": "22016", "Player_ID": 1627749, "Game_ID": "0021600865", "GAME_DATE": "FEB 24, 2017", "MATCHUP": "SAS @ LAC", "WL": "W", "MIN": 0, "FGM": 0, "FGA": 0, "FG_PCT": 0.0, "FG3M": 0, "FG3A": 0, "FG3_PCT": 0.0, "FTM": 0, "FTA": 0, "FT_PCT": 0.0, "OREB": 0, "DREB": 0, "REB": 0, "AST": 0, "STL": 0, "BLK": 0, "TOV": 0, "PF": 0, "PTS": 0, "PLUS_MINUS": 0, "VIDEO_AVAILABLE": 1}, {"SEASON_ID": "22016", "Player_ID": 1627749, "Game_ID": "0021600834", "GAME_DATE": "FEB 15, 2017", "MATCHUP": "SAS @ ORL", "WL": "W", "MIN": 6, "FGM": 1, "FGA": 2, "FG_PCT": 0.5, "FG3M": 0, "FG3A": 0, "FG3_PCT": 0.0, "FTM": 0, "FTA": 0, "FT_PCT": 0.0, "OREB": 1, "DREB": 3, "REB": 4, "AST": 0, "STL": 0, "BLK": 1, "TOV": 1, "PF": 0, "PTS": 2, "PLUS_MINUS": 3, "VIDEO_AVAILABLE": 1}, {"SEASON_ID": "22016", "Player_ID": 1627749, "Game_ID": "0021600817", "GAME_DATE": "FEB 12, 2017", "MATCHUP": "SAS @ NYK", "WL": "L", "MIN": 0, "FGM": 0, "FGA": 0, "FG_PCT": 0.0, "FG3M": 0, "FG3A": 0, "FG3_PCT": 0.0, "FTM": 0, "FTA": 0, "FT_PCT": 0.0, "OREB": 0, "DREB": 0, "REB": 0, "AST": 0, "STL": 0, "BLK": 0, "TOV": 0, "PF": 0, "PTS": 0, "PLUS_MINUS": -2, "VIDEO_AVAILABLE": 1}, {"SEASON_ID": "22016", "Player_ID": 1627749, "Game_ID": "0021600777", "GAME_DATE": "FEB 06, 2017", "MATCHUP": "SAS @ MEM", "WL": "L", "MIN": 3, "FGM": 0, "FGA": 1, "FG_PCT": 0.0, "FG3M": 0, "FG3A": 1, "FG3_PCT": 0.0, "FTM": 0, "FTA": 0, "FT_PCT": 0.0, "OREB": 0, "DREB": 0, "REB": 0, "AST": 0, "STL": 0, "BLK": 0, "TOV": 3, "PF": 0, "PTS": 0, "PLUS_MINUS": -2, "VIDEO_AVAILABLE": 1}, {"SEASON_ID": "22016", "Player_ID": 1627749, "Game_ID": "0021600762", "GAME_DATE": "FEB 04, 2017", "MATCHUP": "SAS vs. DEN", "WL": "W", "MIN": 9, "FGM": 2, "FGA": 5, "FG_PCT": 0.4, "FG3M": 0, "FG3A": 1, "FG3_PCT": 0.0, "FTM": 0, "FTA": 0, "FT_PCT": 0.0, "OREB": 0, "DREB": 0, "REB": 0, "AST": 1, "STL": 0, "BLK": 0, "TOV": 0, "PF": 0, "PTS": 4, "PLUS_MINUS": 0, "VIDEO_AVAILABLE": 1}, {"SEASON_ID": "22016", "Player_ID": 1627749, "Game_ID": "0021600744", "GAME_DATE": "FEB 02, 2017", "MATCHUP": "SAS vs. PHI", "WL": "W", "MIN": 5, "FGM": 0, "FGA": 2, "FG_PCT": 0.0, "FG3M": 0, "FG3A": 1, "FG3_PCT": 0.0, "FTM": 0, "FTA": 0, "FT_PCT": 0.0, "OREB": 0, "DREB": 0, "REB": 0, "AST": 1, "STL": 0, "BLK": 0, "TOV": 2, "PF": 1, "PTS": 0, "PLUS_MINUS": -4, "VIDEO_AVAILABLE": 1}, {"SEASON_ID": "22016", "Player_ID": 1627749, "Game_ID": "0021600727", "GAME_DATE": "JAN 31, 2017", "MATCHUP": "SAS vs. OKC", "WL": "W", "MIN": 1, "FGM": 0, "FGA": 1, "FG_PCT": 0.0, "FG3M": 0, "FG3A": 0, "FG3_PCT": 0.0, "FTM": 0, "FTA": 0, "FT_PCT": 0.0, "OREB": 0, "DREB": 0, "REB": 0, "AST": 0, "STL": 0, "BLK": 0, "TOV": 0, "PF": 1, "PTS": 0, "PLUS_MINUS": -4, "VIDEO_AVAILABLE": 1}, {"SEASON_ID": "22016", "Player_ID": 1627749, "Game_ID": "0021600701", "GAME_DATE": "JAN 27, 2017", "MATCHUP": "SAS @ NOP", "WL": "L", "MIN": 2, "FGM": 0, "FGA": 2, "FG_PCT": 0.0, "FG3M": 0, "FG3A": 0, "FG3_PCT": 0.0, "FTM": 0, "FTA": 0, "FT_PCT": 0.0, "OREB": 0, "DREB": 0, "REB": 0, "AST": 0, "STL": 0, "BLK": 0, "TOV": 0, "PF": 0, "PTS": 0, "PLUS_MINUS": -4, "VIDEO_AVAILABLE": 1}, {"SEASON_ID": "22016", "Player_ID": 1627749, "Game_ID": "0021600674", "GAME_DATE": "JAN 24, 2017", "MATCHUP": "SAS @ TOR", "WL": "W", "MIN": 23, "FGM": 4, "FGA": 7, "FG_PCT": 0.571, "FG3M": 0, "FG3A": 0, "FG3_PCT": 0.0, "FTM": 3, "FTA": 4, "FT_PCT": 0.75, "OREB": 0, "DREB": 3, "REB": 3, "AST": 2, "STL": 0, "BLK": 1, "TOV": 3, "PF": 4, "PTS": 11, "PLUS_MINUS": 6, "VIDEO_AVAILABLE": 1}, {"SEASON_ID": "22016", "Player_ID": 1627749, "Game_ID": "0021600666", "GAME_DATE": "JAN 23, 2017", "MATCHUP": "SAS @ BKN", "WL": "W", "MIN": 22, "FGM": 2, "FGA": 8, "FG_PCT": 0.25, "FG3M": 0, "FG3A": 2, "FG3_PCT": 0.0, "FTM": 0, "FTA": 0, "FT_PCT": 0.0, "OREB": 1, "DREB": 5, "REB": 6, "AST": 3, "STL": 0, "BLK": 0, "TOV": 2, "PF": 1, "PTS": 4, "PLUS_MINUS": 4, "VIDEO_AVAILABLE": 1}, {"SEASON_ID": "22016", "Player_ID": 1627749, "Game_ID": "0021600657", "GAME_DATE": "JAN 21, 2017", "MATCHUP": "SAS @ CLE", "WL": "W", "MIN": 22, "FGM": 7, "FGA": 10, "FG_PCT": 0.7, "FG3M": 0, "FG3A": 0, "FG3_PCT": 0.0, "FTM": 0, "FTA": 0, "FT_PCT": 0.0, "OREB": 0, "DREB": 2, "REB": 2, "AST": 5, "STL": 0, "BLK": 0, "TOV": 2, "PF": 0, "PTS": 14, "PLUS_MINUS": 1, "VIDEO_AVAILABLE": 1}, {"SEASON_ID": "22016", "Player_ID": 1627749, "Game_ID": "0021600639", "GAME_DATE": "JAN 19, 2017", "MATCHUP": "SAS vs. DEN", "WL": "W", "MIN": 34, "FGM": 7, "FGA": 11, "FG_PCT": 0.636, "FG3M": 3, "FG3A": 5, "FG3_PCT": 0.6, "FTM": 7, "FTA": 7, "FT_PCT": 1.0, "OREB": 0, "DREB": 2, "REB": 2, "AST": 2, "STL": 1, "BLK": 0, "TOV": 1, "PF": 3, "PTS": 24, "PLUS_MINUS": 23, "VIDEO_AVAILABLE": 1}, {"SEASON_ID": "22016", "Player_ID": 1627749, "Game_ID": "0021600588", "GAME_DATE": "JAN 12, 2017", "MATCHUP": "SAS vs. LAL", "WL": "W", "MIN": 10, "FGM": 3, "FGA": 5, "FG_PCT": 0.6, "FG3M": 2, "FG3A": 2, "FG3_PCT": 1.0, "FTM": 2, "FTA": 2, "FT_PCT": 1.0, "OREB": 0, "DREB": 1, "REB": 1, "AST": 2, "STL": 0, "BLK": 0, "TOV": 1, "PF": 1, "PTS": 10, "PLUS_MINUS": 8, "VIDEO_AVAILABLE": 1}, {"SEASON_ID": "22016", "Player_ID": 1627749, "Game_ID": "0021600558", "GAME_DATE": "JAN 07, 2017", "MATCHUP": "SAS vs. CHA", "WL": "W", "MIN": 4, "FGM": 0, "FGA": 2, "FG_PCT": 0.0, "FG3M": 0, "FG3A": 0, "FG3_PCT": 0.0, "FTM": 0, "FTA": 0, "FT_PCT": 0.0, "OREB": 0, "DREB": 0, "REB": 0, "AST": 1, "STL": 0, "BLK": 0, "TOV": 1, "PF": 0, "PTS": 0, "PLUS_MINUS": -1, "VIDEO_AVAILABLE": 1}, {"SEASON_ID": "22016", "Player_ID": 1627749, "Game_ID": "0021600543", "GAME_DATE": "JAN 05, 2017", "MATCHUP": "SAS @ DEN", "WL": "W", "MIN": 6, "FGM": 1, "FGA": 3, "FG_PCT": 0.333, "FG3M": 0, "FG3A": 0, "FG3_PCT": 0.0, "FTM": 0, "FTA": 0, "FT_PCT": 0.0, "OREB": 0, "DREB": 0, "REB": 0, "AST": 3, "STL": 0, "BLK": 0, "TOV": 0, "PF": 0, "PTS": 2, "PLUS_MINUS": 6, "VIDEO_AVAILABLE": 1}, {"SEASON_ID": "22016", "Player_ID": 1627749, "Game_ID": "0021600525", "GAME_DATE": "JAN 03, 2017", "MATCHUP": "SAS vs. TOR", "WL": "W", "MIN": 8, "FGM": 1, "FGA": 3, "FG_PCT": 0.333, "FG3M": 0, "FG3A": 1, "FG3_PCT": 0.0, "FTM": 0, "FTA": 0, "FT_PCT": 0.0, "OREB": 1, "DREB": 1, "REB": 2, "AST": 0, "STL": 1, "BLK": 2, "TOV": 4, "PF": 1, "PTS": 2, "PLUS_MINUS": -4, "VIDEO_AVAILABLE": 1}, {"SEASON_ID": "22016", "Player_ID": 1627749, "Game_ID": "0021600499", "GAME_DATE": "DEC 30, 2016", "MATCHUP": "SAS vs. POR", "WL": "W", "MIN": 6, "FGM": 1, "FGA": 4, "FG_PCT": 0.25, "FG3M": 0, "FG3A": 1, "FG3_PCT": 0.0, "FTM": 0, "FTA": 0, "FT_PCT": 0.0, "OREB": 0, "DREB": 0, "REB": 0, "AST": 1, "STL": 1, "BLK": 0, "TOV": 0, "PF": 0, "PTS": 2, "PLUS_MINUS": -7, "VIDEO_AVAILABLE": 1}, {"SEASON_ID": "22016", "Player_ID": 1627749, "Game_ID": "0021600482", "GAME_DATE": "DEC 28, 2016", "MATCHUP": "SAS vs. PHX", "WL": "W", "MIN": 3, "FGM": 2, "FGA": 2, "FG_PCT": 1.0, "FG3M": 0, "FG3A": 0, "FG3_PCT": 0.0, "FTM": 2, "FTA": 2, "FT_PCT": 1.0, "OREB": 0, "DREB": 0, "REB": 0, "AST": 1, "STL": 0, "BLK": 0, "TOV": 0, "PF": 0, "PTS": 6, "PLUS_MINUS": 5, "VIDEO_AVAILABLE": 1}, {"SEASON_ID": "22016", "Player_ID": 1627749, "Game_ID": "0021600458", "GAME_DATE": "DEC 25, 2016", "MATCHUP": "SAS vs. CHI", "WL": "W", "MIN": 2, "FGM": 2, "FGA": 2, "FG_PCT": 1.0, "FG3M": 0, "FG3A": 0, "FG3_PCT": 0.0, "FTM": 0, "FTA": 0, "FT_PCT": 0.0, "OREB": 0, "DREB": 0, "REB": 0, "AST": 0, "STL": 0, "BLK": 0, "TOV": 0, "PF": 0, "PTS": 4, "PLUS_MINUS": 3, "VIDEO_AVAILABLE": 1}, {"SEASON_ID": "22016", "Player_ID": 1627749, "Game_ID": "0021600454", "GAME_DATE": "DEC 23, 2016", "MATCHUP": "SAS @ POR", "WL": "W", "MIN": 20, "FGM": 4, "FGA": 8, "FG_PCT": 0.5, "FG3M": 1, "FG3A": 1, "FG3_PCT": 1.0, "FTM": 0, "FTA": 0, "FT_PCT": 0.0, "OREB": 1, "DREB": 2, "REB": 3, "AST": 1, "STL": 1, "BLK": 0, "TOV": 3, "PF": 1, "PTS": 9, "PLUS_MINUS": 3, "VIDEO_AVAILABLE": 1}, {"SEASON_ID": "22016", "Player_ID": 1627749, "Game_ID": "0021600441", "GAME_DATE": "DEC 22, 2016", "MATCHUP": "SAS @ LAC", "WL": "L", "MIN": 8, "FGM": 2, "FGA": 5, "FG_PCT": 0.4, "FG3M": 0, "FG3A": 0, "FG3_PCT": 0.0, "FTM": 0, "FTA": 2, "FT_PCT": 0.0, "OREB": 1, "DREB": 1, "REB": 2, "AST": 0, "STL": 1, "BLK": 0, "TOV": 0, "PF": 1, "PTS": 4, "PLUS_MINUS": 1, "VIDEO_AVAILABLE": 1}, {"SEASON_ID": "22016", "Player_ID": 1627749, "Game_ID": "0021600264", "GAME_DATE": "NOV 29, 2016", "MATCHUP": "SAS vs. ORL", "WL": "L", "MIN": 4, "FGM": 0, "FGA": 1, "FG_PCT": 0.0, "FG3M": 0, "FG3A": 1, "FG3_PCT": 0.0, "FTM": 2, "FTA": 2, "FT_PCT": 1.0, "OREB": 0, "DREB": 1, "REB": 1, "AST": 1, "STL": 0, "BLK": 0, "TOV": 1, "PF": 0, "PTS": 2, "PLUS_MINUS": 1, "VIDEO_AVAILABLE": 1}, {"SEASON_ID": "22016", "Player_ID": 1627749, "Game_ID": "0021600240", "GAME_DATE": "NOV 26, 2016", "MATCHUP": "SAS @ WAS", "WL": "W", "MIN": 1, "FGM": 0, "FGA": 0, "FG_PCT": 0.0, "FG3M": 0, "FG3A": 0, "FG3_PCT": 0.0, "FTM": 0, "FTA": 2, "FT_PCT": 0.0, "OREB": 0, "DREB": 0, "REB": 0, "AST": 0, "STL": 0, "BLK": 0, "TOV": 0, "PF": 0, "PTS": 0, "PLUS_MINUS": -3, "VIDEO_AVAILABLE": 1}, {"SEASON_ID": "22016", "Player_ID": 1627749, "Game_ID": "0021600206", "GAME_DATE": "NOV 21, 2016", "MATCHUP": "SAS vs. DAL", "WL": "W", "MIN": 15, "FGM": 2, "FGA": 3, "FG_PCT": 0.667, "FG3M": 0, "FG3A": 0, "FG3_PCT": 0.0, "FTM": 0, "FTA": 0, "FT_PCT": 0.0, "OREB": 0, "DREB": 2, "REB": 2, "AST": 4, "STL": 0, "BLK": 0, "TOV": 4, "PF": 4, "PTS": 4, "PLUS_MINUS": -5, "VIDEO_AVAILABLE": 1}, {"SEASON_ID": "22016", "Player_ID": 1627749, "Game_ID": "0021600182", "GAME_DATE": "NOV 18, 2016", "MATCHUP": "SAS @ LAL", "WL": "W", "MIN": 0, "FGM": 0, "FGA": 0, "FG_PCT": 0.0, "FG3M": 0, "FG3A": 0, "FG3_PCT": 0.0, "FTM": 0, "FTA": 0, "FT_PCT": 0.0, "OREB": 0, "DREB": 0, "REB": 0, "AST": 0, "STL": 0, "BLK": 0, "TOV": 0, "PF": 0, "PTS": 0, "PLUS_MINUS": 0, "VIDEO_AVAILABLE": 1}, {"SEASON_ID": "22016", "Player_ID": 1627749, "Game_ID": "0021600168", "GAME_DATE": "NOV 16, 2016", "MATCHUP": "SAS @ SAC", "WL": "W", "MIN": 3, "FGM": 0, "FGA": 2, "FG_PCT": 0.0, "FG3M": 0, "FG3A": 0, "FG3_PCT": 0.0, "FTM": 0, "FTA": 0, "FT_PCT": 0.0, "OREB": 0, "DREB": 1, "REB": 1, "AST": 1, "STL": 0, "BLK": 0, "TOV": 1, "PF": 0, "PTS": 0, "PLUS_MINUS": -13, "VIDEO_AVAILABLE": 1}, {"SEASON_ID": "22016", "Player_ID": 1627749, "Game_ID": "0021600150", "GAME_DATE": "NOV 14, 2016", "MATCHUP": "SAS vs. MIA", "WL": "W", "MIN": 0, "FGM": 0, "FGA": 0, "FG_PCT": 0.0, "FG3M": 0, "FG3A": 0, "FG3_PCT": 0.0, "FTM": 0, "FTA": 0, "FT_PCT": 0.0, "OREB": 0, "DREB": 0, "REB": 0, "AST": 0, "STL": 0, "BLK": 0, "TOV": 0, "PF": 0, "PTS": 0, "PLUS_MINUS": -4, "VIDEO_AVAILABLE": 1}, {"SEASON_ID": "22016", "Player_ID": 1627749, "Game_ID": "0021600127", "GAME_DATE": "NOV 11, 2016", "MATCHUP": "SAS vs. DET", "WL": "W", "MIN": 1, "FGM": 0, "FGA": 0, "FG_PCT": 0.0, "FG3M": 0, "FG3A": 0, "FG3_PCT": 0.0, "FTM": 0, "FTA": 0, "FT_PCT": 0.0, "OREB": 0, "DREB": 0, "REB": 0, "AST": 0, "STL": 0, "BLK": 0, "TOV": 0, "PF": 1, "PTS": 0, "PLUS_MINUS": 2, "VIDEO_AVAILABLE": 1}, {"SEASON_ID": "22016", "Player_ID": 1627749, "Game_ID": "0021600086", "GAME_DATE": "NOV 05, 2016", "MATCHUP": "SAS vs. LAC", "WL": "L", "MIN": 9, "FGM": 2, "FGA": 4, "FG_PCT": 0.5, "FG3M": 2, "FG3A": 2, "FG3_PCT": 1.0, "FTM": 0, "FTA": 0, "FT_PCT": 0.0, "OREB": 0, "DREB": 0, "REB": 0, "AST": 0, "STL": 0, "BLK": 0, "TOV": 1, "PF": 1, "PTS": 6, "PLUS_MINUS": -5, "VIDEO_AVAILABLE": 1}, {"SEASON_ID": "22016", "Player_ID": 1627749, "Game_ID": "0021600077", "GAME_DATE": "NOV 04, 2016", "MATCHUP": "SAS @ UTA", "WL": "W", "MIN": 3, "FGM": 0, "FGA": 2, "FG_PCT": 0.0, "FG3M": 0, "FG3A": 0, "FG3_PCT": 0.0, "FTM": 2, "FTA": 2, "FT_PCT": 1.0, "OREB": 0, "DREB": 0, "REB": 0, "AST": 1, "STL": 0, "BLK": 0, "TOV": 0, "PF": 0, "PTS": 2, "PLUS_MINUS": -2, "VIDEO_AVAILABLE": 1}, {"SEASON_ID": "22016", "Player_ID": 1627749, "Game_ID": "0021600053", "GAME_DATE": "NOV 01, 2016", "MATCHUP": "SAS vs. UTA", "WL": "L", "MIN": 1, "FGM": 0, "FGA": 0, "FG_PCT": 0.0, "FG3M": 0, "FG3A": 0, "FG3_PCT": 0.0, "FTM": 0, "FTA": 0, "FT_PCT": 0.0, "OREB": 0, "DREB": 0, "REB": 0, "AST": 0, "STL": 0, "BLK": 0, "TOV": 0, "PF": 0, "PTS": 0, "PLUS_MINUS": -3, "VIDEO_AVAILABLE": 1}, {"SEASON_ID": "22016", "Player_ID": 1627749, "Game_ID": "0021600032", "GAME_DATE": "OCT 29, 2016", "MATCHUP": "SAS vs. NOP", "WL": "W", "MIN": 9, "FGM": 0, "FGA": 2, "FG_PCT": 0.0, "FG3M": 0, "FG3A": 1, "FG3_PCT": 0.0, "FTM": 0, "FTA": 2, "FT_PCT": 0.0, "OREB": 0, "DREB": 2, "REB": 2, "AST": 1, "STL": 0, "BLK": 0, "TOV": 1, "PF": 1, "PTS": 0, "PLUS_MINUS": -4, "VIDEO_AVAILABLE": 1}]