{"firstName": "Dejounte", "lastName": "Murray", "temporaryDisplayName": "Murray, Dejounte", "personId": "1627749", "teamId": "1610612759", "jersey": "5", "isActive": true, "pos": "G", "heightFeet": "6", "heightInches": "5", "heightMeters": "1.96", "weightPounds": "170", "weightKilograms": "77.1", "dateOfBirthUTC": "1996-09-19", "teamSitesOnly": {"playerCode": "dejounte_murray", "posFull": "Guard", "displayAffiliation": "Washington/USA", "freeAgentCode": ""}, "teams": [{"teamId": "1610612759", "seasonStart": "2016", "seasonEnd": "2019"}], "draft": {"teamId": "1610612759", "pickNum": "29", "roundNum": "1", "seasonYear": "2016"}, "nbaDebutYear": "2016", "yearsPro": "3", "collegeName": "Washington", "lastAffiliation": "Washington/USA", "country": "USA"}