{"firstName": "Julius", "lastName": "Randle", "temporaryDisplayName": "Randle, Julius", "personId": "203944", "teamId": "1610612752", "jersey": "30", "isActive": true, "pos": "C-F", "heightFeet": "6", "heightInches": "9", "heightMeters": "2.06", "weightPounds": "250", "weightKilograms": "113.4", "dateOfBirthUTC": "1994-11-29", "teamSitesOnly": {"playerCode": "julius_randle", "posFull": "Center-Forward", "displayAffiliation": "Kentucky/USA", "freeAgentCode": ""}, "teams": [{"teamId": "1610612747", "seasonStart": "2014", "seasonEnd": "2017"}, {"teamId": "1610612740", "seasonStart": "2018", "seasonEnd": "2018"}, {"teamId": "1610612752", "seasonStart": "2019", "seasonEnd": "2019"}], "draft": {"teamId": "1610612747", "pickNum": "7", "roundNum": "1", "seasonYear": "2014"}, "nbaDebutYear": "2014", "yearsPro": "5", "collegeName": "Kentucky", "lastAffiliation": "Kentucky/USA", "country": "USA"}