{"firstName": "JaVale", "lastName": "McGee", "temporaryDisplayName": "McGee, JaVale", "personId": "201580", "teamId": "1610612747", "jersey": "7", "isActive": true, "pos": "C", "heightFeet": "7", "heightInches": "0", "heightMeters": "2.13", "weightPounds": "270", "weightKilograms": "122.5", "dateOfBirthUTC": "1988-01-19", "teamSitesOnly": {"playerCode": "javale_mcgee", "posFull": "Center", "displayAffiliation": "Nevada/USA", "freeAgentCode": ""}, "teams": [{"teamId": "1610612764", "seasonStart": "2008", "seasonEnd": "2011"}, {"teamId": "1610612743", "seasonStart": "2011", "seasonEnd": "2014"}, {"teamId": "1610612755", "seasonStart": "2014", "seasonEnd": "2014"}, {"teamId": "1610612742", "seasonStart": "2015", "seasonEnd": "2015"}, {"teamId": "1610612744", "seasonStart": "2016", "seasonEnd": "2017"}, {"teamId": "1610612747", "seasonStart": "2018", "seasonEnd": "2019"}], "draft": {"teamId": "1610612764", "pickNum": "18", "roundNum": "1", "seasonYear": "2008"}, "nbaDebutYear": "2008", "yearsPro": "11", "collegeName": "Nevada-Reno", "lastAffiliation": "Nevada-Reno/USA", "country": "USA"}