{"firstName": "Kevin", "lastName": "Porter Jr.", "temporaryDisplayName": "Porter Jr., Kevin", "personId": "1629645", "teamId": "1610612739", "jersey": "4", "isActive": true, "pos": "G", "heightFeet": "6", "heightInches": "6", "heightMeters": "1.98", "weightPounds": "216", "weightKilograms": "98.0", "dateOfBirthUTC": "2000-05-04", "teamSitesOnly": {"playerCode": "kevin_porter_jr", "posFull": "Guard", "displayAffiliation": "USC/USA", "freeAgentCode": ""}, "teams": [{"teamId": "1610612739", "seasonStart": "2019", "seasonEnd": "2019"}], "draft": {"teamId": "1610612749", "pickNum": "30", "roundNum": "1", "seasonYear": "2019"}, "nbaDebutYear": "", "yearsPro": "0", "collegeName": "USC", "lastAffiliation": "University of Southern California/USA", "country": "USA"}