{"firstName": "Amir", "lastName": "Coffey", "temporaryDisplayName": "Coffey, Amir", "personId": "1629599", "teamId": "1610612746", "jersey": "7", "isActive": true, "pos": "G", "heightFeet": "6", "heightInches": "8", "heightMeters": "2.03", "weightPounds": "205", "weightKilograms": "93.0", "dateOfBirthUTC": "1997-06-17", "teamSitesOnly": {"playerCode": "amir_coffey", "posFull": "Guard", "displayAffiliation": "Minnesota/USA", "freeAgentCode": ""}, "teams": [{"teamId": "1610612746", "seasonStart": "2019", "seasonEnd": "2019"}], "draft": {"teamId": "", "pickNum": "", "roundNum": "", "seasonYear": ""}, "nbaDebutYear": "", "yearsPro": "0", "collegeName": "Minnesota", "lastAffiliation": "University of Minnesota/USA", "country": "USA"}