{"firstName": "CJ", "lastName": "McCollum", "temporaryDisplayName": "McCollum, CJ", "personId": "203468", "teamId": "1610612757", "jersey": "3", "isActive": true, "pos": "G", "heightFeet": "6", "heightInches": "3", "heightMeters": "1.9", "weightPounds": "190", "weightKilograms": "86.2", "dateOfBirthUTC": "1991-09-19", "teamSitesOnly": {"playerCode": "cj_mccollum", "posFull": "Guard", "displayAffiliation": "Lehigh/USA", "freeAgentCode": ""}, "teams": [{"teamId": "1610612757", "seasonStart": "2013", "seasonEnd": "2019"}], "draft": {"teamId": "1610612757", "pickNum": "10", "roundNum": "1", "seasonYear": "2013"}, "nbaDebutYear": "2013", "yearsPro": "6", "collegeName": "Lehigh", "lastAffiliation": "Lehigh/USA", "country": "USA"}