{"firstName": "Amile", "lastName": "Jefferson", "temporaryDisplayName": "Jefferson, Amile", "personId": "1628518", "teamId": "1610612753", "jersey": "11", "isActive": true, "pos": "F", "heightFeet": "6", "heightInches": "9", "heightMeters": "2.06", "weightPounds": "222", "weightKilograms": "100.7", "dateOfBirthUTC": "1993-05-07", "teamSitesOnly": {"playerCode": "amile_jefferson", "posFull": "Forward", "displayAffiliation": "Duke/USA", "freeAgentCode": ""}, "teams": [{"teamId": "1610612750", "seasonStart": "2017", "seasonEnd": "2017"}, {"teamId": "1610612753", "seasonStart": "2018", "seasonEnd": "2019"}], "draft": {"teamId": "", "pickNum": "", "roundNum": "", "seasonYear": ""}, "nbaDebutYear": "2018", "yearsPro": "2", "collegeName": "Duke", "lastAffiliation": "Duke/USA", "country": "USA"}