{"firstName": "Jusuf", "lastName": "Nurkic", "temporaryDisplayName": "Nurkic, Jusuf", "personId": "203994", "teamId": "1610612757", "jersey": "27", "isActive": true, "pos": "C", "heightFeet": "7", "heightInches": "0", "heightMeters": "2.13", "weightPounds": "290", "weightKilograms": "131.5", "dateOfBirthUTC": "1994-08-23", "teamSitesOnly": {"playerCode": "jusuf_nurkic", "posFull": "Center", "displayAffiliation": "Cedevita Zagreb/Bosnia and Herzegovina", "freeAgentCode": ""}, "teams": [{"teamId": "1610612743", "seasonStart": "2014", "seasonEnd": "2016"}, {"teamId": "1610612757", "seasonStart": "2016", "seasonEnd": "2019"}], "draft": {"teamId": "1610612741", "pickNum": "16", "roundNum": "1", "seasonYear": "2014"}, "nbaDebutYear": "2014", "yearsPro": "5", "collegeName": " ", "lastAffiliation": "Boznia & Herzegovina/Bosnia and Herzegovina", "country": "Bosnia and Herzegovina"}