{"firstName": "Dwight", "lastName": "Howard", "temporaryDisplayName": "Howard, Dwight", "personId": "2730", "teamId": "1610612747", "jersey": "39", "isActive": true, "pos": "C", "heightFeet": "6", "heightInches": "11", "heightMeters": "2.11", "weightPounds": "265", "weightKilograms": "120.2", "dateOfBirthUTC": "1985-12-08", "teamSitesOnly": {"playerCode": "dwight_howard", "posFull": "Center", "displayAffiliation": "SW Atlanta Christian Academy (GA)/USA", "freeAgentCode": ""}, "teams": [{"teamId": "1610612753", "seasonStart": "2004", "seasonEnd": "2011"}, {"teamId": "1610612747", "seasonStart": "2012", "seasonEnd": "2012"}, {"teamId": "1610612745", "seasonStart": "2013", "seasonEnd": "2015"}, {"teamId": "1610612737", "seasonStart": "2016", "seasonEnd": "2016"}, {"teamId": "1610612766", "seasonStart": "2017", "seasonEnd": "2017"}, {"teamId": "1610612764", "seasonStart": "2018", "seasonEnd": "2018"}, {"teamId": "1610612747", "seasonStart": "2019", "seasonEnd": "2019"}], "draft": {"teamId": "1610612753", "pickNum": "1", "roundNum": "1", "seasonYear": "2004"}, "nbaDebutYear": "2004", "yearsPro": "15", "collegeName": "No College", "lastAffiliation": "SW Atlanta Christian Academy (GA)/USA", "country": "USA"}