{"firstName": "Zach", "lastName": "Collins", "temporaryDisplayName": "Collins, Zach", "personId": "1628380", "teamId": "1610612757", "jersey": "33", "isActive": true, "pos": "F-C", "heightFeet": "7", "heightInches": "0", "heightMeters": "2.13", "weightPounds": "235", "weightKilograms": "106.6", "dateOfBirthUTC": "1997-11-19", "teamSitesOnly": {"playerCode": "zach_collins", "posFull": "Forward-Center", "displayAffiliation": "Gonzaga/USA", "freeAgentCode": ""}, "teams": [{"teamId": "1610612757", "seasonStart": "2017", "seasonEnd": "2019"}], "draft": {"teamId": "1610612758", "pickNum": "10", "roundNum": "1", "seasonYear": "2017"}, "nbaDebutYear": "2017", "yearsPro": "2", "collegeName": "Gonzaga", "lastAffiliation": "Gonzaga/USA", "country": "USA"}