{"firstName": "Ben", "lastName": "McLemore", "temporaryDisplayName": "McLemore, Ben", "personId": "203463", "teamId": "1610612745", "jersey": "16", "isActive": true, "pos": "G", "heightFeet": "6", "heightInches": "5", "heightMeters": "1.96", "weightPounds": "195", "weightKilograms": "88.5", "dateOfBirthUTC": "1993-02-11", "teamSitesOnly": {"playerCode": "ben_mclemore", "posFull": "Guard", "displayAffiliation": "Kansas/USA", "freeAgentCode": ""}, "teams": [{"teamId": "1610612758", "seasonStart": "2013", "seasonEnd": "2016"}, {"teamId": "1610612763", "seasonStart": "2017", "seasonEnd": "2017"}, {"teamId": "1610612758", "seasonStart": "2018", "seasonEnd": "2018"}, {"teamId": "1610612745", "seasonStart": "2019", "seasonEnd": "2019"}], "draft": {"teamId": "1610612758", "pickNum": "7", "roundNum": "1", "seasonYear": "2013"}, "nbaDebutYear": "2013", "yearsPro": "6", "collegeName": "Kansas", "lastAffiliation": "Kansas/USA", "country": "USA"}