{"firstName": "Maurice", "lastName": "Harkless", "temporaryDisplayName": "Harkless, Maurice", "personId": "203090", "teamId": "1610612746", "jersey": "8", "isActive": true, "pos": "F", "heightFeet": "6", "heightInches": "9", "heightMeters": "2.06", "weightPounds": "220", "weightKilograms": "99.8", "dateOfBirthUTC": "1993-05-11", "teamSitesOnly": {"playerCode": "maurice_harkless", "posFull": "Forward", "displayAffiliation": "St. John's (N.Y.)/USA", "freeAgentCode": ""}, "teams": [{"teamId": "1610612753", "seasonStart": "2012", "seasonEnd": "2014"}, {"teamId": "1610612757", "seasonStart": "2015", "seasonEnd": "2018"}, {"teamId": "1610612746", "seasonStart": "2019", "seasonEnd": "2019"}], "draft": {"teamId": "1610612755", "pickNum": "15", "roundNum": "1", "seasonYear": "2012"}, "nbaDebutYear": "2012", "yearsPro": "7", "collegeName": "St. John's, N.Y.", "lastAffiliation": "St. John's (N.Y.)/USA", "country": "USA"}