{"firstName": "Kevin", "lastName": "Love", "temporaryDisplayName": "Love, Kevin", "personId": "201567", "teamId": "1610612739", "jersey": "0", "isActive": true, "pos": "F-C", "heightFeet": "6", "heightInches": "10", "heightMeters": "2.08", "weightPounds": "251", "weightKilograms": "113.9", "dateOfBirthUTC": "1988-09-07", "teamSitesOnly": {"playerCode": "kevin_love", "posFull": "Forward-Center", "displayAffiliation": "UCLA/USA", "freeAgentCode": ""}, "teams": [{"teamId": "1610612750", "seasonStart": "2008", "seasonEnd": "2013"}, {"teamId": "1610612739", "seasonStart": "2014", "seasonEnd": "2019"}], "draft": {"teamId": "1610612763", "pickNum": "5", "roundNum": "1", "seasonYear": "2008"}, "nbaDebutYear": "2008", "yearsPro": "11", "collegeName": "UCLA", "lastAffiliation": "UCLA/USA", "country": "USA"}