{"firstName": "Tahjere", "lastName": "McCall", "temporaryDisplayName": "McCall, Tahjere", "personId": "1628769", "teamId": "1610612737", "jersey": "6", "isActive": true, "pos": "G", "heightFeet": "6", "heightInches": "5", "heightMeters": "1.96", "weightPounds": "190", "weightKilograms": "86.2", "dateOfBirthUTC": "1994-08-17", "teamSitesOnly": {"playerCode": "tahjere_mccall", "posFull": "Guard", "displayAffiliation": "Tennessee State/USA", "freeAgentCode": ""}, "teams": [{"teamId": "1610612751", "seasonStart": "2018", "seasonEnd": "2018"}, {"teamId": "1610612737", "seasonStart": "2019", "seasonEnd": "2019"}], "draft": {"teamId": "", "pickNum": "", "roundNum": "", "seasonYear": ""}, "nbaDebutYear": "2018", "yearsPro": "1", "collegeName": "Tennessee State", "lastAffiliation": "Tennessee State/USA", "country": "USA"}