{"firstName": "Clint", "lastName": "Capela", "temporaryDisplayName": "Capela, Clint", "personId": "203991", "teamId": "1610612745", "jersey": "15", "isActive": true, "pos": "C", "heightFeet": "6", "heightInches": "10", "heightMeters": "2.08", "weightPounds": "240", "weightKilograms": "108.9", "dateOfBirthUTC": "1994-05-18", "teamSitesOnly": {"playerCode": "clint_capela", "posFull": "Center", "displayAffiliation": "Elan Chalon (France)/Switzerland", "freeAgentCode": ""}, "teams": [{"teamId": "1610612745", "seasonStart": "2014", "seasonEnd": "2019"}], "draft": {"teamId": "1610612745", "pickNum": "25", "roundNum": "1", "seasonYear": "2014"}, "nbaDebutYear": "2014", "yearsPro": "5", "collegeName": "Switzerland", "lastAffiliation": "Switzerland/Switzerland", "country": "Switzerland"}