[{"SEASON_ID": "22017", "Player_ID": 1627858, "Game_ID": "0021701216", "GAME_DATE": "APR 10, 2018", "MATCHUP": "DAL vs. PHX", "WL": "L", "MIN": 44, "FGM": 4, "FGA": 13, "FG_PCT": 0.308, "FG3M": 0, "FG3A": 2, "FG3_PCT": 0.0, "FTM": 2, "FTA": 4, "FT_PCT": 0.5, "OREB": 3, "DREB": 8, "REB": 11, "AST": 8, "STL": 1, "BLK": 0, "TOV": 2, "PF": 2, "PTS": 10, "PLUS_MINUS": -25, "VIDEO_AVAILABLE": 1}, {"SEASON_ID": "22017", "Player_ID": 1627858, "Game_ID": "0021701198", "GAME_DATE": "APR 08, 2018", "MATCHUP": "DAL @ PHI", "WL": "L", "MIN": 8, "FGM": 1, "FGA": 1, "FG_PCT": 1.0, "FG3M": 0, "FG3A": 0, "FG3_PCT": 0.0, "FTM": 0, "FTA": 0, "FT_PCT": 0.0, "OREB": 1, "DREB": 2, "REB": 3, "AST": 1, "STL": 0, "BLK": 1, "TOV": 1, "PF": 0, "PTS": 2, "PLUS_MINUS": -4, "VIDEO_AVAILABLE": 1}, {"SEASON_ID": "22017", "Player_ID": 1627858, "Game_ID": "0021701181", "GAME_DATE": "APR 06, 2018", "MATCHUP": "DAL @ DET", "WL": "L", "MIN": 19, "FGM": 2, "FGA": 4, "FG_PCT": 0.5, "FG3M": 0, "FG3A": 0, "FG3_PCT": 0.0, "FTM": 0, "FTA": 0, "FT_PCT": 0.0, "OREB": 0, "DREB": 1, "REB": 1, "AST": 3, "STL": 0, "BLK": 2, "TOV": 1, "PF": 2, "PTS": 4, "PLUS_MINUS": -2, "VIDEO_AVAILABLE": 1}, {"SEASON_ID": "22017", "Player_ID": 1627858, "Game_ID": "0021701170", "GAME_DATE": "APR 04, 2018", "MATCHUP": "DAL @ ORL", "WL": "L", "MIN": 35, "FGM": 5, "FGA": 13, "FG_PCT": 0.385, "FG3M": 0, "FG3A": 2, "FG3_PCT": 0.0, "FTM": 3, "FTA": 4, "FT_PCT": 0.75, "OREB": 3, "DREB": 6, "REB": 9, "AST": 6, "STL": 1, "BLK": 0, "TOV": 2, "PF": 5, "PTS": 13, "PLUS_MINUS": -3, "VIDEO_AVAILABLE": 1}, {"SEASON_ID": "22017", "Player_ID": 1627858, "Game_ID": "0021701164", "GAME_DATE": "APR 03, 2018", "MATCHUP": "DAL vs. POR", "WL": "W", "MIN": 2, "FGM": 0, "FGA": 0, "FG_PCT": 0.0, "FG3M": 0, "FG3A": 0, "FG3_PCT": 0.0, "FTM": 0, "FTA": 0, "FT_PCT": 0.0, "OREB": 0, "DREB": 0, "REB": 0, "AST": 0, "STL": 0, "BLK": 0, "TOV": 0, "PF": 0, "PTS": 0, "PLUS_MINUS": 2, "VIDEO_AVAILABLE": 1}, {"SEASON_ID": "22017", "Player_ID": 1627858, "Game_ID": "0021701123", "GAME_DATE": "MAR 28, 2018", "MATCHUP": "DAL @ LAL", "WL": "L", "MIN": 10, "FGM": 0, "FGA": 3, "FG_PCT": 0.0, "FG3M": 0, "FG3A": 2, "FG3_PCT": 0.0, "FTM": 2, "FTA": 2, "FT_PCT": 1.0, "OREB": 0, "DREB": 2, "REB": 2, "AST": 1, "STL": 0, "BLK": 0, "TOV": 0, "PF": 1, "PTS": 2, "PLUS_MINUS": -11, "VIDEO_AVAILABLE": 1}, {"SEASON_ID": "22017", "Player_ID": 1627858, "Game_ID": "0021701113", "GAME_DATE": "MAR 27, 2018", "MATCHUP": "DAL @ SAC", "WL": "W", "MIN": 26, "FGM": 1, "FGA": 2, "FG_PCT": 0.5, "FG3M": 0, "FG3A": 0, "FG3_PCT": 0.0, "FTM": 1, "FTA": 4, "FT_PCT": 0.25, "OREB": 0, "DREB": 5, "REB": 5, "AST": 4, "STL": 0, "BLK": 2, "TOV": 1, "PF": 0, "PTS": 3, "PLUS_MINUS": -6, "VIDEO_AVAILABLE": 1}, {"SEASON_ID": "22017", "Player_ID": 1627858, "Game_ID": "0021701076", "GAME_DATE": "MAR 22, 2018", "MATCHUP": "DAL vs. UTA", "WL": "L", "MIN": 5, "FGM": 0, "FGA": 1, "FG_PCT": 0.0, "FG3M": 0, "FG3A": 0, "FG3_PCT": 0.0, "FTM": 1, "FTA": 2, "FT_PCT": 0.5, "OREB": 1, "DREB": 2, "REB": 3, "AST": 0, "STL": 0, "BLK": 1, "TOV": 1, "PF": 0, "PTS": 1, "PLUS_MINUS": 8, "VIDEO_AVAILABLE": 1}, {"SEASON_ID": "22017", "Player_ID": 1627858, "Game_ID": "0021701061", "GAME_DATE": "MAR 20, 2018", "MATCHUP": "DAL @ NOP", "WL": "L", "MIN": 20, "FGM": 2, "FGA": 5, "FG_PCT": 0.4, "FG3M": 1, "FG3A": 4, "FG3_PCT": 0.25, "FTM": 3, "FTA": 3, "FT_PCT": 1.0, "OREB": 0, "DREB": 2, "REB": 2, "AST": 5, "STL": 0, "BLK": 0, "TOV": 0, "PF": 0, "PTS": 8, "PLUS_MINUS": -7, "VIDEO_AVAILABLE": 1}, {"SEASON_ID": "22017", "Player_ID": 1627858, "Game_ID": "0021701037", "GAME_DATE": "MAR 17, 2018", "MATCHUP": "DAL @ BKN", "WL": "L", "MIN": 17, "FGM": 1, "FGA": 6, "FG_PCT": 0.167, "FG3M": 0, "FG3A": 0, "FG3_PCT": 0.0, "FTM": 2, "FTA": 2, "FT_PCT": 1.0, "OREB": 4, "DREB": 3, "REB": 7, "AST": 1, "STL": 0, "BLK": 0, "TOV": 3, "PF": 2, "PTS": 4, "PLUS_MINUS": -9, "VIDEO_AVAILABLE": 1}, {"SEASON_ID": "22017", "Player_ID": 1627858, "Game_ID": "0021701009", "GAME_DATE": "MAR 13, 2018", "MATCHUP": "DAL @ NYK", "WL": "W", "MIN": 22, "FGM": 0, "FGA": 0, "FG_PCT": 0.0, "FG3M": 0, "FG3A": 0, "FG3_PCT": 0.0, "FTM": 0, "FTA": 0, "FT_PCT": 0.0, "OREB": 2, "DREB": 1, "REB": 3, "AST": 3, "STL": 2, "BLK": 0, "TOV": 0, "PF": 3, "PTS": 0, "PLUS_MINUS": 5, "VIDEO_AVAILABLE": 1}, {"SEASON_ID": "22017", "Player_ID": 1627858, "Game_ID": "0021700997", "GAME_DATE": "MAR 11, 2018", "MATCHUP": "DAL vs. HOU", "WL": "L", "MIN": 25, "FGM": 2, "FGA": 6, "FG_PCT": 0.333, "FG3M": 1, "FG3A": 1, "FG3_PCT": 1.0, "FTM": 0, "FTA": 0, "FT_PCT": 0.0, "OREB": 6, "DREB": 4, "REB": 10, "AST": 2, "STL": 1, "BLK": 1, "TOV": 2, "PF": 4, "PTS": 5, "PLUS_MINUS": -2, "VIDEO_AVAILABLE": 1}, {"SEASON_ID": "22017", "Player_ID": 1627858, "Game_ID": "0021700989", "GAME_DATE": "MAR 10, 2018", "MATCHUP": "DAL vs. MEM", "WL": "W", "MIN": 13, "FGM": 0, "FGA": 2, "FG_PCT": 0.0, "FG3M": 0, "FG3A": 0, "FG3_PCT": 0.0, "FTM": 0, "FTA": 0, "FT_PCT": 0.0, "OREB": 0, "DREB": 4, "REB": 4, "AST": 2, "STL": 2, "BLK": 0, "TOV": 0, "PF": 1, "PTS": 0, "PLUS_MINUS": 11, "VIDEO_AVAILABLE": 1}, {"SEASON_ID": "22017", "Player_ID": 1627858, "Game_ID": "0021700961", "GAME_DATE": "MAR 06, 2018", "MATCHUP": "DAL vs. DEN", "WL": "W", "MIN": 13, "FGM": 0, "FGA": 2, "FG_PCT": 0.0, "FG3M": 0, "FG3A": 0, "FG3_PCT": 0.0, "FTM": 0, "FTA": 0, "FT_PCT": 0.0, "OREB": 1, "DREB": 2, "REB": 3, "AST": 0, "STL": 0, "BLK": 0, "TOV": 1, "PF": 1, "PTS": 0, "PLUS_MINUS": -11, "VIDEO_AVAILABLE": 1}, {"SEASON_ID": "22017", "Player_ID": 1627858, "Game_ID": "0021700946", "GAME_DATE": "MAR 04, 2018", "MATCHUP": "DAL vs. NOP", "WL": "L", "MIN": 17, "FGM": 2, "FGA": 4, "FG_PCT": 0.5, "FG3M": 0, "FG3A": 0, "FG3_PCT": 0.0, "FTM": 1, "FTA": 2, "FT_PCT": 0.5, "OREB": 2, "DREB": 2, "REB": 4, "AST": 2, "STL": 1, "BLK": 0, "TOV": 0, "PF": 2, "PTS": 5, "PLUS_MINUS": 1, "VIDEO_AVAILABLE": 1}, {"SEASON_ID": "22017", "Player_ID": 1627858, "Game_ID": "0021700890", "GAME_DATE": "FEB 24, 2018", "MATCHUP": "DAL @ UTA", "WL": "L", "MIN": 2, "FGM": 0, "FGA": 0, "FG_PCT": 0.0, "FG3M": 0, "FG3A": 0, "FG3_PCT": 0.0, "FTM": 0, "FTA": 0, "FT_PCT": 0.0, "OREB": 0, "DREB": 1, "REB": 1, "AST": 0, "STL": 0, "BLK": 0, "TOV": 1, "PF": 1, "PTS": 0, "PLUS_MINUS": -1, "VIDEO_AVAILABLE": 1}, {"SEASON_ID": "22017", "Player_ID": 1627858, "Game_ID": "0021700883", "GAME_DATE": "FEB 23, 2018", "MATCHUP": "DAL @ LAL", "WL": "L", "MIN": 5, "FGM": 0, "FGA": 2, "FG_PCT": 0.0, "FG3M": 0, "FG3A": 0, "FG3_PCT": 0.0, "FTM": 0, "FTA": 0, "FT_PCT": 0.0, "OREB": 0, "DREB": 1, "REB": 1, "AST": 1, "STL": 0, "BLK": 0, "TOV": 0, "PF": 0, "PTS": 0, "PLUS_MINUS": 1, "VIDEO_AVAILABLE": 1}, {"SEASON_ID": "22017", "Player_ID": 1627858, "Game_ID": "0021700851", "GAME_DATE": "FEB 13, 2018", "MATCHUP": "DAL vs. SAC", "WL": "L", "MIN": 19, "FGM": 3, "FGA": 5, "FG_PCT": 0.6, "FG3M": 0, "FG3A": 1, "FG3_PCT": 0.0, "FTM": 0, "FTA": 0, "FT_PCT": 0.0, "OREB": 0, "DREB": 1, "REB": 1, "AST": 0, "STL": 0, "BLK": 0, "TOV": 1, "PF": 1, "PTS": 6, "PLUS_MINUS": 7, "VIDEO_AVAILABLE": 1}, {"SEASON_ID": "22017", "Player_ID": 1627858, "Game_ID": "0021700837", "GAME_DATE": "FEB 11, 2018", "MATCHUP": "DAL @ HOU", "WL": "L", "MIN": 31, "FGM": 3, "FGA": 9, "FG_PCT": 0.333, "FG3M": 0, "FG3A": 2, "FG3_PCT": 0.0, "FTM": 0, "FTA": 3, "FT_PCT": 0.0, "OREB": 4, "DREB": 4, "REB": 8, "AST": 5, "STL": 1, "BLK": 2, "TOV": 1, "PF": 2, "PTS": 6, "PLUS_MINUS": 6, "VIDEO_AVAILABLE": 1}, {"SEASON_ID": "22017", "Player_ID": 1627858, "Game_ID": "0021700830", "GAME_DATE": "FEB 10, 2018", "MATCHUP": "DAL vs. LAL", "WL": "W", "MIN": 11, "FGM": 1, "FGA": 1, "FG_PCT": 1.0, "FG3M": 0, "FG3A": 0, "FG3_PCT": 0.0, "FTM": 1, "FTA": 2, "FT_PCT": 0.5, "OREB": 1, "DREB": 0, "REB": 1, "AST": 2, "STL": 0, "BLK": 0, "TOV": 1, "PF": 1, "PTS": 3, "PLUS_MINUS": 9, "VIDEO_AVAILABLE": 1}, {"SEASON_ID": "22017", "Player_ID": 1627858, "Game_ID": "0021700815", "GAME_DATE": "FEB 08, 2018", "MATCHUP": "DAL @ GSW", "WL": "L", "MIN": 19, "FGM": 1, "FGA": 4, "FG_PCT": 0.25, "FG3M": 0, "FG3A": 0, "FG3_PCT": 0.0, "FTM": 0, "FTA": 0, "FT_PCT": 0.0, "OREB": 0, "DREB": 0, "REB": 0, "AST": 1, "STL": 1, "BLK": 0, "TOV": 1, "PF": 3, "PTS": 2, "PLUS_MINUS": -14, "VIDEO_AVAILABLE": 1}, {"SEASON_ID": "22017", "Player_ID": 1627858, "Game_ID": "0021700760", "GAME_DATE": "JAN 31, 2018", "MATCHUP": "DAL @ PHX", "WL": "L", "MIN": 10, "FGM": 1, "FGA": 2, "FG_PCT": 0.5, "FG3M": 0, "FG3A": 1, "FG3_PCT": 0.0, "FTM": 2, "FTA": 4, "FT_PCT": 0.5, "OREB": 0, "DREB": 2, "REB": 2, "AST": 0, "STL": 1, "BLK": 0, "TOV": 0, "PF": 1, "PTS": 4, "PLUS_MINUS": -6, "VIDEO_AVAILABLE": 1}, {"SEASON_ID": "22017", "Player_ID": 1627858, "Game_ID": "0021700742", "GAME_DATE": "JAN 29, 2018", "MATCHUP": "DAL vs. MIA", "WL": "L", "MIN": 10, "FGM": 0, "FGA": 1, "FG_PCT": 0.0, "FG3M": 0, "FG3A": 0, "FG3_PCT": 0.0, "FTM": 0, "FTA": 0, "FT_PCT": 0.0, "OREB": 0, "DREB": 2, "REB": 2, "AST": 1, "STL": 1, "BLK": 0, "TOV": 1, "PF": 2, "PTS": 0, "PLUS_MINUS": -3, "VIDEO_AVAILABLE": 1}, {"SEASON_ID": "22017", "Player_ID": 1627858, "Game_ID": "0021700730", "GAME_DATE": "JAN 27, 2018", "MATCHUP": "DAL @ DEN", "WL": "L", "MIN": 14, "FGM": 3, "FGA": 3, "FG_PCT": 1.0, "FG3M": 1, "FG3A": 1, "FG3_PCT": 1.0, "FTM": 0, "FTA": 0, "FT_PCT": 0.0, "OREB": 0, "DREB": 5, "REB": 5, "AST": 2, "STL": 1, "BLK": 0, "TOV": 1, "PF": 3, "PTS": 7, "PLUS_MINUS": 16, "VIDEO_AVAILABLE": 1}, {"SEASON_ID": "22017", "Player_ID": 1627858, "Game_ID": "0021700721", "GAME_DATE": "JAN 26, 2018", "MATCHUP": "DAL vs. POR", "WL": "L", "MIN": 15, "FGM": 1, "FGA": 3, "FG_PCT": 0.333, "FG3M": 0, "FG3A": 0, "FG3_PCT": 0.0, "FTM": 0, "FTA": 2, "FT_PCT": 0.0, "OREB": 3, "DREB": 1, "REB": 4, "AST": 0, "STL": 1, "BLK": 0, "TOV": 0, "PF": 2, "PTS": 2, "PLUS_MINUS": -10, "VIDEO_AVAILABLE": 1}, {"SEASON_ID": "22017", "Player_ID": 1627858, "Game_ID": "0021700706", "GAME_DATE": "JAN 24, 2018", "MATCHUP": "DAL vs. HOU", "WL": "L", "MIN": 15, "FGM": 1, "FGA": 2, "FG_PCT": 0.5, "FG3M": 0, "FG3A": 0, "FG3_PCT": 0.0, "FTM": 1, "FTA": 2, "FT_PCT": 0.5, "OREB": 1, "DREB": 6, "REB": 7, "AST": 1, "STL": 0, "BLK": 0, "TOV": 0, "PF": 1, "PTS": 3, "PLUS_MINUS": 13, "VIDEO_AVAILABLE": 1}, {"SEASON_ID": "22017", "Player_ID": 1627858, "Game_ID": "0021700693", "GAME_DATE": "JAN 22, 2018", "MATCHUP": "DAL vs. WAS", "WL": "W", "MIN": 18, "FGM": 2, "FGA": 2, "FG_PCT": 1.0, "FG3M": 0, "FG3A": 0, "FG3_PCT": 0.0, "FTM": 0, "FTA": 0, "FT_PCT": 0.0, "OREB": 0, "DREB": 4, "REB": 4, "AST": 3, "STL": 2, "BLK": 0, "TOV": 2, "PF": 2, "PTS": 4, "PLUS_MINUS": 17, "VIDEO_AVAILABLE": 1}, {"SEASON_ID": "22017", "Player_ID": 1627858, "Game_ID": "0021700651", "GAME_DATE": "JAN 16, 2018", "MATCHUP": "DAL @ DEN", "WL": "L", "MIN": 10, "FGM": 1, "FGA": 1, "FG_PCT": 1.0, "FG3M": 0, "FG3A": 0, "FG3_PCT": 0.0, "FTM": 1, "FTA": 2, "FT_PCT": 0.5, "OREB": 0, "DREB": 2, "REB": 2, "AST": 0, "STL": 0, "BLK": 0, "TOV": 0, "PF": 1, "PTS": 3, "PLUS_MINUS": -9, "VIDEO_AVAILABLE": 2}, {"SEASON_ID": "22017", "Player_ID": 1627858, "Game_ID": "0021700601", "GAME_DATE": "JAN 09, 2018", "MATCHUP": "DAL vs. ORL", "WL": "W", "MIN": 1, "FGM": 0, "FGA": 0, "FG_PCT": 0.0, "FG3M": 0, "FG3A": 0, "FG3_PCT": 0.0, "FTM": 0, "FTA": 0, "FT_PCT": 0.0, "OREB": 0, "DREB": 0, "REB": 0, "AST": 0, "STL": 0, "BLK": 0, "TOV": 0, "PF": 0, "PTS": 0, "PLUS_MINUS": 1, "VIDEO_AVAILABLE": 1}, {"SEASON_ID": "22017", "Player_ID": 1627858, "Game_ID": "0021700484", "GAME_DATE": "DEC 23, 2017", "MATCHUP": "DAL @ ATL", "WL": "L", "MIN": 0, "FGM": 0, "FGA": 0, "FG_PCT": 0.0, "FG3M": 0, "FG3A": 0, "FG3_PCT": 0.0, "FTM": 0, "FTA": 0, "FT_PCT": 0.0, "OREB": 0, "DREB": 0, "REB": 0, "AST": 0, "STL": 0, "BLK": 0, "TOV": 0, "PF": 1, "PTS": 0, "PLUS_MINUS": -2, "VIDEO_AVAILABLE": 1}, {"SEASON_ID": "22017", "Player_ID": 1627858, "Game_ID": "0021700474", "GAME_DATE": "DEC 22, 2017", "MATCHUP": "DAL @ MIA", "WL": "L", "MIN": 9, "FGM": 0, "FGA": 0, "FG_PCT": 0.0, "FG3M": 0, "FG3A": 0, "FG3_PCT": 0.0, "FTM": 1, "FTA": 2, "FT_PCT": 0.5, "OREB": 0, "DREB": 1, "REB": 1, "AST": 2, "STL": 0, "BLK": 0, "TOV": 0, "PF": 0, "PTS": 1, "PLUS_MINUS": 3, "VIDEO_AVAILABLE": 1}, {"SEASON_ID": "22017", "Player_ID": 1627858, "Game_ID": "0021700461", "GAME_DATE": "DEC 20, 2017", "MATCHUP": "DAL vs. DET", "WL": "W", "MIN": 13, "FGM": 1, "FGA": 2, "FG_PCT": 0.5, "FG3M": 1, "FG3A": 1, "FG3_PCT": 1.0, "FTM": 0, "FTA": 0, "FT_PCT": 0.0, "OREB": 0, "DREB": 1, "REB": 1, "AST": 0, "STL": 1, "BLK": 0, "TOV": 1, "PF": 0, "PTS": 3, "PLUS_MINUS": -4, "VIDEO_AVAILABLE": 1}]