{"firstName": "Kyle", "lastName": "Collinsworth", "temporaryDisplayName": "Collinsworth, Kyle", "personId": "1627858", "teamId": "1610612762", "jersey": "", "isActive": true, "pos": "G", "heightFeet": "-", "heightInches": "-", "heightMeters": "", "weightPounds": "", "weightKilograms": "", "dateOfBirthUTC": "", "teamSitesOnly": {"playerCode": "kyle_collinsworth", "posFull": "Guard", "displayAffiliation": "Brigham Young/USA", "freeAgentCode": ""}, "teams": [], "draft": {"teamId": "", "pickNum": "", "roundNum": "", "seasonYear": ""}, "nbaDebutYear": "", "yearsPro": "", "collegeName": "", "lastAffiliation": "", "country": ""}