{"firstName": "Tony", "lastName": "Snell", "temporaryDisplayName": "Snell, Tony", "personId": "203503", "teamId": "1610612765", "jersey": "17", "isActive": true, "pos": "G", "heightFeet": "6", "heightInches": "7", "heightMeters": "2.01", "weightPounds": "213", "weightKilograms": "96.6", "dateOfBirthUTC": "1991-11-10", "teamSitesOnly": {"playerCode": "tony_snell", "posFull": "Guard", "displayAffiliation": "New Mexico/USA", "freeAgentCode": ""}, "teams": [{"teamId": "1610612741", "seasonStart": "2013", "seasonEnd": "2015"}, {"teamId": "1610612749", "seasonStart": "2016", "seasonEnd": "2018"}, {"teamId": "1610612765", "seasonStart": "2019", "seasonEnd": "2019"}], "draft": {"teamId": "1610612741", "pickNum": "20", "roundNum": "1", "seasonYear": "2013"}, "nbaDebutYear": "2013", "yearsPro": "6", "collegeName": " ", "lastAffiliation": "New Mexico/USA", "country": "USA"}