{"firstName": "Lamar", "lastName": "Peters", "temporaryDisplayName": "Peters, Lamar", "personId": "1629777", "teamId": "1610612752", "jersey": "3", "isActive": true, "pos": "G", "heightFeet": "6", "heightInches": "0", "heightMeters": "1.83", "weightPounds": "185", "weightKilograms": "83.9", "dateOfBirthUTC": "1998-06-19", "teamSitesOnly": {"playerCode": "lamar_peters", "posFull": "Guard", "displayAffiliation": "Mississippi State/USA", "freeAgentCode": ""}, "teams": [{"teamId": "1610612752", "seasonStart": "2019", "seasonEnd": "2019"}], "draft": {"teamId": "", "pickNum": "", "roundNum": "", "seasonYear": ""}, "nbaDebutYear": "", "yearsPro": "0", "collegeName": "Mississippi State", "lastAffiliation": " USA", "country": "USA"}