{"firstName": "Thaddeus", "lastName": "Young", "temporaryDisplayName": "Young, Thaddeus", "personId": "201152", "teamId": "1610612741", "jersey": "21", "isActive": true, "pos": "F", "heightFeet": "6", "heightInches": "8", "heightMeters": "2.03", "weightPounds": "221", "weightKilograms": "100.2", "dateOfBirthUTC": "1988-06-21", "teamSitesOnly": {"playerCode": "thaddeus_young", "posFull": "Forward", "displayAffiliation": "Georgia Tech/USA", "freeAgentCode": ""}, "teams": [{"teamId": "1610612755", "seasonStart": "2007", "seasonEnd": "2013"}, {"teamId": "1610612750", "seasonStart": "2014", "seasonEnd": "2014"}, {"teamId": "1610612751", "seasonStart": "2014", "seasonEnd": "2015"}, {"teamId": "1610612754", "seasonStart": "2016", "seasonEnd": "2018"}, {"teamId": "1610612741", "seasonStart": "2019", "seasonEnd": "2019"}], "draft": {"teamId": "1610612755", "pickNum": "12", "roundNum": "1", "seasonYear": "2007"}, "nbaDebutYear": "2007", "yearsPro": "12", "collegeName": "Georgia Tech", "lastAffiliation": "Georgia Tech/USA", "country": "USA"}