{"firstName": "Ky", "lastName": "Bowman", "temporaryDisplayName": "Bowman, Ky", "personId": "1629065", "teamId": "1610612744", "jersey": "12", "isActive": true, "pos": "G", "heightFeet": "6", "heightInches": "1", "heightMeters": "1.85", "weightPounds": "188", "weightKilograms": "85.3", "dateOfBirthUTC": "1997-06-16", "teamSitesOnly": {"playerCode": "ky_bowman", "posFull": "Guard", "displayAffiliation": "Boston College", "freeAgentCode": ""}, "teams": [{"teamId": "1610612744", "seasonStart": "2019", "seasonEnd": "2019"}], "draft": {"teamId": "", "pickNum": "", "roundNum": "", "seasonYear": ""}, "nbaDebutYear": "", "yearsPro": "0", "collegeName": "Boston College", "lastAffiliation": "Boston College/USA", "country": "USA"}