{"firstName": "Trevor", "lastName": "Ariza", "temporaryDisplayName": "Ariza, Trevor", "personId": "2772", "teamId": "1610612758", "jersey": "0", "isActive": true, "pos": "F", "heightFeet": "6", "heightInches": "8", "heightMeters": "2.03", "weightPounds": "215", "weightKilograms": "97.5", "dateOfBirthUTC": "1985-06-30", "teamSitesOnly": {"playerCode": "trevor_ariza", "posFull": "Forward", "displayAffiliation": "UCLA/USA", "freeAgentCode": ""}, "teams": [{"teamId": "1610612752", "seasonStart": "2004", "seasonEnd": "2005"}, {"teamId": "1610612753", "seasonStart": "2005", "seasonEnd": "2007"}, {"teamId": "1610612747", "seasonStart": "2007", "seasonEnd": "2008"}, {"teamId": "1610612745", "seasonStart": "2009", "seasonEnd": "2009"}, {"teamId": "1610612740", "seasonStart": "2010", "seasonEnd": "2011"}, {"teamId": "1610612764", "seasonStart": "2012", "seasonEnd": "2013"}, {"teamId": "1610612745", "seasonStart": "2014", "seasonEnd": "2017"}, {"teamId": "1610612756", "seasonStart": "2018", "seasonEnd": "2018"}, {"teamId": "1610612764", "seasonStart": "2018", "seasonEnd": "2018"}, {"teamId": "1610612758", "seasonStart": "2019", "seasonEnd": "2019"}], "draft": {"teamId": "1610612752", "pickNum": "43", "roundNum": "2", "seasonYear": "2004"}, "nbaDebutYear": "2004", "yearsPro": "15", "collegeName": "UCLA", "lastAffiliation": "UCLA/USA", "country": "USA"}