[{"SEASON_ID": "22018", "Player_ID": 1629028, "Game_ID": "0021801144", "GAME_DATE": "MAR 30, 2019", "MATCHUP": "PHX vs. MEM", "WL": "L", "MIN": 27, "FGM": 7, "FGA": 11, "FG_PCT": 0.636, "FG3M": 0, "FG3A": 0, "FG3_PCT": 0.0, "FTM": 3, "FTA": 4, "FT_PCT": 0.75, "OREB": 3, "DREB": 10, "REB": 13, "AST": 1, "STL": 0, "BLK": 1, "TOV": 4, "PF": 2, "PTS": 17, "PLUS_MINUS": 7, "VIDEO_AVAILABLE": 1}, {"SEASON_ID": "22018", "Player_ID": 1629028, "Game_ID": "0021801120", "GAME_DATE": "MAR 27, 2019", "MATCHUP": "PHX vs. WAS", "WL": "L", "MIN": 27, "FGM": 6, "FGA": 13, "FG_PCT": 0.462, "FG3M": 0, "FG3A": 0, "FG3_PCT": 0.0, "FTM": 2, "FTA": 3, "FT_PCT": 0.667, "OREB": 2, "DREB": 8, "REB": 10, "AST": 1, "STL": 0, "BLK": 2, "TOV": 2, "PF": 4, "PTS": 14, "PLUS_MINUS": -14, "VIDEO_AVAILABLE": 1}, {"SEASON_ID": "22018", "Player_ID": 1629028, "Game_ID": "0021801105", "GAME_DATE": "MAR 25, 2019", "MATCHUP": "PHX @ UTA", "WL": "L", "MIN": 31, "FGM": 4, "FGA": 7, "FG_PCT": 0.571, "FG3M": 0, "FG3A": 0, "FG3_PCT": 0.0, "FTM": 1, "FTA": 1, "FT_PCT": 1.0, "OREB": 1, "DREB": 6, "REB": 7, "AST": 0, "STL": 2, "BLK": 1, "TOV": 3, "PF": 2, "PTS": 9, "PLUS_MINUS": -15, "VIDEO_AVAILABLE": 1}, {"SEASON_ID": "22018", "Player_ID": 1629028, "Game_ID": "0021801094", "GAME_DATE": "MAR 23, 2019", "MATCHUP": "PHX @ SAC", "WL": "L", "MIN": 29, "FGM": 9, "FGA": 16, "FG_PCT": 0.563, "FG3M": 0, "FG3A": 0, "FG3_PCT": 0.0, "FTM": 1, "FTA": 4, "FT_PCT": 0.25, "OREB": 6, "DREB": 5, "REB": 11, "AST": 0, "STL": 1, "BLK": 1, "TOV": 3, "PF": 3, "PTS": 19, "PLUS_MINUS": -4, "VIDEO_AVAILABLE": 1}, {"SEASON_ID": "22018", "Player_ID": 1629028, "Game_ID": "0021801077", "GAME_DATE": "MAR 21, 2019", "MATCHUP": "PHX vs. DET", "WL": "L", "MIN": 25, "FGM": 9, "FGA": 12, "FG_PCT": 0.75, "FG3M": 0, "FG3A": 0, "FG3_PCT": 0.0, "FTM": 2, "FTA": 3, "FT_PCT": 0.667, "OREB": 3, "DREB": 5, "REB": 8, "AST": 1, "STL": 0, "BLK": 1, "TOV": 2, "PF": 5, "PTS": 20, "PLUS_MINUS": -19, "VIDEO_AVAILABLE": 1}, {"SEASON_ID": "22018", "Player_ID": 1629028, "Game_ID": "0021801057", "GAME_DATE": "MAR 18, 2019", "MATCHUP": "PHX vs. CHI", "WL": "L", "MIN": 35, "FGM": 12, "FGA": 17, "FG_PCT": 0.706, "FG3M": 0, "FG3A": 0, "FG3_PCT": 0.0, "FTM": 1, "FTA": 1, "FT_PCT": 1.0, "OREB": 4, "DREB": 8, "REB": 12, "AST": 3, "STL": 3, "BLK": 3, "TOV": 1, "PF": 4, "PTS": 25, "PLUS_MINUS": -5, "VIDEO_AVAILABLE": 1}, {"SEASON_ID": "22018", "Player_ID": 1629028, "Game_ID": "0021801036", "GAME_DATE": "MAR 16, 2019", "MATCHUP": "PHX @ NOP", "WL": "W", "MIN": 22, "FGM": 4, "FGA": 7, "FG_PCT": 0.571, "FG3M": 0, "FG3A": 0, "FG3_PCT": 0.0, "FTM": 0, "FTA": 0, "FT_PCT": 0.0, "OREB": 3, "DREB": 2, "REB": 5, "AST": 1, "STL": 1, "BLK": 1, "TOV": 0, "PF": 4, "PTS": 8, "PLUS_MINUS": -6, "VIDEO_AVAILABLE": 1}, {"SEASON_ID": "22018", "Player_ID": 1629028, "Game_ID": "0021801030", "GAME_DATE": "MAR 15, 2019", "MATCHUP": "PHX @ HOU", "WL": "L", "MIN": 32, "FGM": 7, "FGA": 14, "FG_PCT": 0.5, "FG3M": 0, "FG3A": 0, "FG3_PCT": 0.0, "FTM": 3, "FTA": 4, "FT_PCT": 0.75, "OREB": 6, "DREB": 8, "REB": 14, "AST": 0, "STL": 0, "BLK": 1, "TOV": 7, "PF": 1, "PTS": 17, "PLUS_MINUS": -9, "VIDEO_AVAILABLE": 2}, {"SEASON_ID": "22018", "Player_ID": 1629028, "Game_ID": "0021801019", "GAME_DATE": "MAR 13, 2019", "MATCHUP": "PHX vs. UTA", "WL": "L", "MIN": 33, "FGM": 1, "FGA": 9, "FG_PCT": 0.111, "FG3M": 0, "FG3A": 0, "FG3_PCT": 0.0, "FTM": 0, "FTA": 0, "FT_PCT": 0.0, "OREB": 2, "DREB": 7, "REB": 9, "AST": 0, "STL": 2, "BLK": 1, "TOV": 0, "PF": 2, "PTS": 2, "PLUS_MINUS": -23, "VIDEO_AVAILABLE": 1}, {"SEASON_ID": "22018", "Player_ID": 1629028, "Game_ID": "0021801000", "GAME_DATE": "MAR 10, 2019", "MATCHUP": "PHX @ GSW", "WL": "W", "MIN": 34, "FGM": 9, "FGA": 19, "FG_PCT": 0.474, "FG3M": 0, "FG3A": 0, "FG3_PCT": 0.0, "FTM": 0, "FTA": 0, "FT_PCT": 0.0, "OREB": 2, "DREB": 7, "REB": 9, "AST": 4, "STL": 1, "BLK": 1, "TOV": 1, "PF": 2, "PTS": 18, "PLUS_MINUS": 10, "VIDEO_AVAILABLE": 1}, {"SEASON_ID": "22018", "Player_ID": 1629028, "Game_ID": "0021800991", "GAME_DATE": "MAR 09, 2019", "MATCHUP": "PHX @ POR", "WL": "L", "MIN": 32, "FGM": 10, "FGA": 17, "FG_PCT": 0.588, "FG3M": 0, "FG3A": 0, "FG3_PCT": 0.0, "FTM": 1, "FTA": 1, "FT_PCT": 1.0, "OREB": 4, "DREB": 4, "REB": 8, "AST": 1, "STL": 0, "BLK": 0, "TOV": 0, "PF": 4, "PTS": 21, "PLUS_MINUS": -7, "VIDEO_AVAILABLE": 1}, {"SEASON_ID": "22018", "Player_ID": 1629028, "Game_ID": "0021800972", "GAME_DATE": "MAR 06, 2019", "MATCHUP": "PHX vs. NYK", "WL": "W", "MIN": 25, "FGM": 4, "FGA": 8, "FG_PCT": 0.5, "FG3M": 0, "FG3A": 0, "FG3_PCT": 0.0, "FTM": 2, "FTA": 3, "FT_PCT": 0.667, "OREB": 1, "DREB": 5, "REB": 6, "AST": 0, "STL": 0, "BLK": 0, "TOV": 1, "PF": 5, "PTS": 10, "PLUS_MINUS": 13, "VIDEO_AVAILABLE": 1}, {"SEASON_ID": "22018", "Player_ID": 1629028, "Game_ID": "0021800955", "GAME_DATE": "MAR 04, 2019", "MATCHUP": "PHX vs. MIL", "WL": "W", "MIN": 34, "FGM": 8, "FGA": 13, "FG_PCT": 0.615, "FG3M": 0, "FG3A": 0, "FG3_PCT": 0.0, "FTM": 3, "FTA": 3, "FT_PCT": 1.0, "OREB": 2, "DREB": 10, "REB": 12, "AST": 2, "STL": 0, "BLK": 3, "TOV": 0, "PF": 5, "PTS": 19, "PLUS_MINUS": 23, "VIDEO_AVAILABLE": 1}, {"SEASON_ID": "22018", "Player_ID": 1629028, "Game_ID": "0021800942", "GAME_DATE": "MAR 02, 2019", "MATCHUP": "PHX vs. LAL", "WL": "W", "MIN": 34, "FGM": 8, "FGA": 11, "FG_PCT": 0.727, "FG3M": 0, "FG3A": 0, "FG3_PCT": 0.0, "FTM": 10, "FTA": 14, "FT_PCT": 0.714, "OREB": 5, "DREB": 5, "REB": 10, "AST": 3, "STL": 2, "BLK": 1, "TOV": 1, "PF": 5, "PTS": 26, "PLUS_MINUS": 2, "VIDEO_AVAILABLE": 1}, {"SEASON_ID": "22018", "Player_ID": 1629028, "Game_ID": "0021800932", "GAME_DATE": "MAR 01, 2019", "MATCHUP": "PHX vs. NOP", "WL": "L", "MIN": 29, "FGM": 8, "FGA": 11, "FG_PCT": 0.727, "FG3M": 0, "FG3A": 0, "FG3_PCT": 0.0, "FTM": 0, "FTA": 0, "FT_PCT": 0.0, "OREB": 3, "DREB": 5, "REB": 8, "AST": 1, "STL": 3, "BLK": 0, "TOV": 2, "PF": 2, "PTS": 16, "PLUS_MINUS": -1, "VIDEO_AVAILABLE": 1}, {"SEASON_ID": "22018", "Player_ID": 1629028, "Game_ID": "0021800901", "GAME_DATE": "FEB 25, 2019", "MATCHUP": "PHX @ MIA", "WL": "W", "MIN": 25, "FGM": 6, "FGA": 11, "FG_PCT": 0.545, "FG3M": 0, "FG3A": 0, "FG3_PCT": 0.0, "FTM": 2, "FTA": 4, "FT_PCT": 0.5, "OREB": 3, "DREB": 7, "REB": 10, "AST": 0, "STL": 2, "BLK": 0, "TOV": 1, "PF": 5, "PTS": 14, "PLUS_MINUS": -3, "VIDEO_AVAILABLE": 1}, {"SEASON_ID": "22018", "Player_ID": 1629028, "Game_ID": "0021800883", "GAME_DATE": "FEB 23, 2019", "MATCHUP": "PHX @ ATL", "WL": "L", "MIN": 33, "FGM": 6, "FGA": 8, "FG_PCT": 0.75, "FG3M": 0, "FG3A": 0, "FG3_PCT": 0.0, "FTM": 2, "FTA": 2, "FT_PCT": 1.0, "OREB": 2, "DREB": 10, "REB": 12, "AST": 0, "STL": 1, "BLK": 1, "TOV": 1, "PF": 3, "PTS": 14, "PLUS_MINUS": -19, "VIDEO_AVAILABLE": 1}, {"SEASON_ID": "22018", "Player_ID": 1629028, "Game_ID": "0021800867", "GAME_DATE": "FEB 21, 2019", "MATCHUP": "PHX @ CLE", "WL": "L", "MIN": 35, "FGM": 5, "FGA": 9, "FG_PCT": 0.556, "FG3M": 0, "FG3A": 0, "FG3_PCT": 0.0, "FTM": 3, "FTA": 6, "FT_PCT": 0.5, "OREB": 5, "DREB": 4, "REB": 9, "AST": 3, "STL": 1, "BLK": 0, "TOV": 1, "PF": 0, "PTS": 13, "PLUS_MINUS": -21, "VIDEO_AVAILABLE": 1}, {"SEASON_ID": "22018", "Player_ID": 1629028, "Game_ID": "0021800863", "GAME_DATE": "FEB 13, 2019", "MATCHUP": "PHX @ LAC", "WL": "L", "MIN": 29, "FGM": 9, "FGA": 15, "FG_PCT": 0.6, "FG3M": 0, "FG3A": 0, "FG3_PCT": 0.0, "FTM": 2, "FTA": 3, "FT_PCT": 0.667, "OREB": 2, "DREB": 6, "REB": 8, "AST": 2, "STL": 0, "BLK": 0, "TOV": 0, "PF": 2, "PTS": 20, "PLUS_MINUS": -10, "VIDEO_AVAILABLE": 1}, {"SEASON_ID": "22018", "Player_ID": 1629028, "Game_ID": "0021800836", "GAME_DATE": "FEB 10, 2019", "MATCHUP": "PHX @ SAC", "WL": "L", "MIN": 32, "FGM": 8, "FGA": 10, "FG_PCT": 0.8, "FG3M": 0, "FG3A": 0, "FG3_PCT": 0.0, "FTM": 0, "FTA": 0, "FT_PCT": 0.0, "OREB": 1, "DREB": 8, "REB": 9, "AST": 0, "STL": 0, "BLK": 1, "TOV": 2, "PF": 3, "PTS": 16, "PLUS_MINUS": -5, "VIDEO_AVAILABLE": 1}, {"SEASON_ID": "22018", "Player_ID": 1629028, "Game_ID": "0021800822", "GAME_DATE": "FEB 08, 2019", "MATCHUP": "PHX vs. GSW", "WL": "L", "MIN": 33, "FGM": 10, "FGA": 20, "FG_PCT": 0.5, "FG3M": 0, "FG3A": 0, "FG3_PCT": 0.0, "FTM": 3, "FTA": 4, "FT_PCT": 0.75, "OREB": 5, "DREB": 7, "REB": 12, "AST": 0, "STL": 3, "BLK": 1, "TOV": 3, "PF": 4, "PTS": 23, "PLUS_MINUS": 3, "VIDEO_AVAILABLE": 1}, {"SEASON_ID": "22018", "Player_ID": 1629028, "Game_ID": "0021800808", "GAME_DATE": "FEB 06, 2019", "MATCHUP": "PHX @ UTA", "WL": "L", "MIN": 30, "FGM": 10, "FGA": 19, "FG_PCT": 0.526, "FG3M": 0, "FG3A": 1, "FG3_PCT": 0.0, "FTM": 0, "FTA": 0, "FT_PCT": 0.0, "OREB": 3, "DREB": 6, "REB": 9, "AST": 1, "STL": 0, "BLK": 0, "TOV": 3, "PF": 5, "PTS": 20, "PLUS_MINUS": -22, "VIDEO_AVAILABLE": 1}, {"SEASON_ID": "22018", "Player_ID": 1629028, "Game_ID": "0021800794", "GAME_DATE": "FEB 04, 2019", "MATCHUP": "PHX vs. HOU", "WL": "L", "MIN": 34, "FGM": 7, "FGA": 11, "FG_PCT": 0.636, "FG3M": 0, "FG3A": 1, "FG3_PCT": 0.0, "FTM": 1, "FTA": 1, "FT_PCT": 1.0, "OREB": 1, "DREB": 10, "REB": 11, "AST": 3, "STL": 1, "BLK": 0, "TOV": 2, "PF": 2, "PTS": 15, "PLUS_MINUS": 4, "VIDEO_AVAILABLE": 1}, {"SEASON_ID": "22018", "Player_ID": 1629028, "Game_ID": "0021800784", "GAME_DATE": "FEB 02, 2019", "MATCHUP": "PHX vs. ATL", "WL": "L", "MIN": 33, "FGM": 5, "FGA": 15, "FG_PCT": 0.333, "FG3M": 0, "FG3A": 0, "FG3_PCT": 0.0, "FTM": 3, "FTA": 3, "FT_PCT": 1.0, "OREB": 5, "DREB": 6, "REB": 11, "AST": 3, "STL": 1, "BLK": 1, "TOV": 3, "PF": 2, "PTS": 13, "PLUS_MINUS": 8, "VIDEO_AVAILABLE": 1}, {"SEASON_ID": "22018", "Player_ID": 1629028, "Game_ID": "0021800679", "GAME_DATE": "JAN 19, 2019", "MATCHUP": "PHX @ CHA", "WL": "L", "MIN": 22, "FGM": 4, "FGA": 7, "FG_PCT": 0.571, "FG3M": 0, "FG3A": 0, "FG3_PCT": 0.0, "FTM": 2, "FTA": 2, "FT_PCT": 1.0, "OREB": 1, "DREB": 1, "REB": 2, "AST": 0, "STL": 1, "BLK": 1, "TOV": 0, "PF": 3, "PTS": 10, "PLUS_MINUS": -27, "VIDEO_AVAILABLE": 1}, {"SEASON_ID": "22018", "Player_ID": 1629028, "Game_ID": "0021800668", "GAME_DATE": "JAN 17, 2019", "MATCHUP": "PHX @ TOR", "WL": "L", "MIN": 35, "FGM": 6, "FGA": 8, "FG_PCT": 0.75, "FG3M": 0, "FG3A": 0, "FG3_PCT": 0.0, "FTM": 3, "FTA": 4, "FT_PCT": 0.75, "OREB": 7, "DREB": 10, "REB": 17, "AST": 2, "STL": 2, "BLK": 2, "TOV": 2, "PF": 1, "PTS": 15, "PLUS_MINUS": 5, "VIDEO_AVAILABLE": 1}, {"SEASON_ID": "22018", "Player_ID": 1629028, "Game_ID": "0021800651", "GAME_DATE": "JAN 15, 2019", "MATCHUP": "PHX @ IND", "WL": "L", "MIN": 29, "FGM": 7, "FGA": 16, "FG_PCT": 0.438, "FG3M": 0, "FG3A": 0, "FG3_PCT": 0.0, "FTM": 0, "FTA": 2, "FT_PCT": 0.0, "OREB": 3, "DREB": 5, "REB": 8, "AST": 0, "STL": 1, "BLK": 1, "TOV": 1, "PF": 3, "PTS": 14, "PLUS_MINUS": -37, "VIDEO_AVAILABLE": 1}, {"SEASON_ID": "22018", "Player_ID": 1629028, "Game_ID": "0021800635", "GAME_DATE": "JAN 12, 2019", "MATCHUP": "PHX vs. DEN", "WL": "W", "MIN": 30, "FGM": 9, "FGA": 18, "FG_PCT": 0.5, "FG3M": 0, "FG3A": 0, "FG3_PCT": 0.0, "FTM": 4, "FTA": 6, "FT_PCT": 0.667, "OREB": 4, "DREB": 9, "REB": 13, "AST": 0, "STL": 0, "BLK": 3, "TOV": 0, "PF": 2, "PTS": 22, "PLUS_MINUS": 10, "VIDEO_AVAILABLE": 1}, {"SEASON_ID": "22018", "Player_ID": 1629028, "Game_ID": "0021800613", "GAME_DATE": "JAN 09, 2019", "MATCHUP": "PHX @ DAL", "WL": "L", "MIN": 20, "FGM": 1, "FGA": 7, "FG_PCT": 0.143, "FG3M": 0, "FG3A": 0, "FG3_PCT": 0.0, "FTM": 4, "FTA": 4, "FT_PCT": 1.0, "OREB": 1, "DREB": 4, "REB": 5, "AST": 1, "STL": 1, "BLK": 1, "TOV": 3, "PF": 5, "PTS": 6, "PLUS_MINUS": 2, "VIDEO_AVAILABLE": 1}, {"SEASON_ID": "22018", "Player_ID": 1629028, "Game_ID": "0021800604", "GAME_DATE": "JAN 08, 2019", "MATCHUP": "PHX vs. SAC", "WL": "W", "MIN": 30, "FGM": 8, "FGA": 13, "FG_PCT": 0.615, "FG3M": 0, "FG3A": 0, "FG3_PCT": 0.0, "FTM": 1, "FTA": 2, "FT_PCT": 0.5, "OREB": 3, "DREB": 9, "REB": 12, "AST": 2, "STL": 1, "BLK": 1, "TOV": 2, "PF": 4, "PTS": 17, "PLUS_MINUS": -10, "VIDEO_AVAILABLE": 1}, {"SEASON_ID": "22018", "Player_ID": 1629028, "Game_ID": "0021800590", "GAME_DATE": "JAN 06, 2019", "MATCHUP": "PHX vs. CHA", "WL": "L", "MIN": 31, "FGM": 7, "FGA": 12, "FG_PCT": 0.583, "FG3M": 0, "FG3A": 0, "FG3_PCT": 0.0, "FTM": 5, "FTA": 5, "FT_PCT": 1.0, "OREB": 0, "DREB": 9, "REB": 9, "AST": 2, "STL": 1, "BLK": 1, "TOV": 1, "PF": 3, "PTS": 19, "PLUS_MINUS": -3, "VIDEO_AVAILABLE": 1}, {"SEASON_ID": "22018", "Player_ID": 1629028, "Game_ID": "0021800573", "GAME_DATE": "JAN 04, 2019", "MATCHUP": "PHX vs. LAC", "WL": "L", "MIN": 27, "FGM": 2, "FGA": 3, "FG_PCT": 0.667, "FG3M": 0, "FG3A": 0, "FG3_PCT": 0.0, "FTM": 0, "FTA": 0, "FT_PCT": 0.0, "OREB": 2, "DREB": 3, "REB": 5, "AST": 3, "STL": 0, "BLK": 1, "TOV": 4, "PF": 1, "PTS": 4, "PLUS_MINUS": -7, "VIDEO_AVAILABLE": 1}, {"SEASON_ID": "22018", "Player_ID": 1629028, "Game_ID": "0021800561", "GAME_DATE": "JAN 02, 2019", "MATCHUP": "PHX vs. PHI", "WL": "L", "MIN": 34, "FGM": 8, "FGA": 12, "FG_PCT": 0.667, "FG3M": 0, "FG3A": 0, "FG3_PCT": 0.0, "FTM": 2, "FTA": 2, "FT_PCT": 1.0, "OREB": 7, "DREB": 4, "REB": 11, "AST": 2, "STL": 2, "BLK": 0, "TOV": 1, "PF": 5, "PTS": 18, "PLUS_MINUS": -11, "VIDEO_AVAILABLE": 1}, {"SEASON_ID": "22018", "Player_ID": 1629028, "Game_ID": "0021800548", "GAME_DATE": "DEC 31, 2018", "MATCHUP": "PHX vs. GSW", "WL": "L", "MIN": 35, "FGM": 9, "FGA": 17, "FG_PCT": 0.529, "FG3M": 0, "FG3A": 0, "FG3_PCT": 0.0, "FTM": 7, "FTA": 8, "FT_PCT": 0.875, "OREB": 4, "DREB": 6, "REB": 10, "AST": 1, "STL": 0, "BLK": 0, "TOV": 1, "PF": 3, "PTS": 25, "PLUS_MINUS": -16, "VIDEO_AVAILABLE": 1}, {"SEASON_ID": "22018", "Player_ID": 1629028, "Game_ID": "0021800533", "GAME_DATE": "DEC 29, 2018", "MATCHUP": "PHX vs. DEN", "WL": "L", "MIN": 39, "FGM": 16, "FGA": 20, "FG_PCT": 0.8, "FG3M": 0, "FG3A": 0, "FG3_PCT": 0.0, "FTM": 1, "FTA": 3, "FT_PCT": 0.333, "OREB": 10, "DREB": 4, "REB": 14, "AST": 1, "STL": 4, "BLK": 0, "TOV": 0, "PF": 2, "PTS": 33, "PLUS_MINUS": 0, "VIDEO_AVAILABLE": 1}, {"SEASON_ID": "22018", "Player_ID": 1629028, "Game_ID": "0021800525", "GAME_DATE": "DEC 28, 2018", "MATCHUP": "PHX vs. OKC", "WL": "L", "MIN": 32, "FGM": 8, "FGA": 13, "FG_PCT": 0.615, "FG3M": 0, "FG3A": 0, "FG3_PCT": 0.0, "FTM": 0, "FTA": 0, "FT_PCT": 0.0, "OREB": 4, "DREB": 5, "REB": 9, "AST": 1, "STL": 3, "BLK": 0, "TOV": 0, "PF": 0, "PTS": 16, "PLUS_MINUS": -8, "VIDEO_AVAILABLE": 1}, {"SEASON_ID": "22018", "Player_ID": 1629028, "Game_ID": "0021800503", "GAME_DATE": "DEC 26, 2018", "MATCHUP": "PHX @ ORL", "WL": "W", "MIN": 34, "FGM": 4, "FGA": 7, "FG_PCT": 0.571, "FG3M": 0, "FG3A": 0, "FG3_PCT": 0.0, "FTM": 0, "FTA": 0, "FT_PCT": 0.0, "OREB": 3, "DREB": 9, "REB": 12, "AST": 3, "STL": 0, "BLK": 3, "TOV": 3, "PF": 2, "PTS": 8, "PLUS_MINUS": -10, "VIDEO_AVAILABLE": 1}, {"SEASON_ID": "22018", "Player_ID": 1629028, "Game_ID": "0021800489", "GAME_DATE": "DEC 23, 2018", "MATCHUP": "PHX @ BKN", "WL": "L", "MIN": 32, "FGM": 13, "FGA": 16, "FG_PCT": 0.813, "FG3M": 0, "FG3A": 0, "FG3_PCT": 0.0, "FTM": 0, "FTA": 0, "FT_PCT": 0.0, "OREB": 4, "DREB": 14, "REB": 18, "AST": 1, "STL": 2, "BLK": 3, "TOV": 2, "PF": 4, "PTS": 26, "PLUS_MINUS": 7, "VIDEO_AVAILABLE": 1}, {"SEASON_ID": "22018", "Player_ID": 1629028, "Game_ID": "0021800480", "GAME_DATE": "DEC 22, 2018", "MATCHUP": "PHX @ WAS", "WL": "L", "MIN": 39, "FGM": 11, "FGA": 18, "FG_PCT": 0.611, "FG3M": 0, "FG3A": 0, "FG3_PCT": 0.0, "FTM": 4, "FTA": 5, "FT_PCT": 0.8, "OREB": 9, "DREB": 8, "REB": 17, "AST": 1, "STL": 1, "BLK": 1, "TOV": 3, "PF": 6, "PTS": 26, "PLUS_MINUS": -5, "VIDEO_AVAILABLE": 1}, {"SEASON_ID": "22018", "Player_ID": 1629028, "Game_ID": "0021800458", "GAME_DATE": "DEC 19, 2018", "MATCHUP": "PHX @ BOS", "WL": "W", "MIN": 32, "FGM": 10, "FGA": 14, "FG_PCT": 0.714, "FG3M": 0, "FG3A": 0, "FG3_PCT": 0.0, "FTM": 3, "FTA": 4, "FT_PCT": 0.75, "OREB": 8, "DREB": 10, "REB": 18, "AST": 0, "STL": 1, "BLK": 0, "TOV": 2, "PF": 1, "PTS": 23, "PLUS_MINUS": 0, "VIDEO_AVAILABLE": 1}, {"SEASON_ID": "22018", "Player_ID": 1629028, "Game_ID": "0021800444", "GAME_DATE": "DEC 17, 2018", "MATCHUP": "PHX @ NYK", "WL": "W", "MIN": 29, "FGM": 8, "FGA": 14, "FG_PCT": 0.571, "FG3M": 0, "FG3A": 0, "FG3_PCT": 0.0, "FTM": 5, "FTA": 5, "FT_PCT": 1.0, "OREB": 4, "DREB": 9, "REB": 13, "AST": 1, "STL": 0, "BLK": 0, "TOV": 2, "PF": 2, "PTS": 21, "PLUS_MINUS": 7, "VIDEO_AVAILABLE": 1}, {"SEASON_ID": "22018", "Player_ID": 1629028, "Game_ID": "0021800435", "GAME_DATE": "DEC 15, 2018", "MATCHUP": "PHX vs. MIN", "WL": "W", "MIN": 26, "FGM": 7, "FGA": 11, "FG_PCT": 0.636, "FG3M": 0, "FG3A": 0, "FG3_PCT": 0.0, "FTM": 4, "FTA": 5, "FT_PCT": 0.8, "OREB": 5, "DREB": 7, "REB": 12, "AST": 2, "STL": 0, "BLK": 1, "TOV": 0, "PF": 4, "PTS": 18, "PLUS_MINUS": 8, "VIDEO_AVAILABLE": 1}, {"SEASON_ID": "22018", "Player_ID": 1629028, "Game_ID": "0021800419", "GAME_DATE": "DEC 13, 2018", "MATCHUP": "PHX vs. DAL", "WL": "W", "MIN": 26, "FGM": 3, "FGA": 13, "FG_PCT": 0.231, "FG3M": 0, "FG3A": 0, "FG3_PCT": 0.0, "FTM": 1, "FTA": 2, "FT_PCT": 0.5, "OREB": 1, "DREB": 4, "REB": 5, "AST": 1, "STL": 2, "BLK": 1, "TOV": 4, "PF": 4, "PTS": 7, "PLUS_MINUS": -6, "VIDEO_AVAILABLE": 1}, {"SEASON_ID": "22018", "Player_ID": 1629028, "Game_ID": "0021800403", "GAME_DATE": "DEC 11, 2018", "MATCHUP": "PHX @ SAS", "WL": "L", "MIN": 31, "FGM": 6, "FGA": 10, "FG_PCT": 0.6, "FG3M": 0, "FG3A": 0, "FG3_PCT": 0.0, "FTM": 0, "FTA": 0, "FT_PCT": 0.0, "OREB": 3, "DREB": 8, "REB": 11, "AST": 4, "STL": 0, "BLK": 2, "TOV": 0, "PF": 2, "PTS": 12, "PLUS_MINUS": -1, "VIDEO_AVAILABLE": 1}, {"SEASON_ID": "22018", "Player_ID": 1629028, "Game_ID": "0021800399", "GAME_DATE": "DEC 10, 2018", "MATCHUP": "PHX vs. LAC", "WL": "L", "MIN": 28, "FGM": 9, "FGA": 14, "FG_PCT": 0.643, "FG3M": 0, "FG3A": 0, "FG3_PCT": 0.0, "FTM": 2, "FTA": 4, "FT_PCT": 0.5, "OREB": 4, "DREB": 8, "REB": 12, "AST": 3, "STL": 0, "BLK": 3, "TOV": 2, "PF": 5, "PTS": 20, "PLUS_MINUS": -11, "VIDEO_AVAILABLE": 1}, {"SEASON_ID": "22018", "Player_ID": 1629028, "Game_ID": "0021800376", "GAME_DATE": "DEC 07, 2018", "MATCHUP": "PHX vs. MIA", "WL": "L", "MIN": 29, "FGM": 8, "FGA": 11, "FG_PCT": 0.727, "FG3M": 0, "FG3A": 0, "FG3_PCT": 0.0, "FTM": 0, "FTA": 0, "FT_PCT": 0.0, "OREB": 1, "DREB": 10, "REB": 11, "AST": 2, "STL": 0, "BLK": 1, "TOV": 3, "PF": 2, "PTS": 16, "PLUS_MINUS": -11, "VIDEO_AVAILABLE": 1}, {"SEASON_ID": "22018", "Player_ID": 1629028, "Game_ID": "0021800366", "GAME_DATE": "DEC 06, 2018", "MATCHUP": "PHX @ POR", "WL": "L", "MIN": 27, "FGM": 5, "FGA": 13, "FG_PCT": 0.385, "FG3M": 0, "FG3A": 0, "FG3_PCT": 0.0, "FTM": 1, "FTA": 2, "FT_PCT": 0.5, "OREB": 1, "DREB": 7, "REB": 8, "AST": 3, "STL": 1, "BLK": 1, "TOV": 2, "PF": 0, "PTS": 11, "PLUS_MINUS": -17, "VIDEO_AVAILABLE": 1}, {"SEASON_ID": "22018", "Player_ID": 1629028, "Game_ID": "0021800353", "GAME_DATE": "DEC 04, 2018", "MATCHUP": "PHX vs. SAC", "WL": "L", "MIN": 21, "FGM": 5, "FGA": 8, "FG_PCT": 0.625, "FG3M": 0, "FG3A": 0, "FG3_PCT": 0.0, "FTM": 0, "FTA": 0, "FT_PCT": 0.0, "OREB": 2, "DREB": 7, "REB": 9, "AST": 2, "STL": 1, "BLK": 0, "TOV": 0, "PF": 0, "PTS": 10, "PLUS_MINUS": -19, "VIDEO_AVAILABLE": 1}, {"SEASON_ID": "22018", "Player_ID": 1629028, "Game_ID": "0021800337", "GAME_DATE": "DEC 02, 2018", "MATCHUP": "PHX @ LAL", "WL": "L", "MIN": 25, "FGM": 4, "FGA": 12, "FG_PCT": 0.333, "FG3M": 0, "FG3A": 0, "FG3_PCT": 0.0, "FTM": 2, "FTA": 2, "FT_PCT": 1.0, "OREB": 4, "DREB": 6, "REB": 10, "AST": 2, "STL": 0, "BLK": 1, "TOV": 1, "PF": 4, "PTS": 10, "PLUS_MINUS": 0, "VIDEO_AVAILABLE": 1}, {"SEASON_ID": "22018", "Player_ID": 1629028, "Game_ID": "0021800327", "GAME_DATE": "NOV 30, 2018", "MATCHUP": "PHX vs. ORL", "WL": "L", "MIN": 32, "FGM": 9, "FGA": 16, "FG_PCT": 0.563, "FG3M": 0, "FG3A": 0, "FG3_PCT": 0.0, "FTM": 1, "FTA": 2, "FT_PCT": 0.5, "OREB": 2, "DREB": 4, "REB": 6, "AST": 2, "STL": 0, "BLK": 0, "TOV": 1, "PF": 2, "PTS": 19, "PLUS_MINUS": -17, "VIDEO_AVAILABLE": 1}, {"SEASON_ID": "22018", "Player_ID": 1629028, "Game_ID": "0021800315", "GAME_DATE": "NOV 28, 2018", "MATCHUP": "PHX @ LAC", "WL": "L", "MIN": 30, "FGM": 1, "FGA": 4, "FG_PCT": 0.25, "FG3M": 0, "FG3A": 0, "FG3_PCT": 0.0, "FTM": 2, "FTA": 2, "FT_PCT": 1.0, "OREB": 2, "DREB": 7, "REB": 9, "AST": 0, "STL": 2, "BLK": 3, "TOV": 2, "PF": 5, "PTS": 4, "PLUS_MINUS": -16, "VIDEO_AVAILABLE": 1}, {"SEASON_ID": "22018", "Player_ID": 1629028, "Game_ID": "0021800305", "GAME_DATE": "NOV 27, 2018", "MATCHUP": "PHX vs. IND", "WL": "L", "MIN": 31, "FGM": 6, "FGA": 11, "FG_PCT": 0.545, "FG3M": 0, "FG3A": 0, "FG3_PCT": 0.0, "FTM": 6, "FTA": 6, "FT_PCT": 1.0, "OREB": 3, "DREB": 9, "REB": 12, "AST": 0, "STL": 0, "BLK": 1, "TOV": 1, "PF": 4, "PTS": 18, "PLUS_MINUS": -2, "VIDEO_AVAILABLE": 1}, {"SEASON_ID": "22018", "Player_ID": 1629028, "Game_ID": "0021800287", "GAME_DATE": "NOV 25, 2018", "MATCHUP": "PHX @ DET", "WL": "L", "MIN": 32, "FGM": 11, "FGA": 13, "FG_PCT": 0.846, "FG3M": 0, "FG3A": 0, "FG3_PCT": 0.0, "FTM": 3, "FTA": 4, "FT_PCT": 0.75, "OREB": 4, "DREB": 9, "REB": 13, "AST": 2, "STL": 0, "BLK": 3, "TOV": 3, "PF": 3, "PTS": 25, "PLUS_MINUS": -3, "VIDEO_AVAILABLE": 1}, {"SEASON_ID": "22018", "Player_ID": 1629028, "Game_ID": "0021800275", "GAME_DATE": "NOV 23, 2018", "MATCHUP": "PHX @ MIL", "WL": "W", "MIN": 31, "FGM": 8, "FGA": 13, "FG_PCT": 0.615, "FG3M": 0, "FG3A": 0, "FG3_PCT": 0.0, "FTM": 1, "FTA": 2, "FT_PCT": 0.5, "OREB": 3, "DREB": 4, "REB": 7, "AST": 3, "STL": 0, "BLK": 0, "TOV": 1, "PF": 3, "PTS": 17, "PLUS_MINUS": 11, "VIDEO_AVAILABLE": 1}, {"SEASON_ID": "22018", "Player_ID": 1629028, "Game_ID": "0021800257", "GAME_DATE": "NOV 21, 2018", "MATCHUP": "PHX @ CHI", "WL": "L", "MIN": 33, "FGM": 8, "FGA": 13, "FG_PCT": 0.615, "FG3M": 0, "FG3A": 0, "FG3_PCT": 0.0, "FTM": 2, "FTA": 2, "FT_PCT": 1.0, "OREB": 1, "DREB": 11, "REB": 12, "AST": 5, "STL": 1, "BLK": 1, "TOV": 2, "PF": 3, "PTS": 18, "PLUS_MINUS": -7, "VIDEO_AVAILABLE": 1}, {"SEASON_ID": "22018", "Player_ID": 1629028, "Game_ID": "0021800242", "GAME_DATE": "NOV 19, 2018", "MATCHUP": "PHX @ PHI", "WL": "L", "MIN": 27, "FGM": 8, "FGA": 11, "FG_PCT": 0.727, "FG3M": 0, "FG3A": 0, "FG3_PCT": 0.0, "FTM": 1, "FTA": 2, "FT_PCT": 0.5, "OREB": 2, "DREB": 7, "REB": 9, "AST": 1, "STL": 0, "BLK": 0, "TOV": 2, "PF": 5, "PTS": 17, "PLUS_MINUS": -4, "VIDEO_AVAILABLE": 1}, {"SEASON_ID": "22018", "Player_ID": 1629028, "Game_ID": "0021800233", "GAME_DATE": "NOV 17, 2018", "MATCHUP": "PHX vs. OKC", "WL": "L", "MIN": 36, "FGM": 10, "FGA": 19, "FG_PCT": 0.526, "FG3M": 0, "FG3A": 1, "FG3_PCT": 0.0, "FTM": 1, "FTA": 2, "FT_PCT": 0.5, "OREB": 1, "DREB": 8, "REB": 9, "AST": 1, "STL": 1, "BLK": 0, "TOV": 2, "PF": 3, "PTS": 21, "PLUS_MINUS": 3, "VIDEO_AVAILABLE": 1}, {"SEASON_ID": "22018", "Player_ID": 1629028, "Game_ID": "0021800211", "GAME_DATE": "NOV 14, 2018", "MATCHUP": "PHX vs. SAS", "WL": "W", "MIN": 30, "FGM": 8, "FGA": 11, "FG_PCT": 0.727, "FG3M": 0, "FG3A": 1, "FG3_PCT": 0.0, "FTM": 1, "FTA": 1, "FT_PCT": 1.0, "OREB": 1, "DREB": 9, "REB": 10, "AST": 3, "STL": 1, "BLK": 0, "TOV": 1, "PF": 2, "PTS": 17, "PLUS_MINUS": 16, "VIDEO_AVAILABLE": 1}, {"SEASON_ID": "22018", "Player_ID": 1629028, "Game_ID": "0021800196", "GAME_DATE": "NOV 12, 2018", "MATCHUP": "PHX @ OKC", "WL": "L", "MIN": 35, "FGM": 6, "FGA": 10, "FG_PCT": 0.6, "FG3M": 0, "FG3A": 0, "FG3_PCT": 0.0, "FTM": 2, "FTA": 2, "FT_PCT": 1.0, "OREB": 2, "DREB": 5, "REB": 7, "AST": 2, "STL": 0, "BLK": 1, "TOV": 5, "PF": 4, "PTS": 14, "PLUS_MINUS": -15, "VIDEO_AVAILABLE": 1}, {"SEASON_ID": "22018", "Player_ID": 1629028, "Game_ID": "0021800176", "GAME_DATE": "NOV 10, 2018", "MATCHUP": "PHX @ NOP", "WL": "L", "MIN": 30, "FGM": 9, "FGA": 12, "FG_PCT": 0.75, "FG3M": 0, "FG3A": 0, "FG3_PCT": 0.0, "FTM": 2, "FTA": 2, "FT_PCT": 1.0, "OREB": 6, "DREB": 6, "REB": 12, "AST": 1, "STL": 1, "BLK": 0, "TOV": 2, "PF": 3, "PTS": 20, "PLUS_MINUS": -16, "VIDEO_AVAILABLE": 1}, {"SEASON_ID": "22018", "Player_ID": 1629028, "Game_ID": "0021800164", "GAME_DATE": "NOV 08, 2018", "MATCHUP": "PHX vs. BOS", "WL": "L", "MIN": 38, "FGM": 6, "FGA": 10, "FG_PCT": 0.6, "FG3M": 0, "FG3A": 0, "FG3_PCT": 0.0, "FTM": 2, "FTA": 4, "FT_PCT": 0.5, "OREB": 2, "DREB": 8, "REB": 10, "AST": 1, "STL": 0, "BLK": 1, "TOV": 2, "PF": 1, "PTS": 14, "PLUS_MINUS": -11, "VIDEO_AVAILABLE": 1}, {"SEASON_ID": "22018", "Player_ID": 1629028, "Game_ID": "0021800151", "GAME_DATE": "NOV 06, 2018", "MATCHUP": "PHX vs. BKN", "WL": "L", "MIN": 32, "FGM": 6, "FGA": 17, "FG_PCT": 0.353, "FG3M": 0, "FG3A": 0, "FG3_PCT": 0.0, "FTM": 3, "FTA": 3, "FT_PCT": 1.0, "OREB": 2, "DREB": 11, "REB": 13, "AST": 3, "STL": 0, "BLK": 0, "TOV": 4, "PF": 2, "PTS": 15, "PLUS_MINUS": -14, "VIDEO_AVAILABLE": 1}, {"SEASON_ID": "22018", "Player_ID": 1629028, "Game_ID": "0021800136", "GAME_DATE": "NOV 04, 2018", "MATCHUP": "PHX vs. MEM", "WL": "W", "MIN": 37, "FGM": 3, "FGA": 4, "FG_PCT": 0.75, "FG3M": 0, "FG3A": 0, "FG3_PCT": 0.0, "FTM": 3, "FTA": 4, "FT_PCT": 0.75, "OREB": 1, "DREB": 7, "REB": 8, "AST": 6, "STL": 3, "BLK": 2, "TOV": 5, "PF": 2, "PTS": 9, "PLUS_MINUS": 6, "VIDEO_AVAILABLE": 1}, {"SEASON_ID": "22018", "Player_ID": 1629028, "Game_ID": "0021800123", "GAME_DATE": "NOV 02, 2018", "MATCHUP": "PHX vs. TOR", "WL": "L", "MIN": 35, "FGM": 7, "FGA": 10, "FG_PCT": 0.7, "FG3M": 0, "FG3A": 0, "FG3_PCT": 0.0, "FTM": 3, "FTA": 6, "FT_PCT": 0.5, "OREB": 7, "DREB": 11, "REB": 18, "AST": 2, "STL": 0, "BLK": 2, "TOV": 1, "PF": 1, "PTS": 17, "PLUS_MINUS": -7, "VIDEO_AVAILABLE": 1}, {"SEASON_ID": "22018", "Player_ID": 1629028, "Game_ID": "0021800110", "GAME_DATE": "OCT 31, 2018", "MATCHUP": "PHX vs. SAS", "WL": "L", "MIN": 31, "FGM": 6, "FGA": 13, "FG_PCT": 0.462, "FG3M": 0, "FG3A": 0, "FG3_PCT": 0.0, "FTM": 1, "FTA": 1, "FT_PCT": 1.0, "OREB": 4, "DREB": 4, "REB": 8, "AST": 0, "STL": 0, "BLK": 0, "TOV": 3, "PF": 4, "PTS": 13, "PLUS_MINUS": -17, "VIDEO_AVAILABLE": 1}, {"SEASON_ID": "22018", "Player_ID": 1629028, "Game_ID": "0021800085", "GAME_DATE": "OCT 28, 2018", "MATCHUP": "PHX @ OKC", "WL": "L", "MIN": 32, "FGM": 8, "FGA": 17, "FG_PCT": 0.471, "FG3M": 0, "FG3A": 0, "FG3_PCT": 0.0, "FTM": 0, "FTA": 0, "FT_PCT": 0.0, "OREB": 2, "DREB": 9, "REB": 11, "AST": 3, "STL": 1, "BLK": 0, "TOV": 3, "PF": 4, "PTS": 16, "PLUS_MINUS": -1, "VIDEO_AVAILABLE": 1}, {"SEASON_ID": "22018", "Player_ID": 1629028, "Game_ID": "0021800080", "GAME_DATE": "OCT 27, 2018", "MATCHUP": "PHX @ MEM", "WL": "L", "MIN": 33, "FGM": 12, "FGA": 13, "FG_PCT": 0.923, "FG3M": 0, "FG3A": 0, "FG3_PCT": 0.0, "FTM": 0, "FTA": 0, "FT_PCT": 0.0, "OREB": 1, "DREB": 7, "REB": 8, "AST": 5, "STL": 1, "BLK": 0, "TOV": 0, "PF": 1, "PTS": 24, "PLUS_MINUS": -18, "VIDEO_AVAILABLE": 1}, {"SEASON_ID": "22018", "Player_ID": 1629028, "Game_ID": "0021800060", "GAME_DATE": "OCT 24, 2018", "MATCHUP": "PHX vs. LAL", "WL": "L", "MIN": 31, "FGM": 11, "FGA": 14, "FG_PCT": 0.786, "FG3M": 0, "FG3A": 0, "FG3_PCT": 0.0, "FTM": 0, "FTA": 1, "FT_PCT": 0.0, "OREB": 2, "DREB": 9, "REB": 11, "AST": 3, "STL": 0, "BLK": 3, "TOV": 0, "PF": 4, "PTS": 22, "PLUS_MINUS": -4, "VIDEO_AVAILABLE": 1}, {"SEASON_ID": "22018", "Player_ID": 1629028, "Game_ID": "0021800047", "GAME_DATE": "OCT 22, 2018", "MATCHUP": "PHX @ GSW", "WL": "L", "MIN": 31, "FGM": 6, "FGA": 11, "FG_PCT": 0.545, "FG3M": 0, "FG3A": 0, "FG3_PCT": 0.0, "FTM": 8, "FTA": 8, "FT_PCT": 1.0, "OREB": 4, "DREB": 10, "REB": 14, "AST": 5, "STL": 1, "BLK": 0, "TOV": 2, "PF": 2, "PTS": 20, "PLUS_MINUS": -12, "VIDEO_AVAILABLE": 1}, {"SEASON_ID": "22018", "Player_ID": 1629028, "Game_ID": "0021800033", "GAME_DATE": "OCT 20, 2018", "MATCHUP": "PHX @ DEN", "WL": "L", "MIN": 23, "FGM": 2, "FGA": 7, "FG_PCT": 0.286, "FG3M": 0, "FG3A": 0, "FG3_PCT": 0.0, "FTM": 1, "FTA": 2, "FT_PCT": 0.5, "OREB": 1, "DREB": 7, "REB": 8, "AST": 1, "STL": 0, "BLK": 0, "TOV": 2, "PF": 5, "PTS": 5, "PLUS_MINUS": 3, "VIDEO_AVAILABLE": 1}, {"SEASON_ID": "22018", "Player_ID": 1629028, "Game_ID": "0021800013", "GAME_DATE": "OCT 17, 2018", "MATCHUP": "PHX vs. DAL", "WL": "W", "MIN": 36, "FGM": 8, "FGA": 11, "FG_PCT": 0.727, "FG3M": 0, "FG3A": 0, "FG3_PCT": 0.0, "FTM": 2, "FTA": 2, "FT_PCT": 1.0, "OREB": 1, "DREB": 9, "REB": 10, "AST": 6, "STL": 1, "BLK": 1, "TOV": 0, "PF": 2, "PTS": 18, "PLUS_MINUS": 17, "VIDEO_AVAILABLE": 1}]