{"firstName": "Deandre", "lastName": "Ayton", "temporaryDisplayName": "Ayton, Deandre", "personId": "1629028", "teamId": "1610612756", "jersey": "22", "isActive": true, "pos": "C", "heightFeet": "7", "heightInches": "1", "heightMeters": "2.16", "weightPounds": "250", "weightKilograms": "113.4", "dateOfBirthUTC": "1998-07-23", "teamSitesOnly": {"playerCode": "deandre_ayton", "posFull": "Center", "displayAffiliation": "Arizona/Bahamas", "freeAgentCode": ""}, "teams": [{"teamId": "1610612756", "seasonStart": "2018", "seasonEnd": "2019"}], "draft": {"teamId": "1610612756", "pickNum": "1", "roundNum": "1", "seasonYear": "2018"}, "nbaDebutYear": "2018", "yearsPro": "1", "collegeName": "Arizona", "lastAffiliation": "University of Arizona/Bahamas", "country": "Bahamas"}