{"firstName": "Ivan", "lastName": "Rabb", "temporaryDisplayName": "Rabb, Ivan", "personId": "1628397", "teamId": "1610612763", "jersey": "10", "isActive": true, "pos": "F", "heightFeet": "6", "heightInches": "10", "heightMeters": "2.08", "weightPounds": "220", "weightKilograms": "99.8", "dateOfBirthUTC": "1997-02-04", "teamSitesOnly": {"playerCode": "ivan_rabb", "posFull": "Forward", "displayAffiliation": "California/USA", "freeAgentCode": ""}, "teams": [{"teamId": "1610612763", "seasonStart": "2017", "seasonEnd": "2019"}], "draft": {"teamId": "1610612753", "pickNum": "35", "roundNum": "2", "seasonYear": "2017"}, "nbaDebutYear": "2017", "yearsPro": "2", "collegeName": "University of California, Berkeley", "lastAffiliation": "California/USA", "country": "USA"}