{"firstName": "George", "lastName": "Hill", "temporaryDisplayName": "Hill, George", "personId": "201588", "teamId": "1610612749", "jersey": "3", "isActive": true, "pos": "G", "heightFeet": "6", "heightInches": "3", "heightMeters": "1.9", "weightPounds": "188", "weightKilograms": "85.3", "dateOfBirthUTC": "1986-05-04", "teamSitesOnly": {"playerCode": "george_hill", "posFull": "Guard", "displayAffiliation": "IUPUI/USA", "freeAgentCode": ""}, "teams": [{"teamId": "1610612759", "seasonStart": "2008", "seasonEnd": "2010"}, {"teamId": "1610612754", "seasonStart": "2011", "seasonEnd": "2015"}, {"teamId": "1610612762", "seasonStart": "2016", "seasonEnd": "2016"}, {"teamId": "1610612758", "seasonStart": "2017", "seasonEnd": "2017"}, {"teamId": "1610612739", "seasonStart": "2017", "seasonEnd": "2018"}, {"teamId": "1610612749", "seasonStart": "2018", "seasonEnd": "2019"}], "draft": {"teamId": "1610612759", "pickNum": "26", "roundNum": "1", "seasonYear": "2008"}, "nbaDebutYear": "2008", "yearsPro": "11", "collegeName": "", "lastAffiliation": "IUPUI/USA", "country": "USA"}