{"firstName": "Jerami", "lastName": "Grant", "temporaryDisplayName": "Grant, Jerami", "personId": "203924", "teamId": "1610612743", "jersey": "9", "isActive": true, "pos": "F", "heightFeet": "6", "heightInches": "9", "heightMeters": "2.06", "weightPounds": "220", "weightKilograms": "99.8", "dateOfBirthUTC": "1994-03-12", "teamSitesOnly": {"playerCode": "jerami_grant", "posFull": "Forward", "displayAffiliation": "Syracuse/USA", "freeAgentCode": ""}, "teams": [{"teamId": "1610612755", "seasonStart": "2014", "seasonEnd": "2016"}, {"teamId": "1610612760", "seasonStart": "2016", "seasonEnd": "2018"}, {"teamId": "1610612743", "seasonStart": "2019", "seasonEnd": "2019"}], "draft": {"teamId": "1610612755", "pickNum": "39", "roundNum": "2", "seasonYear": "2014"}, "nbaDebutYear": "2014", "yearsPro": "5", "collegeName": "Syracuse", "lastAffiliation": "Syracuse/USA", "country": "USA"}