{"firstName": "DeMar", "lastName": "DeRozan", "temporaryDisplayName": "DeRozan, DeMar", "personId": "201942", "teamId": "1610612759", "jersey": "10", "isActive": true, "pos": "G", "heightFeet": "6", "heightInches": "7", "heightMeters": "2.01", "weightPounds": "220", "weightKilograms": "99.8", "dateOfBirthUTC": "1989-08-07", "teamSitesOnly": {"playerCode": "demar_derozan", "posFull": "Guard", "displayAffiliation": "USC/USA", "freeAgentCode": ""}, "teams": [{"teamId": "1610612761", "seasonStart": "2009", "seasonEnd": "2017"}, {"teamId": "1610612759", "seasonStart": "2018", "seasonEnd": "2019"}], "draft": {"teamId": "1610612761", "pickNum": "9", "roundNum": "1", "seasonYear": "2009"}, "nbaDebutYear": "2009", "yearsPro": "10", "collegeName": "USC", "lastAffiliation": "USC/USA", "country": "USA"}