{"firstName": "Keljin", "lastName": "Blevins", "temporaryDisplayName": "Blevins, Keljin", "personId": "1629833", "teamId": "1610612757", "jersey": "11", "isActive": true, "pos": "F", "heightFeet": "6", "heightInches": "6", "heightMeters": "1.98", "weightPounds": "200", "weightKilograms": "90.7", "dateOfBirthUTC": "1995-11-24", "teamSitesOnly": {"playerCode": "keljin_blevins", "posFull": "Forward", "displayAffiliation": "Montana State/USA", "freeAgentCode": ""}, "teams": [{"teamId": "1610612757", "seasonStart": "2019", "seasonEnd": "2019"}], "draft": {"teamId": "", "pickNum": "", "roundNum": "", "seasonYear": ""}, "nbaDebutYear": "", "yearsPro": "0", "collegeName": "Montana State", "lastAffiliation": "Montana State/USA", "country": "USA"}