{"firstName": "Paul", "lastName": "George", "temporaryDisplayName": "George, Paul", "personId": "202331", "teamId": "1610612746", "jersey": "13", "isActive": true, "pos": "F", "heightFeet": "6", "heightInches": "9", "heightMeters": "2.06", "weightPounds": "220", "weightKilograms": "99.8", "dateOfBirthUTC": "1990-05-02", "teamSitesOnly": {"playerCode": "paul_george", "posFull": "Forward", "displayAffiliation": "Fresno State/USA", "freeAgentCode": ""}, "teams": [{"teamId": "1610612754", "seasonStart": "2010", "seasonEnd": "2016"}, {"teamId": "1610612760", "seasonStart": "2017", "seasonEnd": "2018"}, {"teamId": "1610612746", "seasonStart": "2019", "seasonEnd": "2019"}], "draft": {"teamId": "1610612754", "pickNum": "10", "roundNum": "1", "seasonYear": "2010"}, "nbaDebutYear": "2010", "yearsPro": "9", "collegeName": "Fresno State", "lastAffiliation": "Fresno State/USA", "country": "USA"}