{"firstName": "Sekou", "lastName": "Doumbouya", "temporaryDisplayName": "Doumbouya, Sekou", "personId": "1629635", "teamId": "1610612765", "jersey": "45", "isActive": true, "pos": "F", "heightFeet": "6", "heightInches": "9", "heightMeters": "2.06", "weightPounds": "209", "weightKilograms": "94.8", "dateOfBirthUTC": "2000-12-23", "teamSitesOnly": {"playerCode": "sekou_doumbouya", "posFull": "Forward", "displayAffiliation": "Guinea", "freeAgentCode": ""}, "teams": [{"teamId": "1610612765", "seasonStart": "2019", "seasonEnd": "2019"}], "draft": {"teamId": "1610612765", "pickNum": "15", "roundNum": "1", "seasonYear": "2019"}, "nbaDebutYear": "", "yearsPro": "0", "collegeName": " ", "lastAffiliation": " Guinea/Guinea", "country": "Guinea"}