{"firstName": "William", "lastName": "Howard", "temporaryDisplayName": "Howard, William", "personId": "1629739", "teamId": "1610612762", "jersey": "42", "isActive": true, "pos": "G-F", "heightFeet": "6", "heightInches": "8", "heightMeters": "2.03", "weightPounds": "207", "weightKilograms": "93.9", "dateOfBirthUTC": "1993-10-25", "teamSitesOnly": {"playerCode": "william_howard", "posFull": "Guard-Forward", "displayAffiliation": "France", "freeAgentCode": ""}, "teams": [{"teamId": "1610612762", "seasonStart": "2019", "seasonEnd": "2019"}], "draft": {"teamId": "", "pickNum": "", "roundNum": "", "seasonYear": ""}, "nbaDebutYear": "", "yearsPro": "0", "collegeName": " ", "lastAffiliation": "France/France", "country": "France"}