{"firstName": "Andre", "lastName": "Iguodala", "temporaryDisplayName": "Iguodala, Andre", "personId": "2738", "teamId": "1610612763", "jersey": "9", "isActive": true, "pos": "G-F", "heightFeet": "6", "heightInches": "6", "heightMeters": "1.98", "weightPounds": "215", "weightKilograms": "97.5", "dateOfBirthUTC": "1984-01-28", "teamSitesOnly": {"playerCode": "andre_iguodala", "posFull": "Guard-Forward", "displayAffiliation": "Arizona/USA", "freeAgentCode": ""}, "teams": [{"teamId": "1610612755", "seasonStart": "2004", "seasonEnd": "2011"}, {"teamId": "1610612743", "seasonStart": "2012", "seasonEnd": "2012"}, {"teamId": "1610612744", "seasonStart": "2013", "seasonEnd": "2018"}, {"teamId": "1610612763", "seasonStart": "2019", "seasonEnd": "2019"}], "draft": {"teamId": "1610612755", "pickNum": "9", "roundNum": "1", "seasonYear": "2004"}, "nbaDebutYear": "2004", "yearsPro": "15", "collegeName": "Arizona", "lastAffiliation": "Arizona/USA", "country": "USA"}