{"firstName": "Hassan", "lastName": "Whiteside", "temporaryDisplayName": "Whiteside, Hassan", "personId": "202355", "teamId": "1610612757", "jersey": "21", "isActive": true, "pos": "C", "heightFeet": "7", "heightInches": "1", "heightMeters": "2.16", "weightPounds": "265", "weightKilograms": "120.2", "dateOfBirthUTC": "1989-06-13", "teamSitesOnly": {"playerCode": "hassan_whiteside", "posFull": "Center", "displayAffiliation": "Marshall/USA", "freeAgentCode": ""}, "teams": [{"teamId": "1610612758", "seasonStart": "2010", "seasonEnd": "2011"}, {"teamId": "1610612748", "seasonStart": "2014", "seasonEnd": "2018"}, {"teamId": "1610612757", "seasonStart": "2019", "seasonEnd": "2019"}], "draft": {"teamId": "1610612758", "pickNum": "33", "roundNum": "2", "seasonYear": "2010"}, "nbaDebutYear": "2010", "yearsPro": "7", "collegeName": "Marshall", "lastAffiliation": "MarshallUSA/USA", "country": "USA"}