{"firstName": "Jae", "lastName": "Crowder", "temporaryDisplayName": "Crowder, Jae", "personId": "203109", "teamId": "1610612763", "jersey": "99", "isActive": true, "pos": "F", "heightFeet": "6", "heightInches": "6", "heightMeters": "1.98", "weightPounds": "235", "weightKilograms": "106.6", "dateOfBirthUTC": "1990-07-06", "teamSitesOnly": {"playerCode": "jae_crowder", "posFull": "Forward", "displayAffiliation": "Marquette/USA", "freeAgentCode": ""}, "teams": [{"teamId": "1610612742", "seasonStart": "2012", "seasonEnd": "2014"}, {"teamId": "1610612738", "seasonStart": "2014", "seasonEnd": "2016"}, {"teamId": "1610612739", "seasonStart": "2017", "seasonEnd": "2017"}, {"teamId": "1610612762", "seasonStart": "2017", "seasonEnd": "2018"}, {"teamId": "1610612763", "seasonStart": "2019", "seasonEnd": "2019"}], "draft": {"teamId": "1610612739", "pickNum": "34", "roundNum": "2", "seasonYear": "2012"}, "nbaDebutYear": "2012", "yearsPro": "7", "collegeName": "Marquette", "lastAffiliation": "Marquette/USA", "country": "USA"}