{"firstName": "Daniel", "lastName": "Theis", "temporaryDisplayName": "Theis, Daniel", "personId": "1628464", "teamId": "1610612738", "jersey": "27", "isActive": true, "pos": "F", "heightFeet": "6", "heightInches": "8", "heightMeters": "2.03", "weightPounds": "243", "weightKilograms": "110.2", "dateOfBirthUTC": "1992-04-04", "teamSitesOnly": {"playerCode": "daniel_theis", "posFull": "Forward", "displayAffiliation": "Germany", "freeAgentCode": ""}, "teams": [{"teamId": "1610612738", "seasonStart": "2017", "seasonEnd": "2019"}], "draft": {"teamId": "", "pickNum": "", "roundNum": "", "seasonYear": ""}, "nbaDebutYear": "2017", "yearsPro": "2", "collegeName": " ", "lastAffiliation": "Germany/Germany", "country": "Germany"}