{"firstName": "Luka", "lastName": "Samanic", "temporaryDisplayName": "Samanic, Luka", "personId": "1629677", "teamId": "1610612759", "jersey": "19", "isActive": true, "pos": "F", "heightFeet": "6", "heightInches": "11", "heightMeters": "2.11", "weightPounds": "227", "weightKilograms": "103.0", "dateOfBirthUTC": "2000-01-09", "teamSitesOnly": {"playerCode": "luka_samanic", "posFull": "Forward", "displayAffiliation": "Croatia", "freeAgentCode": ""}, "teams": [{"teamId": "1610612759", "seasonStart": "2019", "seasonEnd": "2019"}], "draft": {"teamId": "1610612759", "pickNum": "19", "roundNum": "1", "seasonYear": "2019"}, "nbaDebutYear": "", "yearsPro": "0", "collegeName": " ", "lastAffiliation": " Croatia/Croatia", "country": "Croatia"}