{"firstName": "Daulton", "lastName": "Hommes", "temporaryDisplayName": "Hommes, Daulton", "personId": "1629756", "teamId": "1610612759", "jersey": "34", "isActive": true, "pos": "F", "heightFeet": "6", "heightInches": "8", "heightMeters": "2.03", "weightPounds": "215", "weightKilograms": "97.5", "dateOfBirthUTC": "1996-07-04", "teamSitesOnly": {"playerCode": "daulton_hommes", "posFull": "Forward", "displayAffiliation": "Point Loma (CA)/USA", "freeAgentCode": ""}, "teams": [{"teamId": "1610612759", "seasonStart": "2019", "seasonEnd": "2019"}], "draft": {"teamId": "", "pickNum": "", "roundNum": "", "seasonYear": ""}, "nbaDebutYear": "", "yearsPro": "0", "collegeName": "", "lastAffiliation": " USA", "country": "USA"}