{"firstName": "Justin", "lastName": "Robinson", "temporaryDisplayName": "Robinson, Justin", "personId": "1629620", "teamId": "1610612764", "jersey": "5", "isActive": true, "pos": "G", "heightFeet": "6", "heightInches": "2", "heightMeters": "1.88", "weightPounds": "195", "weightKilograms": "88.5", "dateOfBirthUTC": "1997-10-12", "teamSitesOnly": {"playerCode": "justin_robinson", "posFull": "Guard", "displayAffiliation": "Virginia Tech/USA", "freeAgentCode": ""}, "teams": [{"teamId": "1610612764", "seasonStart": "2019", "seasonEnd": "2019"}], "draft": {"teamId": "", "pickNum": "", "roundNum": "", "seasonYear": ""}, "nbaDebutYear": "", "yearsPro": "0", "collegeName": "Virginia Tech", "lastAffiliation": "Virginia Tech/USA", "country": "USA"}