{"firstName": "Wes", "lastName": "Iwundu", "temporaryDisplayName": "Iwundu, Wes", "personId": "1628411", "teamId": "1610612753", "jersey": "25", "isActive": true, "pos": "F", "heightFeet": "6", "heightInches": "7", "heightMeters": "2.01", "weightPounds": "195", "weightKilograms": "88.5", "dateOfBirthUTC": "1994-12-20", "teamSitesOnly": {"playerCode": "wes_iwundu", "posFull": "Forward", "displayAffiliation": "Kansas State/USA", "freeAgentCode": ""}, "teams": [{"teamId": "1610612753", "seasonStart": "2017", "seasonEnd": "2019"}], "draft": {"teamId": "1610612753", "pickNum": "33", "roundNum": "2", "seasonYear": "2017"}, "nbaDebutYear": "2017", "yearsPro": "2", "collegeName": "Kansas State", "lastAffiliation": "Kansas State/USA", "country": "USA"}