{"firstName": "Amir", "lastName": "Hinton", "temporaryDisplayName": "Hinton, Amir", "personId": "1629609", "teamId": "1610612752", "jersey": "18", "isActive": true, "pos": "G", "heightFeet": "6", "heightInches": "5", "heightMeters": "1.96", "weightPounds": "190", "weightKilograms": "86.2", "dateOfBirthUTC": "1997-02-14", "teamSitesOnly": {"playerCode": "amir_hinton", "posFull": "Guard", "displayAffiliation": "Shaw/USA", "freeAgentCode": ""}, "teams": [{"teamId": "1610612752", "seasonStart": "2019", "seasonEnd": "2019"}], "draft": {"teamId": "", "pickNum": "", "roundNum": "", "seasonYear": ""}, "nbaDebutYear": "", "yearsPro": "0", "collegeName": "Shaw University", "lastAffiliation": "Shaw University/USA", "country": "USA"}