{"firstName": "Hollis", "lastName": "Thompson", "temporaryDisplayName": "Thompson, Hollis", "personId": "203138", "teamId": "1610612758", "jersey": "", "isActive": true, "pos": "F-G", "heightFeet": "6", "heightInches": "8", "heightMeters": "2.03", "weightPounds": "206", "weightKilograms": "93.4", "dateOfBirthUTC": "1991-04-03", "teamSitesOnly": {"playerCode": "hollis_thompson", "posFull": "Forward-Guard", "displayAffiliation": "Georgetown/USA", "freeAgentCode": ""}, "teams": [{"teamId": "1610612755", "seasonStart": "2013", "seasonEnd": "2016"}, {"teamId": "1610612740", "seasonStart": "2016", "seasonEnd": "2016"}, {"teamId": "1610612758", "seasonStart": "2019", "seasonEnd": "2019"}], "draft": {"teamId": "", "pickNum": "", "roundNum": "", "seasonYear": ""}, "nbaDebutYear": "2013", "yearsPro": "4", "collegeName": "Georgetown", "lastAffiliation": "Georgetown/USA", "country": "USA"}