[{"SEASON_ID": "22018", "Player_ID": 1628960, "Game_ID": "0021801229", "GAME_DATE": "APR 10, 2019", "MATCHUP": "UTA @ LAC", "WL": "L", "MIN": 41, "FGM": 11, "FGA": 30, "FG_PCT": 0.367, "FG3M": 5, "FG3A": 13, "FG3_PCT": 0.385, "FTM": 13, "FTA": 14, "FT_PCT": 0.929, "OREB": 2, "DREB": 5, "REB": 7, "AST": 4, "STL": 1, "BLK": 1, "TOV": 3, "PF": 1, "PTS": 40, "PLUS_MINUS": -3, "VIDEO_AVAILABLE": 1}, {"SEASON_ID": "22018", "Player_ID": 1628960, "Game_ID": "0021801217", "GAME_DATE": "APR 09, 2019", "MATCHUP": "UTA vs. DEN", "WL": "W", "MIN": 13, "FGM": 0, "FGA": 2, "FG_PCT": 0.0, "FG3M": 0, "FG3A": 2, "FG3_PCT": 0.0, "FTM": 2, "FTA": 2, "FT_PCT": 1.0, "OREB": 0, "DREB": 1, "REB": 1, "AST": 0, "STL": 0, "BLK": 0, "TOV": 1, "PF": 3, "PTS": 2, "PLUS_MINUS": -13, "VIDEO_AVAILABLE": 1}, {"SEASON_ID": "22018", "Player_ID": 1628960, "Game_ID": "0021801208", "GAME_DATE": "APR 07, 2019", "MATCHUP": "UTA @ LAL", "WL": "L", "MIN": 15, "FGM": 2, "FGA": 5, "FG_PCT": 0.4, "FG3M": 0, "FG3A": 1, "FG3_PCT": 0.0, "FTM": 1, "FTA": 2, "FT_PCT": 0.5, "OREB": 0, "DREB": 1, "REB": 1, "AST": 1, "STL": 0, "BLK": 0, "TOV": 0, "PF": 2, "PTS": 5, "PLUS_MINUS": -7, "VIDEO_AVAILABLE": 1}, {"SEASON_ID": "22018", "Player_ID": 1628960, "Game_ID": "0021801188", "GAME_DATE": "APR 05, 2019", "MATCHUP": "UTA vs. SAC", "WL": "W", "MIN": 26, "FGM": 10, "FGA": 14, "FG_PCT": 0.714, "FG3M": 3, "FG3A": 4, "FG3_PCT": 0.75, "FTM": 0, "FTA": 0, "FT_PCT": 0.0, "OREB": 0, "DREB": 0, "REB": 0, "AST": 2, "STL": 1, "BLK": 1, "TOV": 6, "PF": 5, "PTS": 23, "PLUS_MINUS": 7, "VIDEO_AVAILABLE": 1}, {"SEASON_ID": "22018", "Player_ID": 1628960, "Game_ID": "0021801174", "GAME_DATE": "APR 03, 2019", "MATCHUP": "UTA @ PHX", "WL": "W", "MIN": 19, "FGM": 6, "FGA": 9, "FG_PCT": 0.667, "FG3M": 2, "FG3A": 5, "FG3_PCT": 0.4, "FTM": 0, "FTA": 0, "FT_PCT": 0.0, "OREB": 0, "DREB": 3, "REB": 3, "AST": 0, "STL": 0, "BLK": 1, "TOV": 5, "PF": 1, "PTS": 14, "PLUS_MINUS": 9, "VIDEO_AVAILABLE": 1}, {"SEASON_ID": "22018", "Player_ID": 1628960, "Game_ID": "0021801121", "GAME_DATE": "MAR 27, 2019", "MATCHUP": "UTA vs. LAL", "WL": "W", "MIN": 2, "FGM": 0, "FGA": 1, "FG_PCT": 0.0, "FG3M": 0, "FG3A": 0, "FG3_PCT": 0.0, "FTM": 1, "FTA": 2, "FT_PCT": 0.5, "OREB": 0, "DREB": 0, "REB": 0, "AST": 0, "STL": 0, "BLK": 0, "TOV": 0, "PF": 0, "PTS": 1, "PLUS_MINUS": -7, "VIDEO_AVAILABLE": 1}, {"SEASON_ID": "22018", "Player_ID": 1628960, "Game_ID": "0021801068", "GAME_DATE": "MAR 20, 2019", "MATCHUP": "UTA @ NYK", "WL": "W", "MIN": 8, "FGM": 2, "FGA": 3, "FG_PCT": 0.667, "FG3M": 1, "FG3A": 1, "FG3_PCT": 1.0, "FTM": 1, "FTA": 2, "FT_PCT": 0.5, "OREB": 0, "DREB": 0, "REB": 0, "AST": 0, "STL": 0, "BLK": 0, "TOV": 1, "PF": 3, "PTS": 6, "PLUS_MINUS": -9, "VIDEO_AVAILABLE": 1}, {"SEASON_ID": "22018", "Player_ID": 1628960, "Game_ID": "0021801005", "GAME_DATE": "MAR 11, 2019", "MATCHUP": "UTA vs. OKC", "WL": "L", "MIN": 2, "FGM": 1, "FGA": 1, "FG_PCT": 1.0, "FG3M": 1, "FG3A": 1, "FG3_PCT": 1.0, "FTM": 0, "FTA": 0, "FT_PCT": 0.0, "OREB": 0, "DREB": 0, "REB": 0, "AST": 0, "STL": 0, "BLK": 0, "TOV": 0, "PF": 0, "PTS": 3, "PLUS_MINUS": 5, "VIDEO_AVAILABLE": 1}, {"SEASON_ID": "22018", "Player_ID": 1628960, "Game_ID": "0021800982", "GAME_DATE": "MAR 08, 2019", "MATCHUP": "UTA @ MEM", "WL": "L", "MIN": 4, "FGM": 1, "FGA": 2, "FG_PCT": 0.5, "FG3M": 1, "FG3A": 2, "FG3_PCT": 0.5, "FTM": 0, "FTA": 0, "FT_PCT": 0.0, "OREB": 0, "DREB": 0, "REB": 0, "AST": 0, "STL": 0, "BLK": 0, "TOV": 1, "PF": 0, "PTS": 3, "PLUS_MINUS": -3, "VIDEO_AVAILABLE": 1}, {"SEASON_ID": "22018", "Player_ID": 1628960, "Game_ID": "0021800926", "GAME_DATE": "FEB 28, 2019", "MATCHUP": "UTA @ DEN", "WL": "W", "MIN": 10, "FGM": 0, "FGA": 2, "FG_PCT": 0.0, "FG3M": 0, "FG3A": 1, "FG3_PCT": 0.0, "FTM": 0, "FTA": 2, "FT_PCT": 0.0, "OREB": 0, "DREB": 0, "REB": 0, "AST": 1, "STL": 0, "BLK": 0, "TOV": 0, "PF": 2, "PTS": 0, "PLUS_MINUS": 5, "VIDEO_AVAILABLE": 1}, {"SEASON_ID": "22018", "Player_ID": 1628960, "Game_ID": "0021800825", "GAME_DATE": "FEB 09, 2019", "MATCHUP": "UTA vs. SAS", "WL": "W", "MIN": 3, "FGM": 1, "FGA": 2, "FG_PCT": 0.5, "FG3M": 1, "FG3A": 2, "FG3_PCT": 0.5, "FTM": 2, "FTA": 2, "FT_PCT": 1.0, "OREB": 0, "DREB": 0, "REB": 0, "AST": 0, "STL": 0, "BLK": 0, "TOV": 0, "PF": 0, "PTS": 5, "PLUS_MINUS": 0, "VIDEO_AVAILABLE": 1}, {"SEASON_ID": "22018", "Player_ID": 1628960, "Game_ID": "0021800808", "GAME_DATE": "FEB 06, 2019", "MATCHUP": "UTA vs. PHX", "WL": "W", "MIN": 3, "FGM": 0, "FGA": 2, "FG_PCT": 0.0, "FG3M": 0, "FG3A": 1, "FG3_PCT": 0.0, "FTM": 0, "FTA": 0, "FT_PCT": 0.0, "OREB": 0, "DREB": 1, "REB": 1, "AST": 0, "STL": 0, "BLK": 0, "TOV": 0, "PF": 0, "PTS": 0, "PLUS_MINUS": 3, "VIDEO_AVAILABLE": 1}, {"SEASON_ID": "22018", "Player_ID": 1628960, "Game_ID": "0021800786", "GAME_DATE": "FEB 02, 2019", "MATCHUP": "UTA vs. HOU", "WL": "L", "MIN": 3, "FGM": 0, "FGA": 1, "FG_PCT": 0.0, "FG3M": 0, "FG3A": 1, "FG3_PCT": 0.0, "FTM": 2, "FTA": 4, "FT_PCT": 0.5, "OREB": 0, "DREB": 1, "REB": 1, "AST": 1, "STL": 0, "BLK": 0, "TOV": 1, "PF": 0, "PTS": 2, "PLUS_MINUS": -10, "VIDEO_AVAILABLE": 1}, {"SEASON_ID": "22018", "Player_ID": 1628960, "Game_ID": "0021800773", "GAME_DATE": "FEB 01, 2019", "MATCHUP": "UTA vs. ATL", "WL": "W", "MIN": 8, "FGM": 0, "FGA": 3, "FG_PCT": 0.0, "FG3M": 0, "FG3A": 3, "FG3_PCT": 0.0, "FTM": 0, "FTA": 0, "FT_PCT": 0.0, "OREB": 0, "DREB": 0, "REB": 0, "AST": 0, "STL": 0, "BLK": 1, "TOV": 0, "PF": 1, "PTS": 0, "PLUS_MINUS": -9, "VIDEO_AVAILABLE": 1}, {"SEASON_ID": "22018", "Player_ID": 1628960, "Game_ID": "0021800763", "GAME_DATE": "JAN 30, 2019", "MATCHUP": "UTA @ POR", "WL": "L", "MIN": 17, "FGM": 4, "FGA": 11, "FG_PCT": 0.364, "FG3M": 2, "FG3A": 5, "FG3_PCT": 0.4, "FTM": 0, "FTA": 0, "FT_PCT": 0.0, "OREB": 0, "DREB": 1, "REB": 1, "AST": 1, "STL": 2, "BLK": 0, "TOV": 1, "PF": 2, "PTS": 10, "PLUS_MINUS": -9, "VIDEO_AVAILABLE": 1}, {"SEASON_ID": "22018", "Player_ID": 1628960, "Game_ID": "0021800740", "GAME_DATE": "JAN 27, 2019", "MATCHUP": "UTA @ MIN", "WL": "W", "MIN": 1, "FGM": 0, "FGA": 0, "FG_PCT": 0.0, "FG3M": 0, "FG3A": 0, "FG3_PCT": 0.0, "FTM": 0, "FTA": 0, "FT_PCT": 0.0, "OREB": 0, "DREB": 1, "REB": 1, "AST": 0, "STL": 0, "BLK": 0, "TOV": 0, "PF": 0, "PTS": 0, "PLUS_MINUS": 0, "VIDEO_AVAILABLE": 1}, {"SEASON_ID": "22018", "Player_ID": 1628960, "Game_ID": "0021800715", "GAME_DATE": "JAN 23, 2019", "MATCHUP": "UTA vs. DEN", "WL": "W", "MIN": 3, "FGM": 0, "FGA": 0, "FG_PCT": 0.0, "FG3M": 0, "FG3A": 0, "FG3_PCT": 0.0, "FTM": 0, "FTA": 0, "FT_PCT": 0.0, "OREB": 0, "DREB": 0, "REB": 0, "AST": 0, "STL": 0, "BLK": 0, "TOV": 0, "PF": 0, "PTS": 0, "PLUS_MINUS": -4, "VIDEO_AVAILABLE": 1}, {"SEASON_ID": "22018", "Player_ID": 1628960, "Game_ID": "0021800675", "GAME_DATE": "JAN 18, 2019", "MATCHUP": "UTA vs. CLE", "WL": "W", "MIN": 24, "FGM": 2, "FGA": 9, "FG_PCT": 0.222, "FG3M": 1, "FG3A": 6, "FG3_PCT": 0.167, "FTM": 2, "FTA": 2, "FT_PCT": 1.0, "OREB": 0, "DREB": 0, "REB": 0, "AST": 3, "STL": 0, "BLK": 0, "TOV": 1, "PF": 5, "PTS": 7, "PLUS_MINUS": -9, "VIDEO_AVAILABLE": 1}, {"SEASON_ID": "22018", "Player_ID": 1628960, "Game_ID": "0021800664", "GAME_DATE": "JAN 16, 2019", "MATCHUP": "UTA @ LAC", "WL": "W", "MIN": 15, "FGM": 2, "FGA": 7, "FG_PCT": 0.286, "FG3M": 1, "FG3A": 2, "FG3_PCT": 0.5, "FTM": 1, "FTA": 1, "FT_PCT": 1.0, "OREB": 0, "DREB": 0, "REB": 0, "AST": 4, "STL": 1, "BLK": 0, "TOV": 2, "PF": 1, "PTS": 6, "PLUS_MINUS": -5, "VIDEO_AVAILABLE": 1}, {"SEASON_ID": "22018", "Player_ID": 1628960, "Game_ID": "0021800648", "GAME_DATE": "JAN 14, 2019", "MATCHUP": "UTA vs. DET", "WL": "W", "MIN": 20, "FGM": 3, "FGA": 8, "FG_PCT": 0.375, "FG3M": 2, "FG3A": 5, "FG3_PCT": 0.4, "FTM": 0, "FTA": 0, "FT_PCT": 0.0, "OREB": 0, "DREB": 1, "REB": 1, "AST": 1, "STL": 0, "BLK": 1, "TOV": 0, "PF": 3, "PTS": 8, "PLUS_MINUS": -3, "VIDEO_AVAILABLE": 1}, {"SEASON_ID": "22018", "Player_ID": 1628960, "Game_ID": "0021800637", "GAME_DATE": "JAN 12, 2019", "MATCHUP": "UTA vs. CHI", "WL": "W", "MIN": 14, "FGM": 2, "FGA": 4, "FG_PCT": 0.5, "FG3M": 1, "FG3A": 3, "FG3_PCT": 0.333, "FTM": 2, "FTA": 2, "FT_PCT": 1.0, "OREB": 0, "DREB": 1, "REB": 1, "AST": 0, "STL": 0, "BLK": 1, "TOV": 1, "PF": 0, "PTS": 7, "PLUS_MINUS": -10, "VIDEO_AVAILABLE": 1}, {"SEASON_ID": "22018", "Player_ID": 1628960, "Game_ID": "0021800413", "GAME_DATE": "DEC 12, 2018", "MATCHUP": "UTA vs. MIA", "WL": "W", "MIN": 9, "FGM": 1, "FGA": 5, "FG_PCT": 0.2, "FG3M": 1, "FG3A": 4, "FG3_PCT": 0.25, "FTM": 0, "FTA": 0, "FT_PCT": 0.0, "OREB": 0, "DREB": 0, "REB": 0, "AST": 1, "STL": 0, "BLK": 0, "TOV": 0, "PF": 1, "PTS": 3, "PLUS_MINUS": -13, "VIDEO_AVAILABLE": 1}, {"SEASON_ID": "22018", "Player_ID": 1628960, "Game_ID": "0021800390", "GAME_DATE": "DEC 09, 2018", "MATCHUP": "UTA @ SAS", "WL": "L", "MIN": 0, "FGM": 0, "FGA": 0, "FG_PCT": 0.0, "FG3M": 0, "FG3A": 0, "FG3_PCT": 0.0, "FTM": 0, "FTA": 0, "FT_PCT": 0.0, "OREB": 0, "DREB": 0, "REB": 0, "AST": 0, "STL": 0, "BLK": 0, "TOV": 0, "PF": 0, "PTS": 0, "PLUS_MINUS": 0, "VIDEO_AVAILABLE": 1}, {"SEASON_ID": "22018", "Player_ID": 1628960, "Game_ID": "0021800367", "GAME_DATE": "DEC 06, 2018", "MATCHUP": "UTA vs. HOU", "WL": "W", "MIN": 8, "FGM": 0, "FGA": 2, "FG_PCT": 0.0, "FG3M": 0, "FG3A": 2, "FG3_PCT": 0.0, "FTM": 2, "FTA": 2, "FT_PCT": 1.0, "OREB": 0, "DREB": 2, "REB": 2, "AST": 0, "STL": 0, "BLK": 0, "TOV": 0, "PF": 1, "PTS": 2, "PLUS_MINUS": -4, "VIDEO_AVAILABLE": 1}, {"SEASON_ID": "22018", "Player_ID": 1628960, "Game_ID": "0021800299", "GAME_DATE": "NOV 26, 2018", "MATCHUP": "UTA vs. IND", "WL": "L", "MIN": 13, "FGM": 1, "FGA": 4, "FG_PCT": 0.25, "FG3M": 0, "FG3A": 1, "FG3_PCT": 0.0, "FTM": 3, "FTA": 4, "FT_PCT": 0.75, "OREB": 0, "DREB": 0, "REB": 0, "AST": 1, "STL": 0, "BLK": 0, "TOV": 1, "PF": 0, "PTS": 5, "PLUS_MINUS": -19, "VIDEO_AVAILABLE": 1}, {"SEASON_ID": "22018", "Player_ID": 1628960, "Game_ID": "0021800292", "GAME_DATE": "NOV 25, 2018", "MATCHUP": "UTA @ SAC", "WL": "W", "MIN": 13, "FGM": 2, "FGA": 5, "FG_PCT": 0.4, "FG3M": 2, "FG3A": 5, "FG3_PCT": 0.4, "FTM": 3, "FTA": 6, "FT_PCT": 0.5, "OREB": 1, "DREB": 0, "REB": 1, "AST": 1, "STL": 0, "BLK": 0, "TOV": 1, "PF": 1, "PTS": 9, "PLUS_MINUS": 14, "VIDEO_AVAILABLE": 1}, {"SEASON_ID": "22018", "Player_ID": 1628960, "Game_ID": "0021800278", "GAME_DATE": "NOV 23, 2018", "MATCHUP": "UTA @ LAL", "WL": "L", "MIN": 3, "FGM": 0, "FGA": 1, "FG_PCT": 0.0, "FG3M": 0, "FG3A": 0, "FG3_PCT": 0.0, "FTM": 0, "FTA": 0, "FT_PCT": 0.0, "OREB": 0, "DREB": 0, "REB": 0, "AST": 0, "STL": 1, "BLK": 0, "TOV": 1, "PF": 1, "PTS": 0, "PLUS_MINUS": -2, "VIDEO_AVAILABLE": 1}, {"SEASON_ID": "22018", "Player_ID": 1628960, "Game_ID": "0021800241", "GAME_DATE": "NOV 19, 2018", "MATCHUP": "UTA @ IND", "WL": "L", "MIN": 5, "FGM": 2, "FGA": 5, "FG_PCT": 0.4, "FG3M": 1, "FG3A": 3, "FG3_PCT": 0.333, "FTM": 0, "FTA": 0, "FT_PCT": 0.0, "OREB": 0, "DREB": 0, "REB": 0, "AST": 0, "STL": 0, "BLK": 0, "TOV": 1, "PF": 1, "PTS": 5, "PLUS_MINUS": -3, "VIDEO_AVAILABLE": 1}, {"SEASON_ID": "22018", "Player_ID": 1628960, "Game_ID": "0021800229", "GAME_DATE": "NOV 17, 2018", "MATCHUP": "UTA @ BOS", "WL": "W", "MIN": 2, "FGM": 0, "FGA": 2, "FG_PCT": 0.0, "FG3M": 0, "FG3A": 2, "FG3_PCT": 0.0, "FTM": 0, "FTA": 0, "FT_PCT": 0.0, "OREB": 0, "DREB": 0, "REB": 0, "AST": 0, "STL": 0, "BLK": 0, "TOV": 0, "PF": 0, "PTS": 0, "PLUS_MINUS": -6, "VIDEO_AVAILABLE": 1}, {"SEASON_ID": "22018", "Player_ID": 1628960, "Game_ID": "0021800210", "GAME_DATE": "NOV 14, 2018", "MATCHUP": "UTA @ DAL", "WL": "L", "MIN": 21, "FGM": 2, "FGA": 9, "FG_PCT": 0.222, "FG3M": 1, "FG3A": 5, "FG3_PCT": 0.2, "FTM": 0, "FTA": 0, "FT_PCT": 0.0, "OREB": 0, "DREB": 0, "REB": 0, "AST": 1, "STL": 0, "BLK": 0, "TOV": 4, "PF": 5, "PTS": 5, "PLUS_MINUS": -26, "VIDEO_AVAILABLE": 1}, {"SEASON_ID": "22018", "Player_ID": 1628960, "Game_ID": "0021800146", "GAME_DATE": "NOV 05, 2018", "MATCHUP": "UTA vs. TOR", "WL": "L", "MIN": 16, "FGM": 3, "FGA": 8, "FG_PCT": 0.375, "FG3M": 2, "FG3A": 6, "FG3_PCT": 0.333, "FTM": 1, "FTA": 3, "FT_PCT": 0.333, "OREB": 0, "DREB": 0, "REB": 0, "AST": 0, "STL": 0, "BLK": 0, "TOV": 0, "PF": 0, "PTS": 9, "PLUS_MINUS": 13, "VIDEO_AVAILABLE": 1}, {"SEASON_ID": "22018", "Player_ID": 1628960, "Game_ID": "0021800131", "GAME_DATE": "NOV 03, 2018", "MATCHUP": "UTA @ DEN", "WL": "L", "MIN": 5, "FGM": 0, "FGA": 1, "FG_PCT": 0.0, "FG3M": 0, "FG3A": 1, "FG3_PCT": 0.0, "FTM": 0, "FTA": 0, "FT_PCT": 0.0, "OREB": 0, "DREB": 0, "REB": 0, "AST": 0, "STL": 0, "BLK": 0, "TOV": 0, "PF": 1, "PTS": 0, "PLUS_MINUS": 4, "VIDEO_AVAILABLE": 1}, {"SEASON_ID": "22018", "Player_ID": 1628960, "Game_ID": "0021800122", "GAME_DATE": "NOV 02, 2018", "MATCHUP": "UTA vs. MEM", "WL": "L", "MIN": 27, "FGM": 3, "FGA": 8, "FG_PCT": 0.375, "FG3M": 2, "FG3A": 7, "FG3_PCT": 0.286, "FTM": 1, "FTA": 2, "FT_PCT": 0.5, "OREB": 0, "DREB": 0, "REB": 0, "AST": 1, "STL": 0, "BLK": 0, "TOV": 0, "PF": 4, "PTS": 9, "PLUS_MINUS": -18, "VIDEO_AVAILABLE": 1}, {"SEASON_ID": "22018", "Player_ID": 1628960, "Game_ID": "0021800107", "GAME_DATE": "OCT 31, 2018", "MATCHUP": "UTA @ MIN", "WL": "L", "MIN": 8, "FGM": 0, "FGA": 1, "FG_PCT": 0.0, "FG3M": 0, "FG3A": 0, "FG3_PCT": 0.0, "FTM": 0, "FTA": 0, "FT_PCT": 0.0, "OREB": 0, "DREB": 0, "REB": 0, "AST": 2, "STL": 0, "BLK": 0, "TOV": 0, "PF": 0, "PTS": 0, "PLUS_MINUS": 0, "VIDEO_AVAILABLE": 1}, {"SEASON_ID": "22018", "Player_ID": 1628960, "Game_ID": "0021800084", "GAME_DATE": "OCT 28, 2018", "MATCHUP": "UTA @ DAL", "WL": "W", "MIN": 13, "FGM": 3, "FGA": 3, "FG_PCT": 1.0, "FG3M": 1, "FG3A": 1, "FG3_PCT": 1.0, "FTM": 4, "FTA": 4, "FT_PCT": 1.0, "OREB": 0, "DREB": 1, "REB": 1, "AST": 0, "STL": 0, "BLK": 0, "TOV": 1, "PF": 0, "PTS": 11, "PLUS_MINUS": 17, "VIDEO_AVAILABLE": 1}, {"SEASON_ID": "22018", "Player_ID": 1628960, "Game_ID": "0021800075", "GAME_DATE": "OCT 27, 2018", "MATCHUP": "UTA @ NOP", "WL": "W", "MIN": 5, "FGM": 1, "FGA": 3, "FG_PCT": 0.333, "FG3M": 0, "FG3A": 1, "FG3_PCT": 0.0, "FTM": 2, "FTA": 2, "FT_PCT": 1.0, "OREB": 0, "DREB": 1, "REB": 1, "AST": 0, "STL": 0, "BLK": 0, "TOV": 1, "PF": 1, "PTS": 4, "PLUS_MINUS": -5, "VIDEO_AVAILABLE": 1}, {"SEASON_ID": "22018", "Player_ID": 1628960, "Game_ID": "0021800057", "GAME_DATE": "OCT 24, 2018", "MATCHUP": "UTA @ HOU", "WL": "W", "MIN": 4, "FGM": 0, "FGA": 3, "FG_PCT": 0.0, "FG3M": 0, "FG3A": 2, "FG3_PCT": 0.0, "FTM": 0, "FTA": 0, "FT_PCT": 0.0, "OREB": 0, "DREB": 0, "REB": 0, "AST": 0, "STL": 0, "BLK": 0, "TOV": 0, "PF": 0, "PTS": 0, "PLUS_MINUS": -2, "VIDEO_AVAILABLE": 1}, {"SEASON_ID": "22018", "Player_ID": 1628960, "Game_ID": "0021800045", "GAME_DATE": "OCT 22, 2018", "MATCHUP": "UTA vs. MEM", "WL": "L", "MIN": 11, "FGM": 2, "FGA": 2, "FG_PCT": 1.0, "FG3M": 1, "FG3A": 1, "FG3_PCT": 1.0, "FTM": 2, "FTA": 2, "FT_PCT": 1.0, "OREB": 0, "DREB": 0, "REB": 0, "AST": 0, "STL": 0, "BLK": 0, "TOV": 0, "PF": 2, "PTS": 7, "PLUS_MINUS": 6, "VIDEO_AVAILABLE": 1}]