{"firstName": "Grayson", "lastName": "Allen", "temporaryDisplayName": "Allen, Grayson", "personId": "1628960", "teamId": "1610612763", "jersey": "3", "isActive": true, "pos": "G", "heightFeet": "6", "heightInches": "5", "heightMeters": "1.96", "weightPounds": "198", "weightKilograms": "89.8", "dateOfBirthUTC": "1995-10-08", "teamSitesOnly": {"playerCode": "grayson_allen", "posFull": "Guard", "displayAffiliation": "Duke/USA", "freeAgentCode": ""}, "teams": [{"teamId": "1610612762", "seasonStart": "2018", "seasonEnd": "2018"}, {"teamId": "1610612763", "seasonStart": "2019", "seasonEnd": "2019"}], "draft": {"teamId": "1610612762", "pickNum": "21", "roundNum": "1", "seasonYear": "2018"}, "nbaDebutYear": "2018", "yearsPro": "1", "collegeName": "Duke", "lastAffiliation": "Duke University/USA", "country": "USA"}