{"firstName": "Thomas", "lastName": "Welsh", "temporaryDisplayName": "Welsh, Thomas", "personId": "1629118", "teamId": "1610612766", "jersey": "54", "isActive": true, "pos": "C", "heightFeet": "7", "heightInches": "0", "heightMeters": "2.13", "weightPounds": "255", "weightKilograms": "115.7", "dateOfBirthUTC": "1996-02-03", "teamSitesOnly": {"playerCode": "thomas_welsh", "posFull": "Center", "displayAffiliation": "UCLA/USA", "freeAgentCode": ""}, "teams": [{"teamId": "1610612743", "seasonStart": "2018", "seasonEnd": "2018"}, {"teamId": "1610612766", "seasonStart": "2019", "seasonEnd": "2019"}], "draft": {"teamId": "1610612743", "pickNum": "58", "roundNum": "2", "seasonYear": "2018"}, "nbaDebutYear": "2018", "yearsPro": "1", "collegeName": "UCLA", "lastAffiliation": " USA/USA", "country": "USA"}