[{"SEASON_ID": "22018", "Player_ID": 1627826, "Game_ID": "0021801229", "GAME_DATE": "APR 10, 2019", "MATCHUP": "LAC vs. UTA", "WL": "W", "MIN": 30, "FGM": 10, "FGA": 13, "FG_PCT": 0.769, "FG3M": 0, "FG3A": 0, "FG3_PCT": 0.0, "FTM": 2, "FTA": 2, "FT_PCT": 1.0, "OREB": 4, "DREB": 7, "REB": 11, "AST": 2, "STL": 0, "BLK": 3, "TOV": 3, "PF": 2, "PTS": 22, "PLUS_MINUS": 0, "VIDEO_AVAILABLE": 1}, {"SEASON_ID": "22018", "Player_ID": 1627826, "Game_ID": "0021801205", "GAME_DATE": "APR 07, 2019", "MATCHUP": "LAC @ GSW", "WL": "L", "MIN": 21, "FGM": 2, "FGA": 8, "FG_PCT": 0.25, "FG3M": 0, "FG3A": 0, "FG3_PCT": 0.0, "FTM": 3, "FTA": 4, "FT_PCT": 0.75, "OREB": 3, "DREB": 5, "REB": 8, "AST": 1, "STL": 0, "BLK": 0, "TOV": 0, "PF": 0, "PTS": 7, "PLUS_MINUS": -25, "VIDEO_AVAILABLE": 1}, {"SEASON_ID": "22018", "Player_ID": 1627826, "Game_ID": "0021801192", "GAME_DATE": "APR 05, 2019", "MATCHUP": "LAC vs. LAL", "WL": "L", "MIN": 19, "FGM": 5, "FGA": 8, "FG_PCT": 0.625, "FG3M": 0, "FG3A": 0, "FG3_PCT": 0.0, "FTM": 1, "FTA": 1, "FT_PCT": 1.0, "OREB": 1, "DREB": 7, "REB": 8, "AST": 0, "STL": 0, "BLK": 1, "TOV": 1, "PF": 0, "PTS": 11, "PLUS_MINUS": 4, "VIDEO_AVAILABLE": 1}, {"SEASON_ID": "22018", "Player_ID": 1627826, "Game_ID": "0021801176", "GAME_DATE": "APR 03, 2019", "MATCHUP": "LAC vs. HOU", "WL": "L", "MIN": 20, "FGM": 1, "FGA": 3, "FG_PCT": 0.333, "FG3M": 0, "FG3A": 0, "FG3_PCT": 0.0, "FTM": 3, "FTA": 4, "FT_PCT": 0.75, "OREB": 2, "DREB": 6, "REB": 8, "AST": 1, "STL": 3, "BLK": 1, "TOV": 1, "PF": 2, "PTS": 5, "PLUS_MINUS": -8, "VIDEO_AVAILABLE": 1}, {"SEASON_ID": "22018", "Player_ID": 1627826, "Game_ID": "0021801151", "GAME_DATE": "MAR 31, 2019", "MATCHUP": "LAC vs. MEM", "WL": "W", "MIN": 21, "FGM": 6, "FGA": 7, "FG_PCT": 0.857, "FG3M": 0, "FG3A": 0, "FG3_PCT": 0.0, "FTM": 1, "FTA": 2, "FT_PCT": 0.5, "OREB": 0, "DREB": 4, "REB": 4, "AST": 0, "STL": 1, "BLK": 1, "TOV": 3, "PF": 3, "PTS": 13, "PLUS_MINUS": 9, "VIDEO_AVAILABLE": 1}, {"SEASON_ID": "22018", "Player_ID": 1627826, "Game_ID": "0021801136", "GAME_DATE": "MAR 30, 2019", "MATCHUP": "LAC vs. CLE", "WL": "W", "MIN": 16, "FGM": 3, "FGA": 3, "FG_PCT": 1.0, "FG3M": 0, "FG3A": 0, "FG3_PCT": 0.0, "FTM": 0, "FTA": 0, "FT_PCT": 0.0, "OREB": 0, "DREB": 5, "REB": 5, "AST": 0, "STL": 0, "BLK": 1, "TOV": 1, "PF": 5, "PTS": 6, "PLUS_MINUS": 14, "VIDEO_AVAILABLE": 1}, {"SEASON_ID": "22018", "Player_ID": 1627826, "Game_ID": "0021801127", "GAME_DATE": "MAR 28, 2019", "MATCHUP": "LAC @ MIL", "WL": "L", "MIN": 18, "FGM": 5, "FGA": 8, "FG_PCT": 0.625, "FG3M": 0, "FG3A": 0, "FG3_PCT": 0.0, "FTM": 0, "FTA": 0, "FT_PCT": 0.0, "OREB": 2, "DREB": 4, "REB": 6, "AST": 1, "STL": 1, "BLK": 0, "TOV": 1, "PF": 3, "PTS": 10, "PLUS_MINUS": 3, "VIDEO_AVAILABLE": 1}, {"SEASON_ID": "22018", "Player_ID": 1627826, "Game_ID": "0021801112", "GAME_DATE": "MAR 26, 2019", "MATCHUP": "LAC @ MIN", "WL": "W", "MIN": 21, "FGM": 4, "FGA": 5, "FG_PCT": 0.8, "FG3M": 0, "FG3A": 0, "FG3_PCT": 0.0, "FTM": 0, "FTA": 0, "FT_PCT": 0.0, "OREB": 2, "DREB": 4, "REB": 6, "AST": 2, "STL": 1, "BLK": 0, "TOV": 2, "PF": 4, "PTS": 8, "PLUS_MINUS": 3, "VIDEO_AVAILABLE": 1}, {"SEASON_ID": "22018", "Player_ID": 1627826, "Game_ID": "0021801095", "GAME_DATE": "MAR 24, 2019", "MATCHUP": "LAC @ NYK", "WL": "W", "MIN": 20, "FGM": 4, "FGA": 5, "FG_PCT": 0.8, "FG3M": 0, "FG3A": 0, "FG3_PCT": 0.0, "FTM": 2, "FTA": 2, "FT_PCT": 1.0, "OREB": 3, "DREB": 7, "REB": 10, "AST": 1, "STL": 0, "BLK": 1, "TOV": 0, "PF": 2, "PTS": 10, "PLUS_MINUS": -10, "VIDEO_AVAILABLE": 1}, {"SEASON_ID": "22018", "Player_ID": 1627826, "Game_ID": "0021801081", "GAME_DATE": "MAR 22, 2019", "MATCHUP": "LAC @ CLE", "WL": "W", "MIN": 17, "FGM": 2, "FGA": 2, "FG_PCT": 1.0, "FG3M": 0, "FG3A": 0, "FG3_PCT": 0.0, "FTM": 2, "FTA": 2, "FT_PCT": 1.0, "OREB": 1, "DREB": 7, "REB": 8, "AST": 2, "STL": 0, "BLK": 3, "TOV": 0, "PF": 0, "PTS": 6, "PLUS_MINUS": 2, "VIDEO_AVAILABLE": 1}, {"SEASON_ID": "22018", "Player_ID": 1627826, "Game_ID": "0021801064", "GAME_DATE": "MAR 19, 2019", "MATCHUP": "LAC vs. IND", "WL": "W", "MIN": 19, "FGM": 4, "FGA": 6, "FG_PCT": 0.667, "FG3M": 0, "FG3A": 0, "FG3_PCT": 0.0, "FTM": 4, "FTA": 4, "FT_PCT": 1.0, "OREB": 4, "DREB": 5, "REB": 9, "AST": 1, "STL": 0, "BLK": 0, "TOV": 5, "PF": 1, "PTS": 12, "PLUS_MINUS": 3, "VIDEO_AVAILABLE": 1}, {"SEASON_ID": "22018", "Player_ID": 1627826, "Game_ID": "0021801049", "GAME_DATE": "MAR 17, 2019", "MATCHUP": "LAC vs. BKN", "WL": "W", "MIN": 14, "FGM": 1, "FGA": 9, "FG_PCT": 0.111, "FG3M": 0, "FG3A": 0, "FG3_PCT": 0.0, "FTM": 1, "FTA": 2, "FT_PCT": 0.5, "OREB": 7, "DREB": 1, "REB": 8, "AST": 2, "STL": 0, "BLK": 2, "TOV": 2, "PF": 2, "PTS": 3, "PLUS_MINUS": -3, "VIDEO_AVAILABLE": 1}, {"SEASON_ID": "22018", "Player_ID": 1627826, "Game_ID": "0021801033", "GAME_DATE": "MAR 15, 2019", "MATCHUP": "LAC vs. CHI", "WL": "W", "MIN": 24, "FGM": 4, "FGA": 8, "FG_PCT": 0.5, "FG3M": 0, "FG3A": 0, "FG3_PCT": 0.0, "FTM": 1, "FTA": 1, "FT_PCT": 1.0, "OREB": 4, "DREB": 3, "REB": 7, "AST": 2, "STL": 0, "BLK": 0, "TOV": 0, "PF": 5, "PTS": 9, "PLUS_MINUS": 3, "VIDEO_AVAILABLE": 2}, {"SEASON_ID": "22018", "Player_ID": 1627826, "Game_ID": "0021801013", "GAME_DATE": "MAR 12, 2019", "MATCHUP": "LAC vs. POR", "WL": "L", "MIN": 22, "FGM": 4, "FGA": 15, "FG_PCT": 0.267, "FG3M": 0, "FG3A": 0, "FG3_PCT": 0.0, "FTM": 2, "FTA": 2, "FT_PCT": 1.0, "OREB": 9, "DREB": 6, "REB": 15, "AST": 2, "STL": 0, "BLK": 0, "TOV": 1, "PF": 2, "PTS": 10, "PLUS_MINUS": -9, "VIDEO_AVAILABLE": 1}, {"SEASON_ID": "22018", "Player_ID": 1627826, "Game_ID": "0021801006", "GAME_DATE": "MAR 11, 2019", "MATCHUP": "LAC vs. BOS", "WL": "W", "MIN": 27, "FGM": 6, "FGA": 7, "FG_PCT": 0.857, "FG3M": 0, "FG3A": 0, "FG3_PCT": 0.0, "FTM": 2, "FTA": 2, "FT_PCT": 1.0, "OREB": 0, "DREB": 7, "REB": 7, "AST": 2, "STL": 0, "BLK": 0, "TOV": 3, "PF": 5, "PTS": 14, "PLUS_MINUS": 10, "VIDEO_AVAILABLE": 1}, {"SEASON_ID": "22018", "Player_ID": 1627826, "Game_ID": "0021800985", "GAME_DATE": "MAR 08, 2019", "MATCHUP": "LAC vs. OKC", "WL": "W", "MIN": 23, "FGM": 6, "FGA": 8, "FG_PCT": 0.75, "FG3M": 0, "FG3A": 0, "FG3_PCT": 0.0, "FTM": 2, "FTA": 6, "FT_PCT": 0.333, "OREB": 0, "DREB": 7, "REB": 7, "AST": 1, "STL": 1, "BLK": 2, "TOV": 2, "PF": 4, "PTS": 14, "PLUS_MINUS": 14, "VIDEO_AVAILABLE": 1}, {"SEASON_ID": "22018", "Player_ID": 1627826, "Game_ID": "0021800958", "GAME_DATE": "MAR 04, 2019", "MATCHUP": "LAC @ LAL", "WL": "W", "MIN": 14, "FGM": 3, "FGA": 4, "FG_PCT": 0.75, "FG3M": 0, "FG3A": 0, "FG3_PCT": 0.0, "FTM": 1, "FTA": 2, "FT_PCT": 0.5, "OREB": 1, "DREB": 3, "REB": 4, "AST": 1, "STL": 0, "BLK": 0, "TOV": 0, "PF": 2, "PTS": 7, "PLUS_MINUS": -3, "VIDEO_AVAILABLE": 1}, {"SEASON_ID": "22018", "Player_ID": 1627826, "Game_ID": "0021800947", "GAME_DATE": "MAR 03, 2019", "MATCHUP": "LAC vs. NYK", "WL": "W", "MIN": 23, "FGM": 3, "FGA": 9, "FG_PCT": 0.333, "FG3M": 0, "FG3A": 0, "FG3_PCT": 0.0, "FTM": 1, "FTA": 2, "FT_PCT": 0.5, "OREB": 2, "DREB": 9, "REB": 11, "AST": 5, "STL": 0, "BLK": 1, "TOV": 3, "PF": 3, "PTS": 7, "PLUS_MINUS": 16, "VIDEO_AVAILABLE": 1}, {"SEASON_ID": "22018", "Player_ID": 1627826, "Game_ID": "0021800933", "GAME_DATE": "MAR 01, 2019", "MATCHUP": "LAC @ SAC", "WL": "W", "MIN": 18, "FGM": 4, "FGA": 9, "FG_PCT": 0.444, "FG3M": 0, "FG3A": 0, "FG3_PCT": 0.0, "FTM": 2, "FTA": 4, "FT_PCT": 0.5, "OREB": 4, "DREB": 6, "REB": 10, "AST": 2, "STL": 0, "BLK": 2, "TOV": 0, "PF": 0, "PTS": 10, "PLUS_MINUS": 15, "VIDEO_AVAILABLE": 1}, {"SEASON_ID": "22018", "Player_ID": 1627826, "Game_ID": "0021800919", "GAME_DATE": "FEB 27, 2019", "MATCHUP": "LAC @ UTA", "WL": "L", "MIN": 18, "FGM": 3, "FGA": 9, "FG_PCT": 0.333, "FG3M": 0, "FG3A": 0, "FG3_PCT": 0.0, "FTM": 1, "FTA": 2, "FT_PCT": 0.5, "OREB": 3, "DREB": 5, "REB": 8, "AST": 3, "STL": 1, "BLK": 1, "TOV": 0, "PF": 2, "PTS": 7, "PLUS_MINUS": 10, "VIDEO_AVAILABLE": 1}, {"SEASON_ID": "22018", "Player_ID": 1627826, "Game_ID": "0021800907", "GAME_DATE": "FEB 25, 2019", "MATCHUP": "LAC vs. DAL", "WL": "W", "MIN": 19, "FGM": 3, "FGA": 5, "FG_PCT": 0.6, "FG3M": 0, "FG3A": 0, "FG3_PCT": 0.0, "FTM": 1, "FTA": 1, "FT_PCT": 1.0, "OREB": 1, "DREB": 7, "REB": 8, "AST": 3, "STL": 1, "BLK": 0, "TOV": 1, "PF": 1, "PTS": 7, "PLUS_MINUS": -5, "VIDEO_AVAILABLE": 1}, {"SEASON_ID": "22018", "Player_ID": 1627826, "Game_ID": "0021800895", "GAME_DATE": "FEB 24, 2019", "MATCHUP": "LAC @ DEN", "WL": "L", "MIN": 19, "FGM": 4, "FGA": 11, "FG_PCT": 0.364, "FG3M": 0, "FG3A": 0, "FG3_PCT": 0.0, "FTM": 0, "FTA": 0, "FT_PCT": 0.0, "OREB": 4, "DREB": 3, "REB": 7, "AST": 2, "STL": 0, "BLK": 1, "TOV": 1, "PF": 5, "PTS": 8, "PLUS_MINUS": -16, "VIDEO_AVAILABLE": 1}, {"SEASON_ID": "22018", "Player_ID": 1627826, "Game_ID": "0021800879", "GAME_DATE": "FEB 22, 2019", "MATCHUP": "LAC @ MEM", "WL": "W", "MIN": 21, "FGM": 3, "FGA": 5, "FG_PCT": 0.6, "FG3M": 0, "FG3A": 0, "FG3_PCT": 0.0, "FTM": 1, "FTA": 2, "FT_PCT": 0.5, "OREB": 3, "DREB": 5, "REB": 8, "AST": 0, "STL": 1, "BLK": 0, "TOV": 1, "PF": 3, "PTS": 7, "PLUS_MINUS": -7, "VIDEO_AVAILABLE": 1}, {"SEASON_ID": "22018", "Player_ID": 1627826, "Game_ID": "0021800863", "GAME_DATE": "FEB 13, 2019", "MATCHUP": "LAC vs. PHX", "WL": "W", "MIN": 22, "FGM": 4, "FGA": 7, "FG_PCT": 0.571, "FG3M": 0, "FG3A": 0, "FG3_PCT": 0.0, "FTM": 8, "FTA": 8, "FT_PCT": 1.0, "OREB": 0, "DREB": 7, "REB": 7, "AST": 1, "STL": 0, "BLK": 1, "TOV": 0, "PF": 2, "PTS": 16, "PLUS_MINUS": 23, "VIDEO_AVAILABLE": 1}, {"SEASON_ID": "22018", "Player_ID": 1627826, "Game_ID": "0021800845", "GAME_DATE": "FEB 11, 2019", "MATCHUP": "LAC @ MIN", "WL": "L", "MIN": 15, "FGM": 1, "FGA": 2, "FG_PCT": 0.5, "FG3M": 0, "FG3A": 0, "FG3_PCT": 0.0, "FTM": 1, "FTA": 2, "FT_PCT": 0.5, "OREB": 0, "DREB": 1, "REB": 1, "AST": 1, "STL": 0, "BLK": 0, "TOV": 4, "PF": 3, "PTS": 3, "PLUS_MINUS": -35, "VIDEO_AVAILABLE": 1}, {"SEASON_ID": "22018", "Player_ID": 1627826, "Game_ID": "0021800829", "GAME_DATE": "FEB 09, 2019", "MATCHUP": "LAC @ BOS", "WL": "W", "MIN": 23, "FGM": 5, "FGA": 10, "FG_PCT": 0.5, "FG3M": 0, "FG3A": 0, "FG3_PCT": 0.0, "FTM": 2, "FTA": 3, "FT_PCT": 0.667, "OREB": 1, "DREB": 8, "REB": 9, "AST": 0, "STL": 0, "BLK": 3, "TOV": 2, "PF": 3, "PTS": 12, "PLUS_MINUS": 11, "VIDEO_AVAILABLE": 1}, {"SEASON_ID": "22018", "Player_ID": 1627826, "Game_ID": "0021800798", "GAME_DATE": "FEB 05, 2019", "MATCHUP": "LAL @ IND", "WL": "L", "MIN": 19, "FGM": 4, "FGA": 5, "FG_PCT": 0.8, "FG3M": 0, "FG3A": 0, "FG3_PCT": 0.0, "FTM": 0, "FTA": 0, "FT_PCT": 0.0, "OREB": 1, "DREB": 3, "REB": 4, "AST": 1, "STL": 0, "BLK": 0, "TOV": 2, "PF": 2, "PTS": 8, "PLUS_MINUS": -17, "VIDEO_AVAILABLE": 1}, {"SEASON_ID": "22018", "Player_ID": 1627826, "Game_ID": "0021800782", "GAME_DATE": "FEB 02, 2019", "MATCHUP": "LAL @ GSW", "WL": "L", "MIN": 26, "FGM": 5, "FGA": 11, "FG_PCT": 0.455, "FG3M": 0, "FG3A": 0, "FG3_PCT": 0.0, "FTM": 0, "FTA": 1, "FT_PCT": 0.0, "OREB": 3, "DREB": 6, "REB": 9, "AST": 1, "STL": 0, "BLK": 2, "TOV": 1, "PF": 3, "PTS": 10, "PLUS_MINUS": -7, "VIDEO_AVAILABLE": 1}, {"SEASON_ID": "22018", "Player_ID": 1627826, "Game_ID": "0021800769", "GAME_DATE": "JAN 31, 2019", "MATCHUP": "LAL @ LAC", "WL": "W", "MIN": 18, "FGM": 1, "FGA": 6, "FG_PCT": 0.167, "FG3M": 0, "FG3A": 0, "FG3_PCT": 0.0, "FTM": 5, "FTA": 6, "FT_PCT": 0.833, "OREB": 0, "DREB": 3, "REB": 3, "AST": 1, "STL": 0, "BLK": 0, "TOV": 1, "PF": 1, "PTS": 7, "PLUS_MINUS": -2, "VIDEO_AVAILABLE": 1}, {"SEASON_ID": "22018", "Player_ID": 1627826, "Game_ID": "0021800755", "GAME_DATE": "JAN 29, 2019", "MATCHUP": "LAL vs. PHI", "WL": "L", "MIN": 17, "FGM": 2, "FGA": 5, "FG_PCT": 0.4, "FG3M": 0, "FG3A": 0, "FG3_PCT": 0.0, "FTM": 3, "FTA": 4, "FT_PCT": 0.75, "OREB": 2, "DREB": 0, "REB": 2, "AST": 3, "STL": 0, "BLK": 0, "TOV": 2, "PF": 3, "PTS": 7, "PLUS_MINUS": -12, "VIDEO_AVAILABLE": 1}, {"SEASON_ID": "22018", "Player_ID": 1627826, "Game_ID": "0021800743", "GAME_DATE": "JAN 27, 2019", "MATCHUP": "LAL vs. PHX", "WL": "W", "MIN": 35, "FGM": 9, "FGA": 16, "FG_PCT": 0.563, "FG3M": 0, "FG3A": 0, "FG3_PCT": 0.0, "FTM": 6, "FTA": 7, "FT_PCT": 0.857, "OREB": 5, "DREB": 11, "REB": 16, "AST": 0, "STL": 0, "BLK": 4, "TOV": 2, "PF": 6, "PTS": 24, "PLUS_MINUS": 18, "VIDEO_AVAILABLE": 1}, {"SEASON_ID": "22018", "Player_ID": 1627826, "Game_ID": "0021800719", "GAME_DATE": "JAN 24, 2019", "MATCHUP": "LAL vs. MIN", "WL": "L", "MIN": 21, "FGM": 5, "FGA": 12, "FG_PCT": 0.417, "FG3M": 0, "FG3A": 0, "FG3_PCT": 0.0, "FTM": 0, "FTA": 0, "FT_PCT": 0.0, "OREB": 4, "DREB": 4, "REB": 8, "AST": 1, "STL": 0, "BLK": 0, "TOV": 4, "PF": 3, "PTS": 10, "PLUS_MINUS": -10, "VIDEO_AVAILABLE": 1}, {"SEASON_ID": "22018", "Player_ID": 1627826, "Game_ID": "0021800701", "GAME_DATE": "JAN 21, 2019", "MATCHUP": "LAL vs. GSW", "WL": "L", "MIN": 21, "FGM": 7, "FGA": 8, "FG_PCT": 0.875, "FG3M": 0, "FG3A": 0, "FG3_PCT": 0.0, "FTM": 4, "FTA": 4, "FT_PCT": 1.0, "OREB": 0, "DREB": 4, "REB": 4, "AST": 0, "STL": 0, "BLK": 1, "TOV": 2, "PF": 3, "PTS": 18, "PLUS_MINUS": -1, "VIDEO_AVAILABLE": 1}, {"SEASON_ID": "22018", "Player_ID": 1627826, "Game_ID": "0021800686", "GAME_DATE": "JAN 19, 2019", "MATCHUP": "LAL @ HOU", "WL": "L", "MIN": 21, "FGM": 4, "FGA": 6, "FG_PCT": 0.667, "FG3M": 0, "FG3A": 0, "FG3_PCT": 0.0, "FTM": 9, "FTA": 9, "FT_PCT": 1.0, "OREB": 2, "DREB": 5, "REB": 7, "AST": 1, "STL": 0, "BLK": 1, "TOV": 0, "PF": 6, "PTS": 17, "PLUS_MINUS": 3, "VIDEO_AVAILABLE": 1}, {"SEASON_ID": "22018", "Player_ID": 1627826, "Game_ID": "0021800670", "GAME_DATE": "JAN 17, 2019", "MATCHUP": "LAL @ OKC", "WL": "W", "MIN": 28, "FGM": 12, "FGA": 14, "FG_PCT": 0.857, "FG3M": 0, "FG3A": 0, "FG3_PCT": 0.0, "FTM": 2, "FTA": 3, "FT_PCT": 0.667, "OREB": 6, "DREB": 6, "REB": 12, "AST": 1, "STL": 0, "BLK": 0, "TOV": 4, "PF": 3, "PTS": 26, "PLUS_MINUS": 35, "VIDEO_AVAILABLE": 1}, {"SEASON_ID": "22018", "Player_ID": 1627826, "Game_ID": "0021800656", "GAME_DATE": "JAN 15, 2019", "MATCHUP": "LAL vs. CHI", "WL": "W", "MIN": 8, "FGM": 2, "FGA": 2, "FG_PCT": 1.0, "FG3M": 0, "FG3A": 0, "FG3_PCT": 0.0, "FTM": 3, "FTA": 4, "FT_PCT": 0.75, "OREB": 0, "DREB": 3, "REB": 3, "AST": 1, "STL": 0, "BLK": 0, "TOV": 0, "PF": 3, "PTS": 7, "PLUS_MINUS": -12, "VIDEO_AVAILABLE": 1}, {"SEASON_ID": "22018", "Player_ID": 1627826, "Game_ID": "0021800644", "GAME_DATE": "JAN 13, 2019", "MATCHUP": "LAL vs. CLE", "WL": "L", "MIN": 11, "FGM": 2, "FGA": 3, "FG_PCT": 0.667, "FG3M": 0, "FG3A": 0, "FG3_PCT": 0.0, "FTM": 1, "FTA": 1, "FT_PCT": 1.0, "OREB": 0, "DREB": 2, "REB": 2, "AST": 0, "STL": 0, "BLK": 2, "TOV": 0, "PF": 0, "PTS": 5, "PLUS_MINUS": -2, "VIDEO_AVAILABLE": 1}, {"SEASON_ID": "22018", "Player_ID": 1627826, "Game_ID": "0021800627", "GAME_DATE": "JAN 11, 2019", "MATCHUP": "LAL @ UTA", "WL": "L", "MIN": 14, "FGM": 4, "FGA": 10, "FG_PCT": 0.4, "FG3M": 0, "FG3A": 0, "FG3_PCT": 0.0, "FTM": 2, "FTA": 2, "FT_PCT": 1.0, "OREB": 2, "DREB": 3, "REB": 5, "AST": 1, "STL": 0, "BLK": 1, "TOV": 0, "PF": 3, "PTS": 10, "PLUS_MINUS": 0, "VIDEO_AVAILABLE": 1}, {"SEASON_ID": "22018", "Player_ID": 1627826, "Game_ID": "0021800616", "GAME_DATE": "JAN 09, 2019", "MATCHUP": "LAL vs. DET", "WL": "W", "MIN": 23, "FGM": 4, "FGA": 8, "FG_PCT": 0.5, "FG3M": 0, "FG3A": 0, "FG3_PCT": 0.0, "FTM": 3, "FTA": 4, "FT_PCT": 0.75, "OREB": 3, "DREB": 6, "REB": 9, "AST": 1, "STL": 1, "BLK": 0, "TOV": 0, "PF": 3, "PTS": 11, "PLUS_MINUS": -2, "VIDEO_AVAILABLE": 1}, {"SEASON_ID": "22018", "Player_ID": 1627826, "Game_ID": "0021800596", "GAME_DATE": "JAN 07, 2019", "MATCHUP": "LAL @ DAL", "WL": "W", "MIN": 4, "FGM": 1, "FGA": 2, "FG_PCT": 0.5, "FG3M": 0, "FG3A": 0, "FG3_PCT": 0.0, "FTM": 2, "FTA": 2, "FT_PCT": 1.0, "OREB": 1, "DREB": 1, "REB": 2, "AST": 0, "STL": 0, "BLK": 0, "TOV": 1, "PF": 0, "PTS": 4, "PLUS_MINUS": -2, "VIDEO_AVAILABLE": 1}, {"SEASON_ID": "22018", "Player_ID": 1627826, "Game_ID": "0021800585", "GAME_DATE": "JAN 06, 2019", "MATCHUP": "LAL @ MIN", "WL": "L", "MIN": 19, "FGM": 3, "FGA": 6, "FG_PCT": 0.5, "FG3M": 0, "FG3A": 0, "FG3_PCT": 0.0, "FTM": 3, "FTA": 4, "FT_PCT": 0.75, "OREB": 2, "DREB": 6, "REB": 8, "AST": 0, "STL": 0, "BLK": 0, "TOV": 2, "PF": 1, "PTS": 9, "PLUS_MINUS": -19, "VIDEO_AVAILABLE": 1}, {"SEASON_ID": "22018", "Player_ID": 1627826, "Game_ID": "0021800574", "GAME_DATE": "JAN 04, 2019", "MATCHUP": "LAL vs. NYK", "WL": "L", "MIN": 12, "FGM": 4, "FGA": 6, "FG_PCT": 0.667, "FG3M": 0, "FG3A": 0, "FG3_PCT": 0.0, "FTM": 2, "FTA": 2, "FT_PCT": 1.0, "OREB": 2, "DREB": 4, "REB": 6, "AST": 2, "STL": 0, "BLK": 1, "TOV": 1, "PF": 1, "PTS": 10, "PLUS_MINUS": 5, "VIDEO_AVAILABLE": 1}, {"SEASON_ID": "22018", "Player_ID": 1627826, "Game_ID": "0021800562", "GAME_DATE": "JAN 02, 2019", "MATCHUP": "LAL vs. OKC", "WL": "L", "MIN": 10, "FGM": 4, "FGA": 4, "FG_PCT": 1.0, "FG3M": 0, "FG3A": 0, "FG3_PCT": 0.0, "FTM": 0, "FTA": 0, "FT_PCT": 0.0, "OREB": 1, "DREB": 1, "REB": 2, "AST": 1, "STL": 0, "BLK": 1, "TOV": 1, "PF": 2, "PTS": 8, "PLUS_MINUS": -3, "VIDEO_AVAILABLE": 1}, {"SEASON_ID": "22018", "Player_ID": 1627826, "Game_ID": "0021800526", "GAME_DATE": "DEC 28, 2018", "MATCHUP": "LAL vs. LAC", "WL": "L", "MIN": 19, "FGM": 1, "FGA": 8, "FG_PCT": 0.125, "FG3M": 0, "FG3A": 0, "FG3_PCT": 0.0, "FTM": 5, "FTA": 5, "FT_PCT": 1.0, "OREB": 2, "DREB": 0, "REB": 2, "AST": 3, "STL": 0, "BLK": 1, "TOV": 2, "PF": 3, "PTS": 7, "PLUS_MINUS": -14, "VIDEO_AVAILABLE": 1}, {"SEASON_ID": "22018", "Player_ID": 1627826, "Game_ID": "0021800514", "GAME_DATE": "DEC 27, 2018", "MATCHUP": "LAL @ SAC", "WL": "L", "MIN": 20, "FGM": 3, "FGA": 8, "FG_PCT": 0.375, "FG3M": 0, "FG3A": 0, "FG3_PCT": 0.0, "FTM": 0, "FTA": 0, "FT_PCT": 0.0, "OREB": 2, "DREB": 3, "REB": 5, "AST": 0, "STL": 0, "BLK": 1, "TOV": 1, "PF": 2, "PTS": 6, "PLUS_MINUS": -8, "VIDEO_AVAILABLE": 1}, {"SEASON_ID": "22018", "Player_ID": 1627826, "Game_ID": "0021800500", "GAME_DATE": "DEC 25, 2018", "MATCHUP": "LAL @ GSW", "WL": "W", "MIN": 31, "FGM": 9, "FGA": 10, "FG_PCT": 0.9, "FG3M": 0, "FG3A": 0, "FG3_PCT": 0.0, "FTM": 0, "FTA": 0, "FT_PCT": 0.0, "OREB": 3, "DREB": 8, "REB": 11, "AST": 2, "STL": 0, "BLK": 2, "TOV": 1, "PF": 3, "PTS": 18, "PLUS_MINUS": 25, "VIDEO_AVAILABLE": 1}, {"SEASON_ID": "22018", "Player_ID": 1627826, "Game_ID": "0021800496", "GAME_DATE": "DEC 23, 2018", "MATCHUP": "LAL vs. MEM", "WL": "L", "MIN": 33, "FGM": 8, "FGA": 12, "FG_PCT": 0.667, "FG3M": 0, "FG3A": 0, "FG3_PCT": 0.0, "FTM": 3, "FTA": 4, "FT_PCT": 0.75, "OREB": 1, "DREB": 3, "REB": 4, "AST": 1, "STL": 0, "BLK": 4, "TOV": 1, "PF": 3, "PTS": 19, "PLUS_MINUS": 13, "VIDEO_AVAILABLE": 1}, {"SEASON_ID": "22018", "Player_ID": 1627826, "Game_ID": "0021800478", "GAME_DATE": "DEC 21, 2018", "MATCHUP": "LAL vs. NOP", "WL": "W", "MIN": 32, "FGM": 8, "FGA": 10, "FG_PCT": 0.8, "FG3M": 0, "FG3A": 0, "FG3_PCT": 0.0, "FTM": 0, "FTA": 0, "FT_PCT": 0.0, "OREB": 2, "DREB": 9, "REB": 11, "AST": 0, "STL": 2, "BLK": 2, "TOV": 1, "PF": 5, "PTS": 16, "PLUS_MINUS": 15, "VIDEO_AVAILABLE": 1}, {"SEASON_ID": "22018", "Player_ID": 1627826, "Game_ID": "0021800453", "GAME_DATE": "DEC 18, 2018", "MATCHUP": "LAL @ BKN", "WL": "L", "MIN": 2, "FGM": 0, "FGA": 1, "FG_PCT": 0.0, "FG3M": 0, "FG3A": 0, "FG3_PCT": 0.0, "FTM": 0, "FTA": 0, "FT_PCT": 0.0, "OREB": 0, "DREB": 0, "REB": 0, "AST": 1, "STL": 0, "BLK": 1, "TOV": 0, "PF": 2, "PTS": 0, "PLUS_MINUS": 3, "VIDEO_AVAILABLE": 1}, {"SEASON_ID": "22018", "Player_ID": 1627826, "Game_ID": "0021800439", "GAME_DATE": "DEC 16, 2018", "MATCHUP": "LAL @ WAS", "WL": "L", "MIN": 7, "FGM": 2, "FGA": 2, "FG_PCT": 1.0, "FG3M": 0, "FG3A": 0, "FG3_PCT": 0.0, "FTM": 0, "FTA": 0, "FT_PCT": 0.0, "OREB": 0, "DREB": 2, "REB": 2, "AST": 1, "STL": 0, "BLK": 0, "TOV": 0, "PF": 0, "PTS": 4, "PLUS_MINUS": 6, "VIDEO_AVAILABLE": 1}, {"SEASON_ID": "22018", "Player_ID": 1627826, "Game_ID": "0021800430", "GAME_DATE": "DEC 15, 2018", "MATCHUP": "LAL @ CHA", "WL": "W", "MIN": 12, "FGM": 3, "FGA": 4, "FG_PCT": 0.75, "FG3M": 0, "FG3A": 0, "FG3_PCT": 0.0, "FTM": 0, "FTA": 0, "FT_PCT": 0.0, "OREB": 0, "DREB": 1, "REB": 1, "AST": 0, "STL": 0, "BLK": 0, "TOV": 0, "PF": 0, "PTS": 6, "PLUS_MINUS": 1, "VIDEO_AVAILABLE": 1}, {"SEASON_ID": "22018", "Player_ID": 1627826, "Game_ID": "0021800384", "GAME_DATE": "DEC 08, 2018", "MATCHUP": "LAL @ MEM", "WL": "W", "MIN": 3, "FGM": 0, "FGA": 0, "FG_PCT": 0.0, "FG3M": 0, "FG3A": 0, "FG3_PCT": 0.0, "FTM": 0, "FTA": 0, "FT_PCT": 0.0, "OREB": 0, "DREB": 2, "REB": 2, "AST": 0, "STL": 0, "BLK": 1, "TOV": 0, "PF": 0, "PTS": 0, "PLUS_MINUS": 3, "VIDEO_AVAILABLE": 1}, {"SEASON_ID": "22018", "Player_ID": 1627826, "Game_ID": "0021800337", "GAME_DATE": "DEC 02, 2018", "MATCHUP": "LAL vs. PHX", "WL": "W", "MIN": 4, "FGM": 0, "FGA": 0, "FG_PCT": 0.0, "FG3M": 0, "FG3A": 0, "FG3_PCT": 0.0, "FTM": 0, "FTA": 0, "FT_PCT": 0.0, "OREB": 0, "DREB": 1, "REB": 1, "AST": 0, "STL": 0, "BLK": 0, "TOV": 0, "PF": 0, "PTS": 0, "PLUS_MINUS": -2, "VIDEO_AVAILABLE": 1}, {"SEASON_ID": "22018", "Player_ID": 1627826, "Game_ID": "0021800304", "GAME_DATE": "NOV 27, 2018", "MATCHUP": "LAL @ DEN", "WL": "L", "MIN": 7, "FGM": 0, "FGA": 2, "FG_PCT": 0.0, "FG3M": 0, "FG3A": 0, "FG3_PCT": 0.0, "FTM": 0, "FTA": 0, "FT_PCT": 0.0, "OREB": 1, "DREB": 1, "REB": 2, "AST": 0, "STL": 0, "BLK": 1, "TOV": 1, "PF": 0, "PTS": 0, "PLUS_MINUS": -6, "VIDEO_AVAILABLE": 1}, {"SEASON_ID": "22018", "Player_ID": 1627826, "Game_ID": "0021800183", "GAME_DATE": "NOV 10, 2018", "MATCHUP": "LAL @ SAC", "WL": "W", "MIN": 2, "FGM": 0, "FGA": 2, "FG_PCT": 0.0, "FG3M": 0, "FG3A": 0, "FG3_PCT": 0.0, "FTM": 0, "FTA": 0, "FT_PCT": 0.0, "OREB": 1, "DREB": 1, "REB": 2, "AST": 0, "STL": 0, "BLK": 0, "TOV": 0, "PF": 0, "PTS": 0, "PLUS_MINUS": -1, "VIDEO_AVAILABLE": 1}, {"SEASON_ID": "22018", "Player_ID": 1627826, "Game_ID": "0021800139", "GAME_DATE": "NOV 04, 2018", "MATCHUP": "LAL vs. TOR", "WL": "L", "MIN": 11, "FGM": 1, "FGA": 3, "FG_PCT": 0.333, "FG3M": 0, "FG3A": 0, "FG3_PCT": 0.0, "FTM": 3, "FTA": 3, "FT_PCT": 1.0, "OREB": 2, "DREB": 4, "REB": 6, "AST": 1, "STL": 0, "BLK": 0, "TOV": 1, "PF": 4, "PTS": 5, "PLUS_MINUS": 1, "VIDEO_AVAILABLE": 1}, {"SEASON_ID": "22018", "Player_ID": 1627826, "Game_ID": "0021800132", "GAME_DATE": "NOV 03, 2018", "MATCHUP": "LAL @ POR", "WL": "W", "MIN": 20, "FGM": 4, "FGA": 5, "FG_PCT": 0.8, "FG3M": 0, "FG3A": 0, "FG3_PCT": 0.0, "FTM": 1, "FTA": 1, "FT_PCT": 1.0, "OREB": 4, "DREB": 4, "REB": 8, "AST": 0, "STL": 1, "BLK": 0, "TOV": 2, "PF": 3, "PTS": 9, "PLUS_MINUS": 15, "VIDEO_AVAILABLE": 1}, {"SEASON_ID": "22018", "Player_ID": 1627826, "Game_ID": "0021800060", "GAME_DATE": "OCT 24, 2018", "MATCHUP": "LAL @ PHX", "WL": "W", "MIN": 2, "FGM": 0, "FGA": 1, "FG_PCT": 0.0, "FG3M": 0, "FG3A": 0, "FG3_PCT": 0.0, "FTM": 0, "FTA": 0, "FT_PCT": 0.0, "OREB": 1, "DREB": 1, "REB": 2, "AST": 1, "STL": 0, "BLK": 0, "TOV": 0, "PF": 0, "PTS": 0, "PLUS_MINUS": -4, "VIDEO_AVAILABLE": 1}, {"SEASON_ID": "22018", "Player_ID": 1627826, "Game_ID": "0021800048", "GAME_DATE": "OCT 22, 2018", "MATCHUP": "LAL vs. SAS", "WL": "L", "MIN": 5, "FGM": 0, "FGA": 1, "FG_PCT": 0.0, "FG3M": 0, "FG3A": 0, "FG3_PCT": 0.0, "FTM": 0, "FTA": 0, "FT_PCT": 0.0, "OREB": 1, "DREB": 0, "REB": 1, "AST": 0, "STL": 0, "BLK": 1, "TOV": 0, "PF": 5, "PTS": 0, "PLUS_MINUS": 3, "VIDEO_AVAILABLE": 1}, {"SEASON_ID": "22017", "Player_ID": 1627826, "Game_ID": "0021701228", "GAME_DATE": "APR 11, 2018", "MATCHUP": "LAL @ LAC", "WL": "W", "MIN": 18, "FGM": 2, "FGA": 5, "FG_PCT": 0.4, "FG3M": 0, "FG3A": 1, "FG3_PCT": 0.0, "FTM": 2, "FTA": 2, "FT_PCT": 1.0, "OREB": 2, "DREB": 3, "REB": 5, "AST": 2, "STL": 1, "BLK": 3, "TOV": 1, "PF": 2, "PTS": 6, "PLUS_MINUS": 2, "VIDEO_AVAILABLE": 1}, {"SEASON_ID": "22017", "Player_ID": 1627826, "Game_ID": "0021701218", "GAME_DATE": "APR 10, 2018", "MATCHUP": "LAL vs. HOU", "WL": "L", "MIN": 20, "FGM": 1, "FGA": 3, "FG_PCT": 0.333, "FG3M": 0, "FG3A": 0, "FG3_PCT": 0.0, "FTM": 0, "FTA": 0, "FT_PCT": 0.0, "OREB": 1, "DREB": 4, "REB": 5, "AST": 1, "STL": 1, "BLK": 0, "TOV": 2, "PF": 3, "PTS": 2, "PLUS_MINUS": -3, "VIDEO_AVAILABLE": 1}, {"SEASON_ID": "22017", "Player_ID": 1627826, "Game_ID": "0021701201", "GAME_DATE": "APR 08, 2018", "MATCHUP": "LAL vs. UTA", "WL": "L", "MIN": 14, "FGM": 1, "FGA": 3, "FG_PCT": 0.333, "FG3M": 0, "FG3A": 0, "FG3_PCT": 0.0, "FTM": 0, "FTA": 0, "FT_PCT": 0.0, "OREB": 1, "DREB": 4, "REB": 5, "AST": 1, "STL": 0, "BLK": 1, "TOV": 2, "PF": 0, "PTS": 2, "PLUS_MINUS": -8, "VIDEO_AVAILABLE": 1}, {"SEASON_ID": "22017", "Player_ID": 1627826, "Game_ID": "0021701190", "GAME_DATE": "APR 06, 2018", "MATCHUP": "LAL vs. MIN", "WL": "L", "MIN": 22, "FGM": 5, "FGA": 10, "FG_PCT": 0.5, "FG3M": 0, "FG3A": 0, "FG3_PCT": 0.0, "FTM": 4, "FTA": 4, "FT_PCT": 1.0, "OREB": 6, "DREB": 3, "REB": 9, "AST": 0, "STL": 0, "BLK": 0, "TOV": 0, "PF": 3, "PTS": 14, "PLUS_MINUS": -1, "VIDEO_AVAILABLE": 1}, {"SEASON_ID": "22017", "Player_ID": 1627826, "Game_ID": "0021701174", "GAME_DATE": "APR 04, 2018", "MATCHUP": "LAL vs. SAS", "WL": "W", "MIN": 28, "FGM": 4, "FGA": 6, "FG_PCT": 0.667, "FG3M": 0, "FG3A": 0, "FG3_PCT": 0.0, "FTM": 0, "FTA": 0, "FT_PCT": 0.0, "OREB": 1, "DREB": 5, "REB": 6, "AST": 6, "STL": 0, "BLK": 1, "TOV": 1, "PF": 4, "PTS": 8, "PLUS_MINUS": 13, "VIDEO_AVAILABLE": 1}, {"SEASON_ID": "22017", "Player_ID": 1627826, "Game_ID": "0021701166", "GAME_DATE": "APR 03, 2018", "MATCHUP": "LAL @ UTA", "WL": "L", "MIN": 11, "FGM": 0, "FGA": 2, "FG_PCT": 0.0, "FG3M": 0, "FG3A": 0, "FG3_PCT": 0.0, "FTM": 0, "FTA": 0, "FT_PCT": 0.0, "OREB": 1, "DREB": 1, "REB": 2, "AST": 0, "STL": 0, "BLK": 1, "TOV": 0, "PF": 1, "PTS": 0, "PLUS_MINUS": 12, "VIDEO_AVAILABLE": 1}, {"SEASON_ID": "22017", "Player_ID": 1627826, "Game_ID": "0021701155", "GAME_DATE": "APR 01, 2018", "MATCHUP": "LAL vs. SAC", "WL": "L", "MIN": 18, "FGM": 3, "FGA": 6, "FG_PCT": 0.5, "FG3M": 0, "FG3A": 0, "FG3_PCT": 0.0, "FTM": 1, "FTA": 4, "FT_PCT": 0.25, "OREB": 4, "DREB": 6, "REB": 10, "AST": 2, "STL": 1, "BLK": 1, "TOV": 0, "PF": 2, "PTS": 7, "PLUS_MINUS": 4, "VIDEO_AVAILABLE": 1}, {"SEASON_ID": "22017", "Player_ID": 1627826, "Game_ID": "0021701136", "GAME_DATE": "MAR 30, 2018", "MATCHUP": "LAL vs. MIL", "WL": "L", "MIN": 12, "FGM": 6, "FGA": 9, "FG_PCT": 0.667, "FG3M": 0, "FG3A": 0, "FG3_PCT": 0.0, "FTM": 4, "FTA": 5, "FT_PCT": 0.8, "OREB": 3, "DREB": 2, "REB": 5, "AST": 0, "STL": 0, "BLK": 0, "TOV": 0, "PF": 0, "PTS": 16, "PLUS_MINUS": 15, "VIDEO_AVAILABLE": 1}, {"SEASON_ID": "22017", "Player_ID": 1627826, "Game_ID": "0021701123", "GAME_DATE": "MAR 28, 2018", "MATCHUP": "LAL vs. DAL", "WL": "W", "MIN": 9, "FGM": 0, "FGA": 0, "FG_PCT": 0.0, "FG3M": 0, "FG3A": 0, "FG3_PCT": 0.0, "FTM": 0, "FTA": 0, "FT_PCT": 0.0, "OREB": 0, "DREB": 3, "REB": 3, "AST": 1, "STL": 1, "BLK": 2, "TOV": 0, "PF": 1, "PTS": 0, "PLUS_MINUS": 5, "VIDEO_AVAILABLE": 1}, {"SEASON_ID": "22017", "Player_ID": 1627826, "Game_ID": "0021701104", "GAME_DATE": "MAR 26, 2018", "MATCHUP": "LAL @ DET", "WL": "L", "MIN": 9, "FGM": 2, "FGA": 5, "FG_PCT": 0.4, "FG3M": 0, "FG3A": 0, "FG3_PCT": 0.0, "FTM": 3, "FTA": 4, "FT_PCT": 0.75, "OREB": 2, "DREB": 2, "REB": 4, "AST": 1, "STL": 0, "BLK": 1, "TOV": 0, "PF": 1, "PTS": 7, "PLUS_MINUS": 0, "VIDEO_AVAILABLE": 1}, {"SEASON_ID": "22017", "Player_ID": 1627826, "Game_ID": "0021701092", "GAME_DATE": "MAR 24, 2018", "MATCHUP": "LAL @ MEM", "WL": "W", "MIN": 4, "FGM": 0, "FGA": 0, "FG_PCT": 0.0, "FG3M": 0, "FG3A": 0, "FG3_PCT": 0.0, "FTM": 0, "FTA": 0, "FT_PCT": 0.0, "OREB": 0, "DREB": 1, "REB": 1, "AST": 0, "STL": 0, "BLK": 0, "TOV": 1, "PF": 1, "PTS": 0, "PLUS_MINUS": 6, "VIDEO_AVAILABLE": 1}, {"SEASON_ID": "22017", "Player_ID": 1627826, "Game_ID": "0021701075", "GAME_DATE": "MAR 22, 2018", "MATCHUP": "LAL @ NOP", "WL": "L", "MIN": 5, "FGM": 1, "FGA": 1, "FG_PCT": 1.0, "FG3M": 0, "FG3A": 0, "FG3_PCT": 0.0, "FTM": 0, "FTA": 0, "FT_PCT": 0.0, "OREB": 0, "DREB": 0, "REB": 0, "AST": 0, "STL": 0, "BLK": 0, "TOV": 0, "PF": 0, "PTS": 2, "PLUS_MINUS": -7, "VIDEO_AVAILABLE": 1}, {"SEASON_ID": "22017", "Player_ID": 1627826, "Game_ID": "0021701051", "GAME_DATE": "MAR 19, 2018", "MATCHUP": "LAL @ IND", "WL": "L", "MIN": 7, "FGM": 1, "FGA": 3, "FG_PCT": 0.333, "FG3M": 0, "FG3A": 0, "FG3_PCT": 0.0, "FTM": 0, "FTA": 0, "FT_PCT": 0.0, "OREB": 2, "DREB": 1, "REB": 3, "AST": 1, "STL": 0, "BLK": 0, "TOV": 1, "PF": 1, "PTS": 2, "PLUS_MINUS": -7, "VIDEO_AVAILABLE": 1}, {"SEASON_ID": "22017", "Player_ID": 1627826, "Game_ID": "0021701034", "GAME_DATE": "MAR 16, 2018", "MATCHUP": "LAL vs. MIA", "WL": "L", "MIN": 7, "FGM": 2, "FGA": 2, "FG_PCT": 1.0, "FG3M": 0, "FG3A": 0, "FG3_PCT": 0.0, "FTM": 0, "FTA": 0, "FT_PCT": 0.0, "OREB": 1, "DREB": 2, "REB": 3, "AST": 0, "STL": 0, "BLK": 1, "TOV": 2, "PF": 0, "PTS": 4, "PLUS_MINUS": -5, "VIDEO_AVAILABLE": 1}, {"SEASON_ID": "22017", "Player_ID": 1627826, "Game_ID": "0021701019", "GAME_DATE": "MAR 14, 2018", "MATCHUP": "LAL @ GSW", "WL": "L", "MIN": 6, "FGM": 0, "FGA": 2, "FG_PCT": 0.0, "FG3M": 0, "FG3A": 0, "FG3_PCT": 0.0, "FTM": 0, "FTA": 2, "FT_PCT": 0.0, "OREB": 0, "DREB": 3, "REB": 3, "AST": 0, "STL": 0, "BLK": 0, "TOV": 0, "PF": 0, "PTS": 0, "PLUS_MINUS": 2, "VIDEO_AVAILABLE": 1}, {"SEASON_ID": "22017", "Player_ID": 1627826, "Game_ID": "0021701015", "GAME_DATE": "MAR 13, 2018", "MATCHUP": "LAL vs. DEN", "WL": "W", "MIN": 5, "FGM": 0, "FGA": 1, "FG_PCT": 0.0, "FG3M": 0, "FG3A": 0, "FG3_PCT": 0.0, "FTM": 0, "FTA": 0, "FT_PCT": 0.0, "OREB": 0, "DREB": 0, "REB": 0, "AST": 0, "STL": 0, "BLK": 0, "TOV": 1, "PF": 3, "PTS": 0, "PLUS_MINUS": -2, "VIDEO_AVAILABLE": 1}, {"SEASON_ID": "22017", "Player_ID": 1627826, "Game_ID": "0021701000", "GAME_DATE": "MAR 11, 2018", "MATCHUP": "LAL vs. CLE", "WL": "W", "MIN": 6, "FGM": 0, "FGA": 0, "FG_PCT": 0.0, "FG3M": 0, "FG3A": 0, "FG3_PCT": 0.0, "FTM": 0, "FTA": 0, "FT_PCT": 0.0, "OREB": 0, "DREB": 1, "REB": 1, "AST": 0, "STL": 2, "BLK": 0, "TOV": 0, "PF": 2, "PTS": 0, "PLUS_MINUS": -3, "VIDEO_AVAILABLE": 1}, {"SEASON_ID": "22017", "Player_ID": 1627826, "Game_ID": "0021700983", "GAME_DATE": "MAR 09, 2018", "MATCHUP": "LAL @ DEN", "WL": "L", "MIN": 9, "FGM": 0, "FGA": 4, "FG_PCT": 0.0, "FG3M": 0, "FG3A": 0, "FG3_PCT": 0.0, "FTM": 0, "FTA": 0, "FT_PCT": 0.0, "OREB": 2, "DREB": 3, "REB": 5, "AST": 0, "STL": 0, "BLK": 1, "TOV": 0, "PF": 2, "PTS": 0, "PLUS_MINUS": -9, "VIDEO_AVAILABLE": 1}, {"SEASON_ID": "22017", "Player_ID": 1627826, "Game_ID": "0021700971", "GAME_DATE": "MAR 07, 2018", "MATCHUP": "LAL vs. ORL", "WL": "W", "MIN": 14, "FGM": 1, "FGA": 4, "FG_PCT": 0.25, "FG3M": 0, "FG3A": 0, "FG3_PCT": 0.0, "FTM": 4, "FTA": 4, "FT_PCT": 1.0, "OREB": 1, "DREB": 4, "REB": 5, "AST": 2, "STL": 0, "BLK": 0, "TOV": 0, "PF": 0, "PTS": 6, "PLUS_MINUS": 16, "VIDEO_AVAILABLE": 1}, {"SEASON_ID": "22017", "Player_ID": 1627826, "Game_ID": "0021700956", "GAME_DATE": "MAR 05, 2018", "MATCHUP": "LAL vs. POR", "WL": "L", "MIN": 16, "FGM": 2, "FGA": 3, "FG_PCT": 0.667, "FG3M": 0, "FG3A": 0, "FG3_PCT": 0.0, "FTM": 3, "FTA": 3, "FT_PCT": 1.0, "OREB": 2, "DREB": 2, "REB": 4, "AST": 0, "STL": 0, "BLK": 0, "TOV": 0, "PF": 2, "PTS": 7, "PLUS_MINUS": -12, "VIDEO_AVAILABLE": 1}, {"SEASON_ID": "22017", "Player_ID": 1627826, "Game_ID": "0021700940", "GAME_DATE": "MAR 03, 2018", "MATCHUP": "LAL @ SAS", "WL": "W", "MIN": 14, "FGM": 0, "FGA": 2, "FG_PCT": 0.0, "FG3M": 0, "FG3A": 0, "FG3_PCT": 0.0, "FTM": 2, "FTA": 2, "FT_PCT": 1.0, "OREB": 1, "DREB": 3, "REB": 4, "AST": 0, "STL": 1, "BLK": 1, "TOV": 2, "PF": 0, "PTS": 2, "PLUS_MINUS": 7, "VIDEO_AVAILABLE": 1}, {"SEASON_ID": "22017", "Player_ID": 1627826, "Game_ID": "0021700922", "GAME_DATE": "MAR 01, 2018", "MATCHUP": "LAL @ MIA", "WL": "W", "MIN": 18, "FGM": 1, "FGA": 3, "FG_PCT": 0.333, "FG3M": 0, "FG3A": 0, "FG3_PCT": 0.0, "FTM": 4, "FTA": 4, "FT_PCT": 1.0, "OREB": 1, "DREB": 2, "REB": 3, "AST": 4, "STL": 1, "BLK": 0, "TOV": 1, "PF": 1, "PTS": 6, "PLUS_MINUS": 19, "VIDEO_AVAILABLE": 1}, {"SEASON_ID": "22017", "Player_ID": 1627826, "Game_ID": "0021700897", "GAME_DATE": "FEB 26, 2018", "MATCHUP": "LAL @ ATL", "WL": "W", "MIN": 17, "FGM": 4, "FGA": 6, "FG_PCT": 0.667, "FG3M": 0, "FG3A": 0, "FG3_PCT": 0.0, "FTM": 2, "FTA": 4, "FT_PCT": 0.5, "OREB": 1, "DREB": 0, "REB": 1, "AST": 0, "STL": 0, "BLK": 0, "TOV": 3, "PF": 5, "PTS": 10, "PLUS_MINUS": 0, "VIDEO_AVAILABLE": 1}, {"SEASON_ID": "22017", "Player_ID": 1627826, "Game_ID": "0021700891", "GAME_DATE": "FEB 24, 2018", "MATCHUP": "LAL @ SAC", "WL": "W", "MIN": 11, "FGM": 2, "FGA": 4, "FG_PCT": 0.5, "FG3M": 0, "FG3A": 0, "FG3_PCT": 0.0, "FTM": 0, "FTA": 0, "FT_PCT": 0.0, "OREB": 1, "DREB": 1, "REB": 2, "AST": 0, "STL": 0, "BLK": 0, "TOV": 1, "PF": 0, "PTS": 4, "PLUS_MINUS": -9, "VIDEO_AVAILABLE": 1}, {"SEASON_ID": "22017", "Player_ID": 1627826, "Game_ID": "0021700883", "GAME_DATE": "FEB 23, 2018", "MATCHUP": "LAL vs. DAL", "WL": "W", "MIN": 18, "FGM": 6, "FGA": 7, "FG_PCT": 0.857, "FG3M": 0, "FG3A": 0, "FG3_PCT": 0.0, "FTM": 2, "FTA": 2, "FT_PCT": 1.0, "OREB": 3, "DREB": 3, "REB": 6, "AST": 1, "STL": 0, "BLK": 0, "TOV": 1, "PF": 3, "PTS": 14, "PLUS_MINUS": -2, "VIDEO_AVAILABLE": 1}, {"SEASON_ID": "22017", "Player_ID": 1627826, "Game_ID": "0021700866", "GAME_DATE": "FEB 15, 2018", "MATCHUP": "LAL @ MIN", "WL": "L", "MIN": 20, "FGM": 8, "FGA": 8, "FG_PCT": 1.0, "FG3M": 0, "FG3A": 0, "FG3_PCT": 0.0, "FTM": 3, "FTA": 6, "FT_PCT": 0.5, "OREB": 4, "DREB": 7, "REB": 11, "AST": 0, "STL": 0, "BLK": 0, "TOV": 1, "PF": 1, "PTS": 19, "PLUS_MINUS": 5, "VIDEO_AVAILABLE": 1}, {"SEASON_ID": "22017", "Player_ID": 1627826, "Game_ID": "0021700862", "GAME_DATE": "FEB 14, 2018", "MATCHUP": "LAL @ NOP", "WL": "L", "MIN": 6, "FGM": 1, "FGA": 2, "FG_PCT": 0.5, "FG3M": 0, "FG3A": 0, "FG3_PCT": 0.0, "FTM": 2, "FTA": 2, "FT_PCT": 1.0, "OREB": 1, "DREB": 1, "REB": 2, "AST": 1, "STL": 0, "BLK": 0, "TOV": 1, "PF": 1, "PTS": 4, "PLUS_MINUS": -2, "VIDEO_AVAILABLE": 1}, {"SEASON_ID": "22017", "Player_ID": 1627826, "Game_ID": "0021700830", "GAME_DATE": "FEB 10, 2018", "MATCHUP": "LAL @ DAL", "WL": "L", "MIN": 1, "FGM": 0, "FGA": 0, "FG_PCT": 0.0, "FG3M": 0, "FG3A": 0, "FG3_PCT": 0.0, "FTM": 0, "FTA": 0, "FT_PCT": 0.0, "OREB": 0, "DREB": 0, "REB": 0, "AST": 0, "STL": 0, "BLK": 0, "TOV": 0, "PF": 0, "PTS": 0, "PLUS_MINUS": 0, "VIDEO_AVAILABLE": 1}, {"SEASON_ID": "22017", "Player_ID": 1627826, "Game_ID": "0021700816", "GAME_DATE": "FEB 08, 2018", "MATCHUP": "LAL vs. OKC", "WL": "W", "MIN": 17, "FGM": 2, "FGA": 6, "FG_PCT": 0.333, "FG3M": 0, "FG3A": 0, "FG3_PCT": 0.0, "FTM": 3, "FTA": 3, "FT_PCT": 1.0, "OREB": 1, "DREB": 4, "REB": 5, "AST": 1, "STL": 0, "BLK": 1, "TOV": 0, "PF": 3, "PTS": 7, "PLUS_MINUS": 10, "VIDEO_AVAILABLE": 1}, {"SEASON_ID": "22017", "Player_ID": 1627826, "Game_ID": "0021700804", "GAME_DATE": "FEB 06, 2018", "MATCHUP": "LAL vs. PHX", "WL": "W", "MIN": 1, "FGM": 0, "FGA": 1, "FG_PCT": 0.0, "FG3M": 0, "FG3A": 0, "FG3_PCT": 0.0, "FTM": 0, "FTA": 0, "FT_PCT": 0.0, "OREB": 0, "DREB": 0, "REB": 0, "AST": 0, "STL": 0, "BLK": 1, "TOV": 0, "PF": 0, "PTS": 0, "PLUS_MINUS": 0, "VIDEO_AVAILABLE": 1}, {"SEASON_ID": "22017", "Player_ID": 1627826, "Game_ID": "0021700684", "GAME_DATE": "JAN 21, 2018", "MATCHUP": "LAL vs. NYK", "WL": "W", "MIN": 1, "FGM": 0, "FGA": 0, "FG_PCT": 0.0, "FG3M": 0, "FG3A": 0, "FG3_PCT": 0.0, "FTM": 0, "FTA": 0, "FT_PCT": 0.0, "OREB": 0, "DREB": 0, "REB": 0, "AST": 0, "STL": 0, "BLK": 0, "TOV": 1, "PF": 0, "PTS": 0, "PLUS_MINUS": 1, "VIDEO_AVAILABLE": 2}, {"SEASON_ID": "22017", "Player_ID": 1627826, "Game_ID": "0021700660", "GAME_DATE": "JAN 17, 2018", "MATCHUP": "LAL @ OKC", "WL": "L", "MIN": 10, "FGM": 1, "FGA": 3, "FG_PCT": 0.333, "FG3M": 0, "FG3A": 0, "FG3_PCT": 0.0, "FTM": 0, "FTA": 0, "FT_PCT": 0.0, "OREB": 0, "DREB": 1, "REB": 1, "AST": 0, "STL": 0, "BLK": 0, "TOV": 0, "PF": 0, "PTS": 2, "PLUS_MINUS": 1, "VIDEO_AVAILABLE": 1}, {"SEASON_ID": "22017", "Player_ID": 1627826, "Game_ID": "0021700590", "GAME_DATE": "JAN 07, 2018", "MATCHUP": "LAL vs. ATL", "WL": "W", "MIN": 1, "FGM": 0, "FGA": 0, "FG_PCT": 0.0, "FG3M": 0, "FG3A": 0, "FG3_PCT": 0.0, "FTM": 0, "FTA": 0, "FT_PCT": 0.0, "OREB": 0, "DREB": 0, "REB": 0, "AST": 0, "STL": 0, "BLK": 0, "TOV": 0, "PF": 0, "PTS": 0, "PLUS_MINUS": 1, "VIDEO_AVAILABLE": 1}, {"SEASON_ID": "22017", "Player_ID": 1627826, "Game_ID": "0021700577", "GAME_DATE": "JAN 05, 2018", "MATCHUP": "LAL vs. CHA", "WL": "L", "MIN": 3, "FGM": 1, "FGA": 2, "FG_PCT": 0.5, "FG3M": 0, "FG3A": 0, "FG3_PCT": 0.0, "FTM": 0, "FTA": 0, "FT_PCT": 0.0, "OREB": 0, "DREB": 1, "REB": 1, "AST": 1, "STL": 0, "BLK": 0, "TOV": 0, "PF": 0, "PTS": 2, "PLUS_MINUS": 5, "VIDEO_AVAILABLE": 1}, {"SEASON_ID": "22017", "Player_ID": 1627826, "Game_ID": "0021700565", "GAME_DATE": "JAN 03, 2018", "MATCHUP": "LAL vs. OKC", "WL": "L", "MIN": 6, "FGM": 0, "FGA": 1, "FG_PCT": 0.0, "FG3M": 0, "FG3A": 0, "FG3_PCT": 0.0, "FTM": 0, "FTA": 0, "FT_PCT": 0.0, "OREB": 0, "DREB": 0, "REB": 0, "AST": 0, "STL": 0, "BLK": 0, "TOV": 1, "PF": 0, "PTS": 0, "PLUS_MINUS": -7, "VIDEO_AVAILABLE": 1}, {"SEASON_ID": "22017", "Player_ID": 1627826, "Game_ID": "0021700548", "GAME_DATE": "JAN 01, 2018", "MATCHUP": "LAL @ MIN", "WL": "L", "MIN": 12, "FGM": 2, "FGA": 3, "FG_PCT": 0.667, "FG3M": 0, "FG3A": 0, "FG3_PCT": 0.0, "FTM": 0, "FTA": 0, "FT_PCT": 0.0, "OREB": 1, "DREB": 3, "REB": 4, "AST": 0, "STL": 0, "BLK": 0, "TOV": 1, "PF": 3, "PTS": 4, "PLUS_MINUS": -3, "VIDEO_AVAILABLE": 1}, {"SEASON_ID": "22017", "Player_ID": 1627826, "Game_ID": "0021700529", "GAME_DATE": "DEC 29, 2017", "MATCHUP": "LAL vs. LAC", "WL": "L", "MIN": 1, "FGM": 0, "FGA": 0, "FG_PCT": 0.0, "FG3M": 0, "FG3A": 0, "FG3_PCT": 0.0, "FTM": 0, "FTA": 0, "FT_PCT": 0.0, "OREB": 0, "DREB": 0, "REB": 0, "AST": 0, "STL": 0, "BLK": 0, "TOV": 0, "PF": 0, "PTS": 0, "PLUS_MINUS": 3, "VIDEO_AVAILABLE": 1}, {"SEASON_ID": "22017", "Player_ID": 1627826, "Game_ID": "0021700338", "GAME_DATE": "DEC 03, 2017", "MATCHUP": "LAL vs. HOU", "WL": "L", "MIN": 3, "FGM": 0, "FGA": 0, "FG_PCT": 0.0, "FG3M": 0, "FG3A": 0, "FG3_PCT": 0.0, "FTM": 0, "FTA": 0, "FT_PCT": 0.0, "OREB": 0, "DREB": 0, "REB": 0, "AST": 0, "STL": 0, "BLK": 0, "TOV": 0, "PF": 0, "PTS": 0, "PLUS_MINUS": -5, "VIDEO_AVAILABLE": 1}, {"SEASON_ID": "22017", "Player_ID": 1627826, "Game_ID": "0021700266", "GAME_DATE": "NOV 22, 2017", "MATCHUP": "LAL @ SAC", "WL": "L", "MIN": 1, "FGM": 0, "FGA": 0, "FG_PCT": 0.0, "FG3M": 0, "FG3A": 0, "FG3_PCT": 0.0, "FTM": 0, "FTA": 0, "FT_PCT": 0.0, "OREB": 0, "DREB": 0, "REB": 0, "AST": 0, "STL": 0, "BLK": 0, "TOV": 0, "PF": 0, "PTS": 0, "PLUS_MINUS": 2, "VIDEO_AVAILABLE": 2}, {"SEASON_ID": "22017", "Player_ID": 1627826, "Game_ID": "0021700252", "GAME_DATE": "NOV 21, 2017", "MATCHUP": "LAL vs. CHI", "WL": "W", "MIN": 3, "FGM": 1, "FGA": 1, "FG_PCT": 1.0, "FG3M": 0, "FG3A": 0, "FG3_PCT": 0.0, "FTM": 0, "FTA": 0, "FT_PCT": 0.0, "OREB": 0, "DREB": 1, "REB": 1, "AST": 0, "STL": 0, "BLK": 0, "TOV": 1, "PF": 1, "PTS": 2, "PLUS_MINUS": -3, "VIDEO_AVAILABLE": 1}, {"SEASON_ID": "22017", "Player_ID": 1627826, "Game_ID": "0021700240", "GAME_DATE": "NOV 19, 2017", "MATCHUP": "LAL vs. DEN", "WL": "W", "MIN": 2, "FGM": 0, "FGA": 0, "FG_PCT": 0.0, "FG3M": 0, "FG3A": 0, "FG3_PCT": 0.0, "FTM": 0, "FTA": 0, "FT_PCT": 0.0, "OREB": 0, "DREB": 0, "REB": 0, "AST": 0, "STL": 0, "BLK": 0, "TOV": 0, "PF": 0, "PTS": 0, "PLUS_MINUS": -2, "VIDEO_AVAILABLE": 1}, {"SEASON_ID": "22017", "Player_ID": 1627826, "Game_ID": "0021700164", "GAME_DATE": "NOV 09, 2017", "MATCHUP": "LAL @ WAS", "WL": "L", "MIN": 3, "FGM": 1, "FGA": 2, "FG_PCT": 0.5, "FG3M": 0, "FG3A": 0, "FG3_PCT": 0.0, "FTM": 0, "FTA": 0, "FT_PCT": 0.0, "OREB": 1, "DREB": 1, "REB": 2, "AST": 0, "STL": 0, "BLK": 0, "TOV": 0, "PF": 0, "PTS": 2, "PLUS_MINUS": 4, "VIDEO_AVAILABLE": 1}, {"SEASON_ID": "22017", "Player_ID": 1627826, "Game_ID": "0021700104", "GAME_DATE": "OCT 31, 2017", "MATCHUP": "LAL vs. DET", "WL": "W", "MIN": 2, "FGM": 0, "FGA": 2, "FG_PCT": 0.0, "FG3M": 0, "FG3A": 0, "FG3_PCT": 0.0, "FTM": 0, "FTA": 0, "FT_PCT": 0.0, "OREB": 1, "DREB": 0, "REB": 1, "AST": 0, "STL": 0, "BLK": 0, "TOV": 1, "PF": 1, "PTS": 0, "PLUS_MINUS": -3, "VIDEO_AVAILABLE": 2}, {"SEASON_ID": "22016", "Player_ID": 1627826, "Game_ID": "0021601123", "GAME_DATE": "MAR 30, 2017", "MATCHUP": "LAL @ MIN", "WL": "L", "MIN": 2, "FGM": 1, "FGA": 2, "FG_PCT": 0.5, "FG3M": 0, "FG3A": 0, "FG3_PCT": 0.0, "FTM": 0, "FTA": 0, "FT_PCT": 0.0, "OREB": 0, "DREB": 0, "REB": 0, "AST": 0, "STL": 0, "BLK": 0, "TOV": 0, "PF": 1, "PTS": 2, "PLUS_MINUS": -5, "VIDEO_AVAILABLE": 1}, {"SEASON_ID": "22016", "Player_ID": 1627826, "Game_ID": "0021601110", "GAME_DATE": "MAR 28, 2017", "MATCHUP": "LAL vs. WAS", "WL": "L", "MIN": 18, "FGM": 3, "FGA": 8, "FG_PCT": 0.375, "FG3M": 0, "FG3A": 0, "FG3_PCT": 0.0, "FTM": 4, "FTA": 4, "FT_PCT": 1.0, "OREB": 1, "DREB": 3, "REB": 4, "AST": 1, "STL": 2, "BLK": 1, "TOV": 0, "PF": 4, "PTS": 10, "PLUS_MINUS": 0, "VIDEO_AVAILABLE": 1}, {"SEASON_ID": "22016", "Player_ID": 1627826, "Game_ID": "0021601096", "GAME_DATE": "MAR 26, 2017", "MATCHUP": "LAL vs. POR", "WL": "L", "MIN": 26, "FGM": 4, "FGA": 9, "FG_PCT": 0.444, "FG3M": 0, "FG3A": 2, "FG3_PCT": 0.0, "FTM": 2, "FTA": 2, "FT_PCT": 1.0, "OREB": 0, "DREB": 7, "REB": 7, "AST": 2, "STL": 0, "BLK": 0, "TOV": 1, "PF": 3, "PTS": 10, "PLUS_MINUS": -8, "VIDEO_AVAILABLE": 1}, {"SEASON_ID": "22016", "Player_ID": 1627826, "Game_ID": "0021601080", "GAME_DATE": "MAR 24, 2017", "MATCHUP": "LAL vs. MIN", "WL": "W", "MIN": 21, "FGM": 3, "FGA": 7, "FG_PCT": 0.429, "FG3M": 0, "FG3A": 0, "FG3_PCT": 0.0, "FTM": 1, "FTA": 1, "FT_PCT": 1.0, "OREB": 0, "DREB": 3, "REB": 3, "AST": 3, "STL": 1, "BLK": 0, "TOV": 4, "PF": 3, "PTS": 7, "PLUS_MINUS": -4, "VIDEO_AVAILABLE": 1}, {"SEASON_ID": "22016", "Player_ID": 1627826, "Game_ID": "0021601058", "GAME_DATE": "MAR 21, 2017", "MATCHUP": "LAL vs. LAC", "WL": "L", "MIN": 36, "FGM": 8, "FGA": 14, "FG_PCT": 0.571, "FG3M": 0, "FG3A": 0, "FG3_PCT": 0.0, "FTM": 1, "FTA": 2, "FT_PCT": 0.5, "OREB": 1, "DREB": 6, "REB": 7, "AST": 3, "STL": 1, "BLK": 1, "TOV": 1, "PF": 5, "PTS": 17, "PLUS_MINUS": -6, "VIDEO_AVAILABLE": 1}, {"SEASON_ID": "22016", "Player_ID": 1627826, "Game_ID": "0021601043", "GAME_DATE": "MAR 19, 2017", "MATCHUP": "LAL vs. CLE", "WL": "L", "MIN": 19, "FGM": 4, "FGA": 7, "FG_PCT": 0.571, "FG3M": 0, "FG3A": 0, "FG3_PCT": 0.0, "FTM": 2, "FTA": 2, "FT_PCT": 1.0, "OREB": 2, "DREB": 4, "REB": 6, "AST": 2, "STL": 0, "BLK": 1, "TOV": 0, "PF": 1, "PTS": 10, "PLUS_MINUS": 2, "VIDEO_AVAILABLE": 1}, {"SEASON_ID": "22016", "Player_ID": 1627826, "Game_ID": "0021601027", "GAME_DATE": "MAR 17, 2017", "MATCHUP": "LAL vs. MIL", "WL": "L", "MIN": 29, "FGM": 9, "FGA": 15, "FG_PCT": 0.6, "FG3M": 0, "FG3A": 0, "FG3_PCT": 0.0, "FTM": 0, "FTA": 0, "FT_PCT": 0.0, "OREB": 2, "DREB": 6, "REB": 8, "AST": 1, "STL": 0, "BLK": 0, "TOV": 0, "PF": 2, "PTS": 18, "PLUS_MINUS": -6, "VIDEO_AVAILABLE": 1}, {"SEASON_ID": "22016", "Player_ID": 1627826, "Game_ID": "0021601010", "GAME_DATE": "MAR 15, 2017", "MATCHUP": "LAL @ HOU", "WL": "L", "MIN": 11, "FGM": 1, "FGA": 2, "FG_PCT": 0.5, "FG3M": 0, "FG3A": 0, "FG3_PCT": 0.0, "FTM": 0, "FTA": 0, "FT_PCT": 0.0, "OREB": 0, "DREB": 2, "REB": 2, "AST": 1, "STL": 0, "BLK": 0, "TOV": 0, "PF": 4, "PTS": 2, "PLUS_MINUS": -4, "VIDEO_AVAILABLE": 2}, {"SEASON_ID": "22016", "Player_ID": 1627826, "Game_ID": "0021600998", "GAME_DATE": "MAR 13, 2017", "MATCHUP": "LAL @ DEN", "WL": "L", "MIN": 30, "FGM": 12, "FGA": 15, "FG_PCT": 0.8, "FG3M": 0, "FG3A": 0, "FG3_PCT": 0.0, "FTM": 1, "FTA": 4, "FT_PCT": 0.25, "OREB": 4, "DREB": 7, "REB": 11, "AST": 1, "STL": 0, "BLK": 1, "TOV": 1, "PF": 1, "PTS": 25, "PLUS_MINUS": 8, "VIDEO_AVAILABLE": 1}, {"SEASON_ID": "22016", "Player_ID": 1627826, "Game_ID": "0021600990", "GAME_DATE": "MAR 12, 2017", "MATCHUP": "LAL vs. PHI", "WL": "L", "MIN": 19, "FGM": 4, "FGA": 5, "FG_PCT": 0.8, "FG3M": 0, "FG3A": 0, "FG3_PCT": 0.0, "FTM": 2, "FTA": 3, "FT_PCT": 0.667, "OREB": 0, "DREB": 6, "REB": 6, "AST": 0, "STL": 0, "BLK": 4, "TOV": 2, "PF": 2, "PTS": 10, "PLUS_MINUS": -11, "VIDEO_AVAILABLE": 1}, {"SEASON_ID": "22016", "Player_ID": 1627826, "Game_ID": "0021600964", "GAME_DATE": "MAR 09, 2017", "MATCHUP": "LAL @ PHX", "WL": "W", "MIN": 17, "FGM": 7, "FGA": 13, "FG_PCT": 0.538, "FG3M": 0, "FG3A": 0, "FG3_PCT": 0.0, "FTM": 0, "FTA": 1, "FT_PCT": 0.0, "OREB": 2, "DREB": 1, "REB": 3, "AST": 0, "STL": 1, "BLK": 2, "TOV": 0, "PF": 1, "PTS": 14, "PLUS_MINUS": 6, "VIDEO_AVAILABLE": 1}, {"SEASON_ID": "22016", "Player_ID": 1627826, "Game_ID": "0021600918", "GAME_DATE": "MAR 03, 2017", "MATCHUP": "LAL vs. BOS", "WL": "L", "MIN": 23, "FGM": 4, "FGA": 8, "FG_PCT": 0.5, "FG3M": 0, "FG3A": 0, "FG3_PCT": 0.0, "FTM": 0, "FTA": 2, "FT_PCT": 0.0, "OREB": 0, "DREB": 1, "REB": 1, "AST": 3, "STL": 2, "BLK": 2, "TOV": 0, "PF": 2, "PTS": 8, "PLUS_MINUS": 8, "VIDEO_AVAILABLE": 1}, {"SEASON_ID": "22016", "Player_ID": 1627826, "Game_ID": "0021600894", "GAME_DATE": "FEB 28, 2017", "MATCHUP": "LAL vs. CHA", "WL": "L", "MIN": 8, "FGM": 2, "FGA": 6, "FG_PCT": 0.333, "FG3M": 0, "FG3A": 1, "FG3_PCT": 0.0, "FTM": 0, "FTA": 0, "FT_PCT": 0.0, "OREB": 0, "DREB": 2, "REB": 2, "AST": 0, "STL": 0, "BLK": 0, "TOV": 0, "PF": 1, "PTS": 4, "PLUS_MINUS": -8, "VIDEO_AVAILABLE": 1}, {"SEASON_ID": "22016", "Player_ID": 1627826, "Game_ID": "0021600874", "GAME_DATE": "FEB 26, 2017", "MATCHUP": "LAL vs. SAS", "WL": "L", "MIN": 18, "FGM": 1, "FGA": 3, "FG_PCT": 0.333, "FG3M": 0, "FG3A": 0, "FG3_PCT": 0.0, "FTM": 0, "FTA": 2, "FT_PCT": 0.0, "OREB": 0, "DREB": 2, "REB": 2, "AST": 0, "STL": 1, "BLK": 1, "TOV": 2, "PF": 3, "PTS": 2, "PLUS_MINUS": -11, "VIDEO_AVAILABLE": 1}, {"SEASON_ID": "22016", "Player_ID": 1627826, "Game_ID": "0021600861", "GAME_DATE": "FEB 24, 2017", "MATCHUP": "LAL @ OKC", "WL": "L", "MIN": 27, "FGM": 5, "FGA": 9, "FG_PCT": 0.556, "FG3M": 0, "FG3A": 0, "FG3_PCT": 0.0, "FTM": 1, "FTA": 2, "FT_PCT": 0.5, "OREB": 1, "DREB": 5, "REB": 6, "AST": 1, "STL": 1, "BLK": 3, "TOV": 1, "PF": 1, "PTS": 11, "PLUS_MINUS": 2, "VIDEO_AVAILABLE": 1}, {"SEASON_ID": "22016", "Player_ID": 1627826, "Game_ID": "0021600844", "GAME_DATE": "FEB 15, 2017", "MATCHUP": "LAL @ PHX", "WL": "L", "MIN": 14, "FGM": 3, "FGA": 6, "FG_PCT": 0.5, "FG3M": 0, "FG3A": 0, "FG3_PCT": 0.0, "FTM": 2, "FTA": 4, "FT_PCT": 0.5, "OREB": 2, "DREB": 2, "REB": 4, "AST": 0, "STL": 0, "BLK": 0, "TOV": 1, "PF": 4, "PTS": 8, "PLUS_MINUS": -17, "VIDEO_AVAILABLE": 1}, {"SEASON_ID": "22016", "Player_ID": 1627826, "Game_ID": "0021600833", "GAME_DATE": "FEB 14, 2017", "MATCHUP": "LAL vs. SAC", "WL": "L", "MIN": 10, "FGM": 0, "FGA": 1, "FG_PCT": 0.0, "FG3M": 0, "FG3A": 0, "FG3_PCT": 0.0, "FTM": 0, "FTA": 0, "FT_PCT": 0.0, "OREB": 0, "DREB": 5, "REB": 5, "AST": 0, "STL": 0, "BLK": 0, "TOV": 1, "PF": 2, "PTS": 0, "PLUS_MINUS": -7, "VIDEO_AVAILABLE": 1}, {"SEASON_ID": "22016", "Player_ID": 1627826, "Game_ID": "0021600802", "GAME_DATE": "FEB 10, 2017", "MATCHUP": "LAL @ MIL", "WL": "W", "MIN": 21, "FGM": 7, "FGA": 11, "FG_PCT": 0.636, "FG3M": 0, "FG3A": 0, "FG3_PCT": 0.0, "FTM": 1, "FTA": 1, "FT_PCT": 1.0, "OREB": 1, "DREB": 5, "REB": 6, "AST": 2, "STL": 0, "BLK": 1, "TOV": 2, "PF": 3, "PTS": 15, "PLUS_MINUS": 0, "VIDEO_AVAILABLE": 1}, {"SEASON_ID": "22016", "Player_ID": 1627826, "Game_ID": "0021600786", "GAME_DATE": "FEB 08, 2017", "MATCHUP": "LAL @ DET", "WL": "L", "MIN": 22, "FGM": 2, "FGA": 5, "FG_PCT": 0.4, "FG3M": 0, "FG3A": 0, "FG3_PCT": 0.0, "FTM": 1, "FTA": 2, "FT_PCT": 0.5, "OREB": 1, "DREB": 1, "REB": 2, "AST": 1, "STL": 0, "BLK": 2, "TOV": 0, "PF": 0, "PTS": 5, "PLUS_MINUS": -17, "VIDEO_AVAILABLE": 1}, {"SEASON_ID": "22016", "Player_ID": 1627826, "Game_ID": "0021600768", "GAME_DATE": "FEB 06, 2017", "MATCHUP": "LAL @ NYK", "WL": "W", "MIN": 17, "FGM": 5, "FGA": 9, "FG_PCT": 0.556, "FG3M": 0, "FG3A": 0, "FG3_PCT": 0.0, "FTM": 0, "FTA": 0, "FT_PCT": 0.0, "OREB": 2, "DREB": 5, "REB": 7, "AST": 0, "STL": 1, "BLK": 3, "TOV": 0, "PF": 3, "PTS": 10, "PLUS_MINUS": -8, "VIDEO_AVAILABLE": 1}, {"SEASON_ID": "22016", "Player_ID": 1627826, "Game_ID": "0021600751", "GAME_DATE": "FEB 03, 2017", "MATCHUP": "LAL @ BOS", "WL": "L", "MIN": 4, "FGM": 0, "FGA": 0, "FG_PCT": 0.0, "FG3M": 0, "FG3A": 0, "FG3_PCT": 0.0, "FTM": 1, "FTA": 2, "FT_PCT": 0.5, "OREB": 0, "DREB": 2, "REB": 2, "AST": 0, "STL": 0, "BLK": 0, "TOV": 1, "PF": 0, "PTS": 1, "PLUS_MINUS": -6, "VIDEO_AVAILABLE": 1}, {"SEASON_ID": "22016", "Player_ID": 1627826, "Game_ID": "0021600742", "GAME_DATE": "FEB 02, 2017", "MATCHUP": "LAL @ WAS", "WL": "L", "MIN": 11, "FGM": 2, "FGA": 4, "FG_PCT": 0.5, "FG3M": 0, "FG3A": 0, "FG3_PCT": 0.0, "FTM": 0, "FTA": 0, "FT_PCT": 0.0, "OREB": 1, "DREB": 2, "REB": 3, "AST": 0, "STL": 0, "BLK": 1, "TOV": 1, "PF": 0, "PTS": 4, "PLUS_MINUS": -4, "VIDEO_AVAILABLE": 1}, {"SEASON_ID": "22016", "Player_ID": 1627826, "Game_ID": "0021600729", "GAME_DATE": "JAN 31, 2017", "MATCHUP": "LAL vs. DEN", "WL": "W", "MIN": 21, "FGM": 8, "FGA": 9, "FG_PCT": 0.889, "FG3M": 0, "FG3A": 0, "FG3_PCT": 0.0, "FTM": 1, "FTA": 1, "FT_PCT": 1.0, "OREB": 3, "DREB": 3, "REB": 6, "AST": 1, "STL": 0, "BLK": 0, "TOV": 1, "PF": 4, "PTS": 17, "PLUS_MINUS": -5, "VIDEO_AVAILABLE": 1}, {"SEASON_ID": "22016", "Player_ID": 1627826, "Game_ID": "0021600693", "GAME_DATE": "JAN 26, 2017", "MATCHUP": "LAL @ UTA", "WL": "L", "MIN": 26, "FGM": 6, "FGA": 11, "FG_PCT": 0.545, "FG3M": 0, "FG3A": 0, "FG3_PCT": 0.0, "FTM": 4, "FTA": 4, "FT_PCT": 1.0, "OREB": 2, "DREB": 8, "REB": 10, "AST": 1, "STL": 0, "BLK": 0, "TOV": 0, "PF": 1, "PTS": 16, "PLUS_MINUS": -1, "VIDEO_AVAILABLE": 1}, {"SEASON_ID": "22016", "Player_ID": 1627826, "Game_ID": "0021600689", "GAME_DATE": "JAN 25, 2017", "MATCHUP": "LAL @ POR", "WL": "L", "MIN": 28, "FGM": 5, "FGA": 15, "FG_PCT": 0.333, "FG3M": 0, "FG3A": 0, "FG3_PCT": 0.0, "FTM": 2, "FTA": 2, "FT_PCT": 1.0, "OREB": 4, "DREB": 6, "REB": 10, "AST": 2, "STL": 0, "BLK": 3, "TOV": 4, "PF": 2, "PTS": 12, "PLUS_MINUS": 13, "VIDEO_AVAILABLE": 1}, {"SEASON_ID": "22016", "Player_ID": 1627826, "Game_ID": "0021600662", "GAME_DATE": "JAN 22, 2017", "MATCHUP": "LAL @ DAL", "WL": "L", "MIN": 19, "FGM": 1, "FGA": 2, "FG_PCT": 0.5, "FG3M": 0, "FG3A": 0, "FG3_PCT": 0.0, "FTM": 0, "FTA": 0, "FT_PCT": 0.0, "OREB": 1, "DREB": 3, "REB": 4, "AST": 1, "STL": 0, "BLK": 1, "TOV": 1, "PF": 1, "PTS": 2, "PLUS_MINUS": -29, "VIDEO_AVAILABLE": 1}, {"SEASON_ID": "22016", "Player_ID": 1627826, "Game_ID": "0021600649", "GAME_DATE": "JAN 20, 2017", "MATCHUP": "LAL vs. IND", "WL": "W", "MIN": 6, "FGM": 2, "FGA": 2, "FG_PCT": 1.0, "FG3M": 0, "FG3A": 0, "FG3_PCT": 0.0, "FTM": 0, "FTA": 0, "FT_PCT": 0.0, "OREB": 0, "DREB": 1, "REB": 1, "AST": 0, "STL": 0, "BLK": 0, "TOV": 0, "PF": 2, "PTS": 4, "PLUS_MINUS": -5, "VIDEO_AVAILABLE": 1}, {"SEASON_ID": "22016", "Player_ID": 1627826, "Game_ID": "0021600626", "GAME_DATE": "JAN 17, 2017", "MATCHUP": "LAL vs. DEN", "WL": "L", "MIN": 26, "FGM": 5, "FGA": 11, "FG_PCT": 0.455, "FG3M": 0, "FG3A": 0, "FG3_PCT": 0.0, "FTM": 1, "FTA": 2, "FT_PCT": 0.5, "OREB": 5, "DREB": 8, "REB": 13, "AST": 1, "STL": 1, "BLK": 3, "TOV": 1, "PF": 2, "PTS": 11, "PLUS_MINUS": 8, "VIDEO_AVAILABLE": 1}, {"SEASON_ID": "22016", "Player_ID": 1627826, "Game_ID": "0021600612", "GAME_DATE": "JAN 15, 2017", "MATCHUP": "LAL vs. DET", "WL": "L", "MIN": 9, "FGM": 2, "FGA": 4, "FG_PCT": 0.5, "FG3M": 0, "FG3A": 0, "FG3_PCT": 0.0, "FTM": 0, "FTA": 0, "FT_PCT": 0.0, "OREB": 1, "DREB": 4, "REB": 5, "AST": 1, "STL": 0, "BLK": 2, "TOV": 1, "PF": 0, "PTS": 4, "PLUS_MINUS": 1, "VIDEO_AVAILABLE": 1}, {"SEASON_ID": "22016", "Player_ID": 1627826, "Game_ID": "0021600601", "GAME_DATE": "JAN 14, 2017", "MATCHUP": "LAL @ LAC", "WL": "L", "MIN": 3, "FGM": 1, "FGA": 1, "FG_PCT": 1.0, "FG3M": 0, "FG3A": 0, "FG3_PCT": 0.0, "FTM": 0, "FTA": 0, "FT_PCT": 0.0, "OREB": 0, "DREB": 0, "REB": 0, "AST": 0, "STL": 0, "BLK": 0, "TOV": 0, "PF": 0, "PTS": 2, "PLUS_MINUS": 1, "VIDEO_AVAILABLE": 1}, {"SEASON_ID": "22016", "Player_ID": 1627826, "Game_ID": "0021600588", "GAME_DATE": "JAN 12, 2017", "MATCHUP": "LAL @ SAS", "WL": "L", "MIN": 15, "FGM": 4, "FGA": 7, "FG_PCT": 0.571, "FG3M": 0, "FG3A": 0, "FG3_PCT": 0.0, "FTM": 0, "FTA": 0, "FT_PCT": 0.0, "OREB": 2, "DREB": 2, "REB": 4, "AST": 1, "STL": 2, "BLK": 1, "TOV": 1, "PF": 1, "PTS": 8, "PLUS_MINUS": -12, "VIDEO_AVAILABLE": 1}, {"SEASON_ID": "22016", "Player_ID": 1627826, "Game_ID": "0021600443", "GAME_DATE": "DEC 23, 2016", "MATCHUP": "LAL @ ORL", "WL": "L", "MIN": 17, "FGM": 2, "FGA": 7, "FG_PCT": 0.286, "FG3M": 0, "FG3A": 0, "FG3_PCT": 0.0, "FTM": 2, "FTA": 2, "FT_PCT": 1.0, "OREB": 1, "DREB": 1, "REB": 2, "AST": 1, "STL": 0, "BLK": 0, "TOV": 1, "PF": 1, "PTS": 6, "PLUS_MINUS": -10, "VIDEO_AVAILABLE": 1}, {"SEASON_ID": "22016", "Player_ID": 1627826, "Game_ID": "0021600419", "GAME_DATE": "DEC 20, 2016", "MATCHUP": "LAL @ CHA", "WL": "L", "MIN": 3, "FGM": 0, "FGA": 1, "FG_PCT": 0.0, "FG3M": 0, "FG3A": 0, "FG3_PCT": 0.0, "FTM": 0, "FTA": 0, "FT_PCT": 0.0, "OREB": 0, "DREB": 1, "REB": 1, "AST": 0, "STL": 0, "BLK": 0, "TOV": 0, "PF": 0, "PTS": 0, "PLUS_MINUS": 0, "VIDEO_AVAILABLE": 1}, {"SEASON_ID": "22016", "Player_ID": 1627826, "Game_ID": "0021600367", "GAME_DATE": "DEC 12, 2016", "MATCHUP": "LAL @ SAC", "WL": "L", "MIN": 2, "FGM": 0, "FGA": 1, "FG_PCT": 0.0, "FG3M": 0, "FG3A": 0, "FG3_PCT": 0.0, "FTM": 0, "FTA": 0, "FT_PCT": 0.0, "OREB": 0, "DREB": 0, "REB": 0, "AST": 0, "STL": 0, "BLK": 0, "TOV": 1, "PF": 0, "PTS": 0, "PLUS_MINUS": -5, "VIDEO_AVAILABLE": 1}, {"SEASON_ID": "22016", "Player_ID": 1627826, "Game_ID": "0021600326", "GAME_DATE": "DEC 07, 2016", "MATCHUP": "LAL @ HOU", "WL": "L", "MIN": 5, "FGM": 0, "FGA": 2, "FG_PCT": 0.0, "FG3M": 0, "FG3A": 0, "FG3_PCT": 0.0, "FTM": 2, "FTA": 2, "FT_PCT": 1.0, "OREB": 0, "DREB": 0, "REB": 0, "AST": 0, "STL": 0, "BLK": 0, "TOV": 0, "PF": 0, "PTS": 2, "PLUS_MINUS": -1, "VIDEO_AVAILABLE": 1}, {"SEASON_ID": "22016", "Player_ID": 1627826, "Game_ID": "0021600142", "GAME_DATE": "NOV 13, 2016", "MATCHUP": "LAL @ MIN", "WL": "L", "MIN": 8, "FGM": 0, "FGA": 2, "FG_PCT": 0.0, "FG3M": 0, "FG3A": 0, "FG3_PCT": 0.0, "FTM": 1, "FTA": 2, "FT_PCT": 0.5, "OREB": 0, "DREB": 2, "REB": 2, "AST": 0, "STL": 0, "BLK": 0, "TOV": 1, "PF": 2, "PTS": 1, "PLUS_MINUS": -4, "VIDEO_AVAILABLE": 1}, {"SEASON_ID": "22016", "Player_ID": 1627826, "Game_ID": "0021600078", "GAME_DATE": "NOV 04, 2016", "MATCHUP": "LAL vs. GSW", "WL": "W", "MIN": 1, "FGM": 0, "FGA": 0, "FG_PCT": 0.0, "FG3M": 0, "FG3A": 0, "FG3_PCT": 0.0, "FTM": 0, "FTA": 0, "FT_PCT": 0.0, "OREB": 0, "DREB": 0, "REB": 0, "AST": 0, "STL": 0, "BLK": 0, "TOV": 0, "PF": 0, "PTS": 0, "PLUS_MINUS": 0, "VIDEO_AVAILABLE": 1}, {"SEASON_ID": "22016", "Player_ID": 1627826, "Game_ID": "0021600059", "GAME_DATE": "NOV 02, 2016", "MATCHUP": "LAL @ ATL", "WL": "W", "MIN": 19, "FGM": 3, "FGA": 4, "FG_PCT": 0.75, "FG3M": 0, "FG3A": 0, "FG3_PCT": 0.0, "FTM": 0, "FTA": 0, "FT_PCT": 0.0, "OREB": 2, "DREB": 2, "REB": 4, "AST": 0, "STL": 1, "BLK": 0, "TOV": 0, "PF": 4, "PTS": 6, "PLUS_MINUS": 10, "VIDEO_AVAILABLE": 1}]