{"firstName": "Ivica", "lastName": "Zubac", "temporaryDisplayName": "Zubac, Ivica", "personId": "1627826", "teamId": "1610612746", "jersey": "40", "isActive": true, "pos": "C", "heightFeet": "7", "heightInches": "1", "heightMeters": "2.16", "weightPounds": "240", "weightKilograms": "108.9", "dateOfBirthUTC": "1997-03-18", "teamSitesOnly": {"playerCode": "ivica_zubac", "posFull": "Center", "displayAffiliation": "Bosnia & Herzegovina", "freeAgentCode": ""}, "teams": [{"teamId": "1610612747", "seasonStart": "2016", "seasonEnd": "2018"}, {"teamId": "1610612746", "seasonStart": "2018", "seasonEnd": "2019"}], "draft": {"teamId": "1610612747", "pickNum": "32", "roundNum": "2", "seasonYear": "2016"}, "nbaDebutYear": "2016", "yearsPro": "3", "collegeName": " ", "lastAffiliation": "Mega Leks/Croatia", "country": "Croatia"}