{"firstName": "Darius", "lastName": "Bazley", "temporaryDisplayName": "Bazley, Darius", "personId": "1629647", "teamId": "1610612760", "jersey": "7", "isActive": true, "pos": "F", "heightFeet": "6", "heightInches": "8", "heightMeters": "2.03", "weightPounds": "208", "weightKilograms": "94.3", "dateOfBirthUTC": "2000-06-12", "teamSitesOnly": {"playerCode": "darius_bazley", "posFull": "Forward", "displayAffiliation": "USA", "freeAgentCode": ""}, "teams": [{"teamId": "1610612760", "seasonStart": "2019", "seasonEnd": "2019"}], "draft": {"teamId": "1610612762", "pickNum": "23", "roundNum": "1", "seasonYear": "2019"}, "nbaDebutYear": "", "yearsPro": "0", "collegeName": " ", "lastAffiliation": " USA/USA", "country": "USA"}