{"firstName": "Nene", "lastName": "", "temporaryDisplayName": "Nene", "personId": "2403", "teamId": "1610612745", "jersey": "42", "isActive": true, "pos": "C", "heightFeet": "6", "heightInches": "11", "heightMeters": "2.11", "weightPounds": "250", "weightKilograms": "113.4", "dateOfBirthUTC": "1982-09-13", "teamSitesOnly": {"playerCode": "nene_hilario", "posFull": "Center", "displayAffiliation": "Vasco de Gama/Brazil", "freeAgentCode": ""}, "teams": [{"teamId": "1610612743", "seasonStart": "2002", "seasonEnd": "2011"}, {"teamId": "1610612764", "seasonStart": "2011", "seasonEnd": "2015"}, {"teamId": "1610612745", "seasonStart": "2016", "seasonEnd": "2019"}], "draft": {"teamId": "1610612752", "pickNum": "7", "roundNum": "1", "seasonYear": "2002"}, "nbaDebutYear": "2002", "yearsPro": "17", "collegeName": " ", "lastAffiliation": "Vasco de Gama/Brazil", "country": "Brazil"}