[{"SEASON_ID": "22016", "Player_ID": 203954, "Game_ID": "0021600694", "GAME_DATE": "JAN 27, 2017", "MATCHUP": "PHI vs. HOU", "WL": "L", "MIN": 28, "FGM": 11, "FGA": 20, "FG_PCT": 0.55, "FG3M": 4, "FG3A": 6, "FG3_PCT": 0.667, "FTM": 6, "FTA": 6, "FT_PCT": 1.0, "OREB": 1, "DREB": 6, "REB": 7, "AST": 4, "STL": 3, "BLK": 2, "TOV": 5, "PF": 3, "PTS": 32, "PLUS_MINUS": 0, "VIDEO_AVAILABLE": 1}, {"SEASON_ID": "22016", "Player_ID": 203954, "Game_ID": "0021600641", "GAME_DATE": "JAN 20, 2017", "MATCHUP": "PHI vs. POR", "WL": "W", "MIN": 22, "FGM": 7, "FGA": 14, "FG_PCT": 0.5, "FG3M": 0, "FG3A": 0, "FG3_PCT": 0.0, "FTM": 4, "FTA": 9, "FT_PCT": 0.444, "OREB": 3, "DREB": 7, "REB": 10, "AST": 5, "STL": 0, "BLK": 4, "TOV": 5, "PF": 2, "PTS": 18, "PLUS_MINUS": -1, "VIDEO_AVAILABLE": 1}, {"SEASON_ID": "22016", "Player_ID": 203954, "Game_ID": "0021600627", "GAME_DATE": "JAN 18, 2017", "MATCHUP": "PHI vs. TOR", "WL": "W", "MIN": 27, "FGM": 6, "FGA": 13, "FG_PCT": 0.462, "FG3M": 2, "FG3A": 5, "FG3_PCT": 0.4, "FTM": 12, "FTA": 14, "FT_PCT": 0.857, "OREB": 0, "DREB": 9, "REB": 9, "AST": 2, "STL": 1, "BLK": 2, "TOV": 4, "PF": 5, "PTS": 26, "PLUS_MINUS": 20, "VIDEO_AVAILABLE": 1}, {"SEASON_ID": "22016", "Player_ID": 203954, "Game_ID": "0021600615", "GAME_DATE": "JAN 16, 2017", "MATCHUP": "PHI @ MIL", "WL": "W", "MIN": 28, "FGM": 4, "FGA": 9, "FG_PCT": 0.444, "FG3M": 1, "FG3A": 3, "FG3_PCT": 0.333, "FTM": 13, "FTA": 18, "FT_PCT": 0.722, "OREB": 3, "DREB": 10, "REB": 13, "AST": 2, "STL": 2, "BLK": 5, "TOV": 4, "PF": 3, "PTS": 22, "PLUS_MINUS": 13, "VIDEO_AVAILABLE": 1}, {"SEASON_ID": "22016", "Player_ID": 203954, "Game_ID": "0021600593", "GAME_DATE": "JAN 13, 2017", "MATCHUP": "PHI vs. CHA", "WL": "W", "MIN": 28, "FGM": 6, "FGA": 12, "FG_PCT": 0.5, "FG3M": 0, "FG3A": 5, "FG3_PCT": 0.0, "FTM": 12, "FTA": 14, "FT_PCT": 0.857, "OREB": 0, "DREB": 8, "REB": 8, "AST": 1, "STL": 2, "BLK": 3, "TOV": 5, "PF": 5, "PTS": 24, "PLUS_MINUS": 23, "VIDEO_AVAILABLE": 1}, {"SEASON_ID": "22016", "Player_ID": 203954, "Game_ID": "0021600580", "GAME_DATE": "JAN 11, 2017", "MATCHUP": "PHI vs. NYK", "WL": "W", "MIN": 27, "FGM": 7, "FGA": 20, "FG_PCT": 0.35, "FG3M": 1, "FG3A": 3, "FG3_PCT": 0.333, "FTM": 6, "FTA": 7, "FT_PCT": 0.857, "OREB": 5, "DREB": 9, "REB": 14, "AST": 1, "STL": 1, "BLK": 1, "TOV": 1, "PF": 3, "PTS": 21, "PLUS_MINUS": 9, "VIDEO_AVAILABLE": 1}, {"SEASON_ID": "22016", "Player_ID": 203954, "Game_ID": "0021600560", "GAME_DATE": "JAN 08, 2017", "MATCHUP": "PHI @ BKN", "WL": "W", "MIN": 24, "FGM": 8, "FGA": 14, "FG_PCT": 0.571, "FG3M": 0, "FG3A": 3, "FG3_PCT": 0.0, "FTM": 4, "FTA": 5, "FT_PCT": 0.8, "OREB": 1, "DREB": 4, "REB": 5, "AST": 4, "STL": 0, "BLK": 2, "TOV": 3, "PF": 4, "PTS": 20, "PLUS_MINUS": 10, "VIDEO_AVAILABLE": 1}, {"SEASON_ID": "22016", "Player_ID": 203954, "Game_ID": "0021600546", "GAME_DATE": "JAN 06, 2017", "MATCHUP": "PHI @ BOS", "WL": "L", "MIN": 26, "FGM": 6, "FGA": 12, "FG_PCT": 0.5, "FG3M": 1, "FG3A": 3, "FG3_PCT": 0.333, "FTM": 10, "FTA": 10, "FT_PCT": 1.0, "OREB": 0, "DREB": 8, "REB": 8, "AST": 3, "STL": 0, "BLK": 2, "TOV": 4, "PF": 6, "PTS": 23, "PLUS_MINUS": -1, "VIDEO_AVAILABLE": 1}, {"SEASON_ID": "22016", "Player_ID": 203954, "Game_ID": "0021600521", "GAME_DATE": "JAN 03, 2017", "MATCHUP": "PHI vs. MIN", "WL": "W", "MIN": 30, "FGM": 8, "FGA": 20, "FG_PCT": 0.4, "FG3M": 1, "FG3A": 3, "FG3_PCT": 0.333, "FTM": 8, "FTA": 11, "FT_PCT": 0.727, "OREB": 5, "DREB": 3, "REB": 8, "AST": 3, "STL": 1, "BLK": 2, "TOV": 3, "PF": 3, "PTS": 25, "PLUS_MINUS": 11, "VIDEO_AVAILABLE": 1}, {"SEASON_ID": "22016", "Player_ID": 203954, "Game_ID": "0021600500", "GAME_DATE": "DEC 30, 2016", "MATCHUP": "PHI @ DEN", "WL": "W", "MIN": 29, "FGM": 5, "FGA": 13, "FG_PCT": 0.385, "FG3M": 1, "FG3A": 5, "FG3_PCT": 0.2, "FTM": 12, "FTA": 14, "FT_PCT": 0.857, "OREB": 3, "DREB": 3, "REB": 6, "AST": 5, "STL": 2, "BLK": 3, "TOV": 5, "PF": 6, "PTS": 23, "PLUS_MINUS": 8, "VIDEO_AVAILABLE": 1}, {"SEASON_ID": "22016", "Player_ID": 203954, "Game_ID": "0021600471", "GAME_DATE": "DEC 26, 2016", "MATCHUP": "PHI @ SAC", "WL": "L", "MIN": 29, "FGM": 8, "FGA": 17, "FG_PCT": 0.471, "FG3M": 1, "FG3A": 4, "FG3_PCT": 0.25, "FTM": 8, "FTA": 9, "FT_PCT": 0.889, "OREB": 4, "DREB": 4, "REB": 8, "AST": 1, "STL": 2, "BLK": 2, "TOV": 8, "PF": 5, "PTS": 25, "PLUS_MINUS": 3, "VIDEO_AVAILABLE": 1}, {"SEASON_ID": "22016", "Player_ID": 203954, "Game_ID": "0021600453", "GAME_DATE": "DEC 23, 2016", "MATCHUP": "PHI @ PHX", "WL": "L", "MIN": 28, "FGM": 8, "FGA": 15, "FG_PCT": 0.533, "FG3M": 1, "FG3A": 3, "FG3_PCT": 0.333, "FTM": 10, "FTA": 11, "FT_PCT": 0.909, "OREB": 0, "DREB": 7, "REB": 7, "AST": 1, "STL": 0, "BLK": 2, "TOV": 3, "PF": 3, "PTS": 27, "PLUS_MINUS": -12, "VIDEO_AVAILABLE": 1}, {"SEASON_ID": "22016", "Player_ID": 203954, "Game_ID": "0021600418", "GAME_DATE": "DEC 20, 2016", "MATCHUP": "PHI vs. NOP", "WL": "L", "MIN": 25, "FGM": 4, "FGA": 12, "FG_PCT": 0.333, "FG3M": 0, "FG3A": 3, "FG3_PCT": 0.0, "FTM": 3, "FTA": 5, "FT_PCT": 0.6, "OREB": 0, "DREB": 6, "REB": 6, "AST": 1, "STL": 1, "BLK": 1, "TOV": 2, "PF": 5, "PTS": 11, "PLUS_MINUS": -17, "VIDEO_AVAILABLE": 1}, {"SEASON_ID": "22016", "Player_ID": 203954, "Game_ID": "0021600408", "GAME_DATE": "DEC 18, 2016", "MATCHUP": "PHI vs. BKN", "WL": "W", "MIN": 27, "FGM": 12, "FGA": 17, "FG_PCT": 0.706, "FG3M": 2, "FG3A": 3, "FG3_PCT": 0.667, "FTM": 7, "FTA": 8, "FT_PCT": 0.875, "OREB": 2, "DREB": 8, "REB": 10, "AST": 1, "STL": 2, "BLK": 3, "TOV": 3, "PF": 2, "PTS": 33, "PLUS_MINUS": 7, "VIDEO_AVAILABLE": 1}, {"SEASON_ID": "22016", "Player_ID": 203954, "Game_ID": "0021600396", "GAME_DATE": "DEC 16, 2016", "MATCHUP": "PHI vs. LAL", "WL": "L", "MIN": 29, "FGM": 5, "FGA": 14, "FG_PCT": 0.357, "FG3M": 2, "FG3A": 4, "FG3_PCT": 0.5, "FTM": 3, "FTA": 8, "FT_PCT": 0.375, "OREB": 2, "DREB": 2, "REB": 4, "AST": 2, "STL": 0, "BLK": 2, "TOV": 3, "PF": 2, "PTS": 15, "PLUS_MINUS": -6, "VIDEO_AVAILABLE": 1}, {"SEASON_ID": "22016", "Player_ID": 203954, "Game_ID": "0021600374", "GAME_DATE": "DEC 14, 2016", "MATCHUP": "PHI vs. TOR", "WL": "L", "MIN": 27, "FGM": 3, "FGA": 6, "FG_PCT": 0.5, "FG3M": 0, "FG3A": 2, "FG3_PCT": 0.0, "FTM": 3, "FTA": 5, "FT_PCT": 0.6, "OREB": 1, "DREB": 5, "REB": 6, "AST": 5, "STL": 1, "BLK": 2, "TOV": 4, "PF": 5, "PTS": 9, "PLUS_MINUS": -10, "VIDEO_AVAILABLE": 1}, {"SEASON_ID": "22016", "Player_ID": 203954, "Game_ID": "0021600334", "GAME_DATE": "DEC 08, 2016", "MATCHUP": "PHI @ NOP", "WL": "W", "MIN": 27, "FGM": 5, "FGA": 15, "FG_PCT": 0.333, "FG3M": 0, "FG3A": 5, "FG3_PCT": 0.0, "FTM": 4, "FTA": 5, "FT_PCT": 0.8, "OREB": 3, "DREB": 4, "REB": 7, "AST": 2, "STL": 3, "BLK": 4, "TOV": 3, "PF": 3, "PTS": 14, "PLUS_MINUS": 27, "VIDEO_AVAILABLE": 1}, {"SEASON_ID": "22016", "Player_ID": 203954, "Game_ID": "0021600304", "GAME_DATE": "DEC 05, 2016", "MATCHUP": "PHI vs. DEN", "WL": "L", "MIN": 26, "FGM": 5, "FGA": 15, "FG_PCT": 0.333, "FG3M": 1, "FG3A": 3, "FG3_PCT": 0.333, "FTM": 5, "FTA": 6, "FT_PCT": 0.833, "OREB": 1, "DREB": 3, "REB": 4, "AST": 1, "STL": 0, "BLK": 5, "TOV": 3, "PF": 3, "PTS": 16, "PLUS_MINUS": -9, "VIDEO_AVAILABLE": 1}, {"SEASON_ID": "22016", "Player_ID": 203954, "Game_ID": "0021600282", "GAME_DATE": "DEC 02, 2016", "MATCHUP": "PHI vs. ORL", "WL": "L", "MIN": 27, "FGM": 10, "FGA": 21, "FG_PCT": 0.476, "FG3M": 3, "FG3A": 5, "FG3_PCT": 0.6, "FTM": 2, "FTA": 2, "FT_PCT": 1.0, "OREB": 4, "DREB": 6, "REB": 10, "AST": 4, "STL": 0, "BLK": 0, "TOV": 0, "PF": 3, "PTS": 25, "PLUS_MINUS": 3, "VIDEO_AVAILABLE": 1}, {"SEASON_ID": "22016", "Player_ID": 203954, "Game_ID": "0021600245", "GAME_DATE": "NOV 27, 2016", "MATCHUP": "PHI vs. CLE", "WL": "L", "MIN": 25, "FGM": 8, "FGA": 18, "FG_PCT": 0.444, "FG3M": 3, "FG3A": 4, "FG3_PCT": 0.75, "FTM": 3, "FTA": 5, "FT_PCT": 0.6, "OREB": 4, "DREB": 5, "REB": 9, "AST": 4, "STL": 0, "BLK": 3, "TOV": 3, "PF": 2, "PTS": 22, "PLUS_MINUS": -3, "VIDEO_AVAILABLE": 1}, {"SEASON_ID": "22016", "Player_ID": 203954, "Game_ID": "0021600212", "GAME_DATE": "NOV 23, 2016", "MATCHUP": "PHI vs. MEM", "WL": "L", "MIN": 27, "FGM": 4, "FGA": 10, "FG_PCT": 0.4, "FG3M": 1, "FG3A": 4, "FG3_PCT": 0.25, "FTM": 3, "FTA": 4, "FT_PCT": 0.75, "OREB": 1, "DREB": 10, "REB": 11, "AST": 3, "STL": 1, "BLK": 3, "TOV": 7, "PF": 5, "PTS": 12, "PLUS_MINUS": 6, "VIDEO_AVAILABLE": 1}, {"SEASON_ID": "22016", "Player_ID": 203954, "Game_ID": "0021600199", "GAME_DATE": "NOV 21, 2016", "MATCHUP": "PHI vs. MIA", "WL": "W", "MIN": 23, "FGM": 7, "FGA": 13, "FG_PCT": 0.538, "FG3M": 1, "FG3A": 2, "FG3_PCT": 0.5, "FTM": 7, "FTA": 9, "FT_PCT": 0.778, "OREB": 0, "DREB": 5, "REB": 5, "AST": 0, "STL": 1, "BLK": 3, "TOV": 1, "PF": 2, "PTS": 22, "PLUS_MINUS": 6, "VIDEO_AVAILABLE": 1}, {"SEASON_ID": "22016", "Player_ID": 203954, "Game_ID": "0021600189", "GAME_DATE": "NOV 19, 2016", "MATCHUP": "PHI vs. PHX", "WL": "W", "MIN": 20, "FGM": 9, "FGA": 14, "FG_PCT": 0.643, "FG3M": 3, "FG3A": 5, "FG3_PCT": 0.6, "FTM": 5, "FTA": 6, "FT_PCT": 0.833, "OREB": 0, "DREB": 7, "REB": 7, "AST": 2, "STL": 0, "BLK": 2, "TOV": 3, "PF": 4, "PTS": 26, "PLUS_MINUS": 16, "VIDEO_AVAILABLE": 1}, {"SEASON_ID": "22016", "Player_ID": 203954, "Game_ID": "0021600172", "GAME_DATE": "NOV 17, 2016", "MATCHUP": "PHI @ MIN", "WL": "L", "MIN": 22, "FGM": 4, "FGA": 9, "FG_PCT": 0.444, "FG3M": 0, "FG3A": 1, "FG3_PCT": 0.0, "FTM": 2, "FTA": 4, "FT_PCT": 0.5, "OREB": 4, "DREB": 6, "REB": 10, "AST": 0, "STL": 0, "BLK": 1, "TOV": 2, "PF": 3, "PTS": 10, "PLUS_MINUS": -19, "VIDEO_AVAILABLE": 1}, {"SEASON_ID": "22016", "Player_ID": 203954, "Game_ID": "0021600149", "GAME_DATE": "NOV 14, 2016", "MATCHUP": "PHI @ HOU", "WL": "L", "MIN": 23, "FGM": 6, "FGA": 10, "FG_PCT": 0.6, "FG3M": 0, "FG3A": 2, "FG3_PCT": 0.0, "FTM": 1, "FTA": 1, "FT_PCT": 1.0, "OREB": 2, "DREB": 8, "REB": 10, "AST": 1, "STL": 1, "BLK": 2, "TOV": 6, "PF": 5, "PTS": 13, "PLUS_MINUS": 3, "VIDEO_AVAILABLE": 1}, {"SEASON_ID": "22016", "Player_ID": 203954, "Game_ID": "0021600121", "GAME_DATE": "NOV 11, 2016", "MATCHUP": "PHI vs. IND", "WL": "W", "MIN": 26, "FGM": 6, "FGA": 18, "FG_PCT": 0.333, "FG3M": 1, "FG3A": 3, "FG3_PCT": 0.333, "FTM": 12, "FTA": 14, "FT_PCT": 0.857, "OREB": 3, "DREB": 4, "REB": 7, "AST": 2, "STL": 0, "BLK": 2, "TOV": 5, "PF": 3, "PTS": 25, "PLUS_MINUS": 4, "VIDEO_AVAILABLE": 1}, {"SEASON_ID": "22016", "Player_ID": 203954, "Game_ID": "0021600093", "GAME_DATE": "NOV 07, 2016", "MATCHUP": "PHI vs. UTA", "WL": "L", "MIN": 19, "FGM": 4, "FGA": 8, "FG_PCT": 0.5, "FG3M": 0, "FG3A": 0, "FG3_PCT": 0.0, "FTM": 6, "FTA": 9, "FT_PCT": 0.667, "OREB": 4, "DREB": 5, "REB": 9, "AST": 0, "STL": 1, "BLK": 1, "TOV": 5, "PF": 5, "PTS": 14, "PLUS_MINUS": -7, "VIDEO_AVAILABLE": 1}, {"SEASON_ID": "22016", "Player_ID": 203954, "Game_ID": "0021600080", "GAME_DATE": "NOV 05, 2016", "MATCHUP": "PHI vs. CLE", "WL": "L", "MIN": 25, "FGM": 7, "FGA": 13, "FG_PCT": 0.538, "FG3M": 4, "FG3A": 4, "FG3_PCT": 1.0, "FTM": 4, "FTA": 4, "FT_PCT": 1.0, "OREB": 2, "DREB": 4, "REB": 6, "AST": 2, "STL": 1, "BLK": 4, "TOV": 6, "PF": 3, "PTS": 22, "PLUS_MINUS": -11, "VIDEO_AVAILABLE": 1}, {"SEASON_ID": "22016", "Player_ID": 203954, "Game_ID": "0021600046", "GAME_DATE": "NOV 01, 2016", "MATCHUP": "PHI vs. ORL", "WL": "L", "MIN": 25, "FGM": 6, "FGA": 12, "FG_PCT": 0.5, "FG3M": 0, "FG3A": 1, "FG3_PCT": 0.0, "FTM": 6, "FTA": 9, "FT_PCT": 0.667, "OREB": 3, "DREB": 7, "REB": 10, "AST": 3, "STL": 0, "BLK": 4, "TOV": 4, "PF": 2, "PTS": 18, "PLUS_MINUS": 5, "VIDEO_AVAILABLE": 1}, {"SEASON_ID": "22016", "Player_ID": 203954, "Game_ID": "0021600026", "GAME_DATE": "OCT 29, 2016", "MATCHUP": "PHI vs. ATL", "WL": "L", "MIN": 15, "FGM": 5, "FGA": 9, "FG_PCT": 0.556, "FG3M": 1, "FG3A": 1, "FG3_PCT": 1.0, "FTM": 3, "FTA": 4, "FT_PCT": 0.75, "OREB": 0, "DREB": 2, "REB": 2, "AST": 1, "STL": 1, "BLK": 2, "TOV": 3, "PF": 3, "PTS": 14, "PLUS_MINUS": -3, "VIDEO_AVAILABLE": 1}, {"SEASON_ID": "22016", "Player_ID": 203954, "Game_ID": "0021600011", "GAME_DATE": "OCT 26, 2016", "MATCHUP": "PHI vs. OKC", "WL": "L", "MIN": 22, "FGM": 6, "FGA": 16, "FG_PCT": 0.375, "FG3M": 1, "FG3A": 3, "FG3_PCT": 0.333, "FTM": 7, "FTA": 8, "FT_PCT": 0.875, "OREB": 0, "DREB": 7, "REB": 7, "AST": 0, "STL": 0, "BLK": 2, "TOV": 4, "PF": 4, "PTS": 20, "PLUS_MINUS": -4, "VIDEO_AVAILABLE": 1}, {"SEASON_ID": "22018", "Player_ID": 203954, "Game_ID": "0021801194", "GAME_DATE": "APR 06, 2019", "MATCHUP": "PHI @ CHI", "WL": "W", "MIN": 28, "FGM": 9, "FGA": 16, "FG_PCT": 0.563, "FG3M": 0, "FG3A": 3, "FG3_PCT": 0.0, "FTM": 2, "FTA": 6, "FT_PCT": 0.333, "OREB": 1, "DREB": 9, "REB": 10, "AST": 5, "STL": 0, "BLK": 3, "TOV": 2, "PF": 2, "PTS": 20, "PLUS_MINUS": 12, "VIDEO_AVAILABLE": 1}, {"SEASON_ID": "22018", "Player_ID": 203954, "Game_ID": "0021801177", "GAME_DATE": "APR 04, 2019", "MATCHUP": "PHI vs. MIL", "WL": "L", "MIN": 37, "FGM": 12, "FGA": 31, "FG_PCT": 0.387, "FG3M": 3, "FG3A": 9, "FG3_PCT": 0.333, "FTM": 7, "FTA": 10, "FT_PCT": 0.7, "OREB": 3, "DREB": 10, "REB": 13, "AST": 13, "STL": 2, "BLK": 3, "TOV": 3, "PF": 3, "PTS": 34, "PLUS_MINUS": 0, "VIDEO_AVAILABLE": 1}, {"SEASON_ID": "22018", "Player_ID": 203954, "Game_ID": "0021801123", "GAME_DATE": "MAR 28, 2019", "MATCHUP": "PHI vs. BKN", "WL": "W", "MIN": 28, "FGM": 12, "FGA": 20, "FG_PCT": 0.6, "FG3M": 3, "FG3A": 4, "FG3_PCT": 0.75, "FTM": 12, "FTA": 16, "FT_PCT": 0.75, "OREB": 3, "DREB": 10, "REB": 13, "AST": 6, "STL": 3, "BLK": 1, "TOV": 2, "PF": 3, "PTS": 39, "PLUS_MINUS": 14, "VIDEO_AVAILABLE": 1}, {"SEASON_ID": "22018", "Player_ID": 203954, "Game_ID": "0021801103", "GAME_DATE": "MAR 25, 2019", "MATCHUP": "PHI @ ORL", "WL": "L", "MIN": 31, "FGM": 8, "FGA": 15, "FG_PCT": 0.533, "FG3M": 1, "FG3A": 3, "FG3_PCT": 0.333, "FTM": 3, "FTA": 6, "FT_PCT": 0.5, "OREB": 2, "DREB": 8, "REB": 10, "AST": 2, "STL": 1, "BLK": 0, "TOV": 5, "PF": 4, "PTS": 20, "PLUS_MINUS": -12, "VIDEO_AVAILABLE": 1}, {"SEASON_ID": "22018", "Player_ID": 203954, "Game_ID": "0021801088", "GAME_DATE": "MAR 23, 2019", "MATCHUP": "PHI @ ATL", "WL": "L", "MIN": 35, "FGM": 7, "FGA": 11, "FG_PCT": 0.636, "FG3M": 2, "FG3A": 3, "FG3_PCT": 0.667, "FTM": 11, "FTA": 14, "FT_PCT": 0.786, "OREB": 1, "DREB": 11, "REB": 12, "AST": 2, "STL": 0, "BLK": 0, "TOV": 4, "PF": 0, "PTS": 27, "PLUS_MINUS": 3, "VIDEO_AVAILABLE": 1}, {"SEASON_ID": "22018", "Player_ID": 203954, "Game_ID": "0021801067", "GAME_DATE": "MAR 20, 2019", "MATCHUP": "PHI vs. BOS", "WL": "W", "MIN": 41, "FGM": 8, "FGA": 17, "FG_PCT": 0.471, "FG3M": 1, "FG3A": 3, "FG3_PCT": 0.333, "FTM": 20, "FTA": 21, "FT_PCT": 0.952, "OREB": 6, "DREB": 16, "REB": 22, "AST": 4, "STL": 1, "BLK": 1, "TOV": 3, "PF": 4, "PTS": 37, "PLUS_MINUS": 12, "VIDEO_AVAILABLE": 1}, {"SEASON_ID": "22018", "Player_ID": 203954, "Game_ID": "0021801043", "GAME_DATE": "MAR 17, 2019", "MATCHUP": "PHI @ MIL", "WL": "W", "MIN": 36, "FGM": 15, "FGA": 31, "FG_PCT": 0.484, "FG3M": 4, "FG3A": 13, "FG3_PCT": 0.308, "FTM": 6, "FTA": 7, "FT_PCT": 0.857, "OREB": 2, "DREB": 13, "REB": 15, "AST": 6, "STL": 3, "BLK": 1, "TOV": 1, "PF": 4, "PTS": 40, "PLUS_MINUS": -6, "VIDEO_AVAILABLE": 2}, {"SEASON_ID": "22018", "Player_ID": 203954, "Game_ID": "0021801027", "GAME_DATE": "MAR 15, 2019", "MATCHUP": "PHI vs. SAC", "WL": "W", "MIN": 36, "FGM": 9, "FGA": 19, "FG_PCT": 0.474, "FG3M": 0, "FG3A": 3, "FG3_PCT": 0.0, "FTM": 3, "FTA": 4, "FT_PCT": 0.75, "OREB": 2, "DREB": 15, "REB": 17, "AST": 3, "STL": 1, "BLK": 4, "TOV": 4, "PF": 2, "PTS": 21, "PLUS_MINUS": -2, "VIDEO_AVAILABLE": 1}, {"SEASON_ID": "22018", "Player_ID": 203954, "Game_ID": "0021801008", "GAME_DATE": "MAR 12, 2019", "MATCHUP": "PHI vs. CLE", "WL": "W", "MIN": 34, "FGM": 6, "FGA": 16, "FG_PCT": 0.375, "FG3M": 1, "FG3A": 3, "FG3_PCT": 0.333, "FTM": 4, "FTA": 4, "FT_PCT": 1.0, "OREB": 3, "DREB": 16, "REB": 19, "AST": 5, "STL": 1, "BLK": 4, "TOV": 6, "PF": 2, "PTS": 17, "PLUS_MINUS": 9, "VIDEO_AVAILABLE": 1}, {"SEASON_ID": "22018", "Player_ID": 203954, "Game_ID": "0021800994", "GAME_DATE": "MAR 10, 2019", "MATCHUP": "PHI vs. IND", "WL": "W", "MIN": 28, "FGM": 11, "FGA": 21, "FG_PCT": 0.524, "FG3M": 0, "FG3A": 2, "FG3_PCT": 0.0, "FTM": 11, "FTA": 15, "FT_PCT": 0.733, "OREB": 3, "DREB": 9, "REB": 12, "AST": 0, "STL": 2, "BLK": 0, "TOV": 2, "PF": 5, "PTS": 33, "PLUS_MINUS": 16, "VIDEO_AVAILABLE": 1}, {"SEASON_ID": "22018", "Player_ID": 203954, "Game_ID": "0021800856", "GAME_DATE": "FEB 13, 2019", "MATCHUP": "PHI @ NYK", "WL": "W", "MIN": 34, "FGM": 7, "FGA": 13, "FG_PCT": 0.538, "FG3M": 0, "FG3A": 0, "FG3_PCT": 0.0, "FTM": 12, "FTA": 14, "FT_PCT": 0.857, "OREB": 2, "DREB": 12, "REB": 14, "AST": 3, "STL": 0, "BLK": 1, "TOV": 4, "PF": 5, "PTS": 26, "PLUS_MINUS": 9, "VIDEO_AVAILABLE": 1}, {"SEASON_ID": "22018", "Player_ID": 203954, "Game_ID": "0021800849", "GAME_DATE": "FEB 12, 2019", "MATCHUP": "PHI vs. BOS", "WL": "L", "MIN": 37, "FGM": 9, "FGA": 22, "FG_PCT": 0.409, "FG3M": 2, "FG3A": 8, "FG3_PCT": 0.25, "FTM": 3, "FTA": 4, "FT_PCT": 0.75, "OREB": 3, "DREB": 11, "REB": 14, "AST": 3, "STL": 0, "BLK": 2, "TOV": 2, "PF": 5, "PTS": 23, "PLUS_MINUS": 3, "VIDEO_AVAILABLE": 1}, {"SEASON_ID": "22018", "Player_ID": 203954, "Game_ID": "0021800835", "GAME_DATE": "FEB 10, 2019", "MATCHUP": "PHI vs. LAL", "WL": "W", "MIN": 32, "FGM": 12, "FGA": 16, "FG_PCT": 0.75, "FG3M": 2, "FG3A": 3, "FG3_PCT": 0.667, "FTM": 11, "FTA": 12, "FT_PCT": 0.917, "OREB": 0, "DREB": 14, "REB": 14, "AST": 3, "STL": 1, "BLK": 0, "TOV": 3, "PF": 2, "PTS": 37, "PLUS_MINUS": 23, "VIDEO_AVAILABLE": 1}, {"SEASON_ID": "22018", "Player_ID": 203954, "Game_ID": "0021800818", "GAME_DATE": "FEB 08, 2019", "MATCHUP": "PHI vs. DEN", "WL": "W", "MIN": 33, "FGM": 4, "FGA": 17, "FG_PCT": 0.235, "FG3M": 0, "FG3A": 5, "FG3_PCT": 0.0, "FTM": 7, "FTA": 8, "FT_PCT": 0.875, "OREB": 2, "DREB": 10, "REB": 12, "AST": 1, "STL": 1, "BLK": 4, "TOV": 4, "PF": 3, "PTS": 15, "PLUS_MINUS": 13, "VIDEO_AVAILABLE": 1}, {"SEASON_ID": "22018", "Player_ID": 203954, "Game_ID": "0021800800", "GAME_DATE": "FEB 05, 2019", "MATCHUP": "PHI vs. TOR", "WL": "L", "MIN": 42, "FGM": 10, "FGA": 20, "FG_PCT": 0.5, "FG3M": 3, "FG3A": 7, "FG3_PCT": 0.429, "FTM": 14, "FTA": 15, "FT_PCT": 0.933, "OREB": 2, "DREB": 11, "REB": 13, "AST": 2, "STL": 1, "BLK": 3, "TOV": 4, "PF": 4, "PTS": 37, "PLUS_MINUS": -9, "VIDEO_AVAILABLE": 1}, {"SEASON_ID": "22018", "Player_ID": 203954, "Game_ID": "0021800785", "GAME_DATE": "FEB 02, 2019", "MATCHUP": "PHI @ SAC", "WL": "L", "MIN": 39, "FGM": 9, "FGA": 24, "FG_PCT": 0.375, "FG3M": 0, "FG3A": 5, "FG3_PCT": 0.0, "FTM": 11, "FTA": 13, "FT_PCT": 0.846, "OREB": 7, "DREB": 10, "REB": 17, "AST": 2, "STL": 1, "BLK": 4, "TOV": 4, "PF": 3, "PTS": 29, "PLUS_MINUS": -3, "VIDEO_AVAILABLE": 1}, {"SEASON_ID": "22018", "Player_ID": 203954, "Game_ID": "0021800768", "GAME_DATE": "JAN 31, 2019", "MATCHUP": "PHI @ GSW", "WL": "W", "MIN": 34, "FGM": 8, "FGA": 24, "FG_PCT": 0.333, "FG3M": 0, "FG3A": 5, "FG3_PCT": 0.0, "FTM": 10, "FTA": 12, "FT_PCT": 0.833, "OREB": 6, "DREB": 14, "REB": 20, "AST": 5, "STL": 2, "BLK": 0, "TOV": 8, "PF": 4, "PTS": 26, "PLUS_MINUS": -1, "VIDEO_AVAILABLE": 1}, {"SEASON_ID": "22018", "Player_ID": 203954, "Game_ID": "0021800755", "GAME_DATE": "JAN 29, 2019", "MATCHUP": "PHI @ LAL", "WL": "W", "MIN": 30, "FGM": 7, "FGA": 16, "FG_PCT": 0.438, "FG3M": 2, "FG3A": 6, "FG3_PCT": 0.333, "FTM": 12, "FTA": 15, "FT_PCT": 0.8, "OREB": 1, "DREB": 10, "REB": 11, "AST": 6, "STL": 0, "BLK": 1, "TOV": 6, "PF": 3, "PTS": 28, "PLUS_MINUS": 22, "VIDEO_AVAILABLE": 1}, {"SEASON_ID": "22018", "Player_ID": 203954, "Game_ID": "0021800711", "GAME_DATE": "JAN 23, 2019", "MATCHUP": "PHI vs. SAS", "WL": "W", "MIN": 37, "FGM": 13, "FGA": 28, "FG_PCT": 0.464, "FG3M": 2, "FG3A": 4, "FG3_PCT": 0.5, "FTM": 5, "FTA": 6, "FT_PCT": 0.833, "OREB": 7, "DREB": 12, "REB": 19, "AST": 3, "STL": 0, "BLK": 1, "TOV": 3, "PF": 3, "PTS": 33, "PLUS_MINUS": 12, "VIDEO_AVAILABLE": 1}, {"SEASON_ID": "22018", "Player_ID": 203954, "Game_ID": "0021800699", "GAME_DATE": "JAN 21, 2019", "MATCHUP": "PHI vs. HOU", "WL": "W", "MIN": 27, "FGM": 9, "FGA": 16, "FG_PCT": 0.563, "FG3M": 0, "FG3A": 1, "FG3_PCT": 0.0, "FTM": 14, "FTA": 17, "FT_PCT": 0.824, "OREB": 3, "DREB": 11, "REB": 14, "AST": 2, "STL": 2, "BLK": 3, "TOV": 2, "PF": 3, "PTS": 32, "PLUS_MINUS": 21, "VIDEO_AVAILABLE": 1}, {"SEASON_ID": "22018", "Player_ID": 203954, "Game_ID": "0021800678", "GAME_DATE": "JAN 19, 2019", "MATCHUP": "PHI vs. OKC", "WL": "L", "MIN": 34, "FGM": 11, "FGA": 19, "FG_PCT": 0.579, "FG3M": 1, "FG3A": 5, "FG3_PCT": 0.2, "FTM": 8, "FTA": 12, "FT_PCT": 0.667, "OREB": 2, "DREB": 6, "REB": 8, "AST": 6, "STL": 0, "BLK": 1, "TOV": 3, "PF": 3, "PTS": 31, "PLUS_MINUS": 17, "VIDEO_AVAILABLE": 1}, {"SEASON_ID": "22018", "Player_ID": 203954, "Game_ID": "0021800667", "GAME_DATE": "JAN 17, 2019", "MATCHUP": "PHI @ IND", "WL": "W", "MIN": 35, "FGM": 9, "FGA": 19, "FG_PCT": 0.474, "FG3M": 2, "FG3A": 7, "FG3_PCT": 0.286, "FTM": 2, "FTA": 2, "FT_PCT": 1.0, "OREB": 3, "DREB": 10, "REB": 13, "AST": 8, "STL": 1, "BLK": 3, "TOV": 5, "PF": 3, "PTS": 22, "PLUS_MINUS": 18, "VIDEO_AVAILABLE": 1}, {"SEASON_ID": "22018", "Player_ID": 203954, "Game_ID": "0021800652", "GAME_DATE": "JAN 15, 2019", "MATCHUP": "PHI vs. MIN", "WL": "W", "MIN": 27, "FGM": 10, "FGA": 17, "FG_PCT": 0.588, "FG3M": 4, "FG3A": 6, "FG3_PCT": 0.667, "FTM": 7, "FTA": 8, "FT_PCT": 0.875, "OREB": 1, "DREB": 12, "REB": 13, "AST": 3, "STL": 0, "BLK": 1, "TOV": 4, "PF": 4, "PTS": 31, "PLUS_MINUS": 20, "VIDEO_AVAILABLE": 1}, {"SEASON_ID": "22018", "Player_ID": 203954, "Game_ID": "0021800638", "GAME_DATE": "JAN 13, 2019", "MATCHUP": "PHI @ NYK", "WL": "W", "MIN": 32, "FGM": 9, "FGA": 24, "FG_PCT": 0.375, "FG3M": 0, "FG3A": 2, "FG3_PCT": 0.0, "FTM": 8, "FTA": 12, "FT_PCT": 0.667, "OREB": 2, "DREB": 6, "REB": 8, "AST": 1, "STL": 0, "BLK": 6, "TOV": 2, "PF": 4, "PTS": 26, "PLUS_MINUS": -3, "VIDEO_AVAILABLE": 1}, {"SEASON_ID": "22018", "Player_ID": 203954, "Game_ID": "0021800608", "GAME_DATE": "JAN 09, 2019", "MATCHUP": "PHI @ WAS", "WL": "L", "MIN": 34, "FGM": 11, "FGA": 17, "FG_PCT": 0.647, "FG3M": 1, "FG3A": 4, "FG3_PCT": 0.25, "FTM": 12, "FTA": 14, "FT_PCT": 0.857, "OREB": 4, "DREB": 10, "REB": 14, "AST": 2, "STL": 1, "BLK": 3, "TOV": 7, "PF": 3, "PTS": 35, "PLUS_MINUS": -25, "VIDEO_AVAILABLE": 1}, {"SEASON_ID": "22018", "Player_ID": 203954, "Game_ID": "0021800600", "GAME_DATE": "JAN 08, 2019", "MATCHUP": "PHI vs. WAS", "WL": "W", "MIN": 24, "FGM": 8, "FGA": 13, "FG_PCT": 0.615, "FG3M": 2, "FG3A": 4, "FG3_PCT": 0.5, "FTM": 2, "FTA": 3, "FT_PCT": 0.667, "OREB": 0, "DREB": 10, "REB": 10, "AST": 4, "STL": 0, "BLK": 1, "TOV": 3, "PF": 1, "PTS": 20, "PLUS_MINUS": 12, "VIDEO_AVAILABLE": 1}, {"SEASON_ID": "22018", "Player_ID": 203954, "Game_ID": "0021800578", "GAME_DATE": "JAN 05, 2019", "MATCHUP": "PHI vs. DAL", "WL": "W", "MIN": 35, "FGM": 7, "FGA": 17, "FG_PCT": 0.412, "FG3M": 1, "FG3A": 3, "FG3_PCT": 0.333, "FTM": 10, "FTA": 11, "FT_PCT": 0.909, "OREB": 0, "DREB": 12, "REB": 12, "AST": 5, "STL": 1, "BLK": 1, "TOV": 2, "PF": 4, "PTS": 25, "PLUS_MINUS": 7, "VIDEO_AVAILABLE": 1}, {"SEASON_ID": "22018", "Player_ID": 203954, "Game_ID": "0021800561", "GAME_DATE": "JAN 02, 2019", "MATCHUP": "PHI @ PHX", "WL": "W", "MIN": 36, "FGM": 12, "FGA": 23, "FG_PCT": 0.522, "FG3M": 1, "FG3A": 1, "FG3_PCT": 1.0, "FTM": 17, "FTA": 19, "FT_PCT": 0.895, "OREB": 4, "DREB": 14, "REB": 18, "AST": 2, "STL": 3, "BLK": 2, "TOV": 4, "PF": 3, "PTS": 42, "PLUS_MINUS": 6, "VIDEO_AVAILABLE": 1}, {"SEASON_ID": "22018", "Player_ID": 203954, "Game_ID": "0021800553", "GAME_DATE": "JAN 01, 2019", "MATCHUP": "PHI @ LAC", "WL": "W", "MIN": 35, "FGM": 9, "FGA": 19, "FG_PCT": 0.474, "FG3M": 2, "FG3A": 4, "FG3_PCT": 0.5, "FTM": 8, "FTA": 12, "FT_PCT": 0.667, "OREB": 4, "DREB": 15, "REB": 19, "AST": 3, "STL": 1, "BLK": 3, "TOV": 5, "PF": 5, "PTS": 28, "PLUS_MINUS": -4, "VIDEO_AVAILABLE": 1}, {"SEASON_ID": "22018", "Player_ID": 203954, "Game_ID": "0021800515", "GAME_DATE": "DEC 27, 2018", "MATCHUP": "PHI @ UTA", "WL": "W", "MIN": 33, "FGM": 9, "FGA": 17, "FG_PCT": 0.529, "FG3M": 2, "FG3A": 6, "FG3_PCT": 0.333, "FTM": 3, "FTA": 4, "FT_PCT": 0.75, "OREB": 2, "DREB": 13, "REB": 15, "AST": 6, "STL": 0, "BLK": 5, "TOV": 4, "PF": 6, "PTS": 23, "PLUS_MINUS": 17, "VIDEO_AVAILABLE": 1}, {"SEASON_ID": "22018", "Player_ID": 203954, "Game_ID": "0021800499", "GAME_DATE": "DEC 25, 2018", "MATCHUP": "PHI @ BOS", "WL": "L", "MIN": 40, "FGM": 10, "FGA": 17, "FG_PCT": 0.588, "FG3M": 2, "FG3A": 4, "FG3_PCT": 0.5, "FTM": 12, "FTA": 12, "FT_PCT": 1.0, "OREB": 0, "DREB": 16, "REB": 16, "AST": 2, "STL": 0, "BLK": 2, "TOV": 5, "PF": 2, "PTS": 34, "PLUS_MINUS": 2, "VIDEO_AVAILABLE": 1}, {"SEASON_ID": "22018", "Player_ID": 203954, "Game_ID": "0021800481", "GAME_DATE": "DEC 22, 2018", "MATCHUP": "PHI vs. TOR", "WL": "W", "MIN": 31, "FGM": 10, "FGA": 15, "FG_PCT": 0.667, "FG3M": 0, "FG3A": 0, "FG3_PCT": 0.0, "FTM": 7, "FTA": 9, "FT_PCT": 0.778, "OREB": 1, "DREB": 10, "REB": 11, "AST": 1, "STL": 1, "BLK": 1, "TOV": 3, "PF": 3, "PTS": 27, "PLUS_MINUS": 15, "VIDEO_AVAILABLE": 1}, {"SEASON_ID": "22018", "Player_ID": 203954, "Game_ID": "0021800457", "GAME_DATE": "DEC 19, 2018", "MATCHUP": "PHI vs. NYK", "WL": "W", "MIN": 26, "FGM": 10, "FGA": 17, "FG_PCT": 0.588, "FG3M": 0, "FG3A": 0, "FG3_PCT": 0.0, "FTM": 4, "FTA": 4, "FT_PCT": 1.0, "OREB": 3, "DREB": 7, "REB": 10, "AST": 3, "STL": 0, "BLK": 1, "TOV": 4, "PF": 4, "PTS": 24, "PLUS_MINUS": 10, "VIDEO_AVAILABLE": 1}, {"SEASON_ID": "22018", "Player_ID": 203954, "Game_ID": "0021800448", "GAME_DATE": "DEC 17, 2018", "MATCHUP": "PHI @ SAS", "WL": "L", "MIN": 29, "FGM": 6, "FGA": 17, "FG_PCT": 0.353, "FG3M": 0, "FG3A": 6, "FG3_PCT": 0.0, "FTM": 1, "FTA": 1, "FT_PCT": 1.0, "OREB": 3, "DREB": 8, "REB": 11, "AST": 5, "STL": 0, "BLK": 0, "TOV": 4, "PF": 0, "PTS": 13, "PLUS_MINUS": -18, "VIDEO_AVAILABLE": 1}, {"SEASON_ID": "22018", "Player_ID": 203954, "Game_ID": "0021800437", "GAME_DATE": "DEC 16, 2018", "MATCHUP": "PHI @ CLE", "WL": "W", "MIN": 29, "FGM": 10, "FGA": 16, "FG_PCT": 0.625, "FG3M": 0, "FG3A": 1, "FG3_PCT": 0.0, "FTM": 4, "FTA": 6, "FT_PCT": 0.667, "OREB": 1, "DREB": 8, "REB": 9, "AST": 2, "STL": 0, "BLK": 1, "TOV": 3, "PF": 1, "PTS": 24, "PLUS_MINUS": 13, "VIDEO_AVAILABLE": 1}, {"SEASON_ID": "22018", "Player_ID": 203954, "Game_ID": "0021800424", "GAME_DATE": "DEC 14, 2018", "MATCHUP": "PHI vs. IND", "WL": "L", "MIN": 34, "FGM": 13, "FGA": 22, "FG_PCT": 0.591, "FG3M": 1, "FG3A": 6, "FG3_PCT": 0.167, "FTM": 13, "FTA": 16, "FT_PCT": 0.813, "OREB": 8, "DREB": 13, "REB": 21, "AST": 3, "STL": 1, "BLK": 1, "TOV": 6, "PF": 4, "PTS": 40, "PLUS_MINUS": -4, "VIDEO_AVAILABLE": 1}, {"SEASON_ID": "22018", "Player_ID": 203954, "Game_ID": "0021800408", "GAME_DATE": "DEC 12, 2018", "MATCHUP": "PHI vs. BKN", "WL": "L", "MIN": 38, "FGM": 12, "FGA": 18, "FG_PCT": 0.667, "FG3M": 2, "FG3A": 3, "FG3_PCT": 0.667, "FTM": 7, "FTA": 8, "FT_PCT": 0.875, "OREB": 3, "DREB": 14, "REB": 17, "AST": 6, "STL": 1, "BLK": 1, "TOV": 6, "PF": 5, "PTS": 33, "PLUS_MINUS": 7, "VIDEO_AVAILABLE": 1}, {"SEASON_ID": "22018", "Player_ID": 203954, "Game_ID": "0021800392", "GAME_DATE": "DEC 10, 2018", "MATCHUP": "PHI vs. DET", "WL": "W", "MIN": 33, "FGM": 6, "FGA": 16, "FG_PCT": 0.375, "FG3M": 1, "FG3A": 4, "FG3_PCT": 0.25, "FTM": 11, "FTA": 14, "FT_PCT": 0.786, "OREB": 2, "DREB": 6, "REB": 8, "AST": 3, "STL": 2, "BLK": 2, "TOV": 3, "PF": 3, "PTS": 24, "PLUS_MINUS": 30, "VIDEO_AVAILABLE": 1}, {"SEASON_ID": "22018", "Player_ID": 203954, "Game_ID": "0021800359", "GAME_DATE": "DEC 05, 2018", "MATCHUP": "PHI @ TOR", "WL": "L", "MIN": 36, "FGM": 5, "FGA": 17, "FG_PCT": 0.294, "FG3M": 0, "FG3A": 4, "FG3_PCT": 0.0, "FTM": 0, "FTA": 2, "FT_PCT": 0.0, "OREB": 2, "DREB": 10, "REB": 12, "AST": 5, "STL": 0, "BLK": 2, "TOV": 4, "PF": 5, "PTS": 10, "PLUS_MINUS": -23, "VIDEO_AVAILABLE": 1}, {"SEASON_ID": "22018", "Player_ID": 203954, "Game_ID": "0021800340", "GAME_DATE": "DEC 02, 2018", "MATCHUP": "PHI vs. MEM", "WL": "W", "MIN": 38, "FGM": 4, "FGA": 13, "FG_PCT": 0.308, "FG3M": 0, "FG3A": 2, "FG3_PCT": 0.0, "FTM": 7, "FTA": 8, "FT_PCT": 0.875, "OREB": 0, "DREB": 14, "REB": 14, "AST": 3, "STL": 1, "BLK": 1, "TOV": 4, "PF": 3, "PTS": 15, "PLUS_MINUS": 13, "VIDEO_AVAILABLE": 1}, {"SEASON_ID": "22018", "Player_ID": 203954, "Game_ID": "0021800322", "GAME_DATE": "NOV 30, 2018", "MATCHUP": "PHI vs. WAS", "WL": "W", "MIN": 22, "FGM": 5, "FGA": 12, "FG_PCT": 0.417, "FG3M": 1, "FG3A": 3, "FG3_PCT": 0.333, "FTM": 5, "FTA": 10, "FT_PCT": 0.5, "OREB": 5, "DREB": 10, "REB": 15, "AST": 0, "STL": 0, "BLK": 3, "TOV": 0, "PF": 0, "PTS": 16, "PLUS_MINUS": 30, "VIDEO_AVAILABLE": 1}, {"SEASON_ID": "22018", "Player_ID": 203954, "Game_ID": "0021800307", "GAME_DATE": "NOV 28, 2018", "MATCHUP": "PHI vs. NYK", "WL": "W", "MIN": 30, "FGM": 10, "FGA": 21, "FG_PCT": 0.476, "FG3M": 0, "FG3A": 3, "FG3_PCT": 0.0, "FTM": 6, "FTA": 8, "FT_PCT": 0.75, "OREB": 2, "DREB": 12, "REB": 14, "AST": 7, "STL": 1, "BLK": 1, "TOV": 1, "PF": 1, "PTS": 26, "PLUS_MINUS": 25, "VIDEO_AVAILABLE": 1}, {"SEASON_ID": "22018", "Player_ID": 203954, "Game_ID": "0021800289", "GAME_DATE": "NOV 25, 2018", "MATCHUP": "PHI @ BKN", "WL": "W", "MIN": 36, "FGM": 11, "FGA": 19, "FG_PCT": 0.579, "FG3M": 0, "FG3A": 3, "FG3_PCT": 0.0, "FTM": 10, "FTA": 12, "FT_PCT": 0.833, "OREB": 2, "DREB": 10, "REB": 12, "AST": 4, "STL": 0, "BLK": 2, "TOV": 4, "PF": 4, "PTS": 32, "PLUS_MINUS": 11, "VIDEO_AVAILABLE": 1}, {"SEASON_ID": "22018", "Player_ID": 203954, "Game_ID": "0021800270", "GAME_DATE": "NOV 23, 2018", "MATCHUP": "PHI vs. CLE", "WL": "L", "MIN": 33, "FGM": 8, "FGA": 13, "FG_PCT": 0.615, "FG3M": 2, "FG3A": 4, "FG3_PCT": 0.5, "FTM": 6, "FTA": 8, "FT_PCT": 0.75, "OREB": 0, "DREB": 12, "REB": 12, "AST": 3, "STL": 0, "BLK": 0, "TOV": 2, "PF": 3, "PTS": 24, "PLUS_MINUS": -19, "VIDEO_AVAILABLE": 1}, {"SEASON_ID": "22018", "Player_ID": 203954, "Game_ID": "0021800253", "GAME_DATE": "NOV 21, 2018", "MATCHUP": "PHI vs. NOP", "WL": "W", "MIN": 32, "FGM": 11, "FGA": 23, "FG_PCT": 0.478, "FG3M": 2, "FG3A": 4, "FG3_PCT": 0.5, "FTM": 7, "FTA": 9, "FT_PCT": 0.778, "OREB": 5, "DREB": 14, "REB": 19, "AST": 2, "STL": 0, "BLK": 2, "TOV": 7, "PF": 5, "PTS": 31, "PLUS_MINUS": -11, "VIDEO_AVAILABLE": 1}, {"SEASON_ID": "22018", "Player_ID": 203954, "Game_ID": "0021800242", "GAME_DATE": "NOV 19, 2018", "MATCHUP": "PHI vs. PHX", "WL": "W", "MIN": 36, "FGM": 12, "FGA": 23, "FG_PCT": 0.522, "FG3M": 0, "FG3A": 5, "FG3_PCT": 0.0, "FTM": 9, "FTA": 12, "FT_PCT": 0.75, "OREB": 3, "DREB": 14, "REB": 17, "AST": 1, "STL": 3, "BLK": 1, "TOV": 6, "PF": 4, "PTS": 33, "PLUS_MINUS": 18, "VIDEO_AVAILABLE": 1}, {"SEASON_ID": "22018", "Player_ID": 203954, "Game_ID": "0021800225", "GAME_DATE": "NOV 17, 2018", "MATCHUP": "PHI @ CHA", "WL": "W", "MIN": 40, "FGM": 9, "FGA": 23, "FG_PCT": 0.391, "FG3M": 2, "FG3A": 5, "FG3_PCT": 0.4, "FTM": 13, "FTA": 14, "FT_PCT": 0.929, "OREB": 2, "DREB": 9, "REB": 11, "AST": 3, "STL": 1, "BLK": 2, "TOV": 4, "PF": 5, "PTS": 33, "PLUS_MINUS": -4, "VIDEO_AVAILABLE": 1}, {"SEASON_ID": "22018", "Player_ID": 203954, "Game_ID": "0021800218", "GAME_DATE": "NOV 16, 2018", "MATCHUP": "PHI vs. UTA", "WL": "W", "MIN": 26, "FGM": 7, "FGA": 20, "FG_PCT": 0.35, "FG3M": 1, "FG3A": 4, "FG3_PCT": 0.25, "FTM": 8, "FTA": 9, "FT_PCT": 0.889, "OREB": 1, "DREB": 6, "REB": 7, "AST": 2, "STL": 2, "BLK": 3, "TOV": 1, "PF": 4, "PTS": 23, "PLUS_MINUS": 12, "VIDEO_AVAILABLE": 1}, {"SEASON_ID": "22018", "Player_ID": 203954, "Game_ID": "0021800202", "GAME_DATE": "NOV 14, 2018", "MATCHUP": "PHI @ ORL", "WL": "L", "MIN": 36, "FGM": 6, "FGA": 20, "FG_PCT": 0.3, "FG3M": 4, "FG3A": 7, "FG3_PCT": 0.571, "FTM": 3, "FTA": 4, "FT_PCT": 0.75, "OREB": 0, "DREB": 13, "REB": 13, "AST": 10, "STL": 0, "BLK": 2, "TOV": 2, "PF": 2, "PTS": 19, "PLUS_MINUS": 2, "VIDEO_AVAILABLE": 1}, {"SEASON_ID": "22018", "Player_ID": 203954, "Game_ID": "0021800191", "GAME_DATE": "NOV 12, 2018", "MATCHUP": "PHI @ MIA", "WL": "W", "MIN": 36, "FGM": 8, "FGA": 15, "FG_PCT": 0.533, "FG3M": 3, "FG3A": 4, "FG3_PCT": 0.75, "FTM": 16, "FTA": 20, "FT_PCT": 0.8, "OREB": 6, "DREB": 12, "REB": 18, "AST": 3, "STL": 0, "BLK": 0, "TOV": 2, "PF": 1, "PTS": 35, "PLUS_MINUS": 12, "VIDEO_AVAILABLE": 1}, {"SEASON_ID": "22018", "Player_ID": 203954, "Game_ID": "0021800179", "GAME_DATE": "NOV 10, 2018", "MATCHUP": "PHI @ MEM", "WL": "L", "MIN": 39, "FGM": 4, "FGA": 15, "FG_PCT": 0.267, "FG3M": 0, "FG3A": 6, "FG3_PCT": 0.0, "FTM": 6, "FTA": 10, "FT_PCT": 0.6, "OREB": 2, "DREB": 14, "REB": 16, "AST": 5, "STL": 1, "BLK": 1, "TOV": 6, "PF": 5, "PTS": 14, "PLUS_MINUS": 4, "VIDEO_AVAILABLE": 1}, {"SEASON_ID": "22018", "Player_ID": 203954, "Game_ID": "0021800168", "GAME_DATE": "NOV 09, 2018", "MATCHUP": "PHI vs. CHA", "WL": "W", "MIN": 39, "FGM": 11, "FGA": 18, "FG_PCT": 0.611, "FG3M": 1, "FG3A": 2, "FG3_PCT": 0.5, "FTM": 19, "FTA": 22, "FT_PCT": 0.864, "OREB": 2, "DREB": 16, "REB": 18, "AST": 4, "STL": 0, "BLK": 4, "TOV": 3, "PF": 4, "PTS": 42, "PLUS_MINUS": 8, "VIDEO_AVAILABLE": 1}, {"SEASON_ID": "22018", "Player_ID": 203954, "Game_ID": "0021800157", "GAME_DATE": "NOV 07, 2018", "MATCHUP": "PHI @ IND", "WL": "W", "MIN": 36, "FGM": 7, "FGA": 16, "FG_PCT": 0.438, "FG3M": 1, "FG3A": 5, "FG3_PCT": 0.2, "FTM": 5, "FTA": 6, "FT_PCT": 0.833, "OREB": 1, "DREB": 9, "REB": 10, "AST": 2, "STL": 1, "BLK": 3, "TOV": 5, "PF": 2, "PTS": 20, "PLUS_MINUS": 7, "VIDEO_AVAILABLE": 1}, {"SEASON_ID": "22018", "Player_ID": 203954, "Game_ID": "0021800134", "GAME_DATE": "NOV 04, 2018", "MATCHUP": "PHI @ BKN", "WL": "L", "MIN": 32, "FGM": 4, "FGA": 8, "FG_PCT": 0.5, "FG3M": 0, "FG3A": 1, "FG3_PCT": 0.0, "FTM": 8, "FTA": 10, "FT_PCT": 0.8, "OREB": 1, "DREB": 14, "REB": 15, "AST": 4, "STL": 0, "BLK": 1, "TOV": 5, "PF": 5, "PTS": 16, "PLUS_MINUS": -5, "VIDEO_AVAILABLE": 1}, {"SEASON_ID": "22018", "Player_ID": 203954, "Game_ID": "0021800125", "GAME_DATE": "NOV 03, 2018", "MATCHUP": "PHI vs. DET", "WL": "W", "MIN": 34, "FGM": 10, "FGA": 18, "FG_PCT": 0.556, "FG3M": 1, "FG3A": 3, "FG3_PCT": 0.333, "FTM": 18, "FTA": 23, "FT_PCT": 0.783, "OREB": 0, "DREB": 17, "REB": 17, "AST": 1, "STL": 0, "BLK": 2, "TOV": 4, "PF": 5, "PTS": 39, "PLUS_MINUS": 1, "VIDEO_AVAILABLE": 1}, {"SEASON_ID": "22018", "Player_ID": 203954, "Game_ID": "0021800113", "GAME_DATE": "NOV 01, 2018", "MATCHUP": "PHI vs. LAC", "WL": "W", "MIN": 33, "FGM": 16, "FGA": 32, "FG_PCT": 0.5, "FG3M": 3, "FG3A": 8, "FG3_PCT": 0.375, "FTM": 6, "FTA": 9, "FT_PCT": 0.667, "OREB": 4, "DREB": 9, "REB": 13, "AST": 1, "STL": 0, "BLK": 4, "TOV": 2, "PF": 5, "PTS": 41, "PLUS_MINUS": 16, "VIDEO_AVAILABLE": 1}, {"SEASON_ID": "22018", "Player_ID": 203954, "Game_ID": "0021800100", "GAME_DATE": "OCT 30, 2018", "MATCHUP": "PHI @ TOR", "WL": "L", "MIN": 33, "FGM": 11, "FGA": 21, "FG_PCT": 0.524, "FG3M": 3, "FG3A": 4, "FG3_PCT": 0.75, "FTM": 6, "FTA": 7, "FT_PCT": 0.857, "OREB": 5, "DREB": 6, "REB": 11, "AST": 4, "STL": 0, "BLK": 1, "TOV": 2, "PF": 4, "PTS": 31, "PLUS_MINUS": -7, "VIDEO_AVAILABLE": 1}, {"SEASON_ID": "22018", "Player_ID": 203954, "Game_ID": "0021800088", "GAME_DATE": "OCT 29, 2018", "MATCHUP": "PHI vs. ATL", "WL": "W", "MIN": 30, "FGM": 3, "FGA": 9, "FG_PCT": 0.333, "FG3M": 0, "FG3A": 2, "FG3_PCT": 0.0, "FTM": 4, "FTA": 4, "FT_PCT": 1.0, "OREB": 2, "DREB": 4, "REB": 6, "AST": 6, "STL": 0, "BLK": 2, "TOV": 4, "PF": 3, "PTS": 10, "PLUS_MINUS": 12, "VIDEO_AVAILABLE": 1}, {"SEASON_ID": "22018", "Player_ID": 203954, "Game_ID": "0021800078", "GAME_DATE": "OCT 27, 2018", "MATCHUP": "PHI vs. CHA", "WL": "W", "MIN": 37, "FGM": 10, "FGA": 22, "FG_PCT": 0.455, "FG3M": 1, "FG3A": 5, "FG3_PCT": 0.2, "FTM": 6, "FTA": 6, "FT_PCT": 1.0, "OREB": 2, "DREB": 13, "REB": 15, "AST": 2, "STL": 0, "BLK": 2, "TOV": 3, "PF": 3, "PTS": 27, "PLUS_MINUS": -2, "VIDEO_AVAILABLE": 1}, {"SEASON_ID": "22018", "Player_ID": 203954, "Game_ID": "0021800059", "GAME_DATE": "OCT 24, 2018", "MATCHUP": "PHI @ MIL", "WL": "L", "MIN": 36, "FGM": 9, "FGA": 24, "FG_PCT": 0.375, "FG3M": 2, "FG3A": 7, "FG3_PCT": 0.286, "FTM": 10, "FTA": 13, "FT_PCT": 0.769, "OREB": 3, "DREB": 16, "REB": 19, "AST": 6, "STL": 0, "BLK": 3, "TOV": 2, "PF": 2, "PTS": 30, "PLUS_MINUS": 3, "VIDEO_AVAILABLE": 1}, {"SEASON_ID": "22018", "Player_ID": 203954, "Game_ID": "0021800049", "GAME_DATE": "OCT 23, 2018", "MATCHUP": "PHI @ DET", "WL": "L", "MIN": 39, "FGM": 11, "FGA": 20, "FG_PCT": 0.55, "FG3M": 0, "FG3A": 4, "FG3_PCT": 0.0, "FTM": 11, "FTA": 14, "FT_PCT": 0.786, "OREB": 1, "DREB": 10, "REB": 11, "AST": 7, "STL": 0, "BLK": 3, "TOV": 1, "PF": 5, "PTS": 33, "PLUS_MINUS": 3, "VIDEO_AVAILABLE": 1}, {"SEASON_ID": "22018", "Player_ID": 203954, "Game_ID": "0021800029", "GAME_DATE": "OCT 20, 2018", "MATCHUP": "PHI vs. ORL", "WL": "W", "MIN": 34, "FGM": 13, "FGA": 26, "FG_PCT": 0.5, "FG3M": 3, "FG3A": 5, "FG3_PCT": 0.6, "FTM": 3, "FTA": 4, "FT_PCT": 0.75, "OREB": 4, "DREB": 6, "REB": 10, "AST": 3, "STL": 0, "BLK": 0, "TOV": 0, "PF": 2, "PTS": 32, "PLUS_MINUS": -8, "VIDEO_AVAILABLE": 1}, {"SEASON_ID": "22018", "Player_ID": 203954, "Game_ID": "0021800014", "GAME_DATE": "OCT 18, 2018", "MATCHUP": "PHI vs. CHI", "WL": "W", "MIN": 33, "FGM": 9, "FGA": 14, "FG_PCT": 0.643, "FG3M": 0, "FG3A": 3, "FG3_PCT": 0.0, "FTM": 12, "FTA": 14, "FT_PCT": 0.857, "OREB": 1, "DREB": 11, "REB": 12, "AST": 3, "STL": 1, "BLK": 4, "TOV": 2, "PF": 4, "PTS": 30, "PLUS_MINUS": 26, "VIDEO_AVAILABLE": 1}, {"SEASON_ID": "22018", "Player_ID": 203954, "Game_ID": "0021800001", "GAME_DATE": "OCT 16, 2018", "MATCHUP": "PHI @ BOS", "WL": "L", "MIN": 37, "FGM": 9, "FGA": 21, "FG_PCT": 0.429, "FG3M": 1, "FG3A": 4, "FG3_PCT": 0.25, "FTM": 4, "FTA": 5, "FT_PCT": 0.8, "OREB": 2, "DREB": 8, "REB": 10, "AST": 2, "STL": 1, "BLK": 2, "TOV": 5, "PF": 3, "PTS": 23, "PLUS_MINUS": -8, "VIDEO_AVAILABLE": 1}, {"SEASON_ID": "22017", "Player_ID": 203954, "Game_ID": "0021701118", "GAME_DATE": "MAR 28, 2018", "MATCHUP": "PHI vs. NYK", "WL": "W", "MIN": 9, "FGM": 2, "FGA": 6, "FG_PCT": 0.333, "FG3M": 0, "FG3A": 1, "FG3_PCT": 0.0, "FTM": 1, "FTA": 2, "FT_PCT": 0.5, "OREB": 2, "DREB": 1, "REB": 3, "AST": 0, "STL": 0, "BLK": 0, "TOV": 1, "PF": 1, "PTS": 5, "PLUS_MINUS": 7, "VIDEO_AVAILABLE": 1}, {"SEASON_ID": "22017", "Player_ID": 203954, "Game_ID": "0021701105", "GAME_DATE": "MAR 26, 2018", "MATCHUP": "PHI vs. DEN", "WL": "W", "MIN": 27, "FGM": 6, "FGA": 12, "FG_PCT": 0.5, "FG3M": 0, "FG3A": 1, "FG3_PCT": 0.0, "FTM": 8, "FTA": 10, "FT_PCT": 0.8, "OREB": 1, "DREB": 12, "REB": 13, "AST": 2, "STL": 1, "BLK": 2, "TOV": 4, "PF": 5, "PTS": 20, "PLUS_MINUS": 20, "VIDEO_AVAILABLE": 1}, {"SEASON_ID": "22017", "Player_ID": 203954, "Game_ID": "0021701088", "GAME_DATE": "MAR 24, 2018", "MATCHUP": "PHI vs. MIN", "WL": "W", "MIN": 24, "FGM": 6, "FGA": 12, "FG_PCT": 0.5, "FG3M": 1, "FG3A": 3, "FG3_PCT": 0.333, "FTM": 6, "FTA": 8, "FT_PCT": 0.75, "OREB": 0, "DREB": 6, "REB": 6, "AST": 2, "STL": 0, "BLK": 3, "TOV": 1, "PF": 2, "PTS": 19, "PLUS_MINUS": 21, "VIDEO_AVAILABLE": 1}, {"SEASON_ID": "22017", "Player_ID": 203954, "Game_ID": "0021701073", "GAME_DATE": "MAR 22, 2018", "MATCHUP": "PHI @ ORL", "WL": "W", "MIN": 20, "FGM": 6, "FGA": 11, "FG_PCT": 0.545, "FG3M": 1, "FG3A": 4, "FG3_PCT": 0.25, "FTM": 4, "FTA": 4, "FT_PCT": 1.0, "OREB": 2, "DREB": 7, "REB": 9, "AST": 3, "STL": 1, "BLK": 1, "TOV": 1, "PF": 2, "PTS": 17, "PLUS_MINUS": 24, "VIDEO_AVAILABLE": 1}, {"SEASON_ID": "22017", "Player_ID": 203954, "Game_ID": "0021701066", "GAME_DATE": "MAR 21, 2018", "MATCHUP": "PHI vs. MEM", "WL": "W", "MIN": 20, "FGM": 4, "FGA": 10, "FG_PCT": 0.4, "FG3M": 0, "FG3A": 2, "FG3_PCT": 0.0, "FTM": 6, "FTA": 6, "FT_PCT": 1.0, "OREB": 1, "DREB": 6, "REB": 7, "AST": 4, "STL": 1, "BLK": 1, "TOV": 1, "PF": 2, "PTS": 14, "PLUS_MINUS": 19, "VIDEO_AVAILABLE": 1}, {"SEASON_ID": "22017", "Player_ID": 203954, "Game_ID": "0021701052", "GAME_DATE": "MAR 19, 2018", "MATCHUP": "PHI vs. CHA", "WL": "W", "MIN": 31, "FGM": 10, "FGA": 17, "FG_PCT": 0.588, "FG3M": 4, "FG3A": 6, "FG3_PCT": 0.667, "FTM": 1, "FTA": 2, "FT_PCT": 0.5, "OREB": 4, "DREB": 16, "REB": 20, "AST": 2, "STL": 0, "BLK": 3, "TOV": 9, "PF": 4, "PTS": 25, "PLUS_MINUS": -9, "VIDEO_AVAILABLE": 1}, {"SEASON_ID": "22017", "Player_ID": 203954, "Game_ID": "0021701030", "GAME_DATE": "MAR 16, 2018", "MATCHUP": "PHI vs. BKN", "WL": "W", "MIN": 33, "FGM": 6, "FGA": 23, "FG_PCT": 0.261, "FG3M": 1, "FG3A": 4, "FG3_PCT": 0.25, "FTM": 11, "FTA": 11, "FT_PCT": 1.0, "OREB": 7, "DREB": 12, "REB": 19, "AST": 4, "STL": 1, "BLK": 2, "TOV": 1, "PF": 4, "PTS": 24, "PLUS_MINUS": 20, "VIDEO_AVAILABLE": 1}, {"SEASON_ID": "22017", "Player_ID": 203954, "Game_ID": "0021701022", "GAME_DATE": "MAR 15, 2018", "MATCHUP": "PHI @ NYK", "WL": "W", "MIN": 32, "FGM": 11, "FGA": 21, "FG_PCT": 0.524, "FG3M": 2, "FG3A": 5, "FG3_PCT": 0.4, "FTM": 5, "FTA": 7, "FT_PCT": 0.714, "OREB": 4, "DREB": 6, "REB": 10, "AST": 4, "STL": 0, "BLK": 2, "TOV": 3, "PF": 3, "PTS": 29, "PLUS_MINUS": 10, "VIDEO_AVAILABLE": 1}, {"SEASON_ID": "22017", "Player_ID": 203954, "Game_ID": "0021701005", "GAME_DATE": "MAR 13, 2018", "MATCHUP": "PHI vs. IND", "WL": "L", "MIN": 33, "FGM": 11, "FGA": 22, "FG_PCT": 0.5, "FG3M": 0, "FG3A": 5, "FG3_PCT": 0.0, "FTM": 7, "FTA": 8, "FT_PCT": 0.875, "OREB": 2, "DREB": 10, "REB": 12, "AST": 4, "STL": 0, "BLK": 3, "TOV": 8, "PF": 4, "PTS": 29, "PLUS_MINUS": 1, "VIDEO_AVAILABLE": 1}, {"SEASON_ID": "22017", "Player_ID": 203954, "Game_ID": "0021700999", "GAME_DATE": "MAR 11, 2018", "MATCHUP": "PHI @ BKN", "WL": "W", "MIN": 26, "FGM": 9, "FGA": 17, "FG_PCT": 0.529, "FG3M": 1, "FG3A": 2, "FG3_PCT": 0.5, "FTM": 2, "FTA": 4, "FT_PCT": 0.5, "OREB": 3, "DREB": 5, "REB": 8, "AST": 3, "STL": 1, "BLK": 1, "TOV": 2, "PF": 1, "PTS": 21, "PLUS_MINUS": 19, "VIDEO_AVAILABLE": 1}, {"SEASON_ID": "22017", "Player_ID": 203954, "Game_ID": "0021700973", "GAME_DATE": "MAR 08, 2018", "MATCHUP": "PHI @ MIA", "WL": "L", "MIN": 28, "FGM": 5, "FGA": 18, "FG_PCT": 0.278, "FG3M": 3, "FG3A": 6, "FG3_PCT": 0.5, "FTM": 4, "FTA": 7, "FT_PCT": 0.571, "OREB": 1, "DREB": 6, "REB": 7, "AST": 3, "STL": 0, "BLK": 0, "TOV": 1, "PF": 5, "PTS": 17, "PLUS_MINUS": 0, "VIDEO_AVAILABLE": 1}, {"SEASON_ID": "22017", "Player_ID": 203954, "Game_ID": "0021700957", "GAME_DATE": "MAR 06, 2018", "MATCHUP": "PHI @ CHA", "WL": "W", "MIN": 29, "FGM": 8, "FGA": 16, "FG_PCT": 0.5, "FG3M": 0, "FG3A": 3, "FG3_PCT": 0.0, "FTM": 2, "FTA": 2, "FT_PCT": 1.0, "OREB": 2, "DREB": 3, "REB": 5, "AST": 4, "STL": 0, "BLK": 1, "TOV": 3, "PF": 4, "PTS": 18, "PLUS_MINUS": -5, "VIDEO_AVAILABLE": 1}, {"SEASON_ID": "22017", "Player_ID": 203954, "Game_ID": "0021700947", "GAME_DATE": "MAR 04, 2018", "MATCHUP": "PHI @ MIL", "WL": "L", "MIN": 31, "FGM": 6, "FGA": 12, "FG_PCT": 0.5, "FG3M": 0, "FG3A": 3, "FG3_PCT": 0.0, "FTM": 7, "FTA": 10, "FT_PCT": 0.7, "OREB": 0, "DREB": 8, "REB": 8, "AST": 2, "STL": 1, "BLK": 2, "TOV": 7, "PF": 5, "PTS": 19, "PLUS_MINUS": -10, "VIDEO_AVAILABLE": 1}, {"SEASON_ID": "22017", "Player_ID": 203954, "Game_ID": "0021700927", "GAME_DATE": "MAR 02, 2018", "MATCHUP": "PHI vs. CHA", "WL": "W", "MIN": 32, "FGM": 8, "FGA": 19, "FG_PCT": 0.421, "FG3M": 1, "FG3A": 4, "FG3_PCT": 0.25, "FTM": 6, "FTA": 11, "FT_PCT": 0.545, "OREB": 1, "DREB": 14, "REB": 15, "AST": 4, "STL": 0, "BLK": 3, "TOV": 4, "PF": 4, "PTS": 23, "PLUS_MINUS": 19, "VIDEO_AVAILABLE": 1}, {"SEASON_ID": "22017", "Player_ID": 203954, "Game_ID": "0021700923", "GAME_DATE": "MAR 01, 2018", "MATCHUP": "PHI @ CLE", "WL": "W", "MIN": 34, "FGM": 7, "FGA": 18, "FG_PCT": 0.389, "FG3M": 0, "FG3A": 1, "FG3_PCT": 0.0, "FTM": 3, "FTA": 8, "FT_PCT": 0.375, "OREB": 6, "DREB": 8, "REB": 14, "AST": 6, "STL": 0, "BLK": 1, "TOV": 2, "PF": 1, "PTS": 17, "PLUS_MINUS": 16, "VIDEO_AVAILABLE": 1}, {"SEASON_ID": "22017", "Player_ID": 203954, "Game_ID": "0021700909", "GAME_DATE": "FEB 27, 2018", "MATCHUP": "PHI @ MIA", "WL": "L", "MIN": 30, "FGM": 9, "FGA": 16, "FG_PCT": 0.563, "FG3M": 3, "FG3A": 6, "FG3_PCT": 0.5, "FTM": 2, "FTA": 3, "FT_PCT": 0.667, "OREB": 2, "DREB": 6, "REB": 8, "AST": 4, "STL": 1, "BLK": 0, "TOV": 5, "PF": 5, "PTS": 23, "PLUS_MINUS": 12, "VIDEO_AVAILABLE": 1}, {"SEASON_ID": "22017", "Player_ID": 203954, "Game_ID": "0021700895", "GAME_DATE": "FEB 25, 2018", "MATCHUP": "PHI @ WAS", "WL": "L", "MIN": 32, "FGM": 9, "FGA": 20, "FG_PCT": 0.45, "FG3M": 2, "FG3A": 6, "FG3_PCT": 0.333, "FTM": 5, "FTA": 6, "FT_PCT": 0.833, "OREB": 2, "DREB": 8, "REB": 10, "AST": 4, "STL": 2, "BLK": 1, "TOV": 5, "PF": 5, "PTS": 25, "PLUS_MINUS": -9, "VIDEO_AVAILABLE": 1}, {"SEASON_ID": "22017", "Player_ID": 203954, "Game_ID": "0021700884", "GAME_DATE": "FEB 24, 2018", "MATCHUP": "PHI vs. ORL", "WL": "W", "MIN": 27, "FGM": 10, "FGA": 17, "FG_PCT": 0.588, "FG3M": 1, "FG3A": 4, "FG3_PCT": 0.25, "FTM": 7, "FTA": 10, "FT_PCT": 0.7, "OREB": 3, "DREB": 11, "REB": 14, "AST": 1, "STL": 0, "BLK": 1, "TOV": 0, "PF": 2, "PTS": 28, "PLUS_MINUS": 9, "VIDEO_AVAILABLE": 1}, {"SEASON_ID": "22017", "Player_ID": 203954, "Game_ID": "0021700870", "GAME_DATE": "FEB 22, 2018", "MATCHUP": "PHI @ CHI", "WL": "W", "MIN": 35, "FGM": 11, "FGA": 17, "FG_PCT": 0.647, "FG3M": 3, "FG3A": 3, "FG3_PCT": 1.0, "FTM": 5, "FTA": 8, "FT_PCT": 0.625, "OREB": 2, "DREB": 11, "REB": 13, "AST": 5, "STL": 3, "BLK": 4, "TOV": 1, "PF": 2, "PTS": 30, "PLUS_MINUS": 6, "VIDEO_AVAILABLE": 1}, {"SEASON_ID": "22017", "Player_ID": 203954, "Game_ID": "0021700842", "GAME_DATE": "FEB 12, 2018", "MATCHUP": "PHI vs. NYK", "WL": "W", "MIN": 24, "FGM": 6, "FGA": 13, "FG_PCT": 0.462, "FG3M": 1, "FG3A": 2, "FG3_PCT": 0.5, "FTM": 4, "FTA": 6, "FT_PCT": 0.667, "OREB": 1, "DREB": 5, "REB": 6, "AST": 2, "STL": 1, "BLK": 0, "TOV": 3, "PF": 3, "PTS": 17, "PLUS_MINUS": 13, "VIDEO_AVAILABLE": 1}, {"SEASON_ID": "22017", "Player_ID": 203954, "Game_ID": "0021700828", "GAME_DATE": "FEB 10, 2018", "MATCHUP": "PHI vs. LAC", "WL": "W", "MIN": 34, "FGM": 9, "FGA": 23, "FG_PCT": 0.391, "FG3M": 1, "FG3A": 6, "FG3_PCT": 0.167, "FTM": 10, "FTA": 13, "FT_PCT": 0.769, "OREB": 4, "DREB": 12, "REB": 16, "AST": 2, "STL": 1, "BLK": 3, "TOV": 2, "PF": 3, "PTS": 29, "PLUS_MINUS": 0, "VIDEO_AVAILABLE": 1}, {"SEASON_ID": "22017", "Player_ID": 203954, "Game_ID": "0021700818", "GAME_DATE": "FEB 09, 2018", "MATCHUP": "PHI vs. NOP", "WL": "W", "MIN": 24, "FGM": 11, "FGA": 18, "FG_PCT": 0.611, "FG3M": 2, "FG3A": 4, "FG3_PCT": 0.5, "FTM": 0, "FTA": 0, "FT_PCT": 0.0, "OREB": 3, "DREB": 13, "REB": 16, "AST": 0, "STL": 2, "BLK": 1, "TOV": 3, "PF": 1, "PTS": 24, "PLUS_MINUS": 33, "VIDEO_AVAILABLE": 1}, {"SEASON_ID": "22017", "Player_ID": 203954, "Game_ID": "0021700802", "GAME_DATE": "FEB 06, 2018", "MATCHUP": "PHI vs. WAS", "WL": "W", "MIN": 32, "FGM": 10, "FGA": 21, "FG_PCT": 0.476, "FG3M": 3, "FG3A": 7, "FG3_PCT": 0.429, "FTM": 4, "FTA": 5, "FT_PCT": 0.8, "OREB": 1, "DREB": 12, "REB": 13, "AST": 3, "STL": 0, "BLK": 3, "TOV": 1, "PF": 2, "PTS": 27, "PLUS_MINUS": 16, "VIDEO_AVAILABLE": 1}, {"SEASON_ID": "22017", "Player_ID": 203954, "Game_ID": "0021700777", "GAME_DATE": "FEB 03, 2018", "MATCHUP": "PHI @ IND", "WL": "L", "MIN": 34, "FGM": 9, "FGA": 19, "FG_PCT": 0.474, "FG3M": 0, "FG3A": 4, "FG3_PCT": 0.0, "FTM": 6, "FTA": 9, "FT_PCT": 0.667, "OREB": 4, "DREB": 6, "REB": 10, "AST": 3, "STL": 2, "BLK": 1, "TOV": 7, "PF": 1, "PTS": 24, "PLUS_MINUS": -20, "VIDEO_AVAILABLE": 1}, {"SEASON_ID": "22017", "Player_ID": 203954, "Game_ID": "0021700770", "GAME_DATE": "FEB 02, 2018", "MATCHUP": "PHI vs. MIA", "WL": "W", "MIN": 31, "FGM": 7, "FGA": 17, "FG_PCT": 0.412, "FG3M": 0, "FG3A": 4, "FG3_PCT": 0.0, "FTM": 3, "FTA": 4, "FT_PCT": 0.75, "OREB": 2, "DREB": 9, "REB": 11, "AST": 4, "STL": 0, "BLK": 3, "TOV": 6, "PF": 5, "PTS": 17, "PLUS_MINUS": 11, "VIDEO_AVAILABLE": 1}, {"SEASON_ID": "22017", "Player_ID": 203954, "Game_ID": "0021700756", "GAME_DATE": "JAN 31, 2018", "MATCHUP": "PHI @ BKN", "WL": "L", "MIN": 36, "FGM": 8, "FGA": 19, "FG_PCT": 0.421, "FG3M": 1, "FG3A": 5, "FG3_PCT": 0.2, "FTM": 12, "FTA": 14, "FT_PCT": 0.857, "OREB": 1, "DREB": 13, "REB": 14, "AST": 2, "STL": 0, "BLK": 1, "TOV": 3, "PF": 4, "PTS": 29, "PLUS_MINUS": 9, "VIDEO_AVAILABLE": 1}, {"SEASON_ID": "22017", "Player_ID": 203954, "Game_ID": "0021700736", "GAME_DATE": "JAN 28, 2018", "MATCHUP": "PHI @ OKC", "WL": "L", "MIN": 36, "FGM": 10, "FGA": 16, "FG_PCT": 0.625, "FG3M": 3, "FG3A": 4, "FG3_PCT": 0.75, "FTM": 4, "FTA": 5, "FT_PCT": 0.8, "OREB": 3, "DREB": 7, "REB": 10, "AST": 2, "STL": 0, "BLK": 2, "TOV": 5, "PF": 4, "PTS": 27, "PLUS_MINUS": 10, "VIDEO_AVAILABLE": 1}, {"SEASON_ID": "22017", "Player_ID": 203954, "Game_ID": "0021700722", "GAME_DATE": "JAN 26, 2018", "MATCHUP": "PHI @ SAS", "WL": "W", "MIN": 29, "FGM": 6, "FGA": 15, "FG_PCT": 0.4, "FG3M": 1, "FG3A": 2, "FG3_PCT": 0.5, "FTM": 5, "FTA": 8, "FT_PCT": 0.625, "OREB": 3, "DREB": 10, "REB": 13, "AST": 3, "STL": 1, "BLK": 0, "TOV": 0, "PF": 3, "PTS": 18, "PLUS_MINUS": 21, "VIDEO_AVAILABLE": 1}, {"SEASON_ID": "22017", "Player_ID": 203954, "Game_ID": "0021700704", "GAME_DATE": "JAN 24, 2018", "MATCHUP": "PHI vs. CHI", "WL": "W", "MIN": 32, "FGM": 10, "FGA": 17, "FG_PCT": 0.588, "FG3M": 1, "FG3A": 2, "FG3_PCT": 0.5, "FTM": 1, "FTA": 1, "FT_PCT": 1.0, "OREB": 0, "DREB": 5, "REB": 5, "AST": 3, "STL": 0, "BLK": 2, "TOV": 3, "PF": 3, "PTS": 22, "PLUS_MINUS": 9, "VIDEO_AVAILABLE": 1}, {"SEASON_ID": "22017", "Player_ID": 203954, "Game_ID": "0021700690", "GAME_DATE": "JAN 22, 2018", "MATCHUP": "PHI @ MEM", "WL": "L", "MIN": 32, "FGM": 5, "FGA": 13, "FG_PCT": 0.385, "FG3M": 0, "FG3A": 2, "FG3_PCT": 0.0, "FTM": 5, "FTA": 9, "FT_PCT": 0.556, "OREB": 5, "DREB": 9, "REB": 14, "AST": 1, "STL": 0, "BLK": 0, "TOV": 4, "PF": 4, "PTS": 15, "PLUS_MINUS": -5, "VIDEO_AVAILABLE": 1}, {"SEASON_ID": "22017", "Player_ID": 203954, "Game_ID": "0021700678", "GAME_DATE": "JAN 20, 2018", "MATCHUP": "PHI vs. MIL", "WL": "W", "MIN": 32, "FGM": 11, "FGA": 19, "FG_PCT": 0.579, "FG3M": 2, "FG3A": 5, "FG3_PCT": 0.4, "FTM": 5, "FTA": 6, "FT_PCT": 0.833, "OREB": 0, "DREB": 9, "REB": 9, "AST": 1, "STL": 1, "BLK": 2, "TOV": 5, "PF": 2, "PTS": 29, "PLUS_MINUS": 16, "VIDEO_AVAILABLE": 1}, {"SEASON_ID": "22017", "Player_ID": 203954, "Game_ID": "0021700663", "GAME_DATE": "JAN 18, 2018", "MATCHUP": "PHI @ BOS", "WL": "W", "MIN": 35, "FGM": 10, "FGA": 19, "FG_PCT": 0.526, "FG3M": 0, "FG3A": 1, "FG3_PCT": 0.0, "FTM": 6, "FTA": 7, "FT_PCT": 0.857, "OREB": 3, "DREB": 13, "REB": 16, "AST": 6, "STL": 1, "BLK": 2, "TOV": 4, "PF": 4, "PTS": 26, "PLUS_MINUS": 10, "VIDEO_AVAILABLE": 1}, {"SEASON_ID": "22017", "Player_ID": 203954, "Game_ID": "0021700639", "GAME_DATE": "JAN 15, 2018", "MATCHUP": "PHI vs. TOR", "WL": "W", "MIN": 35, "FGM": 11, "FGA": 21, "FG_PCT": 0.524, "FG3M": 1, "FG3A": 5, "FG3_PCT": 0.2, "FTM": 11, "FTA": 14, "FT_PCT": 0.786, "OREB": 5, "DREB": 6, "REB": 11, "AST": 3, "STL": 0, "BLK": 1, "TOV": 7, "PF": 4, "PTS": 34, "PLUS_MINUS": -2, "VIDEO_AVAILABLE": 1}, {"SEASON_ID": "22017", "Player_ID": 203954, "Game_ID": "0021700614", "GAME_DATE": "JAN 11, 2018", "MATCHUP": "PHI vs. BOS", "WL": "L", "MIN": 31, "FGM": 6, "FGA": 17, "FG_PCT": 0.353, "FG3M": 1, "FG3A": 5, "FG3_PCT": 0.2, "FTM": 2, "FTA": 3, "FT_PCT": 0.667, "OREB": 0, "DREB": 10, "REB": 10, "AST": 5, "STL": 2, "BLK": 1, "TOV": 4, "PF": 2, "PTS": 15, "PLUS_MINUS": -7, "VIDEO_AVAILABLE": 1}, {"SEASON_ID": "22017", "Player_ID": 203954, "Game_ID": "0021700569", "GAME_DATE": "JAN 05, 2018", "MATCHUP": "PHI vs. DET", "WL": "W", "MIN": 25, "FGM": 9, "FGA": 16, "FG_PCT": 0.563, "FG3M": 1, "FG3A": 2, "FG3_PCT": 0.5, "FTM": 4, "FTA": 5, "FT_PCT": 0.8, "OREB": 2, "DREB": 7, "REB": 9, "AST": 0, "STL": 0, "BLK": 1, "TOV": 1, "PF": 3, "PTS": 23, "PLUS_MINUS": 26, "VIDEO_AVAILABLE": 1}, {"SEASON_ID": "22017", "Player_ID": 203954, "Game_ID": "0021700555", "GAME_DATE": "JAN 03, 2018", "MATCHUP": "PHI vs. SAS", "WL": "W", "MIN": 35, "FGM": 6, "FGA": 12, "FG_PCT": 0.5, "FG3M": 0, "FG3A": 2, "FG3_PCT": 0.0, "FTM": 9, "FTA": 11, "FT_PCT": 0.818, "OREB": 2, "DREB": 9, "REB": 11, "AST": 4, "STL": 1, "BLK": 4, "TOV": 3, "PF": 3, "PTS": 21, "PLUS_MINUS": 16, "VIDEO_AVAILABLE": 1}, {"SEASON_ID": "22017", "Player_ID": 203954, "Game_ID": "0021700544", "GAME_DATE": "DEC 31, 2017", "MATCHUP": "PHI @ PHX", "WL": "W", "MIN": 31, "FGM": 8, "FGA": 14, "FG_PCT": 0.571, "FG3M": 0, "FG3A": 3, "FG3_PCT": 0.0, "FTM": 6, "FTA": 8, "FT_PCT": 0.75, "OREB": 1, "DREB": 8, "REB": 9, "AST": 5, "STL": 1, "BLK": 2, "TOV": 7, "PF": 5, "PTS": 22, "PLUS_MINUS": 32, "VIDEO_AVAILABLE": 1}, {"SEASON_ID": "22017", "Player_ID": 203954, "Game_ID": "0021700520", "GAME_DATE": "DEC 28, 2017", "MATCHUP": "PHI @ POR", "WL": "L", "MIN": 35, "FGM": 9, "FGA": 21, "FG_PCT": 0.429, "FG3M": 6, "FG3A": 12, "FG3_PCT": 0.5, "FTM": 5, "FTA": 8, "FT_PCT": 0.625, "OREB": 1, "DREB": 8, "REB": 9, "AST": 3, "STL": 0, "BLK": 1, "TOV": 4, "PF": 4, "PTS": 29, "PLUS_MINUS": 0, "VIDEO_AVAILABLE": 1}, {"SEASON_ID": "22017", "Player_ID": 203954, "Game_ID": "0021700493", "GAME_DATE": "DEC 25, 2017", "MATCHUP": "PHI @ NYK", "WL": "W", "MIN": 34, "FGM": 8, "FGA": 17, "FG_PCT": 0.471, "FG3M": 2, "FG3A": 3, "FG3_PCT": 0.667, "FTM": 7, "FTA": 8, "FT_PCT": 0.875, "OREB": 3, "DREB": 13, "REB": 16, "AST": 3, "STL": 0, "BLK": 3, "TOV": 6, "PF": 3, "PTS": 25, "PLUS_MINUS": 25, "VIDEO_AVAILABLE": 1}, {"SEASON_ID": "22017", "Player_ID": 203954, "Game_ID": "0021700480", "GAME_DATE": "DEC 23, 2017", "MATCHUP": "PHI @ TOR", "WL": "L", "MIN": 23, "FGM": 5, "FGA": 13, "FG_PCT": 0.385, "FG3M": 1, "FG3A": 4, "FG3_PCT": 0.25, "FTM": 3, "FTA": 4, "FT_PCT": 0.75, "OREB": 0, "DREB": 8, "REB": 8, "AST": 2, "STL": 0, "BLK": 3, "TOV": 5, "PF": 2, "PTS": 14, "PLUS_MINUS": -19, "VIDEO_AVAILABLE": 1}, {"SEASON_ID": "22017", "Player_ID": 203954, "Game_ID": "0021700421", "GAME_DATE": "DEC 15, 2017", "MATCHUP": "PHI vs. OKC", "WL": "L", "MIN": 49, "FGM": 11, "FGA": 20, "FG_PCT": 0.55, "FG3M": 0, "FG3A": 3, "FG3_PCT": 0.0, "FTM": 12, "FTA": 13, "FT_PCT": 0.923, "OREB": 0, "DREB": 8, "REB": 8, "AST": 6, "STL": 0, "BLK": 2, "TOV": 7, "PF": 3, "PTS": 34, "PLUS_MINUS": 6, "VIDEO_AVAILABLE": 1}, {"SEASON_ID": "22017", "Player_ID": 203954, "Game_ID": "0021700401", "GAME_DATE": "DEC 12, 2017", "MATCHUP": "PHI @ MIN", "WL": "W", "MIN": 39, "FGM": 8, "FGA": 16, "FG_PCT": 0.5, "FG3M": 1, "FG3A": 1, "FG3_PCT": 1.0, "FTM": 11, "FTA": 12, "FT_PCT": 0.917, "OREB": 1, "DREB": 11, "REB": 12, "AST": 8, "STL": 0, "BLK": 1, "TOV": 2, "PF": 5, "PTS": 28, "PLUS_MINUS": 19, "VIDEO_AVAILABLE": 1}, {"SEASON_ID": "22017", "Player_ID": 203954, "Game_ID": "0021700363", "GAME_DATE": "DEC 07, 2017", "MATCHUP": "PHI vs. LAL", "WL": "L", "MIN": 36, "FGM": 11, "FGA": 17, "FG_PCT": 0.647, "FG3M": 2, "FG3A": 3, "FG3_PCT": 0.667, "FTM": 9, "FTA": 10, "FT_PCT": 0.9, "OREB": 1, "DREB": 6, "REB": 7, "AST": 6, "STL": 1, "BLK": 5, "TOV": 4, "PF": 5, "PTS": 33, "PLUS_MINUS": 14, "VIDEO_AVAILABLE": 1}, {"SEASON_ID": "22017", "Player_ID": 203954, "Game_ID": "0021700341", "GAME_DATE": "DEC 04, 2017", "MATCHUP": "PHI vs. PHX", "WL": "L", "MIN": 34, "FGM": 7, "FGA": 18, "FG_PCT": 0.389, "FG3M": 0, "FG3A": 0, "FG3_PCT": 0.0, "FTM": 8, "FTA": 8, "FT_PCT": 1.0, "OREB": 2, "DREB": 10, "REB": 12, "AST": 2, "STL": 0, "BLK": 4, "TOV": 0, "PF": 1, "PTS": 22, "PLUS_MINUS": -11, "VIDEO_AVAILABLE": 1}, {"SEASON_ID": "22017", "Player_ID": 203954, "Game_ID": "0021700330", "GAME_DATE": "DEC 02, 2017", "MATCHUP": "PHI vs. DET", "WL": "W", "MIN": 32, "FGM": 7, "FGA": 21, "FG_PCT": 0.333, "FG3M": 0, "FG3A": 3, "FG3_PCT": 0.0, "FTM": 11, "FTA": 12, "FT_PCT": 0.917, "OREB": 5, "DREB": 5, "REB": 10, "AST": 0, "STL": 1, "BLK": 0, "TOV": 6, "PF": 4, "PTS": 25, "PLUS_MINUS": 1, "VIDEO_AVAILABLE": 1}, {"SEASON_ID": "22017", "Player_ID": 203954, "Game_ID": "0021700305", "GAME_DATE": "NOV 29, 2017", "MATCHUP": "PHI vs. WAS", "WL": "W", "MIN": 32, "FGM": 6, "FGA": 15, "FG_PCT": 0.4, "FG3M": 0, "FG3A": 0, "FG3_PCT": 0.0, "FTM": 13, "FTA": 18, "FT_PCT": 0.722, "OREB": 7, "DREB": 7, "REB": 14, "AST": 4, "STL": 1, "BLK": 4, "TOV": 3, "PF": 6, "PTS": 25, "PLUS_MINUS": 3, "VIDEO_AVAILABLE": 1}, {"SEASON_ID": "22017", "Player_ID": 203954, "Game_ID": "0021700291", "GAME_DATE": "NOV 27, 2017", "MATCHUP": "PHI vs. CLE", "WL": "L", "MIN": 33, "FGM": 11, "FGA": 24, "FG_PCT": 0.458, "FG3M": 0, "FG3A": 2, "FG3_PCT": 0.0, "FTM": 8, "FTA": 9, "FT_PCT": 0.889, "OREB": 5, "DREB": 6, "REB": 11, "AST": 0, "STL": 0, "BLK": 0, "TOV": 1, "PF": 4, "PTS": 30, "PLUS_MINUS": -23, "VIDEO_AVAILABLE": 1}, {"SEASON_ID": "22017", "Player_ID": 203954, "Game_ID": "0021700278", "GAME_DATE": "NOV 25, 2017", "MATCHUP": "PHI vs. ORL", "WL": "W", "MIN": 29, "FGM": 7, "FGA": 17, "FG_PCT": 0.412, "FG3M": 1, "FG3A": 1, "FG3_PCT": 1.0, "FTM": 3, "FTA": 4, "FT_PCT": 0.75, "OREB": 4, "DREB": 10, "REB": 14, "AST": 6, "STL": 0, "BLK": 0, "TOV": 5, "PF": 3, "PTS": 18, "PLUS_MINUS": 14, "VIDEO_AVAILABLE": 1}, {"SEASON_ID": "22017", "Player_ID": 203954, "Game_ID": "0021700255", "GAME_DATE": "NOV 22, 2017", "MATCHUP": "PHI vs. POR", "WL": "W", "MIN": 30, "FGM": 11, "FGA": 19, "FG_PCT": 0.579, "FG3M": 1, "FG3A": 3, "FG3_PCT": 0.333, "FTM": 5, "FTA": 5, "FT_PCT": 1.0, "OREB": 3, "DREB": 9, "REB": 12, "AST": 1, "STL": 0, "BLK": 2, "TOV": 4, "PF": 5, "PTS": 28, "PLUS_MINUS": 9, "VIDEO_AVAILABLE": 1}, {"SEASON_ID": "22017", "Player_ID": 203954, "Game_ID": "0021700244", "GAME_DATE": "NOV 20, 2017", "MATCHUP": "PHI vs. UTA", "WL": "W", "MIN": 27, "FGM": 7, "FGA": 17, "FG_PCT": 0.412, "FG3M": 0, "FG3A": 3, "FG3_PCT": 0.0, "FTM": 1, "FTA": 4, "FT_PCT": 0.25, "OREB": 2, "DREB": 9, "REB": 11, "AST": 3, "STL": 0, "BLK": 2, "TOV": 2, "PF": 2, "PTS": 15, "PLUS_MINUS": 16, "VIDEO_AVAILABLE": 1}, {"SEASON_ID": "22017", "Player_ID": 203954, "Game_ID": "0021700231", "GAME_DATE": "NOV 18, 2017", "MATCHUP": "PHI vs. GSW", "WL": "L", "MIN": 33, "FGM": 7, "FGA": 16, "FG_PCT": 0.438, "FG3M": 1, "FG3A": 4, "FG3_PCT": 0.25, "FTM": 6, "FTA": 8, "FT_PCT": 0.75, "OREB": 2, "DREB": 6, "REB": 8, "AST": 3, "STL": 0, "BLK": 1, "TOV": 5, "PF": 4, "PTS": 21, "PLUS_MINUS": -10, "VIDEO_AVAILABLE": 1}, {"SEASON_ID": "22017", "Player_ID": 203954, "Game_ID": "0021700214", "GAME_DATE": "NOV 15, 2017", "MATCHUP": "PHI @ LAL", "WL": "W", "MIN": 34, "FGM": 14, "FGA": 20, "FG_PCT": 0.7, "FG3M": 2, "FG3A": 3, "FG3_PCT": 0.667, "FTM": 16, "FTA": 19, "FT_PCT": 0.842, "OREB": 2, "DREB": 13, "REB": 15, "AST": 7, "STL": 0, "BLK": 7, "TOV": 2, "PF": 4, "PTS": 46, "PLUS_MINUS": 19, "VIDEO_AVAILABLE": 1}, {"SEASON_ID": "22017", "Player_ID": 203954, "Game_ID": "0021700200", "GAME_DATE": "NOV 13, 2017", "MATCHUP": "PHI @ LAC", "WL": "W", "MIN": 36, "FGM": 11, "FGA": 20, "FG_PCT": 0.55, "FG3M": 1, "FG3A": 5, "FG3_PCT": 0.2, "FTM": 9, "FTA": 16, "FT_PCT": 0.563, "OREB": 2, "DREB": 14, "REB": 16, "AST": 2, "STL": 0, "BLK": 1, "TOV": 4, "PF": 4, "PTS": 32, "PLUS_MINUS": 23, "VIDEO_AVAILABLE": 1}, {"SEASON_ID": "22017", "Player_ID": 203954, "Game_ID": "0021700184", "GAME_DATE": "NOV 11, 2017", "MATCHUP": "PHI @ GSW", "WL": "L", "MIN": 25, "FGM": 4, "FGA": 11, "FG_PCT": 0.364, "FG3M": 0, "FG3A": 1, "FG3_PCT": 0.0, "FTM": 4, "FTA": 4, "FT_PCT": 1.0, "OREB": 3, "DREB": 4, "REB": 7, "AST": 2, "STL": 1, "BLK": 1, "TOV": 7, "PF": 2, "PTS": 12, "PLUS_MINUS": -9, "VIDEO_AVAILABLE": 1}, {"SEASON_ID": "22017", "Player_ID": 203954, "Game_ID": "0021700167", "GAME_DATE": "NOV 09, 2017", "MATCHUP": "PHI @ SAC", "WL": "L", "MIN": 32, "FGM": 7, "FGA": 20, "FG_PCT": 0.35, "FG3M": 1, "FG3A": 4, "FG3_PCT": 0.25, "FTM": 7, "FTA": 8, "FT_PCT": 0.875, "OREB": 3, "DREB": 12, "REB": 15, "AST": 2, "STL": 0, "BLK": 3, "TOV": 5, "PF": 3, "PTS": 22, "PLUS_MINUS": 9, "VIDEO_AVAILABLE": 1}, {"SEASON_ID": "22017", "Player_ID": 203954, "Game_ID": "0021700121", "GAME_DATE": "NOV 03, 2017", "MATCHUP": "PHI vs. IND", "WL": "W", "MIN": 28, "FGM": 7, "FGA": 15, "FG_PCT": 0.467, "FG3M": 0, "FG3A": 1, "FG3_PCT": 0.0, "FTM": 4, "FTA": 5, "FT_PCT": 0.8, "OREB": 2, "DREB": 7, "REB": 9, "AST": 5, "STL": 2, "BLK": 2, "TOV": 6, "PF": 4, "PTS": 18, "PLUS_MINUS": 12, "VIDEO_AVAILABLE": 1}, {"SEASON_ID": "22017", "Player_ID": 203954, "Game_ID": "0021700107", "GAME_DATE": "NOV 01, 2017", "MATCHUP": "PHI vs. ATL", "WL": "W", "MIN": 30, "FGM": 9, "FGA": 16, "FG_PCT": 0.563, "FG3M": 1, "FG3A": 3, "FG3_PCT": 0.333, "FTM": 2, "FTA": 5, "FT_PCT": 0.4, "OREB": 2, "DREB": 10, "REB": 12, "AST": 6, "STL": 3, "BLK": 3, "TOV": 2, "PF": 4, "PTS": 21, "PLUS_MINUS": 2, "VIDEO_AVAILABLE": 2}, {"SEASON_ID": "22017", "Player_ID": 203954, "Game_ID": "0021700095", "GAME_DATE": "OCT 30, 2017", "MATCHUP": "PHI @ HOU", "WL": "W", "MIN": 25, "FGM": 9, "FGA": 12, "FG_PCT": 0.75, "FG3M": 0, "FG3A": 1, "FG3_PCT": 0.0, "FTM": 4, "FTA": 6, "FT_PCT": 0.667, "OREB": 2, "DREB": 7, "REB": 9, "AST": 5, "STL": 2, "BLK": 1, "TOV": 3, "PF": 5, "PTS": 22, "PLUS_MINUS": 17, "VIDEO_AVAILABLE": 1}, {"SEASON_ID": "22017", "Player_ID": 203954, "Game_ID": "0021700081", "GAME_DATE": "OCT 28, 2017", "MATCHUP": "PHI @ DAL", "WL": "W", "MIN": 29, "FGM": 8, "FGA": 19, "FG_PCT": 0.421, "FG3M": 3, "FG3A": 7, "FG3_PCT": 0.429, "FTM": 4, "FTA": 6, "FT_PCT": 0.667, "OREB": 3, "DREB": 6, "REB": 9, "AST": 4, "STL": 0, "BLK": 0, "TOV": 7, "PF": 4, "PTS": 23, "PLUS_MINUS": -4, "VIDEO_AVAILABLE": 1}, {"SEASON_ID": "22017", "Player_ID": 203954, "Game_ID": "0021700057", "GAME_DATE": "OCT 25, 2017", "MATCHUP": "PHI vs. HOU", "WL": "L", "MIN": 25, "FGM": 8, "FGA": 13, "FG_PCT": 0.615, "FG3M": 1, "FG3A": 2, "FG3_PCT": 0.5, "FTM": 4, "FTA": 5, "FT_PCT": 0.8, "OREB": 0, "DREB": 6, "REB": 6, "AST": 3, "STL": 1, "BLK": 2, "TOV": 3, "PF": 3, "PTS": 21, "PLUS_MINUS": -1, "VIDEO_AVAILABLE": 1}, {"SEASON_ID": "22017", "Player_ID": 203954, "Game_ID": "0021700041", "GAME_DATE": "OCT 23, 2017", "MATCHUP": "PHI @ DET", "WL": "W", "MIN": 28, "FGM": 11, "FGA": 15, "FG_PCT": 0.733, "FG3M": 1, "FG3A": 1, "FG3_PCT": 1.0, "FTM": 7, "FTA": 8, "FT_PCT": 0.875, "OREB": 0, "DREB": 9, "REB": 9, "AST": 0, "STL": 2, "BLK": 0, "TOV": 7, "PF": 5, "PTS": 30, "PLUS_MINUS": 21, "VIDEO_AVAILABLE": 1}, {"SEASON_ID": "22017", "Player_ID": 203954, "Game_ID": "0021700019", "GAME_DATE": "OCT 20, 2017", "MATCHUP": "PHI vs. BOS", "WL": "L", "MIN": 28, "FGM": 4, "FGA": 16, "FG_PCT": 0.25, "FG3M": 0, "FG3A": 6, "FG3_PCT": 0.0, "FTM": 3, "FTA": 3, "FT_PCT": 1.0, "OREB": 2, "DREB": 12, "REB": 14, "AST": 3, "STL": 1, "BLK": 2, "TOV": 3, "PF": 1, "PTS": 11, "PLUS_MINUS": -4, "VIDEO_AVAILABLE": 1}, {"SEASON_ID": "22017", "Player_ID": 203954, "Game_ID": "0021700006", "GAME_DATE": "OCT 18, 2017", "MATCHUP": "PHI @ WAS", "WL": "L", "MIN": 27, "FGM": 7, "FGA": 15, "FG_PCT": 0.467, "FG3M": 0, "FG3A": 4, "FG3_PCT": 0.0, "FTM": 4, "FTA": 4, "FT_PCT": 1.0, "OREB": 1, "DREB": 12, "REB": 13, "AST": 3, "STL": 0, "BLK": 1, "TOV": 4, "PF": 2, "PTS": 18, "PLUS_MINUS": 1, "VIDEO_AVAILABLE": 1}]