{"firstName": "Joel", "lastName": "Embiid", "temporaryDisplayName": "Embiid, Joel", "personId": "203954", "teamId": "1610612755", "jersey": "21", "isActive": true, "pos": "F-C", "heightFeet": "7", "heightInches": "0", "heightMeters": "2.13", "weightPounds": "250", "weightKilograms": "113.4", "dateOfBirthUTC": "1994-03-16", "teamSitesOnly": {"playerCode": "joel_embiid", "posFull": "Forward-Center", "displayAffiliation": "Kansas/Cameroon", "freeAgentCode": ""}, "teams": [{"teamId": "1610612755", "seasonStart": "2014", "seasonEnd": "2019"}], "draft": {"teamId": "1610612755", "pickNum": "3", "roundNum": "1", "seasonYear": "2014"}, "nbaDebutYear": "2016", "yearsPro": "5", "collegeName": "Kansas", "lastAffiliation": "Kansas/Cameroon", "country": "Cameroon"}