{"firstName": "Jake", "lastName": "Layman", "temporaryDisplayName": "Layman, Jake", "personId": "1627774", "teamId": "1610612750", "jersey": "10", "isActive": true, "pos": "F", "heightFeet": "6", "heightInches": "9", "heightMeters": "2.06", "weightPounds": "215", "weightKilograms": "97.5", "dateOfBirthUTC": "1994-03-07", "teamSitesOnly": {"playerCode": "jake_layman", "posFull": "Forward", "displayAffiliation": "Maryland/USA", "freeAgentCode": ""}, "teams": [{"teamId": "1610612757", "seasonStart": "2016", "seasonEnd": "2018"}, {"teamId": "1610612750", "seasonStart": "2019", "seasonEnd": "2019"}], "draft": {"teamId": "1610612753", "pickNum": "47", "roundNum": "2", "seasonYear": "2016"}, "nbaDebutYear": "2016", "yearsPro": "3", "collegeName": "Maryland", "lastAffiliation": "Maryland/USA", "country": "USA"}