{"firstName": "Nigel", "lastName": "Williams-Goss", "temporaryDisplayName": "Williams-Goss, Nigel", "personId": "1628430", "teamId": "1610612762", "jersey": "0", "isActive": true, "pos": "G", "heightFeet": "6", "heightInches": "3", "heightMeters": "1.9", "weightPounds": "190", "weightKilograms": "86.2", "dateOfBirthUTC": "1994-09-16", "teamSitesOnly": {"playerCode": "nigel_williams-goss", "posFull": "Guard", "displayAffiliation": "Gonzaga/USA", "freeAgentCode": ""}, "teams": [{"teamId": "1610612762", "seasonStart": "2019", "seasonEnd": "2019"}], "draft": {"teamId": "1610612762", "pickNum": "55", "roundNum": "2", "seasonYear": "2017"}, "nbaDebutYear": "", "yearsPro": "0", "collegeName": "Gonzaga", "lastAffiliation": "Gonzaga/USA", "country": "USA"}