{"firstName": "Myke", "lastName": "Henry", "temporaryDisplayName": "Henry, Myke", "personId": "1627988", "teamId": "1610612760", "jersey": "15", "isActive": true, "pos": "F", "heightFeet": "6", "heightInches": "6", "heightMeters": "1.98", "weightPounds": "215", "weightKilograms": "97.5", "dateOfBirthUTC": "1992-12-23", "teamSitesOnly": {"playerCode": "myke_henry", "posFull": "Forward", "displayAffiliation": "DePaul/USA", "freeAgentCode": ""}, "teams": [{"teamId": "1610612763", "seasonStart": "2017", "seasonEnd": "2017"}, {"teamId": "1610612760", "seasonStart": "2019", "seasonEnd": "2019"}], "draft": {"teamId": "", "pickNum": "", "roundNum": "", "seasonYear": ""}, "nbaDebutYear": "2017", "yearsPro": "1", "collegeName": "DePaul", "lastAffiliation": "DePaul/USA", "country": "USA"}