{"firstName": "Ahmed", "lastName": "Hill", "temporaryDisplayName": "Hill, Ahmed", "personId": "1629759", "teamId": "1610612766", "jersey": "20", "isActive": true, "pos": "G", "heightFeet": "6", "heightInches": "5", "heightMeters": "1.96", "weightPounds": "209", "weightKilograms": "94.8", "dateOfBirthUTC": "1995-03-21", "teamSitesOnly": {"playerCode": "ahmed_hill", "posFull": "Guard", "displayAffiliation": "Virginia Tech", "freeAgentCode": ""}, "teams": [{"teamId": "1610612766", "seasonStart": "2019", "seasonEnd": "2019"}], "draft": {"teamId": "", "pickNum": "", "roundNum": "", "seasonYear": ""}, "nbaDebutYear": "", "yearsPro": "0", "collegeName": "Virginia Tech", "lastAffiliation": "Virginia Tech/USA", "country": "USA"}