{"firstName": "Jeff", "lastName": "Green", "temporaryDisplayName": "Green, Jeff", "personId": "201145", "teamId": "1610612762", "jersey": "22", "isActive": true, "pos": "F", "heightFeet": "6", "heightInches": "9", "heightMeters": "2.06", "weightPounds": "235", "weightKilograms": "106.6", "dateOfBirthUTC": "1986-08-28", "teamSitesOnly": {"playerCode": "jeff_green", "posFull": "Forward", "displayAffiliation": "Georgetown/USA", "freeAgentCode": ""}, "teams": [{"teamId": "1610612760", "seasonStart": "2007", "seasonEnd": "2010"}, {"teamId": "1610612738", "seasonStart": "2010", "seasonEnd": "2014"}, {"teamId": "1610612763", "seasonStart": "2014", "seasonEnd": "2015"}, {"teamId": "1610612746", "seasonStart": "2015", "seasonEnd": "2015"}, {"teamId": "1610612753", "seasonStart": "2016", "seasonEnd": "2016"}, {"teamId": "1610612739", "seasonStart": "2017", "seasonEnd": "2017"}, {"teamId": "1610612764", "seasonStart": "2018", "seasonEnd": "2018"}, {"teamId": "1610612762", "seasonStart": "2019", "seasonEnd": "2019"}], "draft": {"teamId": "1610612738", "pickNum": "5", "roundNum": "1", "seasonYear": "2007"}, "nbaDebutYear": "2007", "yearsPro": "11", "collegeName": "Georgetown", "lastAffiliation": "Georgetown/USA", "country": "USA"}