[{"SEASON_ID": "22018", "Player_ID": 1628961, "Game_ID": "0021801092", "GAME_DATE": "MAR 23, 2019", "MATCHUP": "DAL @ GSW", "WL": "W", "MIN": 5, "FGM": 0, "FGA": 1, "FG_PCT": 0.0, "FG3M": 0, "FG3A": 0, "FG3_PCT": 0.0, "FTM": 1, "FTA": 2, "FT_PCT": 0.5, "OREB": 0, "DREB": 0, "REB": 0, "AST": 0, "STL": 0, "BLK": 0, "TOV": 0, "PF": 0, "PTS": 1, "PLUS_MINUS": -5, "VIDEO_AVAILABLE": 1}, {"SEASON_ID": "22018", "Player_ID": 1628961, "Game_ID": "0021801073", "GAME_DATE": "MAR 20, 2019", "MATCHUP": "DAL @ POR", "WL": "L", "MIN": 6, "FGM": 0, "FGA": 2, "FG_PCT": 0.0, "FG3M": 0, "FG3A": 0, "FG3_PCT": 0.0, "FTM": 1, "FTA": 2, "FT_PCT": 0.5, "OREB": 0, "DREB": 1, "REB": 1, "AST": 0, "STL": 2, "BLK": 0, "TOV": 1, "PF": 0, "PTS": 1, "PLUS_MINUS": 8, "VIDEO_AVAILABLE": 1}]