{"firstName": "Kostas", "lastName": "Antetokounmpo", "temporaryDisplayName": "Antetokounmpo, Kostas", "personId": "1628961", "teamId": "1610612747", "jersey": "37", "isActive": true, "pos": "F", "heightFeet": "6", "heightInches": "10", "heightMeters": "2.08", "weightPounds": "200", "weightKilograms": "90.7", "dateOfBirthUTC": "1997-11-20", "teamSitesOnly": {"playerCode": "kostas_antetokounmpo", "posFull": "Forward", "displayAffiliation": "Dayton/Greece", "freeAgentCode": ""}, "teams": [{"teamId": "1610612742", "seasonStart": "2018", "seasonEnd": "2018"}, {"teamId": "1610612747", "seasonStart": "2019", "seasonEnd": "2019"}], "draft": {"teamId": "1610612755", "pickNum": "60", "roundNum": "2", "seasonYear": "2018"}, "nbaDebutYear": "2018", "yearsPro": "1", "collegeName": "University of Dayton", "lastAffiliation": "University of Dayton/Greece", "country": "Greece"}