[{"SEASON_ID": "22016", "Player_ID": 1627767, "Game_ID": "0021601230", "GAME_DATE": "APR 12, 2017", "MATCHUP": "NOP @ POR", "WL": "W", "MIN": 29, "FGM": 4, "FGA": 9, "FG_PCT": 0.444, "FG3M": 0, "FG3A": 0, "FG3_PCT": 0.0, "FTM": 4, "FTA": 5, "FT_PCT": 0.8, "OREB": 4, "DREB": 12, "REB": 16, "AST": 0, "STL": 1, "BLK": 1, "TOV": 1, "PF": 4, "PTS": 12, "PLUS_MINUS": 5, "VIDEO_AVAILABLE": 1}, {"SEASON_ID": "22016", "Player_ID": 1627767, "Game_ID": "0021601215", "GAME_DATE": "APR 11, 2017", "MATCHUP": "NOP @ LAL", "WL": "L", "MIN": 27, "FGM": 9, "FGA": 10, "FG_PCT": 0.9, "FG3M": 0, "FG3A": 0, "FG3_PCT": 0.0, "FTM": 1, "FTA": 2, "FT_PCT": 0.5, "OREB": 3, "DREB": 8, "REB": 11, "AST": 0, "STL": 0, "BLK": 2, "TOV": 2, "PF": 2, "PTS": 19, "PLUS_MINUS": -17, "VIDEO_AVAILABLE": 2}, {"SEASON_ID": "22016", "Player_ID": 1627767, "Game_ID": "0021601195", "GAME_DATE": "APR 08, 2017", "MATCHUP": "NOP @ GSW", "WL": "L", "MIN": 26, "FGM": 3, "FGA": 6, "FG_PCT": 0.5, "FG3M": 0, "FG3A": 0, "FG3_PCT": 0.0, "FTM": 1, "FTA": 2, "FT_PCT": 0.5, "OREB": 2, "DREB": 7, "REB": 9, "AST": 0, "STL": 0, "BLK": 0, "TOV": 2, "PF": 0, "PTS": 7, "PLUS_MINUS": -12, "VIDEO_AVAILABLE": 1}, {"SEASON_ID": "22016", "Player_ID": 1627767, "Game_ID": "0021601184", "GAME_DATE": "APR 07, 2017", "MATCHUP": "NOP @ DEN", "WL": "L", "MIN": 12, "FGM": 2, "FGA": 6, "FG_PCT": 0.333, "FG3M": 0, "FG3A": 0, "FG3_PCT": 0.0, "FTM": 2, "FTA": 2, "FT_PCT": 1.0, "OREB": 1, "DREB": 2, "REB": 3, "AST": 1, "STL": 0, "BLK": 1, "TOV": 0, "PF": 2, "PTS": 6, "PLUS_MINUS": 2, "VIDEO_AVAILABLE": 1}, {"SEASON_ID": "22016", "Player_ID": 1627767, "Game_ID": "0021601132", "GAME_DATE": "MAR 31, 2017", "MATCHUP": "NOP vs. SAC", "WL": "W", "MIN": 3, "FGM": 0, "FGA": 1, "FG_PCT": 0.0, "FG3M": 0, "FG3A": 0, "FG3_PCT": 0.0, "FTM": 0, "FTA": 0, "FT_PCT": 0.0, "OREB": 0, "DREB": 0, "REB": 0, "AST": 0, "STL": 0, "BLK": 0, "TOV": 0, "PF": 0, "PTS": 0, "PLUS_MINUS": -2, "VIDEO_AVAILABLE": 1}, {"SEASON_ID": "22016", "Player_ID": 1627767, "Game_ID": "0021601095", "GAME_DATE": "MAR 26, 2017", "MATCHUP": "NOP @ DEN", "WL": "W", "MIN": 4, "FGM": 1, "FGA": 3, "FG_PCT": 0.333, "FG3M": 0, "FG3A": 0, "FG3_PCT": 0.0, "FTM": 0, "FTA": 0, "FT_PCT": 0.0, "OREB": 0, "DREB": 0, "REB": 0, "AST": 0, "STL": 0, "BLK": 0, "TOV": 0, "PF": 0, "PTS": 2, "PLUS_MINUS": -8, "VIDEO_AVAILABLE": 1}, {"SEASON_ID": "22016", "Player_ID": 1627767, "Game_ID": "0021601039", "GAME_DATE": "MAR 19, 2017", "MATCHUP": "NOP vs. MIN", "WL": "W", "MIN": 1, "FGM": 0, "FGA": 1, "FG_PCT": 0.0, "FG3M": 0, "FG3A": 0, "FG3_PCT": 0.0, "FTM": 0, "FTA": 0, "FT_PCT": 0.0, "OREB": 0, "DREB": 1, "REB": 1, "AST": 0, "STL": 0, "BLK": 0, "TOV": 0, "PF": 0, "PTS": 0, "PLUS_MINUS": -4, "VIDEO_AVAILABLE": 1}, {"SEASON_ID": "22016", "Player_ID": 1627767, "Game_ID": "0021600900", "GAME_DATE": "MAR 01, 2017", "MATCHUP": "NOP vs. DET", "WL": "W", "MIN": 2, "FGM": 0, "FGA": 1, "FG_PCT": 0.0, "FG3M": 0, "FG3A": 0, "FG3_PCT": 0.0, "FTM": 0, "FTA": 0, "FT_PCT": 0.0, "OREB": 1, "DREB": 0, "REB": 1, "AST": 0, "STL": 0, "BLK": 0, "TOV": 0, "PF": 0, "PTS": 0, "PLUS_MINUS": 1, "VIDEO_AVAILABLE": 1}, {"SEASON_ID": "22016", "Player_ID": 1627767, "Game_ID": "0021600671", "GAME_DATE": "JAN 23, 2017", "MATCHUP": "NOP vs. CLE", "WL": "W", "MIN": 0, "FGM": 0, "FGA": 0, "FG_PCT": 0.0, "FG3M": 0, "FG3A": 0, "FG3_PCT": 0.0, "FTM": 0, "FTA": 0, "FT_PCT": 0.0, "OREB": 0, "DREB": 0, "REB": 0, "AST": 0, "STL": 0, "BLK": 0, "TOV": 0, "PF": 0, "PTS": 0, "PLUS_MINUS": -2, "VIDEO_AVAILABLE": 1}, {"SEASON_ID": "22016", "Player_ID": 1627767, "Game_ID": "0021600645", "GAME_DATE": "JAN 20, 2017", "MATCHUP": "NOP vs. BKN", "WL": "L", "MIN": 10, "FGM": 1, "FGA": 6, "FG_PCT": 0.167, "FG3M": 0, "FG3A": 0, "FG3_PCT": 0.0, "FTM": 0, "FTA": 0, "FT_PCT": 0.0, "OREB": 3, "DREB": 3, "REB": 6, "AST": 1, "STL": 1, "BLK": 1, "TOV": 0, "PF": 1, "PTS": 2, "PLUS_MINUS": 2, "VIDEO_AVAILABLE": 1}, {"SEASON_ID": "22016", "Player_ID": 1627767, "Game_ID": "0021600568", "GAME_DATE": "JAN 09, 2017", "MATCHUP": "NOP @ NYK", "WL": "W", "MIN": 5, "FGM": 0, "FGA": 4, "FG_PCT": 0.0, "FG3M": 0, "FG3A": 0, "FG3_PCT": 0.0, "FTM": 0, "FTA": 0, "FT_PCT": 0.0, "OREB": 0, "DREB": 0, "REB": 0, "AST": 0, "STL": 0, "BLK": 0, "TOV": 0, "PF": 2, "PTS": 0, "PLUS_MINUS": -13, "VIDEO_AVAILABLE": 1}, {"SEASON_ID": "22016", "Player_ID": 1627767, "Game_ID": "0021600412", "GAME_DATE": "DEC 18, 2016", "MATCHUP": "NOP @ SAS", "WL": "L", "MIN": 10, "FGM": 3, "FGA": 4, "FG_PCT": 0.75, "FG3M": 0, "FG3A": 0, "FG3_PCT": 0.0, "FTM": 0, "FTA": 0, "FT_PCT": 0.0, "OREB": 1, "DREB": 3, "REB": 4, "AST": 0, "STL": 0, "BLK": 0, "TOV": 0, "PF": 0, "PTS": 6, "PLUS_MINUS": 9, "VIDEO_AVAILABLE": 1}, {"SEASON_ID": "22016", "Player_ID": 1627767, "Game_ID": "0021600395", "GAME_DATE": "DEC 16, 2016", "MATCHUP": "NOP @ HOU", "WL": "L", "MIN": 22, "FGM": 4, "FGA": 5, "FG_PCT": 0.8, "FG3M": 0, "FG3A": 0, "FG3_PCT": 0.0, "FTM": 2, "FTA": 2, "FT_PCT": 1.0, "OREB": 2, "DREB": 5, "REB": 7, "AST": 1, "STL": 0, "BLK": 1, "TOV": 1, "PF": 1, "PTS": 10, "PLUS_MINUS": -7, "VIDEO_AVAILABLE": 1}, {"SEASON_ID": "22016", "Player_ID": 1627767, "Game_ID": "0021600359", "GAME_DATE": "DEC 11, 2016", "MATCHUP": "NOP @ PHX", "WL": "W", "MIN": 9, "FGM": 1, "FGA": 3, "FG_PCT": 0.333, "FG3M": 0, "FG3A": 0, "FG3_PCT": 0.0, "FTM": 2, "FTA": 2, "FT_PCT": 1.0, "OREB": 2, "DREB": 2, "REB": 4, "AST": 0, "STL": 0, "BLK": 0, "TOV": 0, "PF": 2, "PTS": 4, "PLUS_MINUS": 9, "VIDEO_AVAILABLE": 1}, {"SEASON_ID": "22016", "Player_ID": 1627767, "Game_ID": "0021600355", "GAME_DATE": "DEC 10, 2016", "MATCHUP": "NOP @ LAC", "WL": "L", "MIN": 31, "FGM": 8, "FGA": 15, "FG_PCT": 0.533, "FG3M": 0, "FG3A": 0, "FG3_PCT": 0.0, "FTM": 3, "FTA": 6, "FT_PCT": 0.5, "OREB": 3, "DREB": 7, "REB": 10, "AST": 1, "STL": 2, "BLK": 0, "TOV": 1, "PF": 3, "PTS": 19, "PLUS_MINUS": -17, "VIDEO_AVAILABLE": 1}, {"SEASON_ID": "22016", "Player_ID": 1627767, "Game_ID": "0021600263", "GAME_DATE": "NOV 29, 2016", "MATCHUP": "NOP vs. LAL", "WL": "W", "MIN": 1, "FGM": 0, "FGA": 0, "FG_PCT": 0.0, "FG3M": 0, "FG3A": 0, "FG3_PCT": 0.0, "FTM": 0, "FTA": 0, "FT_PCT": 0.0, "OREB": 0, "DREB": 0, "REB": 0, "AST": 0, "STL": 0, "BLK": 0, "TOV": 0, "PF": 0, "PTS": 0, "PLUS_MINUS": -3, "VIDEO_AVAILABLE": 1}, {"SEASON_ID": "22016", "Player_ID": 1627767, "Game_ID": "0021600032", "GAME_DATE": "OCT 29, 2016", "MATCHUP": "NOP @ SAS", "WL": "L", "MIN": 6, "FGM": 0, "FGA": 2, "FG_PCT": 0.0, "FG3M": 0, "FG3A": 0, "FG3_PCT": 0.0, "FTM": 0, "FTA": 0, "FT_PCT": 0.0, "OREB": 1, "DREB": 0, "REB": 1, "AST": 0, "STL": 0, "BLK": 1, "TOV": 0, "PF": 0, "PTS": 0, "PLUS_MINUS": 4, "VIDEO_AVAILABLE": 1}, {"SEASON_ID": "22018", "Player_ID": 1627767, "Game_ID": "0021801215", "GAME_DATE": "APR 09, 2019", "MATCHUP": "NOP vs. GSW", "WL": "L", "MIN": 24, "FGM": 5, "FGA": 7, "FG_PCT": 0.714, "FG3M": 1, "FG3A": 1, "FG3_PCT": 1.0, "FTM": 0, "FTA": 0, "FT_PCT": 0.0, "OREB": 0, "DREB": 6, "REB": 6, "AST": 5, "STL": 0, "BLK": 0, "TOV": 0, "PF": 3, "PTS": 11, "PLUS_MINUS": -12, "VIDEO_AVAILABLE": 1}, {"SEASON_ID": "22018", "Player_ID": 1627767, "Game_ID": "0021801207", "GAME_DATE": "APR 07, 2019", "MATCHUP": "NOP @ SAC", "WL": "W", "MIN": 29, "FGM": 4, "FGA": 5, "FG_PCT": 0.8, "FG3M": 0, "FG3A": 0, "FG3_PCT": 0.0, "FTM": 0, "FTA": 0, "FT_PCT": 0.0, "OREB": 3, "DREB": 8, "REB": 11, "AST": 2, "STL": 1, "BLK": 0, "TOV": 3, "PF": 4, "PTS": 8, "PLUS_MINUS": -4, "VIDEO_AVAILABLE": 1}, {"SEASON_ID": "22018", "Player_ID": 1627767, "Game_ID": "0021801189", "GAME_DATE": "APR 05, 2019", "MATCHUP": "NOP @ PHX", "WL": "L", "MIN": 23, "FGM": 6, "FGA": 9, "FG_PCT": 0.667, "FG3M": 0, "FG3A": 0, "FG3_PCT": 0.0, "FTM": 0, "FTA": 0, "FT_PCT": 0.0, "OREB": 2, "DREB": 9, "REB": 11, "AST": 0, "STL": 0, "BLK": 0, "TOV": 0, "PF": 1, "PTS": 12, "PLUS_MINUS": 8, "VIDEO_AVAILABLE": 1}, {"SEASON_ID": "22018", "Player_ID": 1627767, "Game_ID": "0021801171", "GAME_DATE": "APR 03, 2019", "MATCHUP": "NOP vs. CHA", "WL": "L", "MIN": 13, "FGM": 1, "FGA": 2, "FG_PCT": 0.5, "FG3M": 0, "FG3A": 0, "FG3_PCT": 0.0, "FTM": 0, "FTA": 0, "FT_PCT": 0.0, "OREB": 1, "DREB": 2, "REB": 3, "AST": 2, "STL": 0, "BLK": 0, "TOV": 0, "PF": 5, "PTS": 2, "PLUS_MINUS": -7, "VIDEO_AVAILABLE": 1}, {"SEASON_ID": "22018", "Player_ID": 1627767, "Game_ID": "0021801147", "GAME_DATE": "MAR 31, 2019", "MATCHUP": "NOP vs. LAL", "WL": "L", "MIN": 21, "FGM": 5, "FGA": 6, "FG_PCT": 0.833, "FG3M": 0, "FG3A": 0, "FG3_PCT": 0.0, "FTM": 2, "FTA": 2, "FT_PCT": 1.0, "OREB": 3, "DREB": 7, "REB": 10, "AST": 1, "STL": 0, "BLK": 0, "TOV": 3, "PF": 3, "PTS": 12, "PLUS_MINUS": -24, "VIDEO_AVAILABLE": 1}, {"SEASON_ID": "22018", "Player_ID": 1627767, "Game_ID": "0021801128", "GAME_DATE": "MAR 28, 2019", "MATCHUP": "NOP vs. SAC", "WL": "W", "MIN": 16, "FGM": 3, "FGA": 4, "FG_PCT": 0.75, "FG3M": 0, "FG3A": 0, "FG3_PCT": 0.0, "FTM": 1, "FTA": 1, "FT_PCT": 1.0, "OREB": 1, "DREB": 3, "REB": 4, "AST": 1, "STL": 0, "BLK": 0, "TOV": 1, "PF": 2, "PTS": 7, "PLUS_MINUS": 2, "VIDEO_AVAILABLE": 1}, {"SEASON_ID": "22018", "Player_ID": 1627767, "Game_ID": "0021801113", "GAME_DATE": "MAR 26, 2019", "MATCHUP": "NOP vs. ATL", "WL": "L", "MIN": 19, "FGM": 2, "FGA": 5, "FG_PCT": 0.4, "FG3M": 0, "FG3A": 0, "FG3_PCT": 0.0, "FTM": 1, "FTA": 2, "FT_PCT": 0.5, "OREB": 2, "DREB": 4, "REB": 6, "AST": 0, "STL": 0, "BLK": 0, "TOV": 1, "PF": 4, "PTS": 5, "PLUS_MINUS": -19, "VIDEO_AVAILABLE": 1}, {"SEASON_ID": "22018", "Player_ID": 1627767, "Game_ID": "0021801099", "GAME_DATE": "MAR 24, 2019", "MATCHUP": "NOP vs. HOU", "WL": "L", "MIN": 9, "FGM": 3, "FGA": 4, "FG_PCT": 0.75, "FG3M": 0, "FG3A": 0, "FG3_PCT": 0.0, "FTM": 0, "FTA": 0, "FT_PCT": 0.0, "OREB": 1, "DREB": 2, "REB": 3, "AST": 1, "STL": 2, "BLK": 0, "TOV": 0, "PF": 1, "PTS": 6, "PLUS_MINUS": -12, "VIDEO_AVAILABLE": 1}, {"SEASON_ID": "22018", "Player_ID": 1627767, "Game_ID": "0021801066", "GAME_DATE": "MAR 20, 2019", "MATCHUP": "NOP @ ORL", "WL": "L", "MIN": 18, "FGM": 3, "FGA": 7, "FG_PCT": 0.429, "FG3M": 0, "FG3A": 0, "FG3_PCT": 0.0, "FTM": 1, "FTA": 1, "FT_PCT": 1.0, "OREB": 3, "DREB": 8, "REB": 11, "AST": 1, "STL": 1, "BLK": 0, "TOV": 0, "PF": 1, "PTS": 7, "PLUS_MINUS": -16, "VIDEO_AVAILABLE": 1}, {"SEASON_ID": "22018", "Player_ID": 1627767, "Game_ID": "0021801056", "GAME_DATE": "MAR 18, 2019", "MATCHUP": "NOP @ DAL", "WL": "W", "MIN": 27, "FGM": 3, "FGA": 7, "FG_PCT": 0.429, "FG3M": 0, "FG3A": 0, "FG3_PCT": 0.0, "FTM": 2, "FTA": 2, "FT_PCT": 1.0, "OREB": 4, "DREB": 4, "REB": 8, "AST": 1, "STL": 0, "BLK": 1, "TOV": 2, "PF": 4, "PTS": 8, "PLUS_MINUS": 0, "VIDEO_AVAILABLE": 1}, {"SEASON_ID": "22018", "Player_ID": 1627767, "Game_ID": "0021801036", "GAME_DATE": "MAR 16, 2019", "MATCHUP": "NOP vs. PHX", "WL": "L", "MIN": 25, "FGM": 4, "FGA": 7, "FG_PCT": 0.571, "FG3M": 0, "FG3A": 1, "FG3_PCT": 0.0, "FTM": 2, "FTA": 2, "FT_PCT": 1.0, "OREB": 1, "DREB": 9, "REB": 10, "AST": 0, "STL": 2, "BLK": 1, "TOV": 0, "PF": 4, "PTS": 10, "PLUS_MINUS": 9, "VIDEO_AVAILABLE": 1}, {"SEASON_ID": "22018", "Player_ID": 1627767, "Game_ID": "0021801031", "GAME_DATE": "MAR 15, 2019", "MATCHUP": "NOP vs. POR", "WL": "L", "MIN": 15, "FGM": 2, "FGA": 4, "FG_PCT": 0.5, "FG3M": 0, "FG3A": 0, "FG3_PCT": 0.0, "FTM": 0, "FTA": 0, "FT_PCT": 0.0, "OREB": 0, "DREB": 3, "REB": 3, "AST": 0, "STL": 0, "BLK": 3, "TOV": 1, "PF": 2, "PTS": 4, "PLUS_MINUS": -1, "VIDEO_AVAILABLE": 2}, {"SEASON_ID": "22018", "Player_ID": 1627767, "Game_ID": "0021801010", "GAME_DATE": "MAR 12, 2019", "MATCHUP": "NOP vs. MIL", "WL": "L", "MIN": 14, "FGM": 5, "FGA": 7, "FG_PCT": 0.714, "FG3M": 0, "FG3A": 0, "FG3_PCT": 0.0, "FTM": 1, "FTA": 1, "FT_PCT": 1.0, "OREB": 0, "DREB": 6, "REB": 6, "AST": 1, "STL": 0, "BLK": 1, "TOV": 0, "PF": 1, "PTS": 11, "PLUS_MINUS": 0, "VIDEO_AVAILABLE": 1}, {"SEASON_ID": "22018", "Player_ID": 1627767, "Game_ID": "0021800995", "GAME_DATE": "MAR 10, 2019", "MATCHUP": "NOP @ ATL", "WL": "L", "MIN": 12, "FGM": 2, "FGA": 6, "FG_PCT": 0.333, "FG3M": 0, "FG3A": 0, "FG3_PCT": 0.0, "FTM": 0, "FTA": 0, "FT_PCT": 0.0, "OREB": 0, "DREB": 4, "REB": 4, "AST": 0, "STL": 0, "BLK": 0, "TOV": 1, "PF": 2, "PTS": 4, "PLUS_MINUS": -15, "VIDEO_AVAILABLE": 1}, {"SEASON_ID": "22018", "Player_ID": 1627767, "Game_ID": "0021800983", "GAME_DATE": "MAR 08, 2019", "MATCHUP": "NOP vs. TOR", "WL": "L", "MIN": 24, "FGM": 8, "FGA": 15, "FG_PCT": 0.533, "FG3M": 0, "FG3A": 0, "FG3_PCT": 0.0, "FTM": 0, "FTA": 0, "FT_PCT": 0.0, "OREB": 3, "DREB": 9, "REB": 12, "AST": 0, "STL": 0, "BLK": 0, "TOV": 1, "PF": 1, "PTS": 16, "PLUS_MINUS": -2, "VIDEO_AVAILABLE": 1}, {"SEASON_ID": "22018", "Player_ID": 1627767, "Game_ID": "0021800971", "GAME_DATE": "MAR 06, 2019", "MATCHUP": "NOP vs. UTA", "WL": "L", "MIN": 10, "FGM": 0, "FGA": 2, "FG_PCT": 0.0, "FG3M": 0, "FG3A": 0, "FG3_PCT": 0.0, "FTM": 0, "FTA": 0, "FT_PCT": 0.0, "OREB": 1, "DREB": 4, "REB": 5, "AST": 1, "STL": 0, "BLK": 0, "TOV": 1, "PF": 1, "PTS": 0, "PLUS_MINUS": -7, "VIDEO_AVAILABLE": 1}, {"SEASON_ID": "22018", "Player_ID": 1627767, "Game_ID": "0021800956", "GAME_DATE": "MAR 04, 2019", "MATCHUP": "NOP @ UTA", "WL": "W", "MIN": 17, "FGM": 2, "FGA": 3, "FG_PCT": 0.667, "FG3M": 0, "FG3A": 0, "FG3_PCT": 0.0, "FTM": 1, "FTA": 2, "FT_PCT": 0.5, "OREB": 0, "DREB": 5, "REB": 5, "AST": 0, "STL": 0, "BLK": 0, "TOV": 2, "PF": 4, "PTS": 5, "PLUS_MINUS": -15, "VIDEO_AVAILABLE": 1}, {"SEASON_ID": "22018", "Player_ID": 1627767, "Game_ID": "0021800941", "GAME_DATE": "MAR 02, 2019", "MATCHUP": "NOP @ DEN", "WL": "W", "MIN": 22, "FGM": 6, "FGA": 9, "FG_PCT": 0.667, "FG3M": 0, "FG3A": 0, "FG3_PCT": 0.0, "FTM": 0, "FTA": 0, "FT_PCT": 0.0, "OREB": 1, "DREB": 9, "REB": 10, "AST": 1, "STL": 2, "BLK": 1, "TOV": 3, "PF": 5, "PTS": 12, "PLUS_MINUS": 13, "VIDEO_AVAILABLE": 1}, {"SEASON_ID": "22018", "Player_ID": 1627767, "Game_ID": "0021800932", "GAME_DATE": "MAR 01, 2019", "MATCHUP": "NOP @ PHX", "WL": "W", "MIN": 21, "FGM": 7, "FGA": 9, "FG_PCT": 0.778, "FG3M": 0, "FG3A": 0, "FG3_PCT": 0.0, "FTM": 1, "FTA": 2, "FT_PCT": 0.5, "OREB": 2, "DREB": 9, "REB": 11, "AST": 1, "STL": 2, "BLK": 0, "TOV": 0, "PF": 1, "PTS": 15, "PLUS_MINUS": 12, "VIDEO_AVAILABLE": 1}, {"SEASON_ID": "22018", "Player_ID": 1627767, "Game_ID": "0021800921", "GAME_DATE": "FEB 27, 2019", "MATCHUP": "NOP @ LAL", "WL": "L", "MIN": 15, "FGM": 3, "FGA": 6, "FG_PCT": 0.5, "FG3M": 0, "FG3A": 0, "FG3_PCT": 0.0, "FTM": 1, "FTA": 1, "FT_PCT": 1.0, "OREB": 1, "DREB": 2, "REB": 3, "AST": 0, "STL": 1, "BLK": 0, "TOV": 0, "PF": 2, "PTS": 7, "PLUS_MINUS": -3, "VIDEO_AVAILABLE": 1}, {"SEASON_ID": "22018", "Player_ID": 1627767, "Game_ID": "0021800906", "GAME_DATE": "FEB 25, 2019", "MATCHUP": "NOP vs. PHI", "WL": "L", "MIN": 17, "FGM": 4, "FGA": 4, "FG_PCT": 1.0, "FG3M": 0, "FG3A": 0, "FG3_PCT": 0.0, "FTM": 0, "FTA": 0, "FT_PCT": 0.0, "OREB": 0, "DREB": 5, "REB": 5, "AST": 0, "STL": 2, "BLK": 1, "TOV": 1, "PF": 4, "PTS": 8, "PLUS_MINUS": 9, "VIDEO_AVAILABLE": 1}, {"SEASON_ID": "22018", "Player_ID": 1627767, "Game_ID": "0021800887", "GAME_DATE": "FEB 23, 2019", "MATCHUP": "NOP vs. LAL", "WL": "W", "MIN": 19, "FGM": 8, "FGA": 8, "FG_PCT": 1.0, "FG3M": 0, "FG3A": 0, "FG3_PCT": 0.0, "FTM": 2, "FTA": 2, "FT_PCT": 1.0, "OREB": 2, "DREB": 8, "REB": 10, "AST": 0, "STL": 1, "BLK": 2, "TOV": 3, "PF": 2, "PTS": 18, "PLUS_MINUS": 15, "VIDEO_AVAILABLE": 1}, {"SEASON_ID": "22018", "Player_ID": 1627767, "Game_ID": "0021800874", "GAME_DATE": "FEB 22, 2019", "MATCHUP": "NOP @ IND", "WL": "L", "MIN": 26, "FGM": 5, "FGA": 7, "FG_PCT": 0.714, "FG3M": 0, "FG3A": 0, "FG3_PCT": 0.0, "FTM": 6, "FTA": 7, "FT_PCT": 0.857, "OREB": 4, "DREB": 14, "REB": 18, "AST": 1, "STL": 0, "BLK": 1, "TOV": 0, "PF": 3, "PTS": 16, "PLUS_MINUS": -1, "VIDEO_AVAILABLE": 1}, {"SEASON_ID": "22018", "Player_ID": 1627767, "Game_ID": "0021800866", "GAME_DATE": "FEB 14, 2019", "MATCHUP": "NOP vs. OKC", "WL": "W", "MIN": 18, "FGM": 3, "FGA": 4, "FG_PCT": 0.75, "FG3M": 0, "FG3A": 0, "FG3_PCT": 0.0, "FTM": 0, "FTA": 0, "FT_PCT": 0.0, "OREB": 2, "DREB": 4, "REB": 6, "AST": 1, "STL": 0, "BLK": 1, "TOV": 1, "PF": 0, "PTS": 6, "PLUS_MINUS": -10, "VIDEO_AVAILABLE": 1}, {"SEASON_ID": "22018", "Player_ID": 1627767, "Game_ID": "0021800851", "GAME_DATE": "FEB 12, 2019", "MATCHUP": "NOP vs. ORL", "WL": "L", "MIN": 13, "FGM": 0, "FGA": 2, "FG_PCT": 0.0, "FG3M": 0, "FG3A": 0, "FG3_PCT": 0.0, "FTM": 0, "FTA": 0, "FT_PCT": 0.0, "OREB": 1, "DREB": 0, "REB": 1, "AST": 0, "STL": 0, "BLK": 0, "TOV": 1, "PF": 2, "PTS": 0, "PLUS_MINUS": -13, "VIDEO_AVAILABLE": 1}, {"SEASON_ID": "22018", "Player_ID": 1627767, "Game_ID": "0021800831", "GAME_DATE": "FEB 09, 2019", "MATCHUP": "NOP @ MEM", "WL": "L", "MIN": 13, "FGM": 2, "FGA": 2, "FG_PCT": 1.0, "FG3M": 0, "FG3A": 0, "FG3_PCT": 0.0, "FTM": 0, "FTA": 1, "FT_PCT": 0.0, "OREB": 1, "DREB": 2, "REB": 3, "AST": 0, "STL": 0, "BLK": 1, "TOV": 1, "PF": 2, "PTS": 4, "PLUS_MINUS": -11, "VIDEO_AVAILABLE": 1}, {"SEASON_ID": "22018", "Player_ID": 1627767, "Game_ID": "0021800823", "GAME_DATE": "FEB 08, 2019", "MATCHUP": "NOP vs. MIN", "WL": "W", "MIN": 9, "FGM": 1, "FGA": 2, "FG_PCT": 0.5, "FG3M": 0, "FG3A": 0, "FG3_PCT": 0.0, "FTM": 0, "FTA": 0, "FT_PCT": 0.0, "OREB": 2, "DREB": 0, "REB": 2, "AST": 0, "STL": 0, "BLK": 1, "TOV": 0, "PF": 1, "PTS": 2, "PLUS_MINUS": -4, "VIDEO_AVAILABLE": 1}, {"SEASON_ID": "22018", "Player_ID": 1627767, "Game_ID": "0021800805", "GAME_DATE": "FEB 06, 2019", "MATCHUP": "NOP @ CHI", "WL": "W", "MIN": 23, "FGM": 7, "FGA": 8, "FG_PCT": 0.875, "FG3M": 0, "FG3A": 0, "FG3_PCT": 0.0, "FTM": 4, "FTA": 5, "FT_PCT": 0.8, "OREB": 2, "DREB": 7, "REB": 9, "AST": 0, "STL": 0, "BLK": 1, "TOV": 0, "PF": 3, "PTS": 18, "PLUS_MINUS": 18, "VIDEO_AVAILABLE": 1}, {"SEASON_ID": "22018", "Player_ID": 1627767, "Game_ID": "0021800793", "GAME_DATE": "FEB 04, 2019", "MATCHUP": "NOP vs. IND", "WL": "L", "MIN": 22, "FGM": 5, "FGA": 8, "FG_PCT": 0.625, "FG3M": 0, "FG3A": 0, "FG3_PCT": 0.0, "FTM": 2, "FTA": 3, "FT_PCT": 0.667, "OREB": 3, "DREB": 10, "REB": 13, "AST": 0, "STL": 1, "BLK": 1, "TOV": 1, "PF": 2, "PTS": 12, "PLUS_MINUS": -11, "VIDEO_AVAILABLE": 1}, {"SEASON_ID": "22018", "Player_ID": 1627767, "Game_ID": "0021800779", "GAME_DATE": "FEB 02, 2019", "MATCHUP": "NOP @ SAS", "WL": "L", "MIN": 23, "FGM": 5, "FGA": 7, "FG_PCT": 0.714, "FG3M": 0, "FG3A": 0, "FG3_PCT": 0.0, "FTM": 3, "FTA": 3, "FT_PCT": 1.0, "OREB": 1, "DREB": 7, "REB": 8, "AST": 3, "STL": 1, "BLK": 1, "TOV": 1, "PF": 0, "PTS": 13, "PLUS_MINUS": 11, "VIDEO_AVAILABLE": 1}, {"SEASON_ID": "22018", "Player_ID": 1627767, "Game_ID": "0021800761", "GAME_DATE": "JAN 30, 2019", "MATCHUP": "NOP vs. DEN", "WL": "L", "MIN": 17, "FGM": 3, "FGA": 7, "FG_PCT": 0.429, "FG3M": 0, "FG3A": 0, "FG3_PCT": 0.0, "FTM": 0, "FTA": 2, "FT_PCT": 0.0, "OREB": 1, "DREB": 2, "REB": 3, "AST": 1, "STL": 0, "BLK": 1, "TOV": 0, "PF": 1, "PTS": 6, "PLUS_MINUS": 5, "VIDEO_AVAILABLE": 1}, {"SEASON_ID": "22018", "Player_ID": 1627767, "Game_ID": "0021800753", "GAME_DATE": "JAN 29, 2019", "MATCHUP": "NOP @ HOU", "WL": "W", "MIN": 11, "FGM": 2, "FGA": 4, "FG_PCT": 0.5, "FG3M": 0, "FG3A": 0, "FG3_PCT": 0.0, "FTM": 0, "FTA": 0, "FT_PCT": 0.0, "OREB": 1, "DREB": 3, "REB": 4, "AST": 0, "STL": 0, "BLK": 0, "TOV": 1, "PF": 3, "PTS": 4, "PLUS_MINUS": -4, "VIDEO_AVAILABLE": 1}, {"SEASON_ID": "22018", "Player_ID": 1627767, "Game_ID": "0021800730", "GAME_DATE": "JAN 26, 2019", "MATCHUP": "NOP vs. SAS", "WL": "L", "MIN": 12, "FGM": 3, "FGA": 5, "FG_PCT": 0.6, "FG3M": 0, "FG3A": 0, "FG3_PCT": 0.0, "FTM": 0, "FTA": 0, "FT_PCT": 0.0, "OREB": 0, "DREB": 1, "REB": 1, "AST": 0, "STL": 1, "BLK": 1, "TOV": 0, "PF": 2, "PTS": 6, "PLUS_MINUS": 3, "VIDEO_AVAILABLE": 1}, {"SEASON_ID": "22018", "Player_ID": 1627767, "Game_ID": "0021800717", "GAME_DATE": "JAN 24, 2019", "MATCHUP": "NOP @ OKC", "WL": "L", "MIN": 23, "FGM": 7, "FGA": 12, "FG_PCT": 0.583, "FG3M": 0, "FG3A": 1, "FG3_PCT": 0.0, "FTM": 2, "FTA": 4, "FT_PCT": 0.5, "OREB": 1, "DREB": 3, "REB": 4, "AST": 0, "STL": 1, "BLK": 1, "TOV": 1, "PF": 1, "PTS": 16, "PLUS_MINUS": 15, "VIDEO_AVAILABLE": 1}, {"SEASON_ID": "22018", "Player_ID": 1627767, "Game_ID": "0021800697", "GAME_DATE": "JAN 21, 2019", "MATCHUP": "NOP @ MEM", "WL": "W", "MIN": 1, "FGM": 0, "FGA": 0, "FG_PCT": 0.0, "FG3M": 0, "FG3A": 0, "FG3_PCT": 0.0, "FTM": 0, "FTA": 0, "FT_PCT": 0.0, "OREB": 0, "DREB": 1, "REB": 1, "AST": 0, "STL": 0, "BLK": 0, "TOV": 0, "PF": 0, "PTS": 0, "PLUS_MINUS": 3, "VIDEO_AVAILABLE": 1}, {"SEASON_ID": "22018", "Player_ID": 1627767, "Game_ID": "0021800595", "GAME_DATE": "JAN 07, 2019", "MATCHUP": "NOP vs. MEM", "WL": "W", "MIN": 3, "FGM": 0, "FGA": 0, "FG_PCT": 0.0, "FG3M": 0, "FG3A": 0, "FG3_PCT": 0.0, "FTM": 0, "FTA": 0, "FT_PCT": 0.0, "OREB": 0, "DREB": 0, "REB": 0, "AST": 0, "STL": 0, "BLK": 0, "TOV": 0, "PF": 0, "PTS": 0, "PLUS_MINUS": -3, "VIDEO_AVAILABLE": 1}, {"SEASON_ID": "22018", "Player_ID": 1627767, "Game_ID": "0021800579", "GAME_DATE": "JAN 05, 2019", "MATCHUP": "NOP @ CLE", "WL": "W", "MIN": 9, "FGM": 2, "FGA": 2, "FG_PCT": 1.0, "FG3M": 0, "FG3A": 0, "FG3_PCT": 0.0, "FTM": 1, "FTA": 2, "FT_PCT": 0.5, "OREB": 1, "DREB": 2, "REB": 3, "AST": 0, "STL": 0, "BLK": 0, "TOV": 1, "PF": 1, "PTS": 5, "PLUS_MINUS": 4, "VIDEO_AVAILABLE": 1}, {"SEASON_ID": "22018", "Player_ID": 1627767, "Game_ID": "0021800546", "GAME_DATE": "DEC 31, 2018", "MATCHUP": "NOP vs. MIN", "WL": "W", "MIN": 15, "FGM": 0, "FGA": 0, "FG_PCT": 0.0, "FG3M": 0, "FG3A": 0, "FG3_PCT": 0.0, "FTM": 1, "FTA": 2, "FT_PCT": 0.5, "OREB": 1, "DREB": 8, "REB": 9, "AST": 0, "STL": 0, "BLK": 0, "TOV": 1, "PF": 1, "PTS": 1, "PLUS_MINUS": 7, "VIDEO_AVAILABLE": 1}, {"SEASON_ID": "22018", "Player_ID": 1627767, "Game_ID": "0021800523", "GAME_DATE": "DEC 28, 2018", "MATCHUP": "NOP vs. DAL", "WL": "W", "MIN": 1, "FGM": 0, "FGA": 0, "FG_PCT": 0.0, "FG3M": 0, "FG3A": 0, "FG3_PCT": 0.0, "FTM": 0, "FTA": 0, "FT_PCT": 0.0, "OREB": 0, "DREB": 0, "REB": 0, "AST": 0, "STL": 0, "BLK": 0, "TOV": 0, "PF": 0, "PTS": 0, "PLUS_MINUS": -1, "VIDEO_AVAILABLE": 1}, {"SEASON_ID": "22018", "Player_ID": 1627767, "Game_ID": "0021800462", "GAME_DATE": "DEC 19, 2018", "MATCHUP": "NOP @ MIL", "WL": "L", "MIN": 6, "FGM": 1, "FGA": 1, "FG_PCT": 1.0, "FG3M": 0, "FG3A": 0, "FG3_PCT": 0.0, "FTM": 0, "FTA": 0, "FT_PCT": 0.0, "OREB": 0, "DREB": 1, "REB": 1, "AST": 1, "STL": 0, "BLK": 0, "TOV": 1, "PF": 0, "PTS": 2, "PLUS_MINUS": -8, "VIDEO_AVAILABLE": 1}, {"SEASON_ID": "22018", "Player_ID": 1627767, "Game_ID": "0021800441", "GAME_DATE": "DEC 16, 2018", "MATCHUP": "NOP vs. MIA", "WL": "L", "MIN": 7, "FGM": 0, "FGA": 0, "FG_PCT": 0.0, "FG3M": 0, "FG3A": 0, "FG3_PCT": 0.0, "FTM": 0, "FTA": 0, "FT_PCT": 0.0, "OREB": 0, "DREB": 0, "REB": 0, "AST": 0, "STL": 2, "BLK": 0, "TOV": 3, "PF": 0, "PTS": 0, "PLUS_MINUS": -8, "VIDEO_AVAILABLE": 1}, {"SEASON_ID": "22018", "Player_ID": 1627767, "Game_ID": "0021800411", "GAME_DATE": "DEC 12, 2018", "MATCHUP": "NOP vs. OKC", "WL": "W", "MIN": 15, "FGM": 0, "FGA": 1, "FG_PCT": 0.0, "FG3M": 0, "FG3A": 0, "FG3_PCT": 0.0, "FTM": 0, "FTA": 0, "FT_PCT": 0.0, "OREB": 2, "DREB": 1, "REB": 3, "AST": 0, "STL": 2, "BLK": 0, "TOV": 2, "PF": 5, "PTS": 0, "PLUS_MINUS": -9, "VIDEO_AVAILABLE": 1}, {"SEASON_ID": "22018", "Player_ID": 1627767, "Game_ID": "0021800393", "GAME_DATE": "DEC 10, 2018", "MATCHUP": "NOP @ BOS", "WL": "L", "MIN": 19, "FGM": 3, "FGA": 3, "FG_PCT": 1.0, "FG3M": 0, "FG3A": 0, "FG3_PCT": 0.0, "FTM": 0, "FTA": 0, "FT_PCT": 0.0, "OREB": 0, "DREB": 7, "REB": 7, "AST": 0, "STL": 0, "BLK": 1, "TOV": 0, "PF": 3, "PTS": 6, "PLUS_MINUS": 1, "VIDEO_AVAILABLE": 1}, {"SEASON_ID": "22018", "Player_ID": 1627767, "Game_ID": "0021800387", "GAME_DATE": "DEC 09, 2018", "MATCHUP": "NOP @ DET", "WL": "W", "MIN": 10, "FGM": 2, "FGA": 2, "FG_PCT": 1.0, "FG3M": 0, "FG3A": 0, "FG3_PCT": 0.0, "FTM": 0, "FTA": 0, "FT_PCT": 0.0, "OREB": 1, "DREB": 6, "REB": 7, "AST": 1, "STL": 0, "BLK": 0, "TOV": 2, "PF": 3, "PTS": 4, "PLUS_MINUS": -2, "VIDEO_AVAILABLE": 1}, {"SEASON_ID": "22018", "Player_ID": 1627767, "Game_ID": "0021800374", "GAME_DATE": "DEC 07, 2018", "MATCHUP": "NOP vs. MEM", "WL": "L", "MIN": 5, "FGM": 0, "FGA": 1, "FG_PCT": 0.0, "FG3M": 0, "FG3A": 0, "FG3_PCT": 0.0, "FTM": 0, "FTA": 0, "FT_PCT": 0.0, "OREB": 0, "DREB": 1, "REB": 1, "AST": 0, "STL": 0, "BLK": 0, "TOV": 1, "PF": 1, "PTS": 0, "PLUS_MINUS": -2, "VIDEO_AVAILABLE": 1}, {"SEASON_ID": "22018", "Player_ID": 1627767, "Game_ID": "0021800363", "GAME_DATE": "DEC 05, 2018", "MATCHUP": "NOP vs. DAL", "WL": "W", "MIN": 23, "FGM": 5, "FGA": 6, "FG_PCT": 0.833, "FG3M": 0, "FG3A": 0, "FG3_PCT": 0.0, "FTM": 0, "FTA": 0, "FT_PCT": 0.0, "OREB": 3, "DREB": 7, "REB": 10, "AST": 1, "STL": 3, "BLK": 0, "TOV": 1, "PF": 1, "PTS": 10, "PLUS_MINUS": 17, "VIDEO_AVAILABLE": 1}, {"SEASON_ID": "22018", "Player_ID": 1627767, "Game_ID": "0021800338", "GAME_DATE": "DEC 02, 2018", "MATCHUP": "NOP @ CHA", "WL": "W", "MIN": 2, "FGM": 0, "FGA": 2, "FG_PCT": 0.0, "FG3M": 0, "FG3A": 0, "FG3_PCT": 0.0, "FTM": 0, "FTA": 0, "FT_PCT": 0.0, "OREB": 0, "DREB": 0, "REB": 0, "AST": 0, "STL": 0, "BLK": 1, "TOV": 0, "PF": 2, "PTS": 0, "PLUS_MINUS": -8, "VIDEO_AVAILABLE": 1}, {"SEASON_ID": "22018", "Player_ID": 1627767, "Game_ID": "0021800324", "GAME_DATE": "NOV 30, 2018", "MATCHUP": "NOP @ MIA", "WL": "L", "MIN": 6, "FGM": 0, "FGA": 1, "FG_PCT": 0.0, "FG3M": 0, "FG3A": 0, "FG3_PCT": 0.0, "FTM": 0, "FTA": 0, "FT_PCT": 0.0, "OREB": 0, "DREB": 0, "REB": 0, "AST": 0, "STL": 0, "BLK": 0, "TOV": 0, "PF": 1, "PTS": 0, "PLUS_MINUS": 8, "VIDEO_AVAILABLE": 1}, {"SEASON_ID": "22018", "Player_ID": 1627767, "Game_ID": "0021800312", "GAME_DATE": "NOV 28, 2018", "MATCHUP": "NOP vs. WAS", "WL": "W", "MIN": 6, "FGM": 2, "FGA": 3, "FG_PCT": 0.667, "FG3M": 0, "FG3A": 1, "FG3_PCT": 0.0, "FTM": 2, "FTA": 2, "FT_PCT": 1.0, "OREB": 1, "DREB": 4, "REB": 5, "AST": 0, "STL": 0, "BLK": 0, "TOV": 1, "PF": 1, "PTS": 6, "PLUS_MINUS": -6, "VIDEO_AVAILABLE": 1}, {"SEASON_ID": "22018", "Player_ID": 1627767, "Game_ID": "0021800298", "GAME_DATE": "NOV 26, 2018", "MATCHUP": "NOP vs. BOS", "WL": "L", "MIN": 2, "FGM": 0, "FGA": 0, "FG_PCT": 0.0, "FG3M": 0, "FG3A": 0, "FG3_PCT": 0.0, "FTM": 0, "FTA": 0, "FT_PCT": 0.0, "OREB": 0, "DREB": 0, "REB": 0, "AST": 0, "STL": 0, "BLK": 0, "TOV": 0, "PF": 0, "PTS": 0, "PLUS_MINUS": -2, "VIDEO_AVAILABLE": 1}, {"SEASON_ID": "22018", "Player_ID": 1627767, "Game_ID": "0021800280", "GAME_DATE": "NOV 24, 2018", "MATCHUP": "NOP @ WAS", "WL": "L", "MIN": 17, "FGM": 3, "FGA": 6, "FG_PCT": 0.5, "FG3M": 0, "FG3A": 0, "FG3_PCT": 0.0, "FTM": 0, "FTA": 0, "FT_PCT": 0.0, "OREB": 0, "DREB": 2, "REB": 2, "AST": 1, "STL": 0, "BLK": 2, "TOV": 0, "PF": 0, "PTS": 6, "PLUS_MINUS": -7, "VIDEO_AVAILABLE": 1}, {"SEASON_ID": "22018", "Player_ID": 1627767, "Game_ID": "0021800269", "GAME_DATE": "NOV 23, 2018", "MATCHUP": "NOP @ NYK", "WL": "L", "MIN": 5, "FGM": 1, "FGA": 3, "FG_PCT": 0.333, "FG3M": 0, "FG3A": 0, "FG3_PCT": 0.0, "FTM": 0, "FTA": 0, "FT_PCT": 0.0, "OREB": 2, "DREB": 2, "REB": 4, "AST": 0, "STL": 0, "BLK": 3, "TOV": 0, "PF": 3, "PTS": 2, "PLUS_MINUS": 1, "VIDEO_AVAILABLE": 1}, {"SEASON_ID": "22018", "Player_ID": 1627767, "Game_ID": "0021800246", "GAME_DATE": "NOV 19, 2018", "MATCHUP": "NOP vs. SAS", "WL": "W", "MIN": 9, "FGM": 1, "FGA": 1, "FG_PCT": 1.0, "FG3M": 0, "FG3A": 0, "FG3_PCT": 0.0, "FTM": 0, "FTA": 0, "FT_PCT": 0.0, "OREB": 1, "DREB": 1, "REB": 2, "AST": 0, "STL": 1, "BLK": 0, "TOV": 0, "PF": 0, "PTS": 2, "PLUS_MINUS": -1, "VIDEO_AVAILABLE": 1}, {"SEASON_ID": "22018", "Player_ID": 1627767, "Game_ID": "0021800208", "GAME_DATE": "NOV 14, 2018", "MATCHUP": "NOP @ MIN", "WL": "L", "MIN": 7, "FGM": 1, "FGA": 2, "FG_PCT": 0.5, "FG3M": 0, "FG3A": 0, "FG3_PCT": 0.0, "FTM": 0, "FTA": 0, "FT_PCT": 0.0, "OREB": 2, "DREB": 2, "REB": 4, "AST": 0, "STL": 0, "BLK": 0, "TOV": 0, "PF": 2, "PTS": 2, "PLUS_MINUS": -13, "VIDEO_AVAILABLE": 1}, {"SEASON_ID": "22018", "Player_ID": 1627767, "Game_ID": "0021800192", "GAME_DATE": "NOV 12, 2018", "MATCHUP": "NOP @ TOR", "WL": "W", "MIN": 19, "FGM": 4, "FGA": 8, "FG_PCT": 0.5, "FG3M": 0, "FG3A": 0, "FG3_PCT": 0.0, "FTM": 0, "FTA": 0, "FT_PCT": 0.0, "OREB": 2, "DREB": 4, "REB": 6, "AST": 0, "STL": 0, "BLK": 1, "TOV": 1, "PF": 3, "PTS": 8, "PLUS_MINUS": 2, "VIDEO_AVAILABLE": 1}, {"SEASON_ID": "22018", "Player_ID": 1627767, "Game_ID": "0021800176", "GAME_DATE": "NOV 10, 2018", "MATCHUP": "NOP vs. PHX", "WL": "W", "MIN": 18, "FGM": 2, "FGA": 4, "FG_PCT": 0.5, "FG3M": 0, "FG3A": 0, "FG3_PCT": 0.0, "FTM": 3, "FTA": 4, "FT_PCT": 0.75, "OREB": 2, "DREB": 8, "REB": 10, "AST": 1, "STL": 0, "BLK": 1, "TOV": 1, "PF": 1, "PTS": 7, "PLUS_MINUS": -6, "VIDEO_AVAILABLE": 1}, {"SEASON_ID": "22018", "Player_ID": 1627767, "Game_ID": "0021800159", "GAME_DATE": "NOV 07, 2018", "MATCHUP": "NOP vs. CHI", "WL": "W", "MIN": 6, "FGM": 1, "FGA": 1, "FG_PCT": 1.0, "FG3M": 0, "FG3A": 0, "FG3_PCT": 0.0, "FTM": 2, "FTA": 2, "FT_PCT": 1.0, "OREB": 0, "DREB": 3, "REB": 3, "AST": 0, "STL": 0, "BLK": 1, "TOV": 0, "PF": 2, "PTS": 4, "PLUS_MINUS": 4, "VIDEO_AVAILABLE": 1}, {"SEASON_ID": "22018", "Player_ID": 1627767, "Game_ID": "0021800144", "GAME_DATE": "NOV 05, 2018", "MATCHUP": "NOP @ OKC", "WL": "L", "MIN": 10, "FGM": 1, "FGA": 1, "FG_PCT": 1.0, "FG3M": 0, "FG3A": 0, "FG3_PCT": 0.0, "FTM": 2, "FTA": 2, "FT_PCT": 1.0, "OREB": 1, "DREB": 3, "REB": 4, "AST": 0, "STL": 2, "BLK": 1, "TOV": 0, "PF": 1, "PTS": 4, "PLUS_MINUS": 12, "VIDEO_AVAILABLE": 1}, {"SEASON_ID": "22018", "Player_ID": 1627767, "Game_ID": "0021800130", "GAME_DATE": "NOV 03, 2018", "MATCHUP": "NOP @ SAS", "WL": "L", "MIN": 2, "FGM": 0, "FGA": 0, "FG_PCT": 0.0, "FG3M": 0, "FG3A": 0, "FG3_PCT": 0.0, "FTM": 0, "FTA": 0, "FT_PCT": 0.0, "OREB": 0, "DREB": 0, "REB": 0, "AST": 0, "STL": 0, "BLK": 0, "TOV": 0, "PF": 0, "PTS": 0, "PLUS_MINUS": -3, "VIDEO_AVAILABLE": 1}, {"SEASON_ID": "22018", "Player_ID": 1627767, "Game_ID": "0021800116", "GAME_DATE": "NOV 01, 2018", "MATCHUP": "NOP @ POR", "WL": "L", "MIN": 20, "FGM": 1, "FGA": 5, "FG_PCT": 0.2, "FG3M": 0, "FG3A": 0, "FG3_PCT": 0.0, "FTM": 3, "FTA": 4, "FT_PCT": 0.75, "OREB": 3, "DREB": 5, "REB": 8, "AST": 1, "STL": 0, "BLK": 1, "TOV": 0, "PF": 1, "PTS": 5, "PLUS_MINUS": 4, "VIDEO_AVAILABLE": 1}, {"SEASON_ID": "22018", "Player_ID": 1627767, "Game_ID": "0021800095", "GAME_DATE": "OCT 29, 2018", "MATCHUP": "NOP @ DEN", "WL": "L", "MIN": 14, "FGM": 3, "FGA": 4, "FG_PCT": 0.75, "FG3M": 0, "FG3A": 0, "FG3_PCT": 0.0, "FTM": 2, "FTA": 2, "FT_PCT": 1.0, "OREB": 2, "DREB": 3, "REB": 5, "AST": 2, "STL": 1, "BLK": 1, "TOV": 2, "PF": 3, "PTS": 8, "PLUS_MINUS": 4, "VIDEO_AVAILABLE": 1}, {"SEASON_ID": "22018", "Player_ID": 1627767, "Game_ID": "0021800075", "GAME_DATE": "OCT 27, 2018", "MATCHUP": "NOP vs. UTA", "WL": "L", "MIN": 11, "FGM": 4, "FGA": 8, "FG_PCT": 0.5, "FG3M": 0, "FG3A": 0, "FG3_PCT": 0.0, "FTM": 2, "FTA": 4, "FT_PCT": 0.5, "OREB": 1, "DREB": 3, "REB": 4, "AST": 1, "STL": 0, "BLK": 0, "TOV": 1, "PF": 1, "PTS": 10, "PLUS_MINUS": 0, "VIDEO_AVAILABLE": 1}, {"SEASON_ID": "22018", "Player_ID": 1627767, "Game_ID": "0021800022", "GAME_DATE": "OCT 19, 2018", "MATCHUP": "NOP vs. SAC", "WL": "W", "MIN": 4, "FGM": 2, "FGA": 2, "FG_PCT": 1.0, "FG3M": 0, "FG3A": 0, "FG3_PCT": 0.0, "FTM": 0, "FTA": 0, "FT_PCT": 0.0, "OREB": 0, "DREB": 2, "REB": 2, "AST": 0, "STL": 0, "BLK": 0, "TOV": 1, "PF": 0, "PTS": 4, "PLUS_MINUS": -4, "VIDEO_AVAILABLE": 1}, {"SEASON_ID": "22018", "Player_ID": 1627767, "Game_ID": "0021800009", "GAME_DATE": "OCT 17, 2018", "MATCHUP": "NOP @ HOU", "WL": "W", "MIN": 2, "FGM": 0, "FGA": 0, "FG_PCT": 0.0, "FG3M": 0, "FG3A": 0, "FG3_PCT": 0.0, "FTM": 0, "FTA": 0, "FT_PCT": 0.0, "OREB": 0, "DREB": 2, "REB": 2, "AST": 0, "STL": 0, "BLK": 0, "TOV": 0, "PF": 0, "PTS": 0, "PLUS_MINUS": -2, "VIDEO_AVAILABLE": 1}, {"SEASON_ID": "22017", "Player_ID": 1627767, "Game_ID": "0021701226", "GAME_DATE": "APR 11, 2018", "MATCHUP": "NOP vs. SAS", "WL": "W", "MIN": 4, "FGM": 1, "FGA": 1, "FG_PCT": 1.0, "FG3M": 0, "FG3A": 0, "FG3_PCT": 0.0, "FTM": 0, "FTA": 0, "FT_PCT": 0.0, "OREB": 0, "DREB": 1, "REB": 1, "AST": 0, "STL": 0, "BLK": 0, "TOV": 0, "PF": 0, "PTS": 2, "PLUS_MINUS": 2, "VIDEO_AVAILABLE": 1}, {"SEASON_ID": "22017", "Player_ID": 1627767, "Game_ID": "0021701212", "GAME_DATE": "APR 09, 2018", "MATCHUP": "NOP @ LAC", "WL": "W", "MIN": 11, "FGM": 3, "FGA": 6, "FG_PCT": 0.5, "FG3M": 0, "FG3A": 0, "FG3_PCT": 0.0, "FTM": 0, "FTA": 1, "FT_PCT": 0.0, "OREB": 3, "DREB": 2, "REB": 5, "AST": 1, "STL": 1, "BLK": 0, "TOV": 0, "PF": 4, "PTS": 6, "PLUS_MINUS": -12, "VIDEO_AVAILABLE": 1}, {"SEASON_ID": "22017", "Player_ID": 1627767, "Game_ID": "0021701195", "GAME_DATE": "APR 07, 2018", "MATCHUP": "NOP @ GSW", "WL": "W", "MIN": 11, "FGM": 1, "FGA": 1, "FG_PCT": 1.0, "FG3M": 0, "FG3A": 0, "FG3_PCT": 0.0, "FTM": 2, "FTA": 4, "FT_PCT": 0.5, "OREB": 0, "DREB": 3, "REB": 3, "AST": 0, "STL": 0, "BLK": 1, "TOV": 1, "PF": 1, "PTS": 4, "PLUS_MINUS": 7, "VIDEO_AVAILABLE": 1}, {"SEASON_ID": "22017", "Player_ID": 1627767, "Game_ID": "0021701189", "GAME_DATE": "APR 06, 2018", "MATCHUP": "NOP @ PHX", "WL": "W", "MIN": 17, "FGM": 1, "FGA": 1, "FG_PCT": 1.0, "FG3M": 0, "FG3A": 0, "FG3_PCT": 0.0, "FTM": 0, "FTA": 0, "FT_PCT": 0.0, "OREB": 2, "DREB": 6, "REB": 8, "AST": 0, "STL": 0, "BLK": 1, "TOV": 3, "PF": 4, "PTS": 2, "PLUS_MINUS": -10, "VIDEO_AVAILABLE": 1}, {"SEASON_ID": "22017", "Player_ID": 1627767, "Game_ID": "0021701173", "GAME_DATE": "APR 04, 2018", "MATCHUP": "NOP vs. MEM", "WL": "W", "MIN": 23, "FGM": 4, "FGA": 6, "FG_PCT": 0.667, "FG3M": 0, "FG3A": 0, "FG3_PCT": 0.0, "FTM": 0, "FTA": 0, "FT_PCT": 0.0, "OREB": 2, "DREB": 3, "REB": 5, "AST": 2, "STL": 0, "BLK": 0, "TOV": 2, "PF": 3, "PTS": 8, "PLUS_MINUS": -8, "VIDEO_AVAILABLE": 1}, {"SEASON_ID": "22017", "Player_ID": 1627767, "Game_ID": "0021701150", "GAME_DATE": "APR 01, 2018", "MATCHUP": "NOP vs. OKC", "WL": "L", "MIN": 7, "FGM": 1, "FGA": 3, "FG_PCT": 0.333, "FG3M": 0, "FG3A": 0, "FG3_PCT": 0.0, "FTM": 2, "FTA": 3, "FT_PCT": 0.667, "OREB": 1, "DREB": 1, "REB": 2, "AST": 0, "STL": 0, "BLK": 0, "TOV": 0, "PF": 2, "PTS": 4, "PLUS_MINUS": 4, "VIDEO_AVAILABLE": 1}, {"SEASON_ID": "22017", "Player_ID": 1627767, "Game_ID": "0021701131", "GAME_DATE": "MAR 30, 2018", "MATCHUP": "NOP @ CLE", "WL": "L", "MIN": 11, "FGM": 2, "FGA": 2, "FG_PCT": 1.0, "FG3M": 0, "FG3A": 0, "FG3_PCT": 0.0, "FTM": 0, "FTA": 0, "FT_PCT": 0.0, "OREB": 2, "DREB": 3, "REB": 5, "AST": 1, "STL": 0, "BLK": 0, "TOV": 0, "PF": 2, "PTS": 4, "PLUS_MINUS": 15, "VIDEO_AVAILABLE": 1}, {"SEASON_ID": "22017", "Player_ID": 1627767, "Game_ID": "0021701112", "GAME_DATE": "MAR 27, 2018", "MATCHUP": "NOP vs. POR", "WL": "L", "MIN": 15, "FGM": 2, "FGA": 4, "FG_PCT": 0.5, "FG3M": 0, "FG3A": 0, "FG3_PCT": 0.0, "FTM": 1, "FTA": 1, "FT_PCT": 1.0, "OREB": 0, "DREB": 7, "REB": 7, "AST": 0, "STL": 0, "BLK": 1, "TOV": 0, "PF": 2, "PTS": 5, "PLUS_MINUS": -13, "VIDEO_AVAILABLE": 1}, {"SEASON_ID": "22017", "Player_ID": 1627767, "Game_ID": "0021701091", "GAME_DATE": "MAR 24, 2018", "MATCHUP": "NOP @ HOU", "WL": "L", "MIN": 25, "FGM": 5, "FGA": 6, "FG_PCT": 0.833, "FG3M": 0, "FG3A": 0, "FG3_PCT": 0.0, "FTM": 5, "FTA": 6, "FT_PCT": 0.833, "OREB": 2, "DREB": 7, "REB": 9, "AST": 2, "STL": 1, "BLK": 1, "TOV": 0, "PF": 2, "PTS": 15, "PLUS_MINUS": -16, "VIDEO_AVAILABLE": 1}, {"SEASON_ID": "22017", "Player_ID": 1627767, "Game_ID": "0021701075", "GAME_DATE": "MAR 22, 2018", "MATCHUP": "NOP vs. LAL", "WL": "W", "MIN": 19, "FGM": 0, "FGA": 2, "FG_PCT": 0.0, "FG3M": 0, "FG3A": 0, "FG3_PCT": 0.0, "FTM": 2, "FTA": 2, "FT_PCT": 1.0, "OREB": 2, "DREB": 6, "REB": 8, "AST": 0, "STL": 0, "BLK": 0, "TOV": 1, "PF": 2, "PTS": 2, "PLUS_MINUS": 13, "VIDEO_AVAILABLE": 1}, {"SEASON_ID": "22017", "Player_ID": 1627767, "Game_ID": "0021700809", "GAME_DATE": "MAR 21, 2018", "MATCHUP": "NOP vs. IND", "WL": "W", "MIN": 20, "FGM": 2, "FGA": 3, "FG_PCT": 0.667, "FG3M": 0, "FG3A": 0, "FG3_PCT": 0.0, "FTM": 5, "FTA": 5, "FT_PCT": 1.0, "OREB": 4, "DREB": 6, "REB": 10, "AST": 0, "STL": 0, "BLK": 1, "TOV": 2, "PF": 4, "PTS": 9, "PLUS_MINUS": 4, "VIDEO_AVAILABLE": 1}, {"SEASON_ID": "22017", "Player_ID": 1627767, "Game_ID": "0021701061", "GAME_DATE": "MAR 20, 2018", "MATCHUP": "NOP vs. DAL", "WL": "W", "MIN": 24, "FGM": 4, "FGA": 8, "FG_PCT": 0.5, "FG3M": 0, "FG3A": 0, "FG3_PCT": 0.0, "FTM": 2, "FTA": 2, "FT_PCT": 1.0, "OREB": 5, "DREB": 9, "REB": 14, "AST": 0, "STL": 0, "BLK": 0, "TOV": 1, "PF": 3, "PTS": 10, "PLUS_MINUS": 6, "VIDEO_AVAILABLE": 1}, {"SEASON_ID": "22017", "Player_ID": 1627767, "Game_ID": "0021701047", "GAME_DATE": "MAR 18, 2018", "MATCHUP": "NOP vs. BOS", "WL": "W", "MIN": 24, "FGM": 7, "FGA": 9, "FG_PCT": 0.778, "FG3M": 0, "FG3A": 0, "FG3_PCT": 0.0, "FTM": 3, "FTA": 4, "FT_PCT": 0.75, "OREB": 1, "DREB": 5, "REB": 6, "AST": 1, "STL": 0, "BLK": 0, "TOV": 1, "PF": 2, "PTS": 17, "PLUS_MINUS": 14, "VIDEO_AVAILABLE": 1}, {"SEASON_ID": "22017", "Player_ID": 1627767, "Game_ID": "0021701036", "GAME_DATE": "MAR 17, 2018", "MATCHUP": "NOP vs. HOU", "WL": "L", "MIN": 12, "FGM": 2, "FGA": 4, "FG_PCT": 0.5, "FG3M": 0, "FG3A": 0, "FG3_PCT": 0.0, "FTM": 2, "FTA": 2, "FT_PCT": 1.0, "OREB": 0, "DREB": 4, "REB": 4, "AST": 0, "STL": 0, "BLK": 2, "TOV": 0, "PF": 1, "PTS": 6, "PLUS_MINUS": 6, "VIDEO_AVAILABLE": 1}, {"SEASON_ID": "22017", "Player_ID": 1627767, "Game_ID": "0021700995", "GAME_DATE": "MAR 11, 2018", "MATCHUP": "NOP vs. UTA", "WL": "L", "MIN": 6, "FGM": 1, "FGA": 1, "FG_PCT": 1.0, "FG3M": 0, "FG3A": 0, "FG3_PCT": 0.0, "FTM": 0, "FTA": 0, "FT_PCT": 0.0, "OREB": 0, "DREB": 1, "REB": 1, "AST": 0, "STL": 0, "BLK": 1, "TOV": 1, "PF": 2, "PTS": 2, "PLUS_MINUS": -6, "VIDEO_AVAILABLE": 1}, {"SEASON_ID": "22017", "Player_ID": 1627767, "Game_ID": "0021700982", "GAME_DATE": "MAR 09, 2018", "MATCHUP": "NOP vs. WAS", "WL": "L", "MIN": 22, "FGM": 7, "FGA": 10, "FG_PCT": 0.7, "FG3M": 0, "FG3A": 0, "FG3_PCT": 0.0, "FTM": 0, "FTA": 1, "FT_PCT": 0.0, "OREB": 1, "DREB": 8, "REB": 9, "AST": 2, "STL": 0, "BLK": 3, "TOV": 1, "PF": 4, "PTS": 14, "PLUS_MINUS": 2, "VIDEO_AVAILABLE": 1}, {"SEASON_ID": "22017", "Player_ID": 1627767, "Game_ID": "0021700969", "GAME_DATE": "MAR 07, 2018", "MATCHUP": "NOP @ SAC", "WL": "W", "MIN": 12, "FGM": 2, "FGA": 5, "FG_PCT": 0.4, "FG3M": 0, "FG3A": 0, "FG3_PCT": 0.0, "FTM": 2, "FTA": 2, "FT_PCT": 1.0, "OREB": 0, "DREB": 2, "REB": 2, "AST": 0, "STL": 0, "BLK": 0, "TOV": 2, "PF": 3, "PTS": 6, "PLUS_MINUS": -4, "VIDEO_AVAILABLE": 1}, {"SEASON_ID": "22017", "Player_ID": 1627767, "Game_ID": "0021700964", "GAME_DATE": "MAR 06, 2018", "MATCHUP": "NOP @ LAC", "WL": "W", "MIN": 5, "FGM": 1, "FGA": 2, "FG_PCT": 0.5, "FG3M": 0, "FG3A": 0, "FG3_PCT": 0.0, "FTM": 0, "FTA": 0, "FT_PCT": 0.0, "OREB": 0, "DREB": 2, "REB": 2, "AST": 0, "STL": 1, "BLK": 0, "TOV": 0, "PF": 1, "PTS": 2, "PLUS_MINUS": -5, "VIDEO_AVAILABLE": 1}, {"SEASON_ID": "22017", "Player_ID": 1627767, "Game_ID": "0021700946", "GAME_DATE": "MAR 04, 2018", "MATCHUP": "NOP @ DAL", "WL": "W", "MIN": 23, "FGM": 6, "FGA": 9, "FG_PCT": 0.667, "FG3M": 0, "FG3A": 0, "FG3_PCT": 0.0, "FTM": 1, "FTA": 3, "FT_PCT": 0.333, "OREB": 3, "DREB": 12, "REB": 15, "AST": 1, "STL": 3, "BLK": 0, "TOV": 2, "PF": 2, "PTS": 13, "PLUS_MINUS": 4, "VIDEO_AVAILABLE": 1}, {"SEASON_ID": "22017", "Player_ID": 1627767, "Game_ID": "0021700920", "GAME_DATE": "FEB 28, 2018", "MATCHUP": "NOP @ SAS", "WL": "W", "MIN": 12, "FGM": 2, "FGA": 3, "FG_PCT": 0.667, "FG3M": 0, "FG3A": 0, "FG3_PCT": 0.0, "FTM": 0, "FTA": 0, "FT_PCT": 0.0, "OREB": 0, "DREB": 2, "REB": 2, "AST": 1, "STL": 1, "BLK": 2, "TOV": 1, "PF": 2, "PTS": 4, "PLUS_MINUS": -2, "VIDEO_AVAILABLE": 2}, {"SEASON_ID": "22017", "Player_ID": 1627767, "Game_ID": "0021700893", "GAME_DATE": "FEB 25, 2018", "MATCHUP": "NOP @ MIL", "WL": "W", "MIN": 10, "FGM": 2, "FGA": 3, "FG_PCT": 0.667, "FG3M": 0, "FG3A": 0, "FG3_PCT": 0.0, "FTM": 1, "FTA": 2, "FT_PCT": 0.5, "OREB": 0, "DREB": 1, "REB": 1, "AST": 0, "STL": 0, "BLK": 0, "TOV": 1, "PF": 1, "PTS": 5, "PLUS_MINUS": -4, "VIDEO_AVAILABLE": 1}, {"SEASON_ID": "22017", "Player_ID": 1627767, "Game_ID": "0021700879", "GAME_DATE": "FEB 23, 2018", "MATCHUP": "NOP vs. MIA", "WL": "W", "MIN": 10, "FGM": 0, "FGA": 3, "FG_PCT": 0.0, "FG3M": 0, "FG3A": 0, "FG3_PCT": 0.0, "FTM": 1, "FTA": 2, "FT_PCT": 0.5, "OREB": 0, "DREB": 3, "REB": 3, "AST": 1, "STL": 1, "BLK": 1, "TOV": 0, "PF": 0, "PTS": 1, "PLUS_MINUS": -3, "VIDEO_AVAILABLE": 1}, {"SEASON_ID": "22017", "Player_ID": 1627767, "Game_ID": "0021700862", "GAME_DATE": "FEB 14, 2018", "MATCHUP": "NOP vs. LAL", "WL": "W", "MIN": 12, "FGM": 3, "FGA": 4, "FG_PCT": 0.75, "FG3M": 0, "FG3A": 0, "FG3_PCT": 0.0, "FTM": 3, "FTA": 3, "FT_PCT": 1.0, "OREB": 1, "DREB": 3, "REB": 4, "AST": 0, "STL": 0, "BLK": 1, "TOV": 0, "PF": 1, "PTS": 9, "PLUS_MINUS": -4, "VIDEO_AVAILABLE": 1}, {"SEASON_ID": "22017", "Player_ID": 1627767, "Game_ID": "0021700841", "GAME_DATE": "FEB 12, 2018", "MATCHUP": "NOP @ DET", "WL": "W", "MIN": 17, "FGM": 2, "FGA": 4, "FG_PCT": 0.5, "FG3M": 0, "FG3A": 0, "FG3_PCT": 0.0, "FTM": 0, "FTA": 0, "FT_PCT": 0.0, "OREB": 1, "DREB": 4, "REB": 5, "AST": 1, "STL": 0, "BLK": 2, "TOV": 0, "PF": 2, "PTS": 4, "PLUS_MINUS": 6, "VIDEO_AVAILABLE": 1}, {"SEASON_ID": "22017", "Player_ID": 1627767, "Game_ID": "0021700826", "GAME_DATE": "FEB 10, 2018", "MATCHUP": "NOP @ BKN", "WL": "W", "MIN": 12, "FGM": 3, "FGA": 4, "FG_PCT": 0.75, "FG3M": 0, "FG3A": 0, "FG3_PCT": 0.0, "FTM": 2, "FTA": 2, "FT_PCT": 1.0, "OREB": 0, "DREB": 7, "REB": 7, "AST": 0, "STL": 0, "BLK": 0, "TOV": 0, "PF": 1, "PTS": 8, "PLUS_MINUS": 5, "VIDEO_AVAILABLE": 1}, {"SEASON_ID": "22017", "Player_ID": 1627767, "Game_ID": "0021700818", "GAME_DATE": "FEB 09, 2018", "MATCHUP": "NOP @ PHI", "WL": "L", "MIN": 17, "FGM": 3, "FGA": 8, "FG_PCT": 0.375, "FG3M": 0, "FG3A": 0, "FG3_PCT": 0.0, "FTM": 0, "FTA": 0, "FT_PCT": 0.0, "OREB": 1, "DREB": 6, "REB": 7, "AST": 0, "STL": 1, "BLK": 0, "TOV": 0, "PF": 0, "PTS": 6, "PLUS_MINUS": 5, "VIDEO_AVAILABLE": 1}, {"SEASON_ID": "22017", "Player_ID": 1627767, "Game_ID": "0021700793", "GAME_DATE": "FEB 05, 2018", "MATCHUP": "NOP vs. UTA", "WL": "L", "MIN": 15, "FGM": 3, "FGA": 6, "FG_PCT": 0.5, "FG3M": 0, "FG3A": 0, "FG3_PCT": 0.0, "FTM": 0, "FTA": 0, "FT_PCT": 0.0, "OREB": 0, "DREB": 1, "REB": 1, "AST": 0, "STL": 1, "BLK": 1, "TOV": 0, "PF": 1, "PTS": 6, "PLUS_MINUS": -15, "VIDEO_AVAILABLE": 1}, {"SEASON_ID": "22017", "Player_ID": 1627767, "Game_ID": "0021700780", "GAME_DATE": "FEB 03, 2018", "MATCHUP": "NOP @ MIN", "WL": "L", "MIN": 15, "FGM": 3, "FGA": 8, "FG_PCT": 0.375, "FG3M": 0, "FG3A": 0, "FG3_PCT": 0.0, "FTM": 4, "FTA": 4, "FT_PCT": 1.0, "OREB": 4, "DREB": 6, "REB": 10, "AST": 1, "STL": 0, "BLK": 1, "TOV": 0, "PF": 1, "PTS": 10, "PLUS_MINUS": -2, "VIDEO_AVAILABLE": 1}, {"SEASON_ID": "22017", "Player_ID": 1627767, "Game_ID": "0021700772", "GAME_DATE": "FEB 02, 2018", "MATCHUP": "NOP @ OKC", "WL": "W", "MIN": 16, "FGM": 3, "FGA": 4, "FG_PCT": 0.75, "FG3M": 0, "FG3A": 0, "FG3_PCT": 0.0, "FTM": 1, "FTA": 1, "FT_PCT": 1.0, "OREB": 1, "DREB": 8, "REB": 9, "AST": 0, "STL": 0, "BLK": 1, "TOV": 1, "PF": 0, "PTS": 7, "PLUS_MINUS": 2, "VIDEO_AVAILABLE": 1}, {"SEASON_ID": "22017", "Player_ID": 1627767, "Game_ID": "0021700749", "GAME_DATE": "JAN 30, 2018", "MATCHUP": "NOP vs. SAC", "WL": "L", "MIN": 6, "FGM": 1, "FGA": 1, "FG_PCT": 1.0, "FG3M": 0, "FG3A": 0, "FG3_PCT": 0.0, "FTM": 0, "FTA": 0, "FT_PCT": 0.0, "OREB": 0, "DREB": 1, "REB": 1, "AST": 0, "STL": 0, "BLK": 0, "TOV": 0, "PF": 2, "PTS": 2, "PLUS_MINUS": -11, "VIDEO_AVAILABLE": 1}, {"SEASON_ID": "22017", "Player_ID": 1627767, "Game_ID": "0021700609", "GAME_DATE": "JAN 10, 2018", "MATCHUP": "NOP @ MEM", "WL": "L", "MIN": 7, "FGM": 1, "FGA": 1, "FG_PCT": 1.0, "FG3M": 0, "FG3A": 0, "FG3_PCT": 0.0, "FTM": 1, "FTA": 2, "FT_PCT": 0.5, "OREB": 1, "DREB": 2, "REB": 3, "AST": 0, "STL": 0, "BLK": 0, "TOV": 0, "PF": 2, "PTS": 3, "PLUS_MINUS": 10, "VIDEO_AVAILABLE": 1}, {"SEASON_ID": "22017", "Player_ID": 1627767, "Game_ID": "0021700595", "GAME_DATE": "JAN 08, 2018", "MATCHUP": "NOP vs. DET", "WL": "W", "MIN": 2, "FGM": 0, "FGA": 0, "FG_PCT": 0.0, "FG3M": 0, "FG3A": 0, "FG3_PCT": 0.0, "FTM": 0, "FTA": 0, "FT_PCT": 0.0, "OREB": 0, "DREB": 0, "REB": 0, "AST": 0, "STL": 0, "BLK": 0, "TOV": 0, "PF": 0, "PTS": 0, "PLUS_MINUS": -5, "VIDEO_AVAILABLE": 1}, {"SEASON_ID": "22017", "Player_ID": 1627767, "Game_ID": "0021700584", "GAME_DATE": "JAN 06, 2018", "MATCHUP": "NOP @ MIN", "WL": "L", "MIN": 4, "FGM": 2, "FGA": 3, "FG_PCT": 0.667, "FG3M": 0, "FG3A": 0, "FG3_PCT": 0.0, "FTM": 5, "FTA": 5, "FT_PCT": 1.0, "OREB": 0, "DREB": 0, "REB": 0, "AST": 0, "STL": 0, "BLK": 0, "TOV": 0, "PF": 0, "PTS": 9, "PLUS_MINUS": 3, "VIDEO_AVAILABLE": 1}, {"SEASON_ID": "22017", "Player_ID": 1627767, "Game_ID": "0021700511", "GAME_DATE": "DEC 27, 2017", "MATCHUP": "NOP vs. BKN", "WL": "W", "MIN": 11, "FGM": 1, "FGA": 4, "FG_PCT": 0.25, "FG3M": 0, "FG3A": 0, "FG3_PCT": 0.0, "FTM": 0, "FTA": 0, "FT_PCT": 0.0, "OREB": 0, "DREB": 2, "REB": 2, "AST": 1, "STL": 0, "BLK": 0, "TOV": 0, "PF": 2, "PTS": 2, "PLUS_MINUS": -24, "VIDEO_AVAILABLE": 1}, {"SEASON_ID": "22017", "Player_ID": 1627767, "Game_ID": "0021700486", "GAME_DATE": "DEC 23, 2017", "MATCHUP": "NOP @ MIA", "WL": "W", "MIN": 5, "FGM": 0, "FGA": 0, "FG_PCT": 0.0, "FG3M": 0, "FG3A": 0, "FG3_PCT": 0.0, "FTM": 0, "FTA": 0, "FT_PCT": 0.0, "OREB": 1, "DREB": 0, "REB": 1, "AST": 1, "STL": 1, "BLK": 0, "TOV": 0, "PF": 1, "PTS": 0, "PLUS_MINUS": -6, "VIDEO_AVAILABLE": 1}, {"SEASON_ID": "22017", "Player_ID": 1627767, "Game_ID": "0021700472", "GAME_DATE": "DEC 22, 2017", "MATCHUP": "NOP @ ORL", "WL": "W", "MIN": 6, "FGM": 2, "FGA": 3, "FG_PCT": 0.667, "FG3M": 0, "FG3A": 0, "FG3_PCT": 0.0, "FTM": 2, "FTA": 2, "FT_PCT": 1.0, "OREB": 1, "DREB": 2, "REB": 3, "AST": 0, "STL": 0, "BLK": 0, "TOV": 1, "PF": 2, "PTS": 6, "PLUS_MINUS": -11, "VIDEO_AVAILABLE": 1}, {"SEASON_ID": "22017", "Player_ID": 1627767, "Game_ID": "0021700452", "GAME_DATE": "DEC 19, 2017", "MATCHUP": "NOP @ WAS", "WL": "L", "MIN": 4, "FGM": 1, "FGA": 2, "FG_PCT": 0.5, "FG3M": 0, "FG3A": 0, "FG3_PCT": 0.0, "FTM": 0, "FTA": 1, "FT_PCT": 0.0, "OREB": 0, "DREB": 3, "REB": 3, "AST": 0, "STL": 0, "BLK": 0, "TOV": 0, "PF": 0, "PTS": 2, "PLUS_MINUS": 6, "VIDEO_AVAILABLE": 1}, {"SEASON_ID": "22017", "Player_ID": 1627767, "Game_ID": "0021700346", "GAME_DATE": "DEC 04, 2017", "MATCHUP": "NOP vs. GSW", "WL": "L", "MIN": 0, "FGM": 0, "FGA": 0, "FG_PCT": 0.0, "FG3M": 0, "FG3A": 0, "FG3_PCT": 0.0, "FTM": 0, "FTA": 0, "FT_PCT": 0.0, "OREB": 0, "DREB": 0, "REB": 0, "AST": 0, "STL": 0, "BLK": 0, "TOV": 0, "PF": 0, "PTS": 0, "PLUS_MINUS": -3, "VIDEO_AVAILABLE": 1}, {"SEASON_ID": "22017", "Player_ID": 1627767, "Game_ID": "0021700309", "GAME_DATE": "NOV 29, 2017", "MATCHUP": "NOP vs. MIN", "WL": "L", "MIN": 4, "FGM": 0, "FGA": 0, "FG_PCT": 0.0, "FG3M": 0, "FG3A": 0, "FG3_PCT": 0.0, "FTM": 0, "FTA": 0, "FT_PCT": 0.0, "OREB": 0, "DREB": 1, "REB": 1, "AST": 1, "STL": 0, "BLK": 0, "TOV": 0, "PF": 1, "PTS": 0, "PLUS_MINUS": 3, "VIDEO_AVAILABLE": 1}, {"SEASON_ID": "22017", "Player_ID": 1627767, "Game_ID": "0021700284", "GAME_DATE": "NOV 25, 2017", "MATCHUP": "NOP @ GSW", "WL": "L", "MIN": 1, "FGM": 0, "FGA": 0, "FG_PCT": 0.0, "FG3M": 0, "FG3A": 0, "FG3_PCT": 0.0, "FTM": 0, "FTA": 0, "FT_PCT": 0.0, "OREB": 0, "DREB": 0, "REB": 0, "AST": 0, "STL": 0, "BLK": 0, "TOV": 0, "PF": 0, "PTS": 0, "PLUS_MINUS": -3, "VIDEO_AVAILABLE": 1}, {"SEASON_ID": "22017", "Player_ID": 1627767, "Game_ID": "0021700275", "GAME_DATE": "NOV 24, 2017", "MATCHUP": "NOP @ PHX", "WL": "W", "MIN": 6, "FGM": 1, "FGA": 2, "FG_PCT": 0.5, "FG3M": 0, "FG3A": 0, "FG3_PCT": 0.0, "FTM": 0, "FTA": 0, "FT_PCT": 0.0, "OREB": 0, "DREB": 2, "REB": 2, "AST": 0, "STL": 0, "BLK": 0, "TOV": 1, "PF": 1, "PTS": 2, "PLUS_MINUS": -4, "VIDEO_AVAILABLE": 2}, {"SEASON_ID": "22017", "Player_ID": 1627767, "Game_ID": "0021700262", "GAME_DATE": "NOV 22, 2017", "MATCHUP": "NOP vs. SAS", "WL": "W", "MIN": 5, "FGM": 0, "FGA": 2, "FG_PCT": 0.0, "FG3M": 0, "FG3A": 0, "FG3_PCT": 0.0, "FTM": 0, "FTA": 0, "FT_PCT": 0.0, "OREB": 0, "DREB": 2, "REB": 2, "AST": 1, "STL": 0, "BLK": 0, "TOV": 1, "PF": 1, "PTS": 0, "PLUS_MINUS": -11, "VIDEO_AVAILABLE": 2}, {"SEASON_ID": "22017", "Player_ID": 1627767, "Game_ID": "0021700226", "GAME_DATE": "NOV 17, 2017", "MATCHUP": "NOP @ DEN", "WL": "L", "MIN": 13, "FGM": 4, "FGA": 5, "FG_PCT": 0.8, "FG3M": 0, "FG3A": 0, "FG3_PCT": 0.0, "FTM": 1, "FTA": 2, "FT_PCT": 0.5, "OREB": 1, "DREB": 2, "REB": 3, "AST": 0, "STL": 0, "BLK": 0, "TOV": 2, "PF": 5, "PTS": 9, "PLUS_MINUS": -5, "VIDEO_AVAILABLE": 1}, {"SEASON_ID": "22017", "Player_ID": 1627767, "Game_ID": "0021700211", "GAME_DATE": "NOV 15, 2017", "MATCHUP": "NOP vs. TOR", "WL": "L", "MIN": 14, "FGM": 4, "FGA": 7, "FG_PCT": 0.571, "FG3M": 0, "FG3A": 0, "FG3_PCT": 0.0, "FTM": 0, "FTA": 0, "FT_PCT": 0.0, "OREB": 1, "DREB": 2, "REB": 3, "AST": 0, "STL": 0, "BLK": 0, "TOV": 0, "PF": 1, "PTS": 8, "PLUS_MINUS": -8, "VIDEO_AVAILABLE": 1}, {"SEASON_ID": "22017", "Player_ID": 1627767, "Game_ID": "0021700195", "GAME_DATE": "NOV 13, 2017", "MATCHUP": "NOP vs. ATL", "WL": "W", "MIN": 2, "FGM": 0, "FGA": 0, "FG_PCT": 0.0, "FG3M": 0, "FG3A": 0, "FG3_PCT": 0.0, "FTM": 0, "FTA": 0, "FT_PCT": 0.0, "OREB": 0, "DREB": 0, "REB": 0, "AST": 0, "STL": 0, "BLK": 0, "TOV": 0, "PF": 0, "PTS": 0, "PLUS_MINUS": -3, "VIDEO_AVAILABLE": 2}, {"SEASON_ID": "22017", "Player_ID": 1627767, "Game_ID": "0021700178", "GAME_DATE": "NOV 11, 2017", "MATCHUP": "NOP vs. LAC", "WL": "W", "MIN": 19, "FGM": 4, "FGA": 5, "FG_PCT": 0.8, "FG3M": 0, "FG3A": 0, "FG3_PCT": 0.0, "FTM": 1, "FTA": 2, "FT_PCT": 0.5, "OREB": 2, "DREB": 4, "REB": 6, "AST": 0, "STL": 0, "BLK": 0, "TOV": 0, "PF": 2, "PTS": 9, "PLUS_MINUS": 0, "VIDEO_AVAILABLE": 1}, {"SEASON_ID": "22017", "Player_ID": 1627767, "Game_ID": "0021700113", "GAME_DATE": "NOV 01, 2017", "MATCHUP": "NOP vs. MIN", "WL": "L", "MIN": 7, "FGM": 1, "FGA": 1, "FG_PCT": 1.0, "FG3M": 0, "FG3A": 0, "FG3_PCT": 0.0, "FTM": 0, "FTA": 0, "FT_PCT": 0.0, "OREB": 1, "DREB": 3, "REB": 4, "AST": 0, "STL": 0, "BLK": 0, "TOV": 1, "PF": 0, "PTS": 2, "PLUS_MINUS": 2, "VIDEO_AVAILABLE": 2}, {"SEASON_ID": "22017", "Player_ID": 1627767, "Game_ID": "0021700097", "GAME_DATE": "OCT 30, 2017", "MATCHUP": "NOP vs. ORL", "WL": "L", "MIN": 9, "FGM": 1, "FGA": 3, "FG_PCT": 0.333, "FG3M": 0, "FG3A": 0, "FG3_PCT": 0.0, "FTM": 0, "FTA": 0, "FT_PCT": 0.0, "OREB": 2, "DREB": 1, "REB": 3, "AST": 0, "STL": 0, "BLK": 0, "TOV": 0, "PF": 1, "PTS": 2, "PLUS_MINUS": -10, "VIDEO_AVAILABLE": 2}, {"SEASON_ID": "22017", "Player_ID": 1627767, "Game_ID": "0021700077", "GAME_DATE": "OCT 28, 2017", "MATCHUP": "NOP vs. CLE", "WL": "W", "MIN": 7, "FGM": 0, "FGA": 1, "FG_PCT": 0.0, "FG3M": 0, "FG3A": 0, "FG3_PCT": 0.0, "FTM": 0, "FTA": 0, "FT_PCT": 0.0, "OREB": 0, "DREB": 1, "REB": 1, "AST": 1, "STL": 0, "BLK": 0, "TOV": 1, "PF": 3, "PTS": 0, "PLUS_MINUS": 1, "VIDEO_AVAILABLE": 1}, {"SEASON_ID": "22017", "Player_ID": 1627767, "Game_ID": "0021700069", "GAME_DATE": "OCT 26, 2017", "MATCHUP": "NOP @ SAC", "WL": "W", "MIN": 9, "FGM": 2, "FGA": 3, "FG_PCT": 0.667, "FG3M": 0, "FG3A": 0, "FG3_PCT": 0.0, "FTM": 0, "FTA": 0, "FT_PCT": 0.0, "OREB": 1, "DREB": 3, "REB": 4, "AST": 0, "STL": 0, "BLK": 0, "TOV": 1, "PF": 1, "PTS": 4, "PLUS_MINUS": -3, "VIDEO_AVAILABLE": 1}, {"SEASON_ID": "22017", "Player_ID": 1627767, "Game_ID": "0021700053", "GAME_DATE": "OCT 24, 2017", "MATCHUP": "NOP @ POR", "WL": "L", "MIN": 13, "FGM": 1, "FGA": 3, "FG_PCT": 0.333, "FG3M": 0, "FG3A": 0, "FG3_PCT": 0.0, "FTM": 1, "FTA": 2, "FT_PCT": 0.5, "OREB": 0, "DREB": 4, "REB": 4, "AST": 0, "STL": 0, "BLK": 1, "TOV": 0, "PF": 4, "PTS": 3, "PLUS_MINUS": -13, "VIDEO_AVAILABLE": 1}, {"SEASON_ID": "22017", "Player_ID": 1627767, "Game_ID": "0021700008", "GAME_DATE": "OCT 18, 2017", "MATCHUP": "NOP @ MEM", "WL": "L", "MIN": 1, "FGM": 0, "FGA": 0, "FG_PCT": 0.0, "FG3M": 0, "FG3A": 0, "FG3_PCT": 0.0, "FTM": 0, "FTA": 0, "FT_PCT": 0.0, "OREB": 0, "DREB": 0, "REB": 0, "AST": 0, "STL": 0, "BLK": 0, "TOV": 0, "PF": 0, "PTS": 0, "PLUS_MINUS": -2, "VIDEO_AVAILABLE": 1}]