{"firstName": "Cheick", "lastName": "Diallo", "temporaryDisplayName": "Diallo, Cheick", "personId": "1627767", "teamId": "1610612756", "jersey": "14", "isActive": true, "pos": "F-C", "heightFeet": "6", "heightInches": "9", "heightMeters": "2.06", "weightPounds": "220", "weightKilograms": "99.8", "dateOfBirthUTC": "1996-09-13", "teamSitesOnly": {"playerCode": "cheick_diallo", "posFull": "Forward-Center", "displayAffiliation": "Kansas/Mali", "freeAgentCode": ""}, "teams": [{"teamId": "1610612740", "seasonStart": "2016", "seasonEnd": "2018"}, {"teamId": "1610612756", "seasonStart": "2019", "seasonEnd": "2019"}], "draft": {"teamId": "1610612746", "pickNum": "33", "roundNum": "2", "seasonYear": "2016"}, "nbaDebutYear": "2016", "yearsPro": "3", "collegeName": "Kansas", "lastAffiliation": "Kansas/Mali", "country": "Mali"}