{"firstName": "Jerome", "lastName": "Robinson", "temporaryDisplayName": "Robinson, Jerome", "personId": "1629010", "teamId": "1610612746", "jersey": "1", "isActive": true, "pos": "G", "heightFeet": "6", "heightInches": "5", "heightMeters": "1.96", "weightPounds": "190", "weightKilograms": "86.2", "dateOfBirthUTC": "1997-02-22", "teamSitesOnly": {"playerCode": "jerome_robinson", "posFull": "Guard", "displayAffiliation": "Boston College/USA", "freeAgentCode": ""}, "teams": [{"teamId": "1610612746", "seasonStart": "2018", "seasonEnd": "2019"}], "draft": {"teamId": "1610612746", "pickNum": "13", "roundNum": "1", "seasonYear": "2018"}, "nbaDebutYear": "2018", "yearsPro": "1", "collegeName": "Boston College", "lastAffiliation": "Boston College/USA", "country": "USA"}