{"firstName": "Wesley", "lastName": "Matthews", "temporaryDisplayName": "Matthews, Wesley", "personId": "202083", "teamId": "1610612749", "jersey": "9", "isActive": true, "pos": "G-F", "heightFeet": "6", "heightInches": "5", "heightMeters": "1.96", "weightPounds": "220", "weightKilograms": "99.8", "dateOfBirthUTC": "1986-10-14", "teamSitesOnly": {"playerCode": "wesley_matthews", "posFull": "Guard-Forward", "displayAffiliation": "Marquette/USA", "freeAgentCode": ""}, "teams": [{"teamId": "1610612762", "seasonStart": "2009", "seasonEnd": "2009"}, {"teamId": "1610612757", "seasonStart": "2010", "seasonEnd": "2014"}, {"teamId": "1610612742", "seasonStart": "2015", "seasonEnd": "2018"}, {"teamId": "1610612754", "seasonStart": "2018", "seasonEnd": "2018"}, {"teamId": "1610612752", "seasonStart": "2018", "seasonEnd": "2018"}, {"teamId": "1610612749", "seasonStart": "2019", "seasonEnd": "2019"}], "draft": {"teamId": "", "pickNum": "", "roundNum": "", "seasonYear": ""}, "nbaDebutYear": "2009", "yearsPro": "10", "collegeName": "Marquette", "lastAffiliation": "Marquette/USA", "country": "USA"}