{"firstName": "Garrison", "lastName": "Mathews", "temporaryDisplayName": "Mathews, Garrison", "personId": "1629726", "teamId": "1610612764", "jersey": "24", "isActive": true, "pos": "G", "heightFeet": "6", "heightInches": "7", "heightMeters": "2.01", "weightPounds": "204", "weightKilograms": "92.5", "dateOfBirthUTC": "1996-10-24", "teamSitesOnly": {"playerCode": "garrison_matthews", "posFull": "Guard", "displayAffiliation": "Lipscomb University", "freeAgentCode": ""}, "teams": [{"teamId": "1610612764", "seasonStart": "2019", "seasonEnd": "2019"}], "draft": {"teamId": "", "pickNum": "", "roundNum": "", "seasonYear": ""}, "nbaDebutYear": "", "yearsPro": "0", "collegeName": "Lipscomb", "lastAffiliation": " USA/USA", "country": "USA"}