{"firstName": "Rajon", "lastName": "Rondo", "temporaryDisplayName": "Rondo, Rajon", "personId": "200765", "teamId": "1610612747", "jersey": "9", "isActive": true, "pos": "G", "heightFeet": "6", "heightInches": "1", "heightMeters": "1.85", "weightPounds": "186", "weightKilograms": "84.4", "dateOfBirthUTC": "1986-02-22", "teamSitesOnly": {"playerCode": "rajon_rondo", "posFull": "Guard", "displayAffiliation": "Kentucky/USA", "freeAgentCode": ""}, "teams": [{"teamId": "1610612738", "seasonStart": "2006", "seasonEnd": "2014"}, {"teamId": "1610612742", "seasonStart": "2014", "seasonEnd": "2014"}, {"teamId": "1610612758", "seasonStart": "2015", "seasonEnd": "2015"}, {"teamId": "1610612741", "seasonStart": "2016", "seasonEnd": "2016"}, {"teamId": "1610612740", "seasonStart": "2017", "seasonEnd": "2017"}, {"teamId": "1610612747", "seasonStart": "2018", "seasonEnd": "2019"}], "draft": {"teamId": "1610612756", "pickNum": "21", "roundNum": "1", "seasonYear": "2006"}, "nbaDebutYear": "2006", "yearsPro": "13", "collegeName": " ", "lastAffiliation": "Kentucky/USA", "country": "USA"}