{"firstName": "Jalen", "lastName": "Adams", "temporaryDisplayName": "Adams, Jalen", "personId": "1629824", "teamId": "1610612740", "jersey": "6", "isActive": true, "pos": "G", "heightFeet": "6", "heightInches": "3", "heightMeters": "1.9", "weightPounds": "195", "weightKilograms": "88.5", "dateOfBirthUTC": "1995-12-11", "teamSitesOnly": {"playerCode": "jalen_adams", "posFull": "Guard", "displayAffiliation": "Connecticut/USA", "freeAgentCode": ""}, "teams": [{"teamId": "1610612740", "seasonStart": "2019", "seasonEnd": "2019"}], "draft": {"teamId": "", "pickNum": "", "roundNum": "", "seasonYear": ""}, "nbaDebutYear": "", "yearsPro": "0", "collegeName": "Connecticut", "lastAffiliation": "Connecticut/USA", "country": "USA"}