[{"SEASON_ID": "22018", "Player_ID": 1626259, "Game_ID": "0021801214", "GAME_DATE": "APR 09, 2019", "MATCHUP": "TOR @ MIN", "WL": "W", "MIN": 9, "FGM": 1, "FGA": 2, "FG_PCT": 0.5, "FG3M": 0, "FG3A": 0, "FG3_PCT": 0.0, "FTM": 1, "FTA": 2, "FT_PCT": 0.5, "OREB": 1, "DREB": 0, "REB": 1, "AST": 0, "STL": 0, "BLK": 0, "TOV": 0, "PF": 1, "PTS": 3, "PLUS_MINUS": -6, "VIDEO_AVAILABLE": 1}, {"SEASON_ID": "22018", "Player_ID": 1626259, "Game_ID": "0021801156", "GAME_DATE": "APR 01, 2019", "MATCHUP": "TOR vs. ORL", "WL": "W", "MIN": 4, "FGM": 0, "FGA": 1, "FG_PCT": 0.0, "FG3M": 0, "FG3A": 1, "FG3_PCT": 0.0, "FTM": 0, "FTA": 0, "FT_PCT": 0.0, "OREB": 0, "DREB": 2, "REB": 2, "AST": 0, "STL": 0, "BLK": 0, "TOV": 0, "PF": 1, "PTS": 0, "PLUS_MINUS": -7, "VIDEO_AVAILABLE": 1}, {"SEASON_ID": "22018", "Player_ID": 1626259, "Game_ID": "0021801142", "GAME_DATE": "MAR 30, 2019", "MATCHUP": "TOR @ CHI", "WL": "W", "MIN": 11, "FGM": 0, "FGA": 2, "FG_PCT": 0.0, "FG3M": 0, "FG3A": 1, "FG3_PCT": 0.0, "FTM": 0, "FTA": 0, "FT_PCT": 0.0, "OREB": 0, "DREB": 0, "REB": 0, "AST": 0, "STL": 0, "BLK": 0, "TOV": 0, "PF": 1, "PTS": 0, "PLUS_MINUS": 8, "VIDEO_AVAILABLE": 1}, {"SEASON_ID": "22018", "Player_ID": 1626259, "Game_ID": "0021801125", "GAME_DATE": "MAR 28, 2019", "MATCHUP": "TOR @ NYK", "WL": "W", "MIN": 7, "FGM": 1, "FGA": 3, "FG_PCT": 0.333, "FG3M": 1, "FG3A": 3, "FG3_PCT": 0.333, "FTM": 2, "FTA": 2, "FT_PCT": 1.0, "OREB": 0, "DREB": 0, "REB": 0, "AST": 0, "STL": 0, "BLK": 1, "TOV": 1, "PF": 0, "PTS": 5, "PLUS_MINUS": -4, "VIDEO_AVAILABLE": 1}, {"SEASON_ID": "22018", "Player_ID": 1626259, "Game_ID": "0021801053", "GAME_DATE": "MAR 18, 2019", "MATCHUP": "TOR vs. NYK", "WL": "W", "MIN": 8, "FGM": 2, "FGA": 3, "FG_PCT": 0.667, "FG3M": 2, "FG3A": 3, "FG3_PCT": 0.667, "FTM": 0, "FTA": 0, "FT_PCT": 0.0, "OREB": 0, "DREB": 1, "REB": 1, "AST": 0, "STL": 0, "BLK": 0, "TOV": 0, "PF": 0, "PTS": 6, "PLUS_MINUS": 6, "VIDEO_AVAILABLE": 1}, {"SEASON_ID": "22018", "Player_ID": 1626259, "Game_ID": "0021801023", "GAME_DATE": "MAR 14, 2019", "MATCHUP": "TOR vs. LAL", "WL": "W", "MIN": 12, "FGM": 2, "FGA": 5, "FG_PCT": 0.4, "FG3M": 2, "FG3A": 5, "FG3_PCT": 0.4, "FTM": 0, "FTA": 0, "FT_PCT": 0.0, "OREB": 0, "DREB": 0, "REB": 0, "AST": 0, "STL": 1, "BLK": 0, "TOV": 0, "PF": 2, "PTS": 6, "PLUS_MINUS": -4, "VIDEO_AVAILABLE": 1}, {"SEASON_ID": "22018", "Player_ID": 1626259, "Game_ID": "0021801001", "GAME_DATE": "MAR 11, 2019", "MATCHUP": "TOR @ CLE", "WL": "L", "MIN": 4, "FGM": 1, "FGA": 1, "FG_PCT": 1.0, "FG3M": 1, "FG3A": 1, "FG3_PCT": 1.0, "FTM": 0, "FTA": 0, "FT_PCT": 0.0, "OREB": 0, "DREB": 0, "REB": 0, "AST": 0, "STL": 0, "BLK": 0, "TOV": 0, "PF": 0, "PTS": 3, "PLUS_MINUS": -6, "VIDEO_AVAILABLE": 1}, {"SEASON_ID": "22018", "Player_ID": 1626259, "Game_ID": "0021800993", "GAME_DATE": "MAR 10, 2019", "MATCHUP": "TOR @ MIA", "WL": "W", "MIN": 4, "FGM": 1, "FGA": 2, "FG_PCT": 0.5, "FG3M": 1, "FG3A": 2, "FG3_PCT": 0.5, "FTM": 0, "FTA": 0, "FT_PCT": 0.0, "OREB": 0, "DREB": 0, "REB": 0, "AST": 1, "STL": 0, "BLK": 0, "TOV": 0, "PF": 0, "PTS": 3, "PLUS_MINUS": -1, "VIDEO_AVAILABLE": 1}, {"SEASON_ID": "22018", "Player_ID": 1626259, "Game_ID": "0021800983", "GAME_DATE": "MAR 08, 2019", "MATCHUP": "TOR @ NOP", "WL": "W", "MIN": 4, "FGM": 2, "FGA": 4, "FG_PCT": 0.5, "FG3M": 2, "FG3A": 3, "FG3_PCT": 0.667, "FTM": 0, "FTA": 0, "FT_PCT": 0.0, "OREB": 0, "DREB": 0, "REB": 0, "AST": 0, "STL": 0, "BLK": 0, "TOV": 0, "PF": 0, "PTS": 6, "PLUS_MINUS": 6, "VIDEO_AVAILABLE": 1}, {"SEASON_ID": "22018", "Player_ID": 1626259, "Game_ID": "0021800909", "GAME_DATE": "FEB 26, 2019", "MATCHUP": "TOR vs. BOS", "WL": "W", "MIN": 5, "FGM": 1, "FGA": 3, "FG_PCT": 0.333, "FG3M": 1, "FG3A": 2, "FG3_PCT": 0.5, "FTM": 0, "FTA": 0, "FT_PCT": 0.0, "OREB": 0, "DREB": 1, "REB": 1, "AST": 0, "STL": 0, "BLK": 0, "TOV": 0, "PF": 0, "PTS": 3, "PLUS_MINUS": 0, "VIDEO_AVAILABLE": 1}, {"SEASON_ID": "22017", "Player_ID": 1626259, "Game_ID": "0021701058", "GAME_DATE": "MAR 20, 2018", "MATCHUP": "TOR @ ORL", "WL": "W", "MIN": 8, "FGM": 0, "FGA": 0, "FG_PCT": 0.0, "FG3M": 0, "FG3A": 0, "FG3_PCT": 0.0, "FTM": 0, "FTA": 0, "FT_PCT": 0.0, "OREB": 0, "DREB": 0, "REB": 0, "AST": 0, "STL": 0, "BLK": 0, "TOV": 1, "PF": 0, "PTS": 0, "PLUS_MINUS": -1, "VIDEO_AVAILABLE": 1}, {"SEASON_ID": "22017", "Player_ID": 1626259, "Game_ID": "0021701031", "GAME_DATE": "MAR 16, 2018", "MATCHUP": "TOR vs. DAL", "WL": "W", "MIN": 7, "FGM": 1, "FGA": 3, "FG_PCT": 0.333, "FG3M": 1, "FG3A": 3, "FG3_PCT": 0.333, "FTM": 0, "FTA": 0, "FT_PCT": 0.0, "OREB": 1, "DREB": 0, "REB": 1, "AST": 1, "STL": 0, "BLK": 0, "TOV": 2, "PF": 2, "PTS": 3, "PLUS_MINUS": -9, "VIDEO_AVAILABLE": 1}, {"SEASON_ID": "22017", "Player_ID": 1626259, "Game_ID": "0021701020", "GAME_DATE": "MAR 15, 2018", "MATCHUP": "TOR @ IND", "WL": "W", "MIN": 22, "FGM": 1, "FGA": 2, "FG_PCT": 0.5, "FG3M": 0, "FG3A": 0, "FG3_PCT": 0.0, "FTM": 2, "FTA": 2, "FT_PCT": 1.0, "OREB": 0, "DREB": 3, "REB": 3, "AST": 0, "STL": 0, "BLK": 2, "TOV": 0, "PF": 0, "PTS": 4, "PLUS_MINUS": 4, "VIDEO_AVAILABLE": 1}, {"SEASON_ID": "22017", "Player_ID": 1626259, "Game_ID": "0021701008", "GAME_DATE": "MAR 13, 2018", "MATCHUP": "TOR @ BKN", "WL": "W", "MIN": 5, "FGM": 0, "FGA": 1, "FG_PCT": 0.0, "FG3M": 0, "FG3A": 1, "FG3_PCT": 0.0, "FTM": 0, "FTA": 0, "FT_PCT": 0.0, "OREB": 0, "DREB": 0, "REB": 0, "AST": 0, "STL": 0, "BLK": 0, "TOV": 0, "PF": 1, "PTS": 0, "PLUS_MINUS": -4, "VIDEO_AVAILABLE": 1}, {"SEASON_ID": "22017", "Player_ID": 1626259, "Game_ID": "0021700992", "GAME_DATE": "MAR 11, 2018", "MATCHUP": "TOR @ NYK", "WL": "W", "MIN": 12, "FGM": 3, "FGA": 4, "FG_PCT": 0.75, "FG3M": 2, "FG3A": 3, "FG3_PCT": 0.667, "FTM": 0, "FTA": 0, "FT_PCT": 0.0, "OREB": 1, "DREB": 2, "REB": 3, "AST": 0, "STL": 0, "BLK": 0, "TOV": 1, "PF": 1, "PTS": 8, "PLUS_MINUS": 4, "VIDEO_AVAILABLE": 1}, {"SEASON_ID": "22017", "Player_ID": 1626259, "Game_ID": "0021700979", "GAME_DATE": "MAR 09, 2018", "MATCHUP": "TOR vs. HOU", "WL": "W", "MIN": 10, "FGM": 3, "FGA": 3, "FG_PCT": 1.0, "FG3M": 1, "FG3A": 1, "FG3_PCT": 1.0, "FTM": 0, "FTA": 0, "FT_PCT": 0.0, "OREB": 0, "DREB": 0, "REB": 0, "AST": 0, "STL": 0, "BLK": 0, "TOV": 1, "PF": 1, "PTS": 7, "PLUS_MINUS": 0, "VIDEO_AVAILABLE": 1}, {"SEASON_ID": "22017", "Player_ID": 1626259, "Game_ID": "0021700966", "GAME_DATE": "MAR 07, 2018", "MATCHUP": "TOR @ DET", "WL": "W", "MIN": 5, "FGM": 1, "FGA": 2, "FG_PCT": 0.5, "FG3M": 0, "FG3A": 1, "FG3_PCT": 0.0, "FTM": 0, "FTA": 0, "FT_PCT": 0.0, "OREB": 0, "DREB": 0, "REB": 0, "AST": 1, "STL": 0, "BLK": 0, "TOV": 0, "PF": 0, "PTS": 2, "PLUS_MINUS": 1, "VIDEO_AVAILABLE": 1}, {"SEASON_ID": "22017", "Player_ID": 1626259, "Game_ID": "0021700958", "GAME_DATE": "MAR 06, 2018", "MATCHUP": "TOR vs. ATL", "WL": "W", "MIN": 15, "FGM": 1, "FGA": 3, "FG_PCT": 0.333, "FG3M": 1, "FG3A": 3, "FG3_PCT": 0.333, "FTM": 2, "FTA": 2, "FT_PCT": 1.0, "OREB": 1, "DREB": 1, "REB": 2, "AST": 0, "STL": 1, "BLK": 0, "TOV": 0, "PF": 1, "PTS": 5, "PLUS_MINUS": -4, "VIDEO_AVAILABLE": 1}, {"SEASON_ID": "22017", "Player_ID": 1626259, "Game_ID": "0021700944", "GAME_DATE": "MAR 04, 2018", "MATCHUP": "TOR vs. CHA", "WL": "W", "MIN": 14, "FGM": 0, "FGA": 2, "FG_PCT": 0.0, "FG3M": 0, "FG3A": 2, "FG3_PCT": 0.0, "FTM": 0, "FTA": 0, "FT_PCT": 0.0, "OREB": 0, "DREB": 1, "REB": 1, "AST": 0, "STL": 0, "BLK": 0, "TOV": 0, "PF": 2, "PTS": 0, "PLUS_MINUS": 5, "VIDEO_AVAILABLE": 1}, {"SEASON_ID": "22017", "Player_ID": 1626259, "Game_ID": "0021700929", "GAME_DATE": "MAR 02, 2018", "MATCHUP": "TOR @ WAS", "WL": "W", "MIN": 7, "FGM": 1, "FGA": 1, "FG_PCT": 1.0, "FG3M": 1, "FG3A": 1, "FG3_PCT": 1.0, "FTM": 0, "FTA": 0, "FT_PCT": 0.0, "OREB": 0, "DREB": 0, "REB": 0, "AST": 0, "STL": 0, "BLK": 0, "TOV": 0, "PF": 0, "PTS": 3, "PLUS_MINUS": 6, "VIDEO_AVAILABLE": 1}, {"SEASON_ID": "22017", "Player_ID": 1626259, "Game_ID": "0021700914", "GAME_DATE": "FEB 28, 2018", "MATCHUP": "TOR @ ORL", "WL": "W", "MIN": 0, "FGM": 0, "FGA": 0, "FG_PCT": 0.0, "FG3M": 0, "FG3A": 0, "FG3_PCT": 0.0, "FTM": 0, "FTA": 0, "FT_PCT": 0.0, "OREB": 0, "DREB": 0, "REB": 0, "AST": 0, "STL": 0, "BLK": 0, "TOV": 0, "PF": 0, "PTS": 0, "PLUS_MINUS": 0, "VIDEO_AVAILABLE": 2}, {"SEASON_ID": "22017", "Player_ID": 1626259, "Game_ID": "0021700901", "GAME_DATE": "FEB 26, 2018", "MATCHUP": "TOR vs. DET", "WL": "W", "MIN": 9, "FGM": 0, "FGA": 2, "FG_PCT": 0.0, "FG3M": 0, "FG3A": 2, "FG3_PCT": 0.0, "FTM": 0, "FTA": 0, "FT_PCT": 0.0, "OREB": 0, "DREB": 3, "REB": 3, "AST": 1, "STL": 0, "BLK": 0, "TOV": 0, "PF": 1, "PTS": 0, "PLUS_MINUS": 7, "VIDEO_AVAILABLE": 1}, {"SEASON_ID": "22017", "Player_ID": 1626259, "Game_ID": "0021700615", "GAME_DATE": "JAN 11, 2018", "MATCHUP": "TOR vs. CLE", "WL": "W", "MIN": 6, "FGM": 2, "FGA": 3, "FG_PCT": 0.667, "FG3M": 2, "FG3A": 2, "FG3_PCT": 1.0, "FTM": 0, "FTA": 0, "FT_PCT": 0.0, "OREB": 1, "DREB": 1, "REB": 2, "AST": 0, "STL": 0, "BLK": 0, "TOV": 0, "PF": 1, "PTS": 6, "PLUS_MINUS": 1, "VIDEO_AVAILABLE": 1}, {"SEASON_ID": "22017", "Player_ID": 1626259, "Game_ID": "0021700480", "GAME_DATE": "DEC 23, 2017", "MATCHUP": "TOR vs. PHI", "WL": "W", "MIN": 3, "FGM": 0, "FGA": 0, "FG_PCT": 0.0, "FG3M": 0, "FG3A": 0, "FG3_PCT": 0.0, "FTM": 0, "FTA": 0, "FT_PCT": 0.0, "OREB": 0, "DREB": 0, "REB": 0, "AST": 0, "STL": 0, "BLK": 0, "TOV": 0, "PF": 0, "PTS": 0, "PLUS_MINUS": 0, "VIDEO_AVAILABLE": 1}, {"SEASON_ID": "22017", "Player_ID": 1626259, "Game_ID": "0021700454", "GAME_DATE": "DEC 20, 2017", "MATCHUP": "TOR @ CHA", "WL": "W", "MIN": 5, "FGM": 0, "FGA": 2, "FG_PCT": 0.0, "FG3M": 0, "FG3A": 2, "FG3_PCT": 0.0, "FTM": 0, "FTA": 0, "FT_PCT": 0.0, "OREB": 0, "DREB": 0, "REB": 0, "AST": 0, "STL": 0, "BLK": 0, "TOV": 0, "PF": 0, "PTS": 0, "PLUS_MINUS": -3, "VIDEO_AVAILABLE": 1}]