{"firstName": "Malcolm", "lastName": "Miller", "temporaryDisplayName": "Miller, Malcolm", "personId": "1626259", "teamId": "1610612761", "jersey": "13", "isActive": true, "pos": "G-F", "heightFeet": "6", "heightInches": "7", "heightMeters": "2.01", "weightPounds": "210", "weightKilograms": "95.3", "dateOfBirthUTC": "1993-03-06", "teamSitesOnly": {"playerCode": "malcolm_miller", "posFull": "Guard-Forward", "displayAffiliation": "Holy Cross/USA", "freeAgentCode": ""}, "teams": [{"teamId": "1610612761", "seasonStart": "2017", "seasonEnd": "2019"}], "draft": {"teamId": "", "pickNum": "", "roundNum": "", "seasonYear": ""}, "nbaDebutYear": "2017", "yearsPro": "2", "collegeName": "Holy Cross", "lastAffiliation": "Holy Cross/USA", "country": "USA"}