{"firstName": "Nicolo", "lastName": "Melli", "temporaryDisplayName": "Melli, Nicolo", "personId": "6006", "teamId": "1610612740", "jersey": "20", "isActive": true, "pos": "F", "heightFeet": "6", "heightInches": "9", "heightMeters": "2.06", "weightPounds": "235", "weightKilograms": "106.6", "dateOfBirthUTC": "1991-01-26", "teamSitesOnly": {"playerCode": "nicolo_melli", "posFull": "Forward", "displayAffiliation": "Italy", "freeAgentCode": ""}, "teams": [{"teamId": "1610612740", "seasonStart": "2019", "seasonEnd": "2019"}], "draft": {"teamId": "", "pickNum": "", "roundNum": "", "seasonYear": ""}, "nbaDebutYear": "", "yearsPro": "0", "collegeName": "", "lastAffiliation": "Italy", "country": "Italy"}