{"firstName": "Rudy", "lastName": "Gay", "temporaryDisplayName": "Gay, Rudy", "personId": "200752", "teamId": "1610612759", "jersey": "22", "isActive": true, "pos": "F", "heightFeet": "6", "heightInches": "8", "heightMeters": "2.03", "weightPounds": "230", "weightKilograms": "104.3", "dateOfBirthUTC": "1986-08-17", "teamSitesOnly": {"playerCode": "rudy_gay", "posFull": "Forward", "displayAffiliation": "Connecticut/USA", "freeAgentCode": ""}, "teams": [{"teamId": "1610612763", "seasonStart": "2006", "seasonEnd": "2012"}, {"teamId": "1610612761", "seasonStart": "2012", "seasonEnd": "2013"}, {"teamId": "1610612758", "seasonStart": "2013", "seasonEnd": "2016"}, {"teamId": "1610612759", "seasonStart": "2017", "seasonEnd": "2019"}], "draft": {"teamId": "1610612745", "pickNum": "8", "roundNum": "1", "seasonYear": "2006"}, "nbaDebutYear": "2006", "yearsPro": "13", "collegeName": "Connecticut", "lastAffiliation": "Connecticut/USA", "country": "USA"}