{"firstName": "Alec", "lastName": "Burks", "temporaryDisplayName": "Burks, Alec", "personId": "202692", "teamId": "1610612744", "jersey": "8", "isActive": true, "pos": "G", "heightFeet": "6", "heightInches": "6", "heightMeters": "1.98", "weightPounds": "214", "weightKilograms": "97.1", "dateOfBirthUTC": "1991-07-20", "teamSitesOnly": {"playerCode": "alec_burks", "posFull": "Guard", "displayAffiliation": "Colorado/USA", "freeAgentCode": ""}, "teams": [{"teamId": "1610612762", "seasonStart": "2011", "seasonEnd": "2018"}, {"teamId": "1610612739", "seasonStart": "2018", "seasonEnd": "2018"}, {"teamId": "1610612758", "seasonStart": "2018", "seasonEnd": "2018"}, {"teamId": "1610612744", "seasonStart": "2019", "seasonEnd": "2019"}], "draft": {"teamId": "1610612762", "pickNum": "12", "roundNum": "1", "seasonYear": "2011"}, "nbaDebutYear": "2011", "yearsPro": "8", "collegeName": "Colorado", "lastAffiliation": "Colorado/USA", "country": "USA"}