[{"SEASON_ID": "22015", "Player_ID": 1626144, "Game_ID": "0021501230", "GAME_DATE": "APR 13, 2016", "MATCHUP": "DEN @ POR", "WL": "L", "MIN": 37, "FGM": 11, "FGA": 23, "FG_PCT": 0.478, "FG3M": 1, "FG3A": 4, "FG3_PCT": 0.25, "FTM": 2, "FTA": 2, "FT_PCT": 1.0, "OREB": 0, "DREB": 4, "REB": 4, "AST": 6, "STL": 0, "BLK": 0, "TOV": 4, "PF": 1, "PTS": 25, "PLUS_MINUS": -1, "VIDEO_AVAILABLE": 1}, {"SEASON_ID": "22015", "Player_ID": 1626144, "Game_ID": "0021501198", "GAME_DATE": "APR 10, 2016", "MATCHUP": "DEN vs. UTA", "WL": "L", "MIN": 38, "FGM": 8, "FGA": 16, "FG_PCT": 0.5, "FG3M": 3, "FG3A": 6, "FG3_PCT": 0.5, "FTM": 0, "FTA": 0, "FT_PCT": 0.0, "OREB": 0, "DREB": 3, "REB": 3, "AST": 5, "STL": 1, "BLK": 0, "TOV": 2, "PF": 2, "PTS": 19, "PLUS_MINUS": -14, "VIDEO_AVAILABLE": 1}, {"SEASON_ID": "22015", "Player_ID": 1626144, "Game_ID": "0021501186", "GAME_DATE": "APR 08, 2016", "MATCHUP": "DEN vs. SAS", "WL": "W", "MIN": 36, "FGM": 8, "FGA": 15, "FG_PCT": 0.533, "FG3M": 3, "FG3A": 6, "FG3_PCT": 0.5, "FTM": 1, "FTA": 1, "FT_PCT": 1.0, "OREB": 0, "DREB": 6, "REB": 6, "AST": 5, "STL": 1, "BLK": 1, "TOV": 3, "PF": 1, "PTS": 20, "PLUS_MINUS": 23, "VIDEO_AVAILABLE": 1}, {"SEASON_ID": "22015", "Player_ID": 1626144, "Game_ID": "0021501160", "GAME_DATE": "APR 05, 2016", "MATCHUP": "DEN vs. OKC", "WL": "L", "MIN": 27, "FGM": 6, "FGA": 14, "FG_PCT": 0.429, "FG3M": 1, "FG3A": 6, "FG3_PCT": 0.167, "FTM": 2, "FTA": 4, "FT_PCT": 0.5, "OREB": 0, "DREB": 2, "REB": 2, "AST": 4, "STL": 1, "BLK": 0, "TOV": 5, "PF": 2, "PTS": 15, "PLUS_MINUS": -28, "VIDEO_AVAILABLE": 1}, {"SEASON_ID": "22015", "Player_ID": 1626144, "Game_ID": "0021501141", "GAME_DATE": "APR 02, 2016", "MATCHUP": "DEN vs. SAC", "WL": "L", "MIN": 29, "FGM": 6, "FGA": 17, "FG_PCT": 0.353, "FG3M": 2, "FG3A": 6, "FG3_PCT": 0.333, "FTM": 1, "FTA": 2, "FT_PCT": 0.5, "OREB": 1, "DREB": 2, "REB": 3, "AST": 6, "STL": 0, "BLK": 0, "TOV": 4, "PF": 6, "PTS": 15, "PLUS_MINUS": 1, "VIDEO_AVAILABLE": 1}, {"SEASON_ID": "22015", "Player_ID": 1626144, "Game_ID": "0021501125", "GAME_DATE": "MAR 31, 2016", "MATCHUP": "DEN @ NOP", "WL": "L", "MIN": 26, "FGM": 5, "FGA": 12, "FG_PCT": 0.417, "FG3M": 3, "FG3A": 6, "FG3_PCT": 0.5, "FTM": 0, "FTA": 0, "FT_PCT": 0.0, "OREB": 0, "DREB": 2, "REB": 2, "AST": 4, "STL": 1, "BLK": 0, "TOV": 0, "PF": 2, "PTS": 13, "PLUS_MINUS": -1, "VIDEO_AVAILABLE": 1}, {"SEASON_ID": "22015", "Player_ID": 1626144, "Game_ID": "0021501114", "GAME_DATE": "MAR 30, 2016", "MATCHUP": "DEN @ MEM", "WL": "W", "MIN": 31, "FGM": 6, "FGA": 15, "FG_PCT": 0.4, "FG3M": 3, "FG3A": 7, "FG3_PCT": 0.429, "FTM": 2, "FTA": 2, "FT_PCT": 1.0, "OREB": 0, "DREB": 2, "REB": 2, "AST": 5, "STL": 0, "BLK": 1, "TOV": 5, "PF": 2, "PTS": 17, "PLUS_MINUS": -3, "VIDEO_AVAILABLE": 1}, {"SEASON_ID": "22015", "Player_ID": 1626144, "Game_ID": "0021501103", "GAME_DATE": "MAR 28, 2016", "MATCHUP": "DEN vs. DAL", "WL": "L", "MIN": 35, "FGM": 5, "FGA": 11, "FG_PCT": 0.455, "FG3M": 1, "FG3A": 3, "FG3_PCT": 0.333, "FTM": 5, "FTA": 6, "FT_PCT": 0.833, "OREB": 0, "DREB": 6, "REB": 6, "AST": 7, "STL": 1, "BLK": 0, "TOV": 4, "PF": 3, "PTS": 16, "PLUS_MINUS": 2, "VIDEO_AVAILABLE": 1}, {"SEASON_ID": "22015", "Player_ID": 1626144, "Game_ID": "0021501092", "GAME_DATE": "MAR 27, 2016", "MATCHUP": "DEN @ LAC", "WL": "L", "MIN": 23, "FGM": 2, "FGA": 15, "FG_PCT": 0.133, "FG3M": 0, "FG3A": 5, "FG3_PCT": 0.0, "FTM": 0, "FTA": 0, "FT_PCT": 0.0, "OREB": 1, "DREB": 1, "REB": 2, "AST": 1, "STL": 1, "BLK": 1, "TOV": 2, "PF": 2, "PTS": 4, "PLUS_MINUS": -17, "VIDEO_AVAILABLE": 1}, {"SEASON_ID": "22015", "Player_ID": 1626144, "Game_ID": "0021501081", "GAME_DATE": "MAR 25, 2016", "MATCHUP": "DEN @ LAL", "WL": "W", "MIN": 21, "FGM": 3, "FGA": 8, "FG_PCT": 0.375, "FG3M": 0, "FG3A": 1, "FG3_PCT": 0.0, "FTM": 3, "FTA": 4, "FT_PCT": 0.75, "OREB": 0, "DREB": 3, "REB": 3, "AST": 3, "STL": 1, "BLK": 0, "TOV": 1, "PF": 0, "PTS": 9, "PLUS_MINUS": -7, "VIDEO_AVAILABLE": 1}, {"SEASON_ID": "22015", "Player_ID": 1626144, "Game_ID": "0021501064", "GAME_DATE": "MAR 23, 2016", "MATCHUP": "DEN vs. PHI", "WL": "W", "MIN": 42, "FGM": 10, "FGA": 23, "FG_PCT": 0.435, "FG3M": 3, "FG3A": 5, "FG3_PCT": 0.6, "FTM": 4, "FTA": 5, "FT_PCT": 0.8, "OREB": 1, "DREB": 10, "REB": 11, "AST": 4, "STL": 0, "BLK": 1, "TOV": 1, "PF": 1, "PTS": 27, "PLUS_MINUS": 16, "VIDEO_AVAILABLE": 1}, {"SEASON_ID": "22015", "Player_ID": 1626144, "Game_ID": "0021501044", "GAME_DATE": "MAR 21, 2016", "MATCHUP": "DEN @ CLE", "WL": "L", "MIN": 26, "FGM": 1, "FGA": 11, "FG_PCT": 0.091, "FG3M": 1, "FG3A": 3, "FG3_PCT": 0.333, "FTM": 2, "FTA": 2, "FT_PCT": 1.0, "OREB": 1, "DREB": 2, "REB": 3, "AST": 3, "STL": 1, "BLK": 0, "TOV": 2, "PF": 1, "PTS": 5, "PLUS_MINUS": -26, "VIDEO_AVAILABLE": 1}, {"SEASON_ID": "22015", "Player_ID": 1626144, "Game_ID": "0021501028", "GAME_DATE": "MAR 19, 2016", "MATCHUP": "DEN @ CHA", "WL": "W", "MIN": 34, "FGM": 4, "FGA": 16, "FG_PCT": 0.25, "FG3M": 1, "FG3A": 2, "FG3_PCT": 0.5, "FTM": 2, "FTA": 4, "FT_PCT": 0.5, "OREB": 2, "DREB": 5, "REB": 7, "AST": 4, "STL": 0, "BLK": 0, "TOV": 1, "PF": 1, "PTS": 11, "PLUS_MINUS": 0, "VIDEO_AVAILABLE": 1}, {"SEASON_ID": "22015", "Player_ID": 1626144, "Game_ID": "0021501015", "GAME_DATE": "MAR 17, 2016", "MATCHUP": "DEN @ ATL", "WL": "L", "MIN": 23, "FGM": 3, "FGA": 11, "FG_PCT": 0.273, "FG3M": 1, "FG3A": 4, "FG3_PCT": 0.25, "FTM": 5, "FTA": 6, "FT_PCT": 0.833, "OREB": 0, "DREB": 2, "REB": 2, "AST": 2, "STL": 1, "BLK": 0, "TOV": 1, "PF": 1, "PTS": 12, "PLUS_MINUS": -23, "VIDEO_AVAILABLE": 1}, {"SEASON_ID": "22015", "Player_ID": 1626144, "Game_ID": "0021500998", "GAME_DATE": "MAR 15, 2016", "MATCHUP": "DEN @ ORL", "WL": "L", "MIN": 27, "FGM": 5, "FGA": 12, "FG_PCT": 0.417, "FG3M": 2, "FG3A": 5, "FG3_PCT": 0.4, "FTM": 2, "FTA": 2, "FT_PCT": 1.0, "OREB": 0, "DREB": 2, "REB": 2, "AST": 4, "STL": 0, "BLK": 0, "TOV": 3, "PF": 3, "PTS": 14, "PLUS_MINUS": -13, "VIDEO_AVAILABLE": 1}, {"SEASON_ID": "22015", "Player_ID": 1626144, "Game_ID": "0021500990", "GAME_DATE": "MAR 14, 2016", "MATCHUP": "DEN @ MIA", "WL": "L", "MIN": 33, "FGM": 9, "FGA": 19, "FG_PCT": 0.474, "FG3M": 2, "FG3A": 4, "FG3_PCT": 0.5, "FTM": 3, "FTA": 5, "FT_PCT": 0.6, "OREB": 0, "DREB": 3, "REB": 3, "AST": 10, "STL": 0, "BLK": 0, "TOV": 5, "PF": 2, "PTS": 23, "PLUS_MINUS": 4, "VIDEO_AVAILABLE": 1}, {"SEASON_ID": "22015", "Player_ID": 1626144, "Game_ID": "0021500980", "GAME_DATE": "MAR 12, 2016", "MATCHUP": "DEN vs. WAS", "WL": "W", "MIN": 22, "FGM": 4, "FGA": 9, "FG_PCT": 0.444, "FG3M": 0, "FG3A": 2, "FG3_PCT": 0.0, "FTM": 2, "FTA": 2, "FT_PCT": 1.0, "OREB": 0, "DREB": 0, "REB": 0, "AST": 2, "STL": 1, "BLK": 0, "TOV": 4, "PF": 4, "PTS": 10, "PLUS_MINUS": -11, "VIDEO_AVAILABLE": 1}, {"SEASON_ID": "22015", "Player_ID": 1626144, "Game_ID": "0021500961", "GAME_DATE": "MAR 10, 2016", "MATCHUP": "DEN vs. PHX", "WL": "W", "MIN": 34, "FGM": 13, "FGA": 20, "FG_PCT": 0.65, "FG3M": 4, "FG3A": 7, "FG3_PCT": 0.571, "FTM": 0, "FTA": 1, "FT_PCT": 0.0, "OREB": 0, "DREB": 2, "REB": 2, "AST": 5, "STL": 0, "BLK": 1, "TOV": 4, "PF": 4, "PTS": 30, "PLUS_MINUS": 20, "VIDEO_AVAILABLE": 1}, {"SEASON_ID": "22015", "Player_ID": 1626144, "Game_ID": "0021500946", "GAME_DATE": "MAR 08, 2016", "MATCHUP": "DEN vs. NYK", "WL": "W", "MIN": 31, "FGM": 6, "FGA": 19, "FG_PCT": 0.316, "FG3M": 1, "FG3A": 4, "FG3_PCT": 0.25, "FTM": 2, "FTA": 2, "FT_PCT": 1.0, "OREB": 0, "DREB": 7, "REB": 7, "AST": 5, "STL": 0, "BLK": 0, "TOV": 1, "PF": 1, "PTS": 15, "PLUS_MINUS": 17, "VIDEO_AVAILABLE": 1}, {"SEASON_ID": "22015", "Player_ID": 1626144, "Game_ID": "0021500933", "GAME_DATE": "MAR 06, 2016", "MATCHUP": "DEN vs. DAL", "WL": "W", "MIN": 40, "FGM": 6, "FGA": 21, "FG_PCT": 0.286, "FG3M": 3, "FG3A": 7, "FG3_PCT": 0.429, "FTM": 1, "FTA": 2, "FT_PCT": 0.5, "OREB": 0, "DREB": 4, "REB": 4, "AST": 8, "STL": 2, "BLK": 2, "TOV": 2, "PF": 2, "PTS": 16, "PLUS_MINUS": 18, "VIDEO_AVAILABLE": 1}, {"SEASON_ID": "22015", "Player_ID": 1626144, "Game_ID": "0021500920", "GAME_DATE": "MAR 04, 2016", "MATCHUP": "DEN vs. BKN", "WL": "L", "MIN": 33, "FGM": 9, "FGA": 16, "FG_PCT": 0.563, "FG3M": 1, "FG3A": 3, "FG3_PCT": 0.333, "FTM": 6, "FTA": 7, "FT_PCT": 0.857, "OREB": 3, "DREB": 3, "REB": 6, "AST": 7, "STL": 2, "BLK": 1, "TOV": 3, "PF": 4, "PTS": 25, "PLUS_MINUS": 2, "VIDEO_AVAILABLE": 1}, {"SEASON_ID": "22015", "Player_ID": 1626144, "Game_ID": "0021500906", "GAME_DATE": "MAR 02, 2016", "MATCHUP": "DEN vs. LAL", "WL": "W", "MIN": 34, "FGM": 10, "FGA": 20, "FG_PCT": 0.5, "FG3M": 2, "FG3A": 4, "FG3_PCT": 0.5, "FTM": 0, "FTA": 2, "FT_PCT": 0.0, "OREB": 2, "DREB": 2, "REB": 4, "AST": 7, "STL": 0, "BLK": 1, "TOV": 2, "PF": 2, "PTS": 22, "PLUS_MINUS": 25, "VIDEO_AVAILABLE": 1}, {"SEASON_ID": "22015", "Player_ID": 1626144, "Game_ID": "0021500888", "GAME_DATE": "FEB 29, 2016", "MATCHUP": "DEN vs. MEM", "WL": "L", "MIN": 33, "FGM": 3, "FGA": 9, "FG_PCT": 0.333, "FG3M": 2, "FG3A": 4, "FG3_PCT": 0.5, "FTM": 0, "FTA": 0, "FT_PCT": 0.0, "OREB": 0, "DREB": 5, "REB": 5, "AST": 7, "STL": 0, "BLK": 2, "TOV": 4, "PF": 3, "PTS": 8, "PLUS_MINUS": -5, "VIDEO_AVAILABLE": 1}, {"SEASON_ID": "22015", "Player_ID": 1626144, "Game_ID": "0021500866", "GAME_DATE": "FEB 26, 2016", "MATCHUP": "DEN @ DAL", "WL": "L", "MIN": 26, "FGM": 1, "FGA": 5, "FG_PCT": 0.2, "FG3M": 0, "FG3A": 1, "FG3_PCT": 0.0, "FTM": 2, "FTA": 2, "FT_PCT": 1.0, "OREB": 0, "DREB": 2, "REB": 2, "AST": 6, "STL": 1, "BLK": 0, "TOV": 4, "PF": 3, "PTS": 4, "PLUS_MINUS": -4, "VIDEO_AVAILABLE": 1}, {"SEASON_ID": "22015", "Player_ID": 1626144, "Game_ID": "0021500853", "GAME_DATE": "FEB 24, 2016", "MATCHUP": "DEN @ LAC", "WL": "W", "MIN": 30, "FGM": 1, "FGA": 12, "FG_PCT": 0.083, "FG3M": 0, "FG3A": 2, "FG3_PCT": 0.0, "FTM": 2, "FTA": 2, "FT_PCT": 1.0, "OREB": 1, "DREB": 4, "REB": 5, "AST": 6, "STL": 1, "BLK": 0, "TOV": 0, "PF": 2, "PTS": 4, "PLUS_MINUS": 8, "VIDEO_AVAILABLE": 1}, {"SEASON_ID": "22015", "Player_ID": 1626144, "Game_ID": "0021500842", "GAME_DATE": "FEB 23, 2016", "MATCHUP": "DEN vs. SAC", "WL": "L", "MIN": 26, "FGM": 5, "FGA": 13, "FG_PCT": 0.385, "FG3M": 1, "FG3A": 4, "FG3_PCT": 0.25, "FTM": 0, "FTA": 0, "FT_PCT": 0.0, "OREB": 0, "DREB": 0, "REB": 0, "AST": 4, "STL": 1, "BLK": 1, "TOV": 0, "PF": 2, "PTS": 11, "PLUS_MINUS": -7, "VIDEO_AVAILABLE": 1}, {"SEASON_ID": "22015", "Player_ID": 1626144, "Game_ID": "0021500825", "GAME_DATE": "FEB 21, 2016", "MATCHUP": "DEN vs. BOS", "WL": "L", "MIN": 31, "FGM": 5, "FGA": 9, "FG_PCT": 0.556, "FG3M": 2, "FG3A": 4, "FG3_PCT": 0.5, "FTM": 6, "FTA": 6, "FT_PCT": 1.0, "OREB": 1, "DREB": 4, "REB": 5, "AST": 3, "STL": 2, "BLK": 0, "TOV": 4, "PF": 3, "PTS": 18, "PLUS_MINUS": -9, "VIDEO_AVAILABLE": 1}, {"SEASON_ID": "22015", "Player_ID": 1626144, "Game_ID": "0021500816", "GAME_DATE": "FEB 19, 2016", "MATCHUP": "DEN @ SAC", "WL": "L", "MIN": 30, "FGM": 4, "FGA": 14, "FG_PCT": 0.286, "FG3M": 0, "FG3A": 3, "FG3_PCT": 0.0, "FTM": 0, "FTA": 0, "FT_PCT": 0.0, "OREB": 0, "DREB": 2, "REB": 2, "AST": 4, "STL": 3, "BLK": 0, "TOV": 5, "PF": 2, "PTS": 8, "PLUS_MINUS": -6, "VIDEO_AVAILABLE": 1}, {"SEASON_ID": "22015", "Player_ID": 1626144, "Game_ID": "0021500794", "GAME_DATE": "FEB 10, 2016", "MATCHUP": "DEN @ DET", "WL": "W", "MIN": 34, "FGM": 6, "FGA": 12, "FG_PCT": 0.5, "FG3M": 1, "FG3A": 3, "FG3_PCT": 0.333, "FTM": 1, "FTA": 3, "FT_PCT": 0.333, "OREB": 0, "DREB": 4, "REB": 4, "AST": 6, "STL": 2, "BLK": 1, "TOV": 2, "PF": 1, "PTS": 14, "PLUS_MINUS": 15, "VIDEO_AVAILABLE": 1}, {"SEASON_ID": "22015", "Player_ID": 1626144, "Game_ID": "0021500778", "GAME_DATE": "FEB 08, 2016", "MATCHUP": "DEN @ BKN", "WL": "L", "MIN": 35, "FGM": 3, "FGA": 10, "FG_PCT": 0.3, "FG3M": 0, "FG3A": 1, "FG3_PCT": 0.0, "FTM": 1, "FTA": 2, "FT_PCT": 0.5, "OREB": 1, "DREB": 5, "REB": 6, "AST": 8, "STL": 2, "BLK": 0, "TOV": 4, "PF": 1, "PTS": 7, "PLUS_MINUS": -4, "VIDEO_AVAILABLE": 1}, {"SEASON_ID": "22015", "Player_ID": 1626144, "Game_ID": "0021500770", "GAME_DATE": "FEB 07, 2016", "MATCHUP": "DEN @ NYK", "WL": "W", "MIN": 32, "FGM": 6, "FGA": 18, "FG_PCT": 0.333, "FG3M": 2, "FG3A": 6, "FG3_PCT": 0.333, "FTM": 1, "FTA": 4, "FT_PCT": 0.25, "OREB": 0, "DREB": 4, "REB": 4, "AST": 9, "STL": 0, "BLK": 0, "TOV": 0, "PF": 0, "PTS": 15, "PLUS_MINUS": -6, "VIDEO_AVAILABLE": 1}, {"SEASON_ID": "22015", "Player_ID": 1626144, "Game_ID": "0021500757", "GAME_DATE": "FEB 05, 2016", "MATCHUP": "DEN vs. CHI", "WL": "W", "MIN": 39, "FGM": 8, "FGA": 18, "FG_PCT": 0.444, "FG3M": 1, "FG3A": 2, "FG3_PCT": 0.5, "FTM": 5, "FTA": 11, "FT_PCT": 0.455, "OREB": 0, "DREB": 0, "REB": 0, "AST": 5, "STL": 2, "BLK": 2, "TOV": 2, "PF": 1, "PTS": 22, "PLUS_MINUS": 4, "VIDEO_AVAILABLE": 1}, {"SEASON_ID": "22015", "Player_ID": 1626144, "Game_ID": "0021500743", "GAME_DATE": "FEB 03, 2016", "MATCHUP": "DEN @ UTA", "WL": "L", "MIN": 33, "FGM": 3, "FGA": 10, "FG_PCT": 0.3, "FG3M": 0, "FG3A": 0, "FG3_PCT": 0.0, "FTM": 3, "FTA": 6, "FT_PCT": 0.5, "OREB": 0, "DREB": 1, "REB": 1, "AST": 6, "STL": 2, "BLK": 0, "TOV": 3, "PF": 1, "PTS": 9, "PLUS_MINUS": 0, "VIDEO_AVAILABLE": 1}, {"SEASON_ID": "22015", "Player_ID": 1626144, "Game_ID": "0021500727", "GAME_DATE": "FEB 01, 2016", "MATCHUP": "DEN vs. TOR", "WL": "W", "MIN": 24, "FGM": 2, "FGA": 6, "FG_PCT": 0.333, "FG3M": 0, "FG3A": 2, "FG3_PCT": 0.0, "FTM": 0, "FTA": 0, "FT_PCT": 0.0, "OREB": 0, "DREB": 0, "REB": 0, "AST": 8, "STL": 2, "BLK": 1, "TOV": 1, "PF": 1, "PTS": 4, "PLUS_MINUS": 9, "VIDEO_AVAILABLE": 1}, {"SEASON_ID": "22015", "Player_ID": 1626144, "Game_ID": "0021500709", "GAME_DATE": "JAN 30, 2016", "MATCHUP": "DEN @ IND", "WL": "L", "MIN": 37, "FGM": 4, "FGA": 10, "FG_PCT": 0.4, "FG3M": 0, "FG3A": 1, "FG3_PCT": 0.0, "FTM": 3, "FTA": 5, "FT_PCT": 0.6, "OREB": 0, "DREB": 5, "REB": 5, "AST": 8, "STL": 0, "BLK": 0, "TOV": 4, "PF": 2, "PTS": 11, "PLUS_MINUS": 1, "VIDEO_AVAILABLE": 1}, {"SEASON_ID": "22015", "Player_ID": 1626144, "Game_ID": "0021500693", "GAME_DATE": "JAN 28, 2016", "MATCHUP": "DEN @ WAS", "WL": "W", "MIN": 31, "FGM": 7, "FGA": 14, "FG_PCT": 0.5, "FG3M": 1, "FG3A": 2, "FG3_PCT": 0.5, "FTM": 5, "FTA": 6, "FT_PCT": 0.833, "OREB": 0, "DREB": 4, "REB": 4, "AST": 4, "STL": 2, "BLK": 0, "TOV": 4, "PF": 4, "PTS": 20, "PLUS_MINUS": 3, "VIDEO_AVAILABLE": 1}, {"SEASON_ID": "22015", "Player_ID": 1626144, "Game_ID": "0021500685", "GAME_DATE": "JAN 27, 2016", "MATCHUP": "DEN @ BOS", "WL": "L", "MIN": 26, "FGM": 4, "FGA": 10, "FG_PCT": 0.4, "FG3M": 1, "FG3A": 2, "FG3_PCT": 0.5, "FTM": 4, "FTA": 4, "FT_PCT": 1.0, "OREB": 0, "DREB": 2, "REB": 2, "AST": 4, "STL": 0, "BLK": 0, "TOV": 5, "PF": 3, "PTS": 13, "PLUS_MINUS": -7, "VIDEO_AVAILABLE": 1}, {"SEASON_ID": "22015", "Player_ID": 1626144, "Game_ID": "0021500672", "GAME_DATE": "JAN 25, 2016", "MATCHUP": "DEN vs. ATL", "WL": "L", "MIN": 30, "FGM": 4, "FGA": 13, "FG_PCT": 0.308, "FG3M": 1, "FG3A": 3, "FG3_PCT": 0.333, "FTM": 1, "FTA": 2, "FT_PCT": 0.5, "OREB": 0, "DREB": 1, "REB": 1, "AST": 6, "STL": 1, "BLK": 0, "TOV": 3, "PF": 2, "PTS": 10, "PLUS_MINUS": -11, "VIDEO_AVAILABLE": 1}, {"SEASON_ID": "22015", "Player_ID": 1626144, "Game_ID": "0021500661", "GAME_DATE": "JAN 23, 2016", "MATCHUP": "DEN vs. DET", "WL": "W", "MIN": 35, "FGM": 6, "FGA": 15, "FG_PCT": 0.4, "FG3M": 1, "FG3A": 4, "FG3_PCT": 0.25, "FTM": 5, "FTA": 6, "FT_PCT": 0.833, "OREB": 0, "DREB": 4, "REB": 4, "AST": 4, "STL": 1, "BLK": 1, "TOV": 4, "PF": 3, "PTS": 18, "PLUS_MINUS": 16, "VIDEO_AVAILABLE": 1}, {"SEASON_ID": "22015", "Player_ID": 1626144, "Game_ID": "0021500642", "GAME_DATE": "JAN 21, 2016", "MATCHUP": "DEN vs. MEM", "WL": "L", "MIN": 33, "FGM": 6, "FGA": 13, "FG_PCT": 0.462, "FG3M": 2, "FG3A": 5, "FG3_PCT": 0.4, "FTM": 0, "FTA": 2, "FT_PCT": 0.0, "OREB": 0, "DREB": 3, "REB": 3, "AST": 8, "STL": 0, "BLK": 0, "TOV": 1, "PF": 2, "PTS": 14, "PLUS_MINUS": -3, "VIDEO_AVAILABLE": 1}, {"SEASON_ID": "22015", "Player_ID": 1626144, "Game_ID": "0021500627", "GAME_DATE": "JAN 19, 2016", "MATCHUP": "DEN vs. OKC", "WL": "L", "MIN": 33, "FGM": 5, "FGA": 14, "FG_PCT": 0.357, "FG3M": 0, "FG3A": 1, "FG3_PCT": 0.0, "FTM": 3, "FTA": 7, "FT_PCT": 0.429, "OREB": 0, "DREB": 3, "REB": 3, "AST": 9, "STL": 0, "BLK": 0, "TOV": 3, "PF": 2, "PTS": 13, "PLUS_MINUS": -1, "VIDEO_AVAILABLE": 1}, {"SEASON_ID": "22015", "Player_ID": 1626144, "Game_ID": "0021500613", "GAME_DATE": "JAN 17, 2016", "MATCHUP": "DEN vs. IND", "WL": "W", "MIN": 37, "FGM": 4, "FGA": 10, "FG_PCT": 0.4, "FG3M": 0, "FG3A": 1, "FG3_PCT": 0.0, "FTM": 2, "FTA": 8, "FT_PCT": 0.25, "OREB": 0, "DREB": 4, "REB": 4, "AST": 6, "STL": 3, "BLK": 1, "TOV": 7, "PF": 5, "PTS": 10, "PLUS_MINUS": 4, "VIDEO_AVAILABLE": 1}, {"SEASON_ID": "22015", "Player_ID": 1626144, "Game_ID": "0021500600", "GAME_DATE": "JAN 15, 2016", "MATCHUP": "DEN vs. MIA", "WL": "L", "MIN": 26, "FGM": 5, "FGA": 11, "FG_PCT": 0.455, "FG3M": 2, "FG3A": 3, "FG3_PCT": 0.667, "FTM": 4, "FTA": 4, "FT_PCT": 1.0, "OREB": 0, "DREB": 1, "REB": 1, "AST": 4, "STL": 0, "BLK": 1, "TOV": 2, "PF": 0, "PTS": 16, "PLUS_MINUS": 2, "VIDEO_AVAILABLE": 1}, {"SEASON_ID": "22015", "Player_ID": 1626144, "Game_ID": "0021500583", "GAME_DATE": "JAN 13, 2016", "MATCHUP": "DEN vs. GSW", "WL": "W", "MIN": 17, "FGM": 1, "FGA": 7, "FG_PCT": 0.143, "FG3M": 0, "FG3A": 2, "FG3_PCT": 0.0, "FTM": 2, "FTA": 2, "FT_PCT": 1.0, "OREB": 0, "DREB": 2, "REB": 2, "AST": 2, "STL": 1, "BLK": 0, "TOV": 1, "PF": 2, "PTS": 4, "PLUS_MINUS": -1, "VIDEO_AVAILABLE": 1}, {"SEASON_ID": "22015", "Player_ID": 1626144, "Game_ID": "0021500563", "GAME_DATE": "JAN 10, 2016", "MATCHUP": "DEN vs. CHA", "WL": "W", "MIN": 39, "FGM": 5, "FGA": 15, "FG_PCT": 0.333, "FG3M": 1, "FG3A": 3, "FG3_PCT": 0.333, "FTM": 0, "FTA": 0, "FT_PCT": 0.0, "OREB": 0, "DREB": 4, "REB": 4, "AST": 6, "STL": 2, "BLK": 1, "TOV": 4, "PF": 0, "PTS": 11, "PLUS_MINUS": -2, "VIDEO_AVAILABLE": 1}, {"SEASON_ID": "22015", "Player_ID": 1626144, "Game_ID": "0021500340", "GAME_DATE": "DEC 11, 2015", "MATCHUP": "DEN vs. MIN", "WL": "W", "MIN": 12, "FGM": 1, "FGA": 5, "FG_PCT": 0.2, "FG3M": 0, "FG3A": 2, "FG3_PCT": 0.0, "FTM": 0, "FTA": 0, "FT_PCT": 0.0, "OREB": 0, "DREB": 2, "REB": 2, "AST": 1, "STL": 0, "BLK": 0, "TOV": 2, "PF": 2, "PTS": 2, "PLUS_MINUS": -8, "VIDEO_AVAILABLE": 1}, {"SEASON_ID": "22015", "Player_ID": 1626144, "Game_ID": "0021500317", "GAME_DATE": "DEC 08, 2015", "MATCHUP": "DEN vs. ORL", "WL": "L", "MIN": 22, "FGM": 2, "FGA": 5, "FG_PCT": 0.4, "FG3M": 0, "FG3A": 1, "FG3_PCT": 0.0, "FTM": 2, "FTA": 2, "FT_PCT": 1.0, "OREB": 2, "DREB": 1, "REB": 3, "AST": 4, "STL": 1, "BLK": 1, "TOV": 5, "PF": 1, "PTS": 6, "PLUS_MINUS": -6, "VIDEO_AVAILABLE": 1}, {"SEASON_ID": "22015", "Player_ID": 1626144, "Game_ID": "0021500289", "GAME_DATE": "DEC 05, 2015", "MATCHUP": "DEN @ PHI", "WL": "W", "MIN": 31, "FGM": 4, "FGA": 12, "FG_PCT": 0.333, "FG3M": 1, "FG3A": 3, "FG3_PCT": 0.333, "FTM": 1, "FTA": 2, "FT_PCT": 0.5, "OREB": 2, "DREB": 3, "REB": 5, "AST": 6, "STL": 1, "BLK": 0, "TOV": 7, "PF": 1, "PTS": 10, "PLUS_MINUS": -3, "VIDEO_AVAILABLE": 1}, {"SEASON_ID": "22015", "Player_ID": 1626144, "Game_ID": "0021500278", "GAME_DATE": "DEC 03, 2015", "MATCHUP": "DEN @ TOR", "WL": "W", "MIN": 32, "FGM": 2, "FGA": 9, "FG_PCT": 0.222, "FG3M": 1, "FG3A": 2, "FG3_PCT": 0.5, "FTM": 0, "FTA": 0, "FT_PCT": 0.0, "OREB": 0, "DREB": 3, "REB": 3, "AST": 9, "STL": 0, "BLK": 0, "TOV": 3, "PF": 2, "PTS": 5, "PLUS_MINUS": 12, "VIDEO_AVAILABLE": 1}, {"SEASON_ID": "22015", "Player_ID": 1626144, "Game_ID": "0021500273", "GAME_DATE": "DEC 02, 2015", "MATCHUP": "DEN @ CHI", "WL": "L", "MIN": 30, "FGM": 2, "FGA": 13, "FG_PCT": 0.154, "FG3M": 0, "FG3A": 2, "FG3_PCT": 0.0, "FTM": 0, "FTA": 2, "FT_PCT": 0.0, "OREB": 1, "DREB": 2, "REB": 3, "AST": 7, "STL": 2, "BLK": 1, "TOV": 2, "PF": 1, "PTS": 4, "PLUS_MINUS": 2, "VIDEO_AVAILABLE": 1}, {"SEASON_ID": "22015", "Player_ID": 1626144, "Game_ID": "0021500258", "GAME_DATE": "NOV 30, 2015", "MATCHUP": "DEN @ MIL", "WL": "L", "MIN": 29, "FGM": 3, "FGA": 11, "FG_PCT": 0.273, "FG3M": 1, "FG3A": 5, "FG3_PCT": 0.2, "FTM": 3, "FTA": 4, "FT_PCT": 0.75, "OREB": 0, "DREB": 1, "REB": 1, "AST": 4, "STL": 1, "BLK": 0, "TOV": 5, "PF": 2, "PTS": 10, "PLUS_MINUS": -11, "VIDEO_AVAILABLE": 1}, {"SEASON_ID": "22015", "Player_ID": 1626144, "Game_ID": "0021500241", "GAME_DATE": "NOV 28, 2015", "MATCHUP": "DEN @ DAL", "WL": "L", "MIN": 34, "FGM": 5, "FGA": 15, "FG_PCT": 0.333, "FG3M": 0, "FG3A": 3, "FG3_PCT": 0.0, "FTM": 2, "FTA": 4, "FT_PCT": 0.5, "OREB": 0, "DREB": 5, "REB": 5, "AST": 4, "STL": 1, "BLK": 0, "TOV": 2, "PF": 4, "PTS": 12, "PLUS_MINUS": -5, "VIDEO_AVAILABLE": 1}, {"SEASON_ID": "22015", "Player_ID": 1626144, "Game_ID": "0021500235", "GAME_DATE": "NOV 27, 2015", "MATCHUP": "DEN vs. SAS", "WL": "L", "MIN": 29, "FGM": 3, "FGA": 14, "FG_PCT": 0.214, "FG3M": 0, "FG3A": 1, "FG3_PCT": 0.0, "FTM": 3, "FTA": 3, "FT_PCT": 1.0, "OREB": 1, "DREB": 2, "REB": 3, "AST": 3, "STL": 0, "BLK": 0, "TOV": 2, "PF": 3, "PTS": 9, "PLUS_MINUS": -13, "VIDEO_AVAILABLE": 1}, {"SEASON_ID": "22015", "Player_ID": 1626144, "Game_ID": "0021500212", "GAME_DATE": "NOV 24, 2015", "MATCHUP": "DEN vs. LAC", "WL": "L", "MIN": 24, "FGM": 3, "FGA": 8, "FG_PCT": 0.375, "FG3M": 1, "FG3A": 3, "FG3_PCT": 0.333, "FTM": 0, "FTA": 0, "FT_PCT": 0.0, "OREB": 1, "DREB": 2, "REB": 3, "AST": 4, "STL": 1, "BLK": 0, "TOV": 3, "PF": 4, "PTS": 7, "PLUS_MINUS": -17, "VIDEO_AVAILABLE": 1}, {"SEASON_ID": "22015", "Player_ID": 1626144, "Game_ID": "0021500200", "GAME_DATE": "NOV 22, 2015", "MATCHUP": "DEN vs. GSW", "WL": "L", "MIN": 33, "FGM": 6, "FGA": 21, "FG_PCT": 0.286, "FG3M": 1, "FG3A": 4, "FG3_PCT": 0.25, "FTM": 4, "FTA": 4, "FT_PCT": 1.0, "OREB": 1, "DREB": 1, "REB": 2, "AST": 8, "STL": 1, "BLK": 1, "TOV": 3, "PF": 2, "PTS": 17, "PLUS_MINUS": -10, "VIDEO_AVAILABLE": 1}, {"SEASON_ID": "22015", "Player_ID": 1626144, "Game_ID": "0021500185", "GAME_DATE": "NOV 20, 2015", "MATCHUP": "DEN vs. PHX", "WL": "L", "MIN": 29, "FGM": 10, "FGA": 16, "FG_PCT": 0.625, "FG3M": 1, "FG3A": 3, "FG3_PCT": 0.333, "FTM": 5, "FTA": 7, "FT_PCT": 0.714, "OREB": 1, "DREB": 2, "REB": 3, "AST": 5, "STL": 3, "BLK": 1, "TOV": 6, "PF": 2, "PTS": 26, "PLUS_MINUS": -8, "VIDEO_AVAILABLE": 1}, {"SEASON_ID": "22015", "Player_ID": 1626144, "Game_ID": "0021500172", "GAME_DATE": "NOV 18, 2015", "MATCHUP": "DEN @ SAS", "WL": "L", "MIN": 27, "FGM": 2, "FGA": 12, "FG_PCT": 0.167, "FG3M": 0, "FG3A": 0, "FG3_PCT": 0.0, "FTM": 1, "FTA": 1, "FT_PCT": 1.0, "OREB": 1, "DREB": 2, "REB": 3, "AST": 7, "STL": 0, "BLK": 0, "TOV": 2, "PF": 2, "PTS": 5, "PLUS_MINUS": -18, "VIDEO_AVAILABLE": 1}, {"SEASON_ID": "22015", "Player_ID": 1626144, "Game_ID": "0021500163", "GAME_DATE": "NOV 17, 2015", "MATCHUP": "DEN @ NOP", "WL": "W", "MIN": 33, "FGM": 5, "FGA": 14, "FG_PCT": 0.357, "FG3M": 0, "FG3A": 1, "FG3_PCT": 0.0, "FTM": 2, "FTA": 3, "FT_PCT": 0.667, "OREB": 1, "DREB": 2, "REB": 3, "AST": 8, "STL": 1, "BLK": 2, "TOV": 2, "PF": 1, "PTS": 12, "PLUS_MINUS": 17, "VIDEO_AVAILABLE": 1}, {"SEASON_ID": "22015", "Player_ID": 1626144, "Game_ID": "0021500143", "GAME_DATE": "NOV 14, 2015", "MATCHUP": "DEN @ PHX", "WL": "L", "MIN": 24, "FGM": 6, "FGA": 18, "FG_PCT": 0.333, "FG3M": 1, "FG3A": 7, "FG3_PCT": 0.143, "FTM": 0, "FTA": 0, "FT_PCT": 0.0, "OREB": 0, "DREB": 5, "REB": 5, "AST": 1, "STL": 0, "BLK": 1, "TOV": 3, "PF": 0, "PTS": 13, "PLUS_MINUS": -4, "VIDEO_AVAILABLE": 1}, {"SEASON_ID": "22015", "Player_ID": 1626144, "Game_ID": "0021500136", "GAME_DATE": "NOV 13, 2015", "MATCHUP": "DEN vs. HOU", "WL": "W", "MIN": 33, "FGM": 1, "FGA": 10, "FG_PCT": 0.1, "FG3M": 0, "FG3A": 3, "FG3_PCT": 0.0, "FTM": 0, "FTA": 0, "FT_PCT": 0.0, "OREB": 1, "DREB": 3, "REB": 4, "AST": 11, "STL": 2, "BLK": 2, "TOV": 9, "PF": 2, "PTS": 2, "PLUS_MINUS": 7, "VIDEO_AVAILABLE": 1}, {"SEASON_ID": "22015", "Player_ID": 1626144, "Game_ID": "0021500121", "GAME_DATE": "NOV 11, 2015", "MATCHUP": "DEN vs. MIL", "WL": "W", "MIN": 35, "FGM": 5, "FGA": 16, "FG_PCT": 0.313, "FG3M": 1, "FG3A": 6, "FG3_PCT": 0.167, "FTM": 5, "FTA": 8, "FT_PCT": 0.625, "OREB": 1, "DREB": 2, "REB": 3, "AST": 11, "STL": 1, "BLK": 0, "TOV": 1, "PF": 1, "PTS": 16, "PLUS_MINUS": 2, "VIDEO_AVAILABLE": 1}, {"SEASON_ID": "22015", "Player_ID": 1626144, "Game_ID": "0021500102", "GAME_DATE": "NOV 09, 2015", "MATCHUP": "DEN vs. POR", "WL": "W", "MIN": 28, "FGM": 6, "FGA": 12, "FG_PCT": 0.5, "FG3M": 1, "FG3A": 3, "FG3_PCT": 0.333, "FTM": 5, "FTA": 7, "FT_PCT": 0.714, "OREB": 1, "DREB": 5, "REB": 6, "AST": 5, "STL": 0, "BLK": 2, "TOV": 2, "PF": 3, "PTS": 18, "PLUS_MINUS": -4, "VIDEO_AVAILABLE": 1}, {"SEASON_ID": "22015", "Player_ID": 1626144, "Game_ID": "0021500083", "GAME_DATE": "NOV 06, 2015", "MATCHUP": "DEN @ GSW", "WL": "L", "MIN": 30, "FGM": 6, "FGA": 20, "FG_PCT": 0.3, "FG3M": 0, "FG3A": 4, "FG3_PCT": 0.0, "FTM": 1, "FTA": 2, "FT_PCT": 0.5, "OREB": 1, "DREB": 3, "REB": 4, "AST": 5, "STL": 4, "BLK": 1, "TOV": 4, "PF": 3, "PTS": 13, "PLUS_MINUS": -11, "VIDEO_AVAILABLE": 1}, {"SEASON_ID": "22015", "Player_ID": 1626144, "Game_ID": "0021500073", "GAME_DATE": "NOV 05, 2015", "MATCHUP": "DEN vs. UTA", "WL": "L", "MIN": 30, "FGM": 2, "FGA": 8, "FG_PCT": 0.25, "FG3M": 1, "FG3A": 3, "FG3_PCT": 0.333, "FTM": 3, "FTA": 4, "FT_PCT": 0.75, "OREB": 1, "DREB": 6, "REB": 7, "AST": 3, "STL": 0, "BLK": 0, "TOV": 3, "PF": 2, "PTS": 8, "PLUS_MINUS": -9, "VIDEO_AVAILABLE": 1}, {"SEASON_ID": "22015", "Player_ID": 1626144, "Game_ID": "0021500059", "GAME_DATE": "NOV 03, 2015", "MATCHUP": "DEN @ LAL", "WL": "W", "MIN": 31, "FGM": 3, "FGA": 13, "FG_PCT": 0.231, "FG3M": 3, "FG3A": 4, "FG3_PCT": 0.75, "FTM": 3, "FTA": 3, "FT_PCT": 1.0, "OREB": 1, "DREB": 1, "REB": 2, "AST": 10, "STL": 1, "BLK": 1, "TOV": 6, "PF": 4, "PTS": 12, "PLUS_MINUS": 10, "VIDEO_AVAILABLE": 1}, {"SEASON_ID": "22015", "Player_ID": 1626144, "Game_ID": "0021500044", "GAME_DATE": "NOV 01, 2015", "MATCHUP": "DEN @ OKC", "WL": "L", "MIN": 27, "FGM": 3, "FGA": 14, "FG_PCT": 0.214, "FG3M": 0, "FG3A": 3, "FG3_PCT": 0.0, "FTM": 0, "FTA": 0, "FT_PCT": 0.0, "OREB": 1, "DREB": 3, "REB": 4, "AST": 5, "STL": 1, "BLK": 0, "TOV": 4, "PF": 1, "PTS": 6, "PLUS_MINUS": -20, "VIDEO_AVAILABLE": 1}, {"SEASON_ID": "22015", "Player_ID": 1626144, "Game_ID": "0021500029", "GAME_DATE": "OCT 30, 2015", "MATCHUP": "DEN vs. MIN", "WL": "L", "MIN": 27, "FGM": 5, "FGA": 15, "FG_PCT": 0.333, "FG3M": 2, "FG3A": 5, "FG3_PCT": 0.4, "FTM": 3, "FTA": 6, "FT_PCT": 0.5, "OREB": 0, "DREB": 2, "REB": 2, "AST": 2, "STL": 2, "BLK": 2, "TOV": 4, "PF": 2, "PTS": 15, "PLUS_MINUS": -13, "VIDEO_AVAILABLE": 1}, {"SEASON_ID": "22015", "Player_ID": 1626144, "Game_ID": "0021500010", "GAME_DATE": "OCT 28, 2015", "MATCHUP": "DEN @ HOU", "WL": "W", "MIN": 38, "FGM": 6, "FGA": 13, "FG_PCT": 0.462, "FG3M": 3, "FG3A": 5, "FG3_PCT": 0.6, "FTM": 2, "FTA": 4, "FT_PCT": 0.5, "OREB": 0, "DREB": 5, "REB": 5, "AST": 9, "STL": 0, "BLK": 0, "TOV": 11, "PF": 4, "PTS": 17, "PLUS_MINUS": 13, "VIDEO_AVAILABLE": 1}, {"SEASON_ID": "22017", "Player_ID": 1626144, "Game_ID": "0021701186", "GAME_DATE": "APR 06, 2018", "MATCHUP": "NYK vs. MIA", "WL": "W", "MIN": 8, "FGM": 0, "FGA": 2, "FG_PCT": 0.0, "FG3M": 0, "FG3A": 1, "FG3_PCT": 0.0, "FTM": 0, "FTA": 0, "FT_PCT": 0.0, "OREB": 0, "DREB": 1, "REB": 1, "AST": 1, "STL": 0, "BLK": 0, "TOV": 1, "PF": 1, "PTS": 0, "PLUS_MINUS": 8, "VIDEO_AVAILABLE": 1}, {"SEASON_ID": "22017", "Player_ID": 1626144, "Game_ID": "0021701159", "GAME_DATE": "APR 03, 2018", "MATCHUP": "NYK vs. ORL", "WL": "L", "MIN": 18, "FGM": 1, "FGA": 7, "FG_PCT": 0.143, "FG3M": 0, "FG3A": 2, "FG3_PCT": 0.0, "FTM": 0, "FTA": 0, "FT_PCT": 0.0, "OREB": 0, "DREB": 2, "REB": 2, "AST": 1, "STL": 0, "BLK": 0, "TOV": 2, "PF": 1, "PTS": 2, "PLUS_MINUS": -7, "VIDEO_AVAILABLE": 1}, {"SEASON_ID": "22017", "Player_ID": 1626144, "Game_ID": "0021701139", "GAME_DATE": "MAR 31, 2018", "MATCHUP": "NYK vs. DET", "WL": "L", "MIN": 20, "FGM": 2, "FGA": 6, "FG_PCT": 0.333, "FG3M": 0, "FG3A": 1, "FG3_PCT": 0.0, "FTM": 0, "FTA": 0, "FT_PCT": 0.0, "OREB": 1, "DREB": 1, "REB": 2, "AST": 2, "STL": 0, "BLK": 0, "TOV": 3, "PF": 1, "PTS": 4, "PLUS_MINUS": -16, "VIDEO_AVAILABLE": 1}, {"SEASON_ID": "22017", "Player_ID": 1626144, "Game_ID": "0021701118", "GAME_DATE": "MAR 28, 2018", "MATCHUP": "NYK @ PHI", "WL": "L", "MIN": 25, "FGM": 8, "FGA": 15, "FG_PCT": 0.533, "FG3M": 1, "FG3A": 2, "FG3_PCT": 0.5, "FTM": 5, "FTA": 6, "FT_PCT": 0.833, "OREB": 1, "DREB": 3, "REB": 4, "AST": 2, "STL": 1, "BLK": 2, "TOV": 3, "PF": 3, "PTS": 22, "PLUS_MINUS": -1, "VIDEO_AVAILABLE": 1}, {"SEASON_ID": "22017", "Player_ID": 1626144, "Game_ID": "0021701098", "GAME_DATE": "MAR 25, 2018", "MATCHUP": "NYK @ WAS", "WL": "W", "MIN": 21, "FGM": 4, "FGA": 8, "FG_PCT": 0.5, "FG3M": 1, "FG3A": 2, "FG3_PCT": 0.5, "FTM": 2, "FTA": 2, "FT_PCT": 1.0, "OREB": 0, "DREB": 6, "REB": 6, "AST": 7, "STL": 1, "BLK": 0, "TOV": 0, "PF": 1, "PTS": 11, "PLUS_MINUS": 8, "VIDEO_AVAILABLE": 1}, {"SEASON_ID": "22017", "Player_ID": 1626144, "Game_ID": "0021701081", "GAME_DATE": "MAR 23, 2018", "MATCHUP": "NYK vs. MIN", "WL": "L", "MIN": 5, "FGM": 0, "FGA": 1, "FG_PCT": 0.0, "FG3M": 0, "FG3A": 0, "FG3_PCT": 0.0, "FTM": 0, "FTA": 0, "FT_PCT": 0.0, "OREB": 0, "DREB": 0, "REB": 0, "AST": 1, "STL": 0, "BLK": 0, "TOV": 0, "PF": 1, "PTS": 0, "PLUS_MINUS": -8, "VIDEO_AVAILABLE": 1}, {"SEASON_ID": "22017", "Player_ID": 1626144, "Game_ID": "0021701068", "GAME_DATE": "MAR 21, 2018", "MATCHUP": "NYK @ MIA", "WL": "L", "MIN": 28, "FGM": 3, "FGA": 10, "FG_PCT": 0.3, "FG3M": 0, "FG3A": 2, "FG3_PCT": 0.0, "FTM": 2, "FTA": 2, "FT_PCT": 1.0, "OREB": 0, "DREB": 4, "REB": 4, "AST": 4, "STL": 2, "BLK": 0, "TOV": 0, "PF": 1, "PTS": 8, "PLUS_MINUS": -2, "VIDEO_AVAILABLE": 1}, {"SEASON_ID": "22017", "Player_ID": 1626144, "Game_ID": "0021701055", "GAME_DATE": "MAR 19, 2018", "MATCHUP": "NYK vs. CHI", "WL": "W", "MIN": 21, "FGM": 2, "FGA": 8, "FG_PCT": 0.25, "FG3M": 0, "FG3A": 1, "FG3_PCT": 0.0, "FTM": 0, "FTA": 0, "FT_PCT": 0.0, "OREB": 0, "DREB": 2, "REB": 2, "AST": 3, "STL": 1, "BLK": 1, "TOV": 2, "PF": 1, "PTS": 4, "PLUS_MINUS": 14, "VIDEO_AVAILABLE": 1}, {"SEASON_ID": "22017", "Player_ID": 1626144, "Game_ID": "0021701038", "GAME_DATE": "MAR 17, 2018", "MATCHUP": "NYK vs. CHA", "WL": "W", "MIN": 16, "FGM": 3, "FGA": 8, "FG_PCT": 0.375, "FG3M": 0, "FG3A": 1, "FG3_PCT": 0.0, "FTM": 1, "FTA": 2, "FT_PCT": 0.5, "OREB": 2, "DREB": 3, "REB": 5, "AST": 3, "STL": 1, "BLK": 1, "TOV": 0, "PF": 1, "PTS": 7, "PLUS_MINUS": 10, "VIDEO_AVAILABLE": 1}, {"SEASON_ID": "22017", "Player_ID": 1626144, "Game_ID": "0021701022", "GAME_DATE": "MAR 15, 2018", "MATCHUP": "NYK vs. PHI", "WL": "L", "MIN": 28, "FGM": 5, "FGA": 12, "FG_PCT": 0.417, "FG3M": 0, "FG3A": 1, "FG3_PCT": 0.0, "FTM": 2, "FTA": 2, "FT_PCT": 1.0, "OREB": 0, "DREB": 0, "REB": 0, "AST": 4, "STL": 2, "BLK": 0, "TOV": 2, "PF": 3, "PTS": 12, "PLUS_MINUS": -13, "VIDEO_AVAILABLE": 1}, {"SEASON_ID": "22017", "Player_ID": 1626144, "Game_ID": "0021701009", "GAME_DATE": "MAR 13, 2018", "MATCHUP": "NYK vs. DAL", "WL": "L", "MIN": 26, "FGM": 4, "FGA": 9, "FG_PCT": 0.444, "FG3M": 2, "FG3A": 4, "FG3_PCT": 0.5, "FTM": 0, "FTA": 0, "FT_PCT": 0.0, "OREB": 0, "DREB": 1, "REB": 1, "AST": 2, "STL": 1, "BLK": 0, "TOV": 3, "PF": 1, "PTS": 10, "PLUS_MINUS": -9, "VIDEO_AVAILABLE": 1}, {"SEASON_ID": "22017", "Player_ID": 1626144, "Game_ID": "0021700992", "GAME_DATE": "MAR 11, 2018", "MATCHUP": "NYK vs. TOR", "WL": "L", "MIN": 30, "FGM": 6, "FGA": 13, "FG_PCT": 0.462, "FG3M": 1, "FG3A": 2, "FG3_PCT": 0.5, "FTM": 0, "FTA": 0, "FT_PCT": 0.0, "OREB": 1, "DREB": 2, "REB": 3, "AST": 5, "STL": 2, "BLK": 0, "TOV": 1, "PF": 4, "PTS": 13, "PLUS_MINUS": -13, "VIDEO_AVAILABLE": 1}, {"SEASON_ID": "22017", "Player_ID": 1626144, "Game_ID": "0021700981", "GAME_DATE": "MAR 09, 2018", "MATCHUP": "NYK @ MIL", "WL": "L", "MIN": 28, "FGM": 7, "FGA": 14, "FG_PCT": 0.5, "FG3M": 1, "FG3A": 3, "FG3_PCT": 0.333, "FTM": 4, "FTA": 7, "FT_PCT": 0.571, "OREB": 0, "DREB": 2, "REB": 2, "AST": 4, "STL": 1, "BLK": 0, "TOV": 3, "PF": 2, "PTS": 19, "PLUS_MINUS": -5, "VIDEO_AVAILABLE": 1}, {"SEASON_ID": "22017", "Player_ID": 1626144, "Game_ID": "0021700962", "GAME_DATE": "MAR 06, 2018", "MATCHUP": "NYK @ POR", "WL": "L", "MIN": 26, "FGM": 1, "FGA": 9, "FG_PCT": 0.111, "FG3M": 0, "FG3A": 2, "FG3_PCT": 0.0, "FTM": 1, "FTA": 1, "FT_PCT": 1.0, "OREB": 1, "DREB": 1, "REB": 2, "AST": 4, "STL": 1, "BLK": 0, "TOV": 6, "PF": 1, "PTS": 3, "PLUS_MINUS": -13, "VIDEO_AVAILABLE": 1}, {"SEASON_ID": "22017", "Player_ID": 1626144, "Game_ID": "0021700949", "GAME_DATE": "MAR 04, 2018", "MATCHUP": "NYK @ SAC", "WL": "L", "MIN": 19, "FGM": 0, "FGA": 6, "FG_PCT": 0.0, "FG3M": 0, "FG3A": 3, "FG3_PCT": 0.0, "FTM": 0, "FTA": 2, "FT_PCT": 0.0, "OREB": 0, "DREB": 1, "REB": 1, "AST": 3, "STL": 0, "BLK": 0, "TOV": 0, "PF": 2, "PTS": 0, "PLUS_MINUS": -6, "VIDEO_AVAILABLE": 1}, {"SEASON_ID": "22017", "Player_ID": 1626144, "Game_ID": "0021700935", "GAME_DATE": "MAR 02, 2018", "MATCHUP": "NYK @ LAC", "WL": "L", "MIN": 26, "FGM": 2, "FGA": 10, "FG_PCT": 0.2, "FG3M": 0, "FG3A": 1, "FG3_PCT": 0.0, "FTM": 5, "FTA": 6, "FT_PCT": 0.833, "OREB": 1, "DREB": 2, "REB": 3, "AST": 7, "STL": 0, "BLK": 0, "TOV": 2, "PF": 1, "PTS": 9, "PLUS_MINUS": -24, "VIDEO_AVAILABLE": 1}, {"SEASON_ID": "22017", "Player_ID": 1626144, "Game_ID": "0021700900", "GAME_DATE": "FEB 26, 2018", "MATCHUP": "NYK vs. GSW", "WL": "L", "MIN": 31, "FGM": 8, "FGA": 15, "FG_PCT": 0.533, "FG3M": 3, "FG3A": 5, "FG3_PCT": 0.6, "FTM": 1, "FTA": 2, "FT_PCT": 0.5, "OREB": 1, "DREB": 1, "REB": 2, "AST": 7, "STL": 2, "BLK": 1, "TOV": 0, "PF": 0, "PTS": 20, "PLUS_MINUS": -22, "VIDEO_AVAILABLE": 1}, {"SEASON_ID": "22017", "Player_ID": 1626144, "Game_ID": "0021700886", "GAME_DATE": "FEB 24, 2018", "MATCHUP": "NYK vs. BOS", "WL": "L", "MIN": 25, "FGM": 4, "FGA": 12, "FG_PCT": 0.333, "FG3M": 0, "FG3A": 3, "FG3_PCT": 0.0, "FTM": 5, "FTA": 8, "FT_PCT": 0.625, "OREB": 0, "DREB": 4, "REB": 4, "AST": 6, "STL": 1, "BLK": 1, "TOV": 4, "PF": 1, "PTS": 13, "PLUS_MINUS": -7, "VIDEO_AVAILABLE": 1}, {"SEASON_ID": "22017", "Player_ID": 1626144, "Game_ID": "0021700868", "GAME_DATE": "FEB 22, 2018", "MATCHUP": "NYK @ ORL", "WL": "W", "MIN": 23, "FGM": 4, "FGA": 9, "FG_PCT": 0.444, "FG3M": 0, "FG3A": 2, "FG3_PCT": 0.0, "FTM": 0, "FTA": 0, "FT_PCT": 0.0, "OREB": 1, "DREB": 4, "REB": 5, "AST": 4, "STL": 1, "BLK": 0, "TOV": 2, "PF": 1, "PTS": 8, "PLUS_MINUS": -8, "VIDEO_AVAILABLE": 1}, {"SEASON_ID": "22017", "Player_ID": 1626144, "Game_ID": "0021700857", "GAME_DATE": "FEB 14, 2018", "MATCHUP": "NYK vs. WAS", "WL": "L", "MIN": 20, "FGM": 3, "FGA": 9, "FG_PCT": 0.333, "FG3M": 0, "FG3A": 2, "FG3_PCT": 0.0, "FTM": 2, "FTA": 3, "FT_PCT": 0.667, "OREB": 1, "DREB": 2, "REB": 3, "AST": 3, "STL": 2, "BLK": 0, "TOV": 4, "PF": 1, "PTS": 8, "PLUS_MINUS": -4, "VIDEO_AVAILABLE": 1}, {"SEASON_ID": "22017", "Player_ID": 1626144, "Game_ID": "0021700842", "GAME_DATE": "FEB 12, 2018", "MATCHUP": "NYK @ PHI", "WL": "L", "MIN": 19, "FGM": 3, "FGA": 7, "FG_PCT": 0.429, "FG3M": 0, "FG3A": 3, "FG3_PCT": 0.0, "FTM": 1, "FTA": 4, "FT_PCT": 0.25, "OREB": 0, "DREB": 4, "REB": 4, "AST": 2, "STL": 1, "BLK": 1, "TOV": 1, "PF": 2, "PTS": 7, "PLUS_MINUS": -18, "VIDEO_AVAILABLE": 1}, {"SEASON_ID": "22017", "Player_ID": 1626144, "Game_ID": "0021700836", "GAME_DATE": "FEB 11, 2018", "MATCHUP": "NYK @ IND", "WL": "L", "MIN": 29, "FGM": 5, "FGA": 14, "FG_PCT": 0.357, "FG3M": 0, "FG3A": 3, "FG3_PCT": 0.0, "FTM": 4, "FTA": 4, "FT_PCT": 1.0, "OREB": 0, "DREB": 2, "REB": 2, "AST": 10, "STL": 0, "BLK": 0, "TOV": 2, "PF": 3, "PTS": 14, "PLUS_MINUS": 2, "VIDEO_AVAILABLE": 1}, {"SEASON_ID": "22017", "Player_ID": 1626144, "Game_ID": "0021700794", "GAME_DATE": "FEB 05, 2018", "MATCHUP": "DEN vs. CHA", "WL": "W", "MIN": 18, "FGM": 5, "FGA": 7, "FG_PCT": 0.714, "FG3M": 1, "FG3A": 1, "FG3_PCT": 1.0, "FTM": 1, "FTA": 1, "FT_PCT": 1.0, "OREB": 0, "DREB": 2, "REB": 2, "AST": 2, "STL": 1, "BLK": 0, "TOV": 1, "PF": 0, "PTS": 12, "PLUS_MINUS": 4, "VIDEO_AVAILABLE": 1}, {"SEASON_ID": "22017", "Player_ID": 1626144, "Game_ID": "0021700782", "GAME_DATE": "FEB 03, 2018", "MATCHUP": "DEN vs. GSW", "WL": "W", "MIN": 21, "FGM": 3, "FGA": 9, "FG_PCT": 0.333, "FG3M": 1, "FG3A": 3, "FG3_PCT": 0.333, "FTM": 0, "FTA": 0, "FT_PCT": 0.0, "OREB": 1, "DREB": 5, "REB": 6, "AST": 3, "STL": 1, "BLK": 0, "TOV": 1, "PF": 2, "PTS": 7, "PLUS_MINUS": 7, "VIDEO_AVAILABLE": 1}, {"SEASON_ID": "22017", "Player_ID": 1626144, "Game_ID": "0021700765", "GAME_DATE": "FEB 01, 2018", "MATCHUP": "DEN vs. OKC", "WL": "W", "MIN": 14, "FGM": 3, "FGA": 8, "FG_PCT": 0.375, "FG3M": 0, "FG3A": 3, "FG3_PCT": 0.0, "FTM": 1, "FTA": 1, "FT_PCT": 1.0, "OREB": 0, "DREB": 3, "REB": 3, "AST": 3, "STL": 0, "BLK": 0, "TOV": 2, "PF": 2, "PTS": 7, "PLUS_MINUS": 0, "VIDEO_AVAILABLE": 1}, {"SEASON_ID": "22017", "Player_ID": 1626144, "Game_ID": "0021700750", "GAME_DATE": "JAN 30, 2018", "MATCHUP": "DEN @ SAS", "WL": "L", "MIN": 14, "FGM": 7, "FGA": 10, "FG_PCT": 0.7, "FG3M": 0, "FG3A": 1, "FG3_PCT": 0.0, "FTM": 0, "FTA": 0, "FT_PCT": 0.0, "OREB": 1, "DREB": 1, "REB": 2, "AST": 4, "STL": 0, "BLK": 0, "TOV": 0, "PF": 2, "PTS": 14, "PLUS_MINUS": 6, "VIDEO_AVAILABLE": 1}, {"SEASON_ID": "22017", "Player_ID": 1626144, "Game_ID": "0021700743", "GAME_DATE": "JAN 29, 2018", "MATCHUP": "DEN vs. BOS", "WL": "L", "MIN": 12, "FGM": 1, "FGA": 7, "FG_PCT": 0.143, "FG3M": 0, "FG3A": 1, "FG3_PCT": 0.0, "FTM": 0, "FTA": 0, "FT_PCT": 0.0, "OREB": 0, "DREB": 0, "REB": 0, "AST": 4, "STL": 0, "BLK": 0, "TOV": 0, "PF": 0, "PTS": 2, "PLUS_MINUS": -9, "VIDEO_AVAILABLE": 1}, {"SEASON_ID": "22017", "Player_ID": 1626144, "Game_ID": "0021700730", "GAME_DATE": "JAN 27, 2018", "MATCHUP": "DEN vs. DAL", "WL": "W", "MIN": 4, "FGM": 1, "FGA": 3, "FG_PCT": 0.333, "FG3M": 0, "FG3A": 0, "FG3_PCT": 0.0, "FTM": 0, "FTA": 0, "FT_PCT": 0.0, "OREB": 0, "DREB": 0, "REB": 0, "AST": 0, "STL": 0, "BLK": 0, "TOV": 0, "PF": 1, "PTS": 2, "PLUS_MINUS": -4, "VIDEO_AVAILABLE": 1}, {"SEASON_ID": "22017", "Player_ID": 1626144, "Game_ID": "0021700712", "GAME_DATE": "JAN 25, 2018", "MATCHUP": "DEN vs. NYK", "WL": "W", "MIN": 13, "FGM": 2, "FGA": 4, "FG_PCT": 0.5, "FG3M": 0, "FG3A": 0, "FG3_PCT": 0.0, "FTM": 1, "FTA": 1, "FT_PCT": 1.0, "OREB": 0, "DREB": 0, "REB": 0, "AST": 6, "STL": 1, "BLK": 0, "TOV": 1, "PF": 1, "PTS": 5, "PLUS_MINUS": 5, "VIDEO_AVAILABLE": 1}, {"SEASON_ID": "22017", "Player_ID": 1626144, "Game_ID": "0021700694", "GAME_DATE": "JAN 22, 2018", "MATCHUP": "DEN vs. POR", "WL": "W", "MIN": 11, "FGM": 0, "FGA": 4, "FG_PCT": 0.0, "FG3M": 0, "FG3A": 2, "FG3_PCT": 0.0, "FTM": 1, "FTA": 2, "FT_PCT": 0.5, "OREB": 0, "DREB": 1, "REB": 1, "AST": 0, "STL": 0, "BLK": 0, "TOV": 1, "PF": 0, "PTS": 1, "PLUS_MINUS": -5, "VIDEO_AVAILABLE": 1}, {"SEASON_ID": "22017", "Player_ID": 1626144, "Game_ID": "0021700671", "GAME_DATE": "JAN 19, 2018", "MATCHUP": "DEN vs. PHX", "WL": "L", "MIN": 9, "FGM": 2, "FGA": 6, "FG_PCT": 0.333, "FG3M": 0, "FG3A": 2, "FG3_PCT": 0.0, "FTM": 2, "FTA": 2, "FT_PCT": 1.0, "OREB": 0, "DREB": 1, "REB": 1, "AST": 1, "STL": 0, "BLK": 0, "TOV": 1, "PF": 0, "PTS": 6, "PLUS_MINUS": 5, "VIDEO_AVAILABLE": 1}, {"SEASON_ID": "22017", "Player_ID": 1626144, "Game_ID": "0021700662", "GAME_DATE": "JAN 17, 2018", "MATCHUP": "DEN @ LAC", "WL": "L", "MIN": 15, "FGM": 4, "FGA": 11, "FG_PCT": 0.364, "FG3M": 1, "FG3A": 2, "FG3_PCT": 0.5, "FTM": 2, "FTA": 2, "FT_PCT": 1.0, "OREB": 1, "DREB": 1, "REB": 2, "AST": 3, "STL": 1, "BLK": 1, "TOV": 2, "PF": 0, "PTS": 11, "PLUS_MINUS": 2, "VIDEO_AVAILABLE": 1}, {"SEASON_ID": "22017", "Player_ID": 1626144, "Game_ID": "0021700633", "GAME_DATE": "JAN 13, 2018", "MATCHUP": "DEN @ SAS", "WL": "L", "MIN": 6, "FGM": 1, "FGA": 3, "FG_PCT": 0.333, "FG3M": 0, "FG3A": 1, "FG3_PCT": 0.0, "FTM": 0, "FTA": 0, "FT_PCT": 0.0, "OREB": 0, "DREB": 2, "REB": 2, "AST": 0, "STL": 1, "BLK": 0, "TOV": 1, "PF": 1, "PTS": 2, "PLUS_MINUS": -7, "VIDEO_AVAILABLE": 1}, {"SEASON_ID": "22017", "Player_ID": 1626144, "Game_ID": "0021700563", "GAME_DATE": "JAN 03, 2018", "MATCHUP": "DEN vs. PHX", "WL": "W", "MIN": 2, "FGM": 2, "FGA": 3, "FG_PCT": 0.667, "FG3M": 1, "FG3A": 2, "FG3_PCT": 0.5, "FTM": 0, "FTA": 0, "FT_PCT": 0.0, "OREB": 0, "DREB": 0, "REB": 0, "AST": 1, "STL": 1, "BLK": 0, "TOV": 0, "PF": 1, "PTS": 5, "PLUS_MINUS": 5, "VIDEO_AVAILABLE": 1}, {"SEASON_ID": "22017", "Player_ID": 1626144, "Game_ID": "0021700503", "GAME_DATE": "DEC 26, 2017", "MATCHUP": "DEN vs. UTA", "WL": "W", "MIN": 2, "FGM": 2, "FGA": 2, "FG_PCT": 1.0, "FG3M": 2, "FG3A": 2, "FG3_PCT": 1.0, "FTM": 1, "FTA": 1, "FT_PCT": 1.0, "OREB": 0, "DREB": 0, "REB": 0, "AST": 0, "STL": 0, "BLK": 0, "TOV": 0, "PF": 0, "PTS": 7, "PLUS_MINUS": 7, "VIDEO_AVAILABLE": 1}, {"SEASON_ID": "22017", "Player_ID": 1626144, "Game_ID": "0021700427", "GAME_DATE": "DEC 15, 2017", "MATCHUP": "DEN vs. NOP", "WL": "W", "MIN": 8, "FGM": 2, "FGA": 4, "FG_PCT": 0.5, "FG3M": 0, "FG3A": 2, "FG3_PCT": 0.0, "FTM": 0, "FTA": 0, "FT_PCT": 0.0, "OREB": 0, "DREB": 0, "REB": 0, "AST": 3, "STL": 0, "BLK": 0, "TOV": 2, "PF": 1, "PTS": 4, "PLUS_MINUS": -1, "VIDEO_AVAILABLE": 2}, {"SEASON_ID": "22017", "Player_ID": 1626144, "Game_ID": "0021700407", "GAME_DATE": "DEC 13, 2017", "MATCHUP": "DEN @ BOS", "WL": "L", "MIN": 17, "FGM": 2, "FGA": 6, "FG_PCT": 0.333, "FG3M": 1, "FG3A": 3, "FG3_PCT": 0.333, "FTM": 0, "FTA": 0, "FT_PCT": 0.0, "OREB": 0, "DREB": 1, "REB": 1, "AST": 2, "STL": 0, "BLK": 0, "TOV": 1, "PF": 1, "PTS": 5, "PLUS_MINUS": -20, "VIDEO_AVAILABLE": 1}, {"SEASON_ID": "22017", "Player_ID": 1626144, "Game_ID": "0021700398", "GAME_DATE": "DEC 12, 2017", "MATCHUP": "DEN @ DET", "WL": "W", "MIN": 15, "FGM": 0, "FGA": 2, "FG_PCT": 0.0, "FG3M": 0, "FG3A": 2, "FG3_PCT": 0.0, "FTM": 2, "FTA": 2, "FT_PCT": 1.0, "OREB": 0, "DREB": 0, "REB": 0, "AST": 2, "STL": 0, "BLK": 0, "TOV": 1, "PF": 0, "PTS": 2, "PLUS_MINUS": -7, "VIDEO_AVAILABLE": 1}, {"SEASON_ID": "22017", "Player_ID": 1626144, "Game_ID": "0021700387", "GAME_DATE": "DEC 10, 2017", "MATCHUP": "DEN @ IND", "WL": "L", "MIN": 15, "FGM": 1, "FGA": 4, "FG_PCT": 0.25, "FG3M": 1, "FG3A": 1, "FG3_PCT": 1.0, "FTM": 0, "FTA": 0, "FT_PCT": 0.0, "OREB": 0, "DREB": 1, "REB": 1, "AST": 4, "STL": 0, "BLK": 0, "TOV": 4, "PF": 0, "PTS": 3, "PLUS_MINUS": -2, "VIDEO_AVAILABLE": 1}, {"SEASON_ID": "22017", "Player_ID": 1626144, "Game_ID": "0021700370", "GAME_DATE": "DEC 08, 2017", "MATCHUP": "DEN @ ORL", "WL": "W", "MIN": 31, "FGM": 8, "FGA": 16, "FG_PCT": 0.5, "FG3M": 2, "FG3A": 5, "FG3_PCT": 0.4, "FTM": 0, "FTA": 0, "FT_PCT": 0.0, "OREB": 0, "DREB": 5, "REB": 5, "AST": 5, "STL": 2, "BLK": 0, "TOV": 2, "PF": 2, "PTS": 18, "PLUS_MINUS": 11, "VIDEO_AVAILABLE": 1}, {"SEASON_ID": "22017", "Player_ID": 1626144, "Game_ID": "0021700360", "GAME_DATE": "DEC 06, 2017", "MATCHUP": "DEN @ NOP", "WL": "L", "MIN": 27, "FGM": 5, "FGA": 13, "FG_PCT": 0.385, "FG3M": 3, "FG3A": 6, "FG3_PCT": 0.5, "FTM": 4, "FTA": 4, "FT_PCT": 1.0, "OREB": 0, "DREB": 2, "REB": 2, "AST": 3, "STL": 1, "BLK": 0, "TOV": 2, "PF": 1, "PTS": 17, "PLUS_MINUS": -18, "VIDEO_AVAILABLE": 1}, {"SEASON_ID": "22017", "Player_ID": 1626144, "Game_ID": "0021700347", "GAME_DATE": "DEC 04, 2017", "MATCHUP": "DEN @ DAL", "WL": "L", "MIN": 16, "FGM": 2, "FGA": 6, "FG_PCT": 0.333, "FG3M": 1, "FG3A": 3, "FG3_PCT": 0.333, "FTM": 0, "FTA": 0, "FT_PCT": 0.0, "OREB": 0, "DREB": 2, "REB": 2, "AST": 3, "STL": 0, "BLK": 0, "TOV": 1, "PF": 1, "PTS": 5, "PLUS_MINUS": -12, "VIDEO_AVAILABLE": 1}, {"SEASON_ID": "22017", "Player_ID": 1626144, "Game_ID": "0021700332", "GAME_DATE": "DEC 02, 2017", "MATCHUP": "DEN vs. LAL", "WL": "W", "MIN": 15, "FGM": 3, "FGA": 8, "FG_PCT": 0.375, "FG3M": 2, "FG3A": 2, "FG3_PCT": 1.0, "FTM": 0, "FTA": 0, "FT_PCT": 0.0, "OREB": 1, "DREB": 2, "REB": 3, "AST": 2, "STL": 1, "BLK": 0, "TOV": 0, "PF": 0, "PTS": 8, "PLUS_MINUS": 1, "VIDEO_AVAILABLE": 1}, {"SEASON_ID": "22017", "Player_ID": 1626144, "Game_ID": "0021700315", "GAME_DATE": "NOV 30, 2017", "MATCHUP": "DEN vs. CHI", "WL": "W", "MIN": 17, "FGM": 2, "FGA": 9, "FG_PCT": 0.222, "FG3M": 1, "FG3A": 5, "FG3_PCT": 0.2, "FTM": 2, "FTA": 2, "FT_PCT": 1.0, "OREB": 1, "DREB": 3, "REB": 4, "AST": 3, "STL": 1, "BLK": 0, "TOV": 2, "PF": 0, "PTS": 7, "PLUS_MINUS": -1, "VIDEO_AVAILABLE": 1}, {"SEASON_ID": "22017", "Player_ID": 1626144, "Game_ID": "0021700301", "GAME_DATE": "NOV 28, 2017", "MATCHUP": "DEN @ UTA", "WL": "L", "MIN": 19, "FGM": 2, "FGA": 6, "FG_PCT": 0.333, "FG3M": 0, "FG3A": 2, "FG3_PCT": 0.0, "FTM": 2, "FTA": 2, "FT_PCT": 1.0, "OREB": 0, "DREB": 3, "REB": 3, "AST": 3, "STL": 1, "BLK": 1, "TOV": 5, "PF": 1, "PTS": 6, "PLUS_MINUS": -8, "VIDEO_AVAILABLE": 1}, {"SEASON_ID": "22017", "Player_ID": 1626144, "Game_ID": "0021700274", "GAME_DATE": "NOV 24, 2017", "MATCHUP": "DEN vs. MEM", "WL": "W", "MIN": 11, "FGM": 3, "FGA": 6, "FG_PCT": 0.5, "FG3M": 1, "FG3A": 4, "FG3_PCT": 0.25, "FTM": 0, "FTA": 2, "FT_PCT": 0.0, "OREB": 0, "DREB": 0, "REB": 0, "AST": 1, "STL": 0, "BLK": 0, "TOV": 2, "PF": 2, "PTS": 7, "PLUS_MINUS": -6, "VIDEO_AVAILABLE": 2}, {"SEASON_ID": "22017", "Player_ID": 1626144, "Game_ID": "0021700259", "GAME_DATE": "NOV 22, 2017", "MATCHUP": "DEN @ HOU", "WL": "L", "MIN": 25, "FGM": 0, "FGA": 5, "FG_PCT": 0.0, "FG3M": 0, "FG3A": 2, "FG3_PCT": 0.0, "FTM": 1, "FTA": 2, "FT_PCT": 0.5, "OREB": 0, "DREB": 1, "REB": 1, "AST": 3, "STL": 0, "BLK": 0, "TOV": 4, "PF": 1, "PTS": 1, "PLUS_MINUS": -17, "VIDEO_AVAILABLE": 2}, {"SEASON_ID": "22017", "Player_ID": 1626144, "Game_ID": "0021700251", "GAME_DATE": "NOV 20, 2017", "MATCHUP": "DEN @ SAC", "WL": "W", "MIN": 20, "FGM": 1, "FGA": 6, "FG_PCT": 0.167, "FG3M": 0, "FG3A": 2, "FG3_PCT": 0.0, "FTM": 1, "FTA": 2, "FT_PCT": 0.5, "OREB": 0, "DREB": 0, "REB": 0, "AST": 2, "STL": 0, "BLK": 0, "TOV": 3, "PF": 0, "PTS": 3, "PLUS_MINUS": -2, "VIDEO_AVAILABLE": 1}, {"SEASON_ID": "22017", "Player_ID": 1626144, "Game_ID": "0021700240", "GAME_DATE": "NOV 19, 2017", "MATCHUP": "DEN @ LAL", "WL": "L", "MIN": 25, "FGM": 2, "FGA": 9, "FG_PCT": 0.222, "FG3M": 2, "FG3A": 4, "FG3_PCT": 0.5, "FTM": 4, "FTA": 4, "FT_PCT": 1.0, "OREB": 1, "DREB": 1, "REB": 2, "AST": 7, "STL": 3, "BLK": 0, "TOV": 2, "PF": 1, "PTS": 10, "PLUS_MINUS": -8, "VIDEO_AVAILABLE": 1}, {"SEASON_ID": "22017", "Player_ID": 1626144, "Game_ID": "0021700226", "GAME_DATE": "NOV 17, 2017", "MATCHUP": "DEN vs. NOP", "WL": "W", "MIN": 23, "FGM": 7, "FGA": 11, "FG_PCT": 0.636, "FG3M": 3, "FG3A": 6, "FG3_PCT": 0.5, "FTM": 2, "FTA": 2, "FT_PCT": 1.0, "OREB": 1, "DREB": 1, "REB": 2, "AST": 6, "STL": 1, "BLK": 0, "TOV": 1, "PF": 0, "PTS": 19, "PLUS_MINUS": -6, "VIDEO_AVAILABLE": 1}, {"SEASON_ID": "22017", "Player_ID": 1626144, "Game_ID": "0021700198", "GAME_DATE": "NOV 13, 2017", "MATCHUP": "DEN @ POR", "WL": "L", "MIN": 21, "FGM": 1, "FGA": 4, "FG_PCT": 0.25, "FG3M": 0, "FG3A": 1, "FG3_PCT": 0.0, "FTM": 2, "FTA": 2, "FT_PCT": 1.0, "OREB": 1, "DREB": 0, "REB": 1, "AST": 0, "STL": 0, "BLK": 0, "TOV": 3, "PF": 2, "PTS": 4, "PLUS_MINUS": -29, "VIDEO_AVAILABLE": 1}, {"SEASON_ID": "22017", "Player_ID": 1626144, "Game_ID": "0021700185", "GAME_DATE": "NOV 11, 2017", "MATCHUP": "DEN vs. ORL", "WL": "W", "MIN": 23, "FGM": 5, "FGA": 12, "FG_PCT": 0.417, "FG3M": 1, "FG3A": 2, "FG3_PCT": 0.5, "FTM": 1, "FTA": 1, "FT_PCT": 1.0, "OREB": 1, "DREB": 2, "REB": 3, "AST": 3, "STL": 0, "BLK": 0, "TOV": 1, "PF": 2, "PTS": 12, "PLUS_MINUS": 1, "VIDEO_AVAILABLE": 1}, {"SEASON_ID": "22017", "Player_ID": 1626144, "Game_ID": "0021700168", "GAME_DATE": "NOV 09, 2017", "MATCHUP": "DEN vs. OKC", "WL": "W", "MIN": 30, "FGM": 8, "FGA": 10, "FG_PCT": 0.8, "FG3M": 4, "FG3A": 4, "FG3_PCT": 1.0, "FTM": 1, "FTA": 1, "FT_PCT": 1.0, "OREB": 1, "DREB": 6, "REB": 7, "AST": 5, "STL": 0, "BLK": 0, "TOV": 3, "PF": 1, "PTS": 21, "PLUS_MINUS": 17, "VIDEO_AVAILABLE": 1}, {"SEASON_ID": "22017", "Player_ID": 1626144, "Game_ID": "0021700155", "GAME_DATE": "NOV 07, 2017", "MATCHUP": "DEN vs. BKN", "WL": "W", "MIN": 22, "FGM": 1, "FGA": 6, "FG_PCT": 0.167, "FG3M": 0, "FG3A": 2, "FG3_PCT": 0.0, "FTM": 0, "FTA": 0, "FT_PCT": 0.0, "OREB": 2, "DREB": 1, "REB": 3, "AST": 2, "STL": 0, "BLK": 0, "TOV": 2, "PF": 1, "PTS": 2, "PLUS_MINUS": -6, "VIDEO_AVAILABLE": 1}, {"SEASON_ID": "22017", "Player_ID": 1626144, "Game_ID": "0021700135", "GAME_DATE": "NOV 04, 2017", "MATCHUP": "DEN vs. GSW", "WL": "L", "MIN": 32, "FGM": 4, "FGA": 10, "FG_PCT": 0.4, "FG3M": 0, "FG3A": 1, "FG3_PCT": 0.0, "FTM": 7, "FTA": 8, "FT_PCT": 0.875, "OREB": 1, "DREB": 4, "REB": 5, "AST": 7, "STL": 0, "BLK": 1, "TOV": 3, "PF": 3, "PTS": 15, "PLUS_MINUS": 9, "VIDEO_AVAILABLE": 1}, {"SEASON_ID": "22017", "Player_ID": 1626144, "Game_ID": "0021700127", "GAME_DATE": "NOV 03, 2017", "MATCHUP": "DEN vs. MIA", "WL": "W", "MIN": 25, "FGM": 5, "FGA": 10, "FG_PCT": 0.5, "FG3M": 0, "FG3A": 0, "FG3_PCT": 0.0, "FTM": 2, "FTA": 4, "FT_PCT": 0.5, "OREB": 0, "DREB": 3, "REB": 3, "AST": 4, "STL": 0, "BLK": 1, "TOV": 2, "PF": 0, "PTS": 12, "PLUS_MINUS": 3, "VIDEO_AVAILABLE": 1}, {"SEASON_ID": "22017", "Player_ID": 1626144, "Game_ID": "0021700114", "GAME_DATE": "NOV 01, 2017", "MATCHUP": "DEN vs. TOR", "WL": "W", "MIN": 27, "FGM": 6, "FGA": 15, "FG_PCT": 0.4, "FG3M": 1, "FG3A": 4, "FG3_PCT": 0.25, "FTM": 3, "FTA": 6, "FT_PCT": 0.5, "OREB": 1, "DREB": 2, "REB": 3, "AST": 6, "STL": 2, "BLK": 0, "TOV": 3, "PF": 2, "PTS": 16, "PLUS_MINUS": -17, "VIDEO_AVAILABLE": 2}, {"SEASON_ID": "22017", "Player_ID": 1626144, "Game_ID": "0021700094", "GAME_DATE": "OCT 30, 2017", "MATCHUP": "DEN @ NYK", "WL": "L", "MIN": 20, "FGM": 3, "FGA": 7, "FG_PCT": 0.429, "FG3M": 3, "FG3A": 4, "FG3_PCT": 0.75, "FTM": 6, "FTA": 6, "FT_PCT": 1.0, "OREB": 0, "DREB": 1, "REB": 1, "AST": 1, "STL": 2, "BLK": 0, "TOV": 2, "PF": 0, "PTS": 15, "PLUS_MINUS": -11, "VIDEO_AVAILABLE": 1}, {"SEASON_ID": "22017", "Player_ID": 1626144, "Game_ID": "0021700087", "GAME_DATE": "OCT 29, 2017", "MATCHUP": "DEN @ BKN", "WL": "W", "MIN": 19, "FGM": 6, "FGA": 12, "FG_PCT": 0.5, "FG3M": 2, "FG3A": 3, "FG3_PCT": 0.667, "FTM": 1, "FTA": 2, "FT_PCT": 0.5, "OREB": 0, "DREB": 3, "REB": 3, "AST": 5, "STL": 0, "BLK": 0, "TOV": 2, "PF": 4, "PTS": 15, "PLUS_MINUS": -23, "VIDEO_AVAILABLE": 1}, {"SEASON_ID": "22017", "Player_ID": 1626144, "Game_ID": "0021700072", "GAME_DATE": "OCT 27, 2017", "MATCHUP": "DEN @ ATL", "WL": "W", "MIN": 28, "FGM": 5, "FGA": 12, "FG_PCT": 0.417, "FG3M": 0, "FG3A": 2, "FG3_PCT": 0.0, "FTM": 6, "FTA": 6, "FT_PCT": 1.0, "OREB": 0, "DREB": 4, "REB": 4, "AST": 4, "STL": 0, "BLK": 0, "TOV": 0, "PF": 1, "PTS": 16, "PLUS_MINUS": 9, "VIDEO_AVAILABLE": 1}, {"SEASON_ID": "22017", "Player_ID": 1626144, "Game_ID": "0021700055", "GAME_DATE": "OCT 25, 2017", "MATCHUP": "DEN @ CHA", "WL": "L", "MIN": 14, "FGM": 0, "FGA": 8, "FG_PCT": 0.0, "FG3M": 0, "FG3A": 2, "FG3_PCT": 0.0, "FTM": 2, "FTA": 2, "FT_PCT": 1.0, "OREB": 2, "DREB": 2, "REB": 4, "AST": 1, "STL": 0, "BLK": 0, "TOV": 2, "PF": 2, "PTS": 2, "PLUS_MINUS": -4, "VIDEO_AVAILABLE": 1}, {"SEASON_ID": "22017", "Player_ID": 1626144, "Game_ID": "0021700047", "GAME_DATE": "OCT 23, 2017", "MATCHUP": "DEN vs. WAS", "WL": "L", "MIN": 19, "FGM": 5, "FGA": 9, "FG_PCT": 0.556, "FG3M": 2, "FG3A": 4, "FG3_PCT": 0.5, "FTM": 3, "FTA": 4, "FT_PCT": 0.75, "OREB": 0, "DREB": 3, "REB": 3, "AST": 1, "STL": 1, "BLK": 0, "TOV": 5, "PF": 2, "PTS": 15, "PLUS_MINUS": 2, "VIDEO_AVAILABLE": 1}, {"SEASON_ID": "22017", "Player_ID": 1626144, "Game_ID": "0021700035", "GAME_DATE": "OCT 21, 2017", "MATCHUP": "DEN vs. SAC", "WL": "W", "MIN": 28, "FGM": 4, "FGA": 11, "FG_PCT": 0.364, "FG3M": 0, "FG3A": 2, "FG3_PCT": 0.0, "FTM": 2, "FTA": 4, "FT_PCT": 0.5, "OREB": 0, "DREB": 8, "REB": 8, "AST": 4, "STL": 0, "BLK": 0, "TOV": 2, "PF": 5, "PTS": 10, "PLUS_MINUS": 10, "VIDEO_AVAILABLE": 1}, {"SEASON_ID": "22017", "Player_ID": 1626144, "Game_ID": "0021700010", "GAME_DATE": "OCT 18, 2017", "MATCHUP": "DEN @ UTA", "WL": "L", "MIN": 19, "FGM": 3, "FGA": 8, "FG_PCT": 0.375, "FG3M": 2, "FG3A": 2, "FG3_PCT": 1.0, "FTM": 0, "FTA": 0, "FT_PCT": 0.0, "OREB": 0, "DREB": 1, "REB": 1, "AST": 2, "STL": 0, "BLK": 0, "TOV": 0, "PF": 1, "PTS": 8, "PLUS_MINUS": -12, "VIDEO_AVAILABLE": 1}, {"SEASON_ID": "22018", "Player_ID": 1626144, "Game_ID": "0021801166", "GAME_DATE": "APR 03, 2019", "MATCHUP": "NYK @ ORL", "WL": "L", "MIN": 40, "FGM": 3, "FGA": 13, "FG_PCT": 0.231, "FG3M": 1, "FG3A": 5, "FG3_PCT": 0.2, "FTM": 6, "FTA": 8, "FT_PCT": 0.75, "OREB": 1, "DREB": 6, "REB": 7, "AST": 10, "STL": 2, "BLK": 1, "TOV": 3, "PF": 2, "PTS": 13, "PLUS_MINUS": -7, "VIDEO_AVAILABLE": 1}, {"SEASON_ID": "22018", "Player_ID": 1626144, "Game_ID": "0021801155", "GAME_DATE": "APR 01, 2019", "MATCHUP": "NYK vs. CHI", "WL": "W", "MIN": 36, "FGM": 7, "FGA": 21, "FG_PCT": 0.333, "FG3M": 2, "FG3A": 7, "FG3_PCT": 0.286, "FTM": 1, "FTA": 2, "FT_PCT": 0.5, "OREB": 0, "DREB": 5, "REB": 5, "AST": 4, "STL": 0, "BLK": 0, "TOV": 3, "PF": 4, "PTS": 17, "PLUS_MINUS": -10, "VIDEO_AVAILABLE": 1}, {"SEASON_ID": "22018", "Player_ID": 1626144, "Game_ID": "0021801141", "GAME_DATE": "MAR 30, 2019", "MATCHUP": "NYK vs. MIA", "WL": "L", "MIN": 35, "FGM": 6, "FGA": 12, "FG_PCT": 0.5, "FG3M": 2, "FG3A": 5, "FG3_PCT": 0.4, "FTM": 10, "FTA": 12, "FT_PCT": 0.833, "OREB": 1, "DREB": 4, "REB": 5, "AST": 4, "STL": 0, "BLK": 0, "TOV": 4, "PF": 2, "PTS": 24, "PLUS_MINUS": -14, "VIDEO_AVAILABLE": 1}, {"SEASON_ID": "22018", "Player_ID": 1626144, "Game_ID": "0021801125", "GAME_DATE": "MAR 28, 2019", "MATCHUP": "NYK vs. TOR", "WL": "L", "MIN": 25, "FGM": 4, "FGA": 12, "FG_PCT": 0.333, "FG3M": 0, "FG3A": 2, "FG3_PCT": 0.0, "FTM": 3, "FTA": 4, "FT_PCT": 0.75, "OREB": 2, "DREB": 2, "REB": 4, "AST": 1, "STL": 0, "BLK": 0, "TOV": 2, "PF": 2, "PTS": 11, "PLUS_MINUS": -23, "VIDEO_AVAILABLE": 1}, {"SEASON_ID": "22018", "Player_ID": 1626144, "Game_ID": "0021801095", "GAME_DATE": "MAR 24, 2019", "MATCHUP": "NYK vs. LAC", "WL": "L", "MIN": 35, "FGM": 10, "FGA": 19, "FG_PCT": 0.526, "FG3M": 2, "FG3A": 7, "FG3_PCT": 0.286, "FTM": 4, "FTA": 4, "FT_PCT": 1.0, "OREB": 1, "DREB": 5, "REB": 6, "AST": 7, "STL": 1, "BLK": 0, "TOV": 3, "PF": 3, "PTS": 26, "PLUS_MINUS": 0, "VIDEO_AVAILABLE": 1}, {"SEASON_ID": "22018", "Player_ID": 1626144, "Game_ID": "0021801082", "GAME_DATE": "MAR 22, 2019", "MATCHUP": "NYK vs. DEN", "WL": "L", "MIN": 34, "FGM": 9, "FGA": 21, "FG_PCT": 0.429, "FG3M": 2, "FG3A": 5, "FG3_PCT": 0.4, "FTM": 1, "FTA": 1, "FT_PCT": 1.0, "OREB": 0, "DREB": 7, "REB": 7, "AST": 4, "STL": 0, "BLK": 1, "TOV": 3, "PF": 1, "PTS": 21, "PLUS_MINUS": -15, "VIDEO_AVAILABLE": 1}, {"SEASON_ID": "22018", "Player_ID": 1626144, "Game_ID": "0021801068", "GAME_DATE": "MAR 20, 2019", "MATCHUP": "NYK vs. UTA", "WL": "L", "MIN": 34, "FGM": 7, "FGA": 17, "FG_PCT": 0.412, "FG3M": 0, "FG3A": 5, "FG3_PCT": 0.0, "FTM": 1, "FTA": 1, "FT_PCT": 1.0, "OREB": 0, "DREB": 2, "REB": 2, "AST": 5, "STL": 1, "BLK": 0, "TOV": 1, "PF": 1, "PTS": 15, "PLUS_MINUS": -23, "VIDEO_AVAILABLE": 1}, {"SEASON_ID": "22018", "Player_ID": 1626144, "Game_ID": "0021801053", "GAME_DATE": "MAR 18, 2019", "MATCHUP": "NYK @ TOR", "WL": "L", "MIN": 22, "FGM": 2, "FGA": 7, "FG_PCT": 0.286, "FG3M": 1, "FG3A": 3, "FG3_PCT": 0.333, "FTM": 2, "FTA": 2, "FT_PCT": 1.0, "OREB": 0, "DREB": 0, "REB": 0, "AST": 3, "STL": 0, "BLK": 0, "TOV": 1, "PF": 1, "PTS": 7, "PLUS_MINUS": -20, "VIDEO_AVAILABLE": 1}, {"SEASON_ID": "22018", "Player_ID": 1626144, "Game_ID": "0021801042", "GAME_DATE": "MAR 17, 2019", "MATCHUP": "NYK vs. LAL", "WL": "W", "MIN": 33, "FGM": 8, "FGA": 11, "FG_PCT": 0.727, "FG3M": 3, "FG3A": 4, "FG3_PCT": 0.75, "FTM": 9, "FTA": 10, "FT_PCT": 0.9, "OREB": 0, "DREB": 2, "REB": 2, "AST": 8, "STL": 0, "BLK": 1, "TOV": 4, "PF": 1, "PTS": 28, "PLUS_MINUS": -2, "VIDEO_AVAILABLE": 2}, {"SEASON_ID": "22018", "Player_ID": 1626144, "Game_ID": "0021801032", "GAME_DATE": "MAR 15, 2019", "MATCHUP": "NYK @ SAS", "WL": "L", "MIN": 36, "FGM": 6, "FGA": 14, "FG_PCT": 0.429, "FG3M": 2, "FG3A": 4, "FG3_PCT": 0.5, "FTM": 0, "FTA": 0, "FT_PCT": 0.0, "OREB": 0, "DREB": 4, "REB": 4, "AST": 2, "STL": 0, "BLK": 0, "TOV": 4, "PF": 2, "PTS": 14, "PLUS_MINUS": -13, "VIDEO_AVAILABLE": 2}, {"SEASON_ID": "22018", "Player_ID": 1626144, "Game_ID": "0021801007", "GAME_DATE": "MAR 12, 2019", "MATCHUP": "NYK @ IND", "WL": "L", "MIN": 32, "FGM": 7, "FGA": 14, "FG_PCT": 0.5, "FG3M": 3, "FG3A": 4, "FG3_PCT": 0.75, "FTM": 4, "FTA": 4, "FT_PCT": 1.0, "OREB": 0, "DREB": 4, "REB": 4, "AST": 4, "STL": 0, "BLK": 2, "TOV": 1, "PF": 0, "PTS": 21, "PLUS_MINUS": -5, "VIDEO_AVAILABLE": 1}, {"SEASON_ID": "22018", "Player_ID": 1626144, "Game_ID": "0021800998", "GAME_DATE": "MAR 10, 2019", "MATCHUP": "NYK @ MIN", "WL": "L", "MIN": 21, "FGM": 2, "FGA": 7, "FG_PCT": 0.286, "FG3M": 0, "FG3A": 2, "FG3_PCT": 0.0, "FTM": 0, "FTA": 0, "FT_PCT": 0.0, "OREB": 0, "DREB": 4, "REB": 4, "AST": 1, "STL": 1, "BLK": 0, "TOV": 5, "PF": 1, "PTS": 4, "PLUS_MINUS": -3, "VIDEO_AVAILABLE": 1}, {"SEASON_ID": "22018", "Player_ID": 1626144, "Game_ID": "0021800986", "GAME_DATE": "MAR 09, 2019", "MATCHUP": "NYK vs. SAC", "WL": "L", "MIN": 24, "FGM": 4, "FGA": 8, "FG_PCT": 0.5, "FG3M": 1, "FG3A": 2, "FG3_PCT": 0.5, "FTM": 0, "FTA": 0, "FT_PCT": 0.0, "OREB": 0, "DREB": 4, "REB": 4, "AST": 3, "STL": 0, "BLK": 0, "TOV": 3, "PF": 2, "PTS": 9, "PLUS_MINUS": -7, "VIDEO_AVAILABLE": 1}, {"SEASON_ID": "22018", "Player_ID": 1626144, "Game_ID": "0021800972", "GAME_DATE": "MAR 06, 2019", "MATCHUP": "NYK @ PHX", "WL": "L", "MIN": 17, "FGM": 1, "FGA": 4, "FG_PCT": 0.25, "FG3M": 0, "FG3A": 0, "FG3_PCT": 0.0, "FTM": 0, "FTA": 0, "FT_PCT": 0.0, "OREB": 0, "DREB": 1, "REB": 1, "AST": 1, "STL": 1, "BLK": 0, "TOV": 5, "PF": 2, "PTS": 2, "PLUS_MINUS": -7, "VIDEO_AVAILABLE": 1}, {"SEASON_ID": "22018", "Player_ID": 1626144, "Game_ID": "0021800957", "GAME_DATE": "MAR 04, 2019", "MATCHUP": "NYK @ SAC", "WL": "L", "MIN": 19, "FGM": 3, "FGA": 9, "FG_PCT": 0.333, "FG3M": 1, "FG3A": 4, "FG3_PCT": 0.25, "FTM": 1, "FTA": 2, "FT_PCT": 0.5, "OREB": 0, "DREB": 2, "REB": 2, "AST": 5, "STL": 0, "BLK": 0, "TOV": 3, "PF": 2, "PTS": 8, "PLUS_MINUS": -4, "VIDEO_AVAILABLE": 1}, {"SEASON_ID": "22018", "Player_ID": 1626144, "Game_ID": "0021800947", "GAME_DATE": "MAR 03, 2019", "MATCHUP": "NYK @ LAC", "WL": "L", "MIN": 29, "FGM": 6, "FGA": 15, "FG_PCT": 0.4, "FG3M": 2, "FG3A": 4, "FG3_PCT": 0.5, "FTM": 2, "FTA": 2, "FT_PCT": 1.0, "OREB": 0, "DREB": 4, "REB": 4, "AST": 3, "STL": 3, "BLK": 0, "TOV": 1, "PF": 0, "PTS": 16, "PLUS_MINUS": -13, "VIDEO_AVAILABLE": 1}, {"SEASON_ID": "22018", "Player_ID": 1626144, "Game_ID": "0021800924", "GAME_DATE": "FEB 28, 2019", "MATCHUP": "NYK vs. CLE", "WL": "L", "MIN": 22, "FGM": 4, "FGA": 10, "FG_PCT": 0.4, "FG3M": 1, "FG3A": 2, "FG3_PCT": 0.5, "FTM": 1, "FTA": 2, "FT_PCT": 0.5, "OREB": 0, "DREB": 1, "REB": 1, "AST": 6, "STL": 0, "BLK": 0, "TOV": 2, "PF": 1, "PTS": 10, "PLUS_MINUS": -6, "VIDEO_AVAILABLE": 1}, {"SEASON_ID": "22018", "Player_ID": 1626144, "Game_ID": "0021800908", "GAME_DATE": "FEB 26, 2019", "MATCHUP": "NYK vs. ORL", "WL": "W", "MIN": 32, "FGM": 8, "FGA": 18, "FG_PCT": 0.444, "FG3M": 0, "FG3A": 3, "FG3_PCT": 0.0, "FTM": 3, "FTA": 5, "FT_PCT": 0.6, "OREB": 1, "DREB": 7, "REB": 8, "AST": 3, "STL": 0, "BLK": 0, "TOV": 2, "PF": 3, "PTS": 19, "PLUS_MINUS": 23, "VIDEO_AVAILABLE": 1}, {"SEASON_ID": "22018", "Player_ID": 1626144, "Game_ID": "0021800896", "GAME_DATE": "FEB 24, 2019", "MATCHUP": "NYK vs. SAS", "WL": "W", "MIN": 19, "FGM": 8, "FGA": 10, "FG_PCT": 0.8, "FG3M": 3, "FG3A": 5, "FG3_PCT": 0.6, "FTM": 0, "FTA": 0, "FT_PCT": 0.0, "OREB": 0, "DREB": 0, "REB": 0, "AST": 1, "STL": 0, "BLK": 0, "TOV": 3, "PF": 0, "PTS": 19, "PLUS_MINUS": 0, "VIDEO_AVAILABLE": 1}, {"SEASON_ID": "22018", "Player_ID": 1626144, "Game_ID": "0021800878", "GAME_DATE": "FEB 22, 2019", "MATCHUP": "NYK vs. MIN", "WL": "L", "MIN": 26, "FGM": 6, "FGA": 15, "FG_PCT": 0.4, "FG3M": 2, "FG3A": 4, "FG3_PCT": 0.5, "FTM": 1, "FTA": 2, "FT_PCT": 0.5, "OREB": 2, "DREB": 4, "REB": 6, "AST": 1, "STL": 3, "BLK": 1, "TOV": 4, "PF": 3, "PTS": 15, "PLUS_MINUS": -4, "VIDEO_AVAILABLE": 1}, {"SEASON_ID": "22018", "Player_ID": 1626144, "Game_ID": "0021800710", "GAME_DATE": "JAN 23, 2019", "MATCHUP": "NYK vs. HOU", "WL": "L", "MIN": 28, "FGM": 4, "FGA": 9, "FG_PCT": 0.444, "FG3M": 1, "FG3A": 4, "FG3_PCT": 0.25, "FTM": 5, "FTA": 6, "FT_PCT": 0.833, "OREB": 1, "DREB": 3, "REB": 4, "AST": 2, "STL": 1, "BLK": 0, "TOV": 7, "PF": 3, "PTS": 14, "PLUS_MINUS": -11, "VIDEO_AVAILABLE": 1}, {"SEASON_ID": "22018", "Player_ID": 1626144, "Game_ID": "0021800691", "GAME_DATE": "JAN 21, 2019", "MATCHUP": "NYK vs. OKC", "WL": "L", "MIN": 18, "FGM": 6, "FGA": 11, "FG_PCT": 0.545, "FG3M": 0, "FG3A": 2, "FG3_PCT": 0.0, "FTM": 2, "FTA": 2, "FT_PCT": 1.0, "OREB": 0, "DREB": 2, "REB": 2, "AST": 2, "STL": 0, "BLK": 0, "TOV": 0, "PF": 0, "PTS": 14, "PLUS_MINUS": -21, "VIDEO_AVAILABLE": 1}, {"SEASON_ID": "22018", "Player_ID": 1626144, "Game_ID": "0021800665", "GAME_DATE": "JAN 17, 2019", "MATCHUP": "NYK @ WAS", "WL": "L", "MIN": 31, "FGM": 11, "FGA": 18, "FG_PCT": 0.611, "FG3M": 1, "FG3A": 3, "FG3_PCT": 0.333, "FTM": 2, "FTA": 2, "FT_PCT": 1.0, "OREB": 1, "DREB": 6, "REB": 7, "AST": 2, "STL": 0, "BLK": 0, "TOV": 5, "PF": 2, "PTS": 25, "PLUS_MINUS": -12, "VIDEO_AVAILABLE": 1}, {"SEASON_ID": "22018", "Player_ID": 1626144, "Game_ID": "0021800638", "GAME_DATE": "JAN 13, 2019", "MATCHUP": "NYK vs. PHI", "WL": "L", "MIN": 28, "FGM": 7, "FGA": 17, "FG_PCT": 0.412, "FG3M": 1, "FG3A": 5, "FG3_PCT": 0.2, "FTM": 4, "FTA": 4, "FT_PCT": 1.0, "OREB": 2, "DREB": 2, "REB": 4, "AST": 4, "STL": 1, "BLK": 0, "TOV": 3, "PF": 2, "PTS": 19, "PLUS_MINUS": -11, "VIDEO_AVAILABLE": 1}, {"SEASON_ID": "22018", "Player_ID": 1626144, "Game_ID": "0021800623", "GAME_DATE": "JAN 11, 2019", "MATCHUP": "NYK vs. IND", "WL": "L", "MIN": 28, "FGM": 8, "FGA": 18, "FG_PCT": 0.444, "FG3M": 3, "FG3A": 7, "FG3_PCT": 0.429, "FTM": 2, "FTA": 2, "FT_PCT": 1.0, "OREB": 1, "DREB": 1, "REB": 2, "AST": 3, "STL": 0, "BLK": 1, "TOV": 4, "PF": 1, "PTS": 21, "PLUS_MINUS": -18, "VIDEO_AVAILABLE": 1}, {"SEASON_ID": "22018", "Player_ID": 1626144, "Game_ID": "0021800605", "GAME_DATE": "JAN 08, 2019", "MATCHUP": "NYK @ GSW", "WL": "L", "MIN": 25, "FGM": 3, "FGA": 8, "FG_PCT": 0.375, "FG3M": 0, "FG3A": 1, "FG3_PCT": 0.0, "FTM": 1, "FTA": 2, "FT_PCT": 0.5, "OREB": 1, "DREB": 1, "REB": 2, "AST": 4, "STL": 1, "BLK": 0, "TOV": 3, "PF": 0, "PTS": 7, "PLUS_MINUS": -29, "VIDEO_AVAILABLE": 1}, {"SEASON_ID": "22018", "Player_ID": 1626144, "Game_ID": "0021800597", "GAME_DATE": "JAN 07, 2019", "MATCHUP": "NYK @ POR", "WL": "L", "MIN": 35, "FGM": 7, "FGA": 17, "FG_PCT": 0.412, "FG3M": 0, "FG3A": 1, "FG3_PCT": 0.0, "FTM": 3, "FTA": 3, "FT_PCT": 1.0, "OREB": 0, "DREB": 2, "REB": 2, "AST": 7, "STL": 3, "BLK": 0, "TOV": 0, "PF": 2, "PTS": 17, "PLUS_MINUS": -7, "VIDEO_AVAILABLE": 1}, {"SEASON_ID": "22018", "Player_ID": 1626144, "Game_ID": "0021800574", "GAME_DATE": "JAN 04, 2019", "MATCHUP": "NYK @ LAL", "WL": "W", "MIN": 33, "FGM": 4, "FGA": 16, "FG_PCT": 0.25, "FG3M": 1, "FG3A": 5, "FG3_PCT": 0.2, "FTM": 6, "FTA": 7, "FT_PCT": 0.857, "OREB": 1, "DREB": 6, "REB": 7, "AST": 6, "STL": 0, "BLK": 0, "TOV": 1, "PF": 1, "PTS": 15, "PLUS_MINUS": 4, "VIDEO_AVAILABLE": 1}, {"SEASON_ID": "22018", "Player_ID": 1626144, "Game_ID": "0021800551", "GAME_DATE": "JAN 01, 2019", "MATCHUP": "NYK @ DEN", "WL": "L", "MIN": 32, "FGM": 7, "FGA": 20, "FG_PCT": 0.35, "FG3M": 1, "FG3A": 2, "FG3_PCT": 0.5, "FTM": 0, "FTA": 2, "FT_PCT": 0.0, "OREB": 2, "DREB": 1, "REB": 3, "AST": 9, "STL": 2, "BLK": 1, "TOV": 4, "PF": 3, "PTS": 15, "PLUS_MINUS": -2, "VIDEO_AVAILABLE": 1}, {"SEASON_ID": "22018", "Player_ID": 1626144, "Game_ID": "0021800532", "GAME_DATE": "DEC 29, 2018", "MATCHUP": "NYK @ UTA", "WL": "L", "MIN": 24, "FGM": 6, "FGA": 11, "FG_PCT": 0.545, "FG3M": 1, "FG3A": 2, "FG3_PCT": 0.5, "FTM": 0, "FTA": 0, "FT_PCT": 0.0, "OREB": 0, "DREB": 1, "REB": 1, "AST": 5, "STL": 0, "BLK": 0, "TOV": 0, "PF": 3, "PTS": 13, "PLUS_MINUS": -7, "VIDEO_AVAILABLE": 1}, {"SEASON_ID": "22018", "Player_ID": 1626144, "Game_ID": "0021800513", "GAME_DATE": "DEC 27, 2018", "MATCHUP": "NYK @ MIL", "WL": "L", "MIN": 27, "FGM": 6, "FGA": 15, "FG_PCT": 0.4, "FG3M": 0, "FG3A": 3, "FG3_PCT": 0.0, "FTM": 1, "FTA": 2, "FT_PCT": 0.5, "OREB": 0, "DREB": 3, "REB": 3, "AST": 6, "STL": 0, "BLK": 1, "TOV": 0, "PF": 0, "PTS": 13, "PLUS_MINUS": -14, "VIDEO_AVAILABLE": 1}, {"SEASON_ID": "22018", "Player_ID": 1626144, "Game_ID": "0021800497", "GAME_DATE": "DEC 25, 2018", "MATCHUP": "NYK vs. MIL", "WL": "L", "MIN": 34, "FGM": 5, "FGA": 15, "FG_PCT": 0.333, "FG3M": 1, "FG3A": 5, "FG3_PCT": 0.2, "FTM": 0, "FTA": 0, "FT_PCT": 0.0, "OREB": 1, "DREB": 2, "REB": 3, "AST": 5, "STL": 1, "BLK": 0, "TOV": 4, "PF": 2, "PTS": 11, "PLUS_MINUS": -3, "VIDEO_AVAILABLE": 1}, {"SEASON_ID": "22018", "Player_ID": 1626144, "Game_ID": "0021800472", "GAME_DATE": "DEC 21, 2018", "MATCHUP": "NYK vs. ATL", "WL": "L", "MIN": 34, "FGM": 12, "FGA": 20, "FG_PCT": 0.6, "FG3M": 3, "FG3A": 7, "FG3_PCT": 0.429, "FTM": 5, "FTA": 7, "FT_PCT": 0.714, "OREB": 0, "DREB": 1, "REB": 1, "AST": 4, "STL": 1, "BLK": 0, "TOV": 3, "PF": 3, "PTS": 32, "PLUS_MINUS": -6, "VIDEO_AVAILABLE": 1}, {"SEASON_ID": "22018", "Player_ID": 1626144, "Game_ID": "0021800457", "GAME_DATE": "DEC 19, 2018", "MATCHUP": "NYK @ PHI", "WL": "L", "MIN": 32, "FGM": 3, "FGA": 12, "FG_PCT": 0.25, "FG3M": 1, "FG3A": 5, "FG3_PCT": 0.2, "FTM": 4, "FTA": 8, "FT_PCT": 0.5, "OREB": 0, "DREB": 3, "REB": 3, "AST": 5, "STL": 0, "BLK": 0, "TOV": 1, "PF": 1, "PTS": 11, "PLUS_MINUS": -13, "VIDEO_AVAILABLE": 1}, {"SEASON_ID": "22018", "Player_ID": 1626144, "Game_ID": "0021800444", "GAME_DATE": "DEC 17, 2018", "MATCHUP": "NYK vs. PHX", "WL": "L", "MIN": 33, "FGM": 12, "FGA": 21, "FG_PCT": 0.571, "FG3M": 2, "FG3A": 6, "FG3_PCT": 0.333, "FTM": 6, "FTA": 7, "FT_PCT": 0.857, "OREB": 1, "DREB": 5, "REB": 6, "AST": 6, "STL": 0, "BLK": 0, "TOV": 2, "PF": 3, "PTS": 32, "PLUS_MINUS": -8, "VIDEO_AVAILABLE": 1}, {"SEASON_ID": "22018", "Player_ID": 1626144, "Game_ID": "0021800438", "GAME_DATE": "DEC 16, 2018", "MATCHUP": "NYK @ IND", "WL": "L", "MIN": 30, "FGM": 5, "FGA": 11, "FG_PCT": 0.455, "FG3M": 1, "FG3A": 3, "FG3_PCT": 0.333, "FTM": 7, "FTA": 10, "FT_PCT": 0.7, "OREB": 0, "DREB": 1, "REB": 1, "AST": 6, "STL": 1, "BLK": 0, "TOV": 2, "PF": 3, "PTS": 18, "PLUS_MINUS": -2, "VIDEO_AVAILABLE": 1}, {"SEASON_ID": "22018", "Player_ID": 1626144, "Game_ID": "0021800421", "GAME_DATE": "DEC 14, 2018", "MATCHUP": "NYK @ CHA", "WL": "W", "MIN": 41, "FGM": 14, "FGA": 21, "FG_PCT": 0.667, "FG3M": 1, "FG3A": 4, "FG3_PCT": 0.25, "FTM": 5, "FTA": 6, "FT_PCT": 0.833, "OREB": 1, "DREB": 2, "REB": 3, "AST": 8, "STL": 2, "BLK": 0, "TOV": 3, "PF": 3, "PTS": 34, "PLUS_MINUS": 13, "VIDEO_AVAILABLE": 1}, {"SEASON_ID": "22018", "Player_ID": 1626144, "Game_ID": "0021800406", "GAME_DATE": "DEC 12, 2018", "MATCHUP": "NYK @ CLE", "WL": "L", "MIN": 31, "FGM": 7, "FGA": 18, "FG_PCT": 0.389, "FG3M": 0, "FG3A": 2, "FG3_PCT": 0.0, "FTM": 2, "FTA": 2, "FT_PCT": 1.0, "OREB": 2, "DREB": 6, "REB": 8, "AST": 7, "STL": 2, "BLK": 0, "TOV": 2, "PF": 2, "PTS": 16, "PLUS_MINUS": 6, "VIDEO_AVAILABLE": 1}, {"SEASON_ID": "22018", "Player_ID": 1626144, "Game_ID": "0021800389", "GAME_DATE": "DEC 09, 2018", "MATCHUP": "NYK vs. CHA", "WL": "L", "MIN": 19, "FGM": 3, "FGA": 9, "FG_PCT": 0.333, "FG3M": 0, "FG3A": 4, "FG3_PCT": 0.0, "FTM": 0, "FTA": 0, "FT_PCT": 0.0, "OREB": 0, "DREB": 3, "REB": 3, "AST": 4, "STL": 0, "BLK": 0, "TOV": 2, "PF": 1, "PTS": 6, "PLUS_MINUS": -20, "VIDEO_AVAILABLE": 1}, {"SEASON_ID": "22018", "Player_ID": 1626144, "Game_ID": "0021800382", "GAME_DATE": "DEC 08, 2018", "MATCHUP": "NYK vs. BKN", "WL": "L", "MIN": 26, "FGM": 4, "FGA": 10, "FG_PCT": 0.4, "FG3M": 2, "FG3A": 5, "FG3_PCT": 0.4, "FTM": 3, "FTA": 4, "FT_PCT": 0.75, "OREB": 0, "DREB": 1, "REB": 1, "AST": 4, "STL": 0, "BLK": 0, "TOV": 3, "PF": 3, "PTS": 13, "PLUS_MINUS": -9, "VIDEO_AVAILABLE": 1}, {"SEASON_ID": "22018", "Player_ID": 1626144, "Game_ID": "0021800365", "GAME_DATE": "DEC 06, 2018", "MATCHUP": "NYK @ BOS", "WL": "L", "MIN": 34, "FGM": 5, "FGA": 15, "FG_PCT": 0.333, "FG3M": 2, "FG3A": 4, "FG3_PCT": 0.5, "FTM": 5, "FTA": 5, "FT_PCT": 1.0, "OREB": 1, "DREB": 1, "REB": 2, "AST": 6, "STL": 0, "BLK": 1, "TOV": 3, "PF": 4, "PTS": 17, "PLUS_MINUS": -17, "VIDEO_AVAILABLE": 1}, {"SEASON_ID": "22018", "Player_ID": 1626144, "Game_ID": "0021800346", "GAME_DATE": "DEC 03, 2018", "MATCHUP": "NYK vs. WAS", "WL": "L", "MIN": 36, "FGM": 6, "FGA": 15, "FG_PCT": 0.4, "FG3M": 2, "FG3A": 5, "FG3_PCT": 0.4, "FTM": 2, "FTA": 2, "FT_PCT": 1.0, "OREB": 0, "DREB": 5, "REB": 5, "AST": 4, "STL": 0, "BLK": 1, "TOV": 4, "PF": 1, "PTS": 16, "PLUS_MINUS": 4, "VIDEO_AVAILABLE": 1}, {"SEASON_ID": "22018", "Player_ID": 1626144, "Game_ID": "0021800330", "GAME_DATE": "DEC 01, 2018", "MATCHUP": "NYK vs. MIL", "WL": "W", "MIN": 36, "FGM": 10, "FGA": 18, "FG_PCT": 0.556, "FG3M": 4, "FG3A": 5, "FG3_PCT": 0.8, "FTM": 4, "FTA": 5, "FT_PCT": 0.8, "OREB": 0, "DREB": 3, "REB": 3, "AST": 7, "STL": 1, "BLK": 0, "TOV": 3, "PF": 2, "PTS": 28, "PLUS_MINUS": -3, "VIDEO_AVAILABLE": 1}, {"SEASON_ID": "22018", "Player_ID": 1626144, "Game_ID": "0021800307", "GAME_DATE": "NOV 28, 2018", "MATCHUP": "NYK @ PHI", "WL": "L", "MIN": 21, "FGM": 1, "FGA": 5, "FG_PCT": 0.2, "FG3M": 0, "FG3A": 3, "FG3_PCT": 0.0, "FTM": 1, "FTA": 2, "FT_PCT": 0.5, "OREB": 0, "DREB": 1, "REB": 1, "AST": 1, "STL": 0, "BLK": 0, "TOV": 0, "PF": 1, "PTS": 3, "PLUS_MINUS": -7, "VIDEO_AVAILABLE": 1}, {"SEASON_ID": "22018", "Player_ID": 1626144, "Game_ID": "0021800301", "GAME_DATE": "NOV 27, 2018", "MATCHUP": "NYK @ DET", "WL": "L", "MIN": 22, "FGM": 4, "FGA": 13, "FG_PCT": 0.308, "FG3M": 1, "FG3A": 4, "FG3_PCT": 0.25, "FTM": 0, "FTA": 0, "FT_PCT": 0.0, "OREB": 0, "DREB": 2, "REB": 2, "AST": 2, "STL": 0, "BLK": 0, "TOV": 2, "PF": 0, "PTS": 9, "PLUS_MINUS": 3, "VIDEO_AVAILABLE": 1}, {"SEASON_ID": "22018", "Player_ID": 1626144, "Game_ID": "0021800291", "GAME_DATE": "NOV 25, 2018", "MATCHUP": "NYK @ MEM", "WL": "W", "MIN": 23, "FGM": 5, "FGA": 12, "FG_PCT": 0.417, "FG3M": 2, "FG3A": 4, "FG3_PCT": 0.5, "FTM": 5, "FTA": 5, "FT_PCT": 1.0, "OREB": 0, "DREB": 2, "REB": 2, "AST": 4, "STL": 1, "BLK": 1, "TOV": 1, "PF": 2, "PTS": 17, "PLUS_MINUS": 5, "VIDEO_AVAILABLE": 1}, {"SEASON_ID": "22018", "Player_ID": 1626144, "Game_ID": "0021800269", "GAME_DATE": "NOV 23, 2018", "MATCHUP": "NYK vs. NOP", "WL": "W", "MIN": 29, "FGM": 10, "FGA": 20, "FG_PCT": 0.5, "FG3M": 1, "FG3A": 6, "FG3_PCT": 0.167, "FTM": 6, "FTA": 7, "FT_PCT": 0.857, "OREB": 1, "DREB": 5, "REB": 6, "AST": 2, "STL": 4, "BLK": 0, "TOV": 2, "PF": 2, "PTS": 27, "PLUS_MINUS": 5, "VIDEO_AVAILABLE": 1}, {"SEASON_ID": "22018", "Player_ID": 1626144, "Game_ID": "0021800255", "GAME_DATE": "NOV 21, 2018", "MATCHUP": "NYK @ BOS", "WL": "W", "MIN": 19, "FGM": 1, "FGA": 5, "FG_PCT": 0.2, "FG3M": 1, "FG3A": 3, "FG3_PCT": 0.333, "FTM": 2, "FTA": 2, "FT_PCT": 1.0, "OREB": 0, "DREB": 2, "REB": 2, "AST": 2, "STL": 0, "BLK": 1, "TOV": 1, "PF": 2, "PTS": 5, "PLUS_MINUS": -6, "VIDEO_AVAILABLE": 1}, {"SEASON_ID": "22018", "Player_ID": 1626144, "Game_ID": "0021800251", "GAME_DATE": "NOV 20, 2018", "MATCHUP": "NYK vs. POR", "WL": "L", "MIN": 24, "FGM": 6, "FGA": 9, "FG_PCT": 0.667, "FG3M": 2, "FG3A": 4, "FG3_PCT": 0.5, "FTM": 2, "FTA": 2, "FT_PCT": 1.0, "OREB": 0, "DREB": 2, "REB": 2, "AST": 4, "STL": 0, "BLK": 0, "TOV": 2, "PF": 2, "PTS": 16, "PLUS_MINUS": 7, "VIDEO_AVAILABLE": 1}, {"SEASON_ID": "22018", "Player_ID": 1626144, "Game_ID": "0021800236", "GAME_DATE": "NOV 18, 2018", "MATCHUP": "NYK @ ORL", "WL": "L", "MIN": 23, "FGM": 5, "FGA": 8, "FG_PCT": 0.625, "FG3M": 0, "FG3A": 1, "FG3_PCT": 0.0, "FTM": 2, "FTA": 4, "FT_PCT": 0.5, "OREB": 1, "DREB": 0, "REB": 1, "AST": 2, "STL": 0, "BLK": 0, "TOV": 2, "PF": 3, "PTS": 12, "PLUS_MINUS": -21, "VIDEO_AVAILABLE": 1}, {"SEASON_ID": "22018", "Player_ID": 1626144, "Game_ID": "0021800222", "GAME_DATE": "NOV 16, 2018", "MATCHUP": "NYK @ NOP", "WL": "L", "MIN": 23, "FGM": 8, "FGA": 12, "FG_PCT": 0.667, "FG3M": 2, "FG3A": 3, "FG3_PCT": 0.667, "FTM": 1, "FTA": 2, "FT_PCT": 0.5, "OREB": 0, "DREB": 6, "REB": 6, "AST": 0, "STL": 2, "BLK": 2, "TOV": 1, "PF": 0, "PTS": 19, "PLUS_MINUS": 10, "VIDEO_AVAILABLE": 1}, {"SEASON_ID": "22018", "Player_ID": 1626144, "Game_ID": "0021800209", "GAME_DATE": "NOV 14, 2018", "MATCHUP": "NYK @ OKC", "WL": "L", "MIN": 21, "FGM": 2, "FGA": 5, "FG_PCT": 0.4, "FG3M": 0, "FG3A": 2, "FG3_PCT": 0.0, "FTM": 3, "FTA": 4, "FT_PCT": 0.75, "OREB": 0, "DREB": 1, "REB": 1, "AST": 5, "STL": 1, "BLK": 1, "TOV": 3, "PF": 0, "PTS": 7, "PLUS_MINUS": -13, "VIDEO_AVAILABLE": 1}, {"SEASON_ID": "22018", "Player_ID": 1626144, "Game_ID": "0021800186", "GAME_DATE": "NOV 11, 2018", "MATCHUP": "NYK vs. ORL", "WL": "L", "MIN": 17, "FGM": 1, "FGA": 4, "FG_PCT": 0.25, "FG3M": 0, "FG3A": 2, "FG3_PCT": 0.0, "FTM": 1, "FTA": 3, "FT_PCT": 0.333, "OREB": 0, "DREB": 3, "REB": 3, "AST": 0, "STL": 0, "BLK": 0, "TOV": 2, "PF": 1, "PTS": 3, "PLUS_MINUS": -20, "VIDEO_AVAILABLE": 1}, {"SEASON_ID": "22018", "Player_ID": 1626144, "Game_ID": "0021800174", "GAME_DATE": "NOV 10, 2018", "MATCHUP": "NYK @ TOR", "WL": "L", "MIN": 23, "FGM": 6, "FGA": 11, "FG_PCT": 0.545, "FG3M": 0, "FG3A": 1, "FG3_PCT": 0.0, "FTM": 0, "FTA": 0, "FT_PCT": 0.0, "OREB": 1, "DREB": 1, "REB": 2, "AST": 2, "STL": 2, "BLK": 1, "TOV": 2, "PF": 1, "PTS": 12, "PLUS_MINUS": -11, "VIDEO_AVAILABLE": 1}, {"SEASON_ID": "22018", "Player_ID": 1626144, "Game_ID": "0021800155", "GAME_DATE": "NOV 07, 2018", "MATCHUP": "NYK @ ATL", "WL": "W", "MIN": 22, "FGM": 4, "FGA": 8, "FG_PCT": 0.5, "FG3M": 3, "FG3A": 3, "FG3_PCT": 1.0, "FTM": 0, "FTA": 2, "FT_PCT": 0.0, "OREB": 1, "DREB": 4, "REB": 5, "AST": 3, "STL": 0, "BLK": 1, "TOV": 1, "PF": 2, "PTS": 11, "PLUS_MINUS": 8, "VIDEO_AVAILABLE": 1}, {"SEASON_ID": "22018", "Player_ID": 1626144, "Game_ID": "0021800143", "GAME_DATE": "NOV 05, 2018", "MATCHUP": "NYK vs. CHI", "WL": "L", "MIN": 34, "FGM": 7, "FGA": 16, "FG_PCT": 0.438, "FG3M": 1, "FG3A": 3, "FG3_PCT": 0.333, "FTM": 1, "FTA": 1, "FT_PCT": 1.0, "OREB": 3, "DREB": 3, "REB": 6, "AST": 2, "STL": 1, "BLK": 0, "TOV": 2, "PF": 5, "PTS": 16, "PLUS_MINUS": 11, "VIDEO_AVAILABLE": 1}, {"SEASON_ID": "22018", "Player_ID": 1626144, "Game_ID": "0021800135", "GAME_DATE": "NOV 04, 2018", "MATCHUP": "NYK @ WAS", "WL": "L", "MIN": 23, "FGM": 1, "FGA": 5, "FG_PCT": 0.2, "FG3M": 0, "FG3A": 2, "FG3_PCT": 0.0, "FTM": 2, "FTA": 3, "FT_PCT": 0.667, "OREB": 2, "DREB": 1, "REB": 3, "AST": 3, "STL": 1, "BLK": 1, "TOV": 2, "PF": 3, "PTS": 4, "PLUS_MINUS": 2, "VIDEO_AVAILABLE": 1}, {"SEASON_ID": "22018", "Player_ID": 1626144, "Game_ID": "0021800121", "GAME_DATE": "NOV 02, 2018", "MATCHUP": "NYK @ DAL", "WL": "W", "MIN": 16, "FGM": 3, "FGA": 5, "FG_PCT": 0.6, "FG3M": 0, "FG3A": 2, "FG3_PCT": 0.0, "FTM": 0, "FTA": 0, "FT_PCT": 0.0, "OREB": 1, "DREB": 1, "REB": 2, "AST": 4, "STL": 3, "BLK": 0, "TOV": 1, "PF": 1, "PTS": 6, "PLUS_MINUS": 5, "VIDEO_AVAILABLE": 1}, {"SEASON_ID": "22018", "Player_ID": 1626144, "Game_ID": "0021800090", "GAME_DATE": "OCT 29, 2018", "MATCHUP": "NYK vs. BKN", "WL": "W", "MIN": 2, "FGM": 0, "FGA": 0, "FG_PCT": 0.0, "FG3M": 0, "FG3A": 0, "FG3_PCT": 0.0, "FTM": 0, "FTA": 0, "FT_PCT": 0.0, "OREB": 0, "DREB": 0, "REB": 0, "AST": 0, "STL": 0, "BLK": 0, "TOV": 0, "PF": 0, "PTS": 0, "PLUS_MINUS": 4, "VIDEO_AVAILABLE": 1}, {"SEASON_ID": "22016", "Player_ID": 1626144, "Game_ID": "0021601198", "GAME_DATE": "APR 09, 2017", "MATCHUP": "DEN vs. OKC", "WL": "L", "MIN": 24, "FGM": 7, "FGA": 10, "FG_PCT": 0.7, "FG3M": 0, "FG3A": 1, "FG3_PCT": 0.0, "FTM": 0, "FTA": 0, "FT_PCT": 0.0, "OREB": 1, "DREB": 4, "REB": 5, "AST": 3, "STL": 1, "BLK": 0, "TOV": 3, "PF": 1, "PTS": 14, "PLUS_MINUS": 6, "VIDEO_AVAILABLE": 1}, {"SEASON_ID": "22016", "Player_ID": 1626144, "Game_ID": "0021601184", "GAME_DATE": "APR 07, 2017", "MATCHUP": "DEN vs. NOP", "WL": "W", "MIN": 18, "FGM": 3, "FGA": 5, "FG_PCT": 0.6, "FG3M": 2, "FG3A": 3, "FG3_PCT": 0.667, "FTM": 1, "FTA": 2, "FT_PCT": 0.5, "OREB": 1, "DREB": 1, "REB": 2, "AST": 4, "STL": 1, "BLK": 0, "TOV": 1, "PF": 2, "PTS": 9, "PLUS_MINUS": 6, "VIDEO_AVAILABLE": 1}, {"SEASON_ID": "22016", "Player_ID": 1626144, "Game_ID": "0021601168", "GAME_DATE": "APR 05, 2017", "MATCHUP": "DEN @ HOU", "WL": "L", "MIN": 16, "FGM": 1, "FGA": 5, "FG_PCT": 0.2, "FG3M": 0, "FG3A": 3, "FG3_PCT": 0.0, "FTM": 4, "FTA": 4, "FT_PCT": 1.0, "OREB": 2, "DREB": 4, "REB": 6, "AST": 3, "STL": 1, "BLK": 0, "TOV": 2, "PF": 2, "PTS": 6, "PLUS_MINUS": -5, "VIDEO_AVAILABLE": 1}, {"SEASON_ID": "22016", "Player_ID": 1626144, "Game_ID": "0021601158", "GAME_DATE": "APR 04, 2017", "MATCHUP": "DEN @ NOP", "WL": "W", "MIN": 29, "FGM": 5, "FGA": 15, "FG_PCT": 0.333, "FG3M": 2, "FG3A": 4, "FG3_PCT": 0.5, "FTM": 3, "FTA": 5, "FT_PCT": 0.6, "OREB": 0, "DREB": 0, "REB": 0, "AST": 7, "STL": 0, "BLK": 0, "TOV": 1, "PF": 2, "PTS": 15, "PLUS_MINUS": 0, "VIDEO_AVAILABLE": 1}, {"SEASON_ID": "22016", "Player_ID": 1626144, "Game_ID": "0021601149", "GAME_DATE": "APR 02, 2017", "MATCHUP": "DEN @ MIA", "WL": "W", "MIN": 32, "FGM": 4, "FGA": 9, "FG_PCT": 0.444, "FG3M": 0, "FG3A": 0, "FG3_PCT": 0.0, "FTM": 9, "FTA": 10, "FT_PCT": 0.9, "OREB": 0, "DREB": 4, "REB": 4, "AST": 9, "STL": 0, "BLK": 1, "TOV": 2, "PF": 2, "PTS": 17, "PLUS_MINUS": 3, "VIDEO_AVAILABLE": 1}, {"SEASON_ID": "22016", "Player_ID": 1626144, "Game_ID": "0021601095", "GAME_DATE": "MAR 26, 2017", "MATCHUP": "DEN vs. NOP", "WL": "L", "MIN": 7, "FGM": 1, "FGA": 3, "FG_PCT": 0.333, "FG3M": 0, "FG3A": 1, "FG3_PCT": 0.0, "FTM": 0, "FTA": 0, "FT_PCT": 0.0, "OREB": 0, "DREB": 1, "REB": 1, "AST": 2, "STL": 0, "BLK": 0, "TOV": 1, "PF": 0, "PTS": 2, "PLUS_MINUS": 4, "VIDEO_AVAILABLE": 1}, {"SEASON_ID": "22016", "Player_ID": 1626144, "Game_ID": "0021601048", "GAME_DATE": "MAR 20, 2017", "MATCHUP": "DEN @ HOU", "WL": "L", "MIN": 10, "FGM": 2, "FGA": 4, "FG_PCT": 0.5, "FG3M": 2, "FG3A": 3, "FG3_PCT": 0.667, "FTM": 2, "FTA": 2, "FT_PCT": 1.0, "OREB": 0, "DREB": 1, "REB": 1, "AST": 0, "STL": 0, "BLK": 0, "TOV": 1, "PF": 2, "PTS": 8, "PLUS_MINUS": 5, "VIDEO_AVAILABLE": 1}, {"SEASON_ID": "22016", "Player_ID": 1626144, "Game_ID": "0021600998", "GAME_DATE": "MAR 13, 2017", "MATCHUP": "DEN vs. LAL", "WL": "W", "MIN": 3, "FGM": 0, "FGA": 0, "FG_PCT": 0.0, "FG3M": 0, "FG3A": 0, "FG3_PCT": 0.0, "FTM": 0, "FTA": 0, "FT_PCT": 0.0, "OREB": 0, "DREB": 0, "REB": 0, "AST": 1, "STL": 0, "BLK": 0, "TOV": 0, "PF": 0, "PTS": 0, "PLUS_MINUS": 0, "VIDEO_AVAILABLE": 1}, {"SEASON_ID": "22016", "Player_ID": 1626144, "Game_ID": "0021600958", "GAME_DATE": "MAR 08, 2017", "MATCHUP": "DEN vs. WAS", "WL": "L", "MIN": 8, "FGM": 2, "FGA": 5, "FG_PCT": 0.4, "FG3M": 0, "FG3A": 0, "FG3_PCT": 0.0, "FTM": 0, "FTA": 0, "FT_PCT": 0.0, "OREB": 0, "DREB": 1, "REB": 1, "AST": 1, "STL": 0, "BLK": 0, "TOV": 1, "PF": 1, "PTS": 4, "PLUS_MINUS": -5, "VIDEO_AVAILABLE": 1}, {"SEASON_ID": "22016", "Player_ID": 1626144, "Game_ID": "0021600899", "GAME_DATE": "MAR 01, 2017", "MATCHUP": "DEN @ MIL", "WL": "W", "MIN": 18, "FGM": 4, "FGA": 9, "FG_PCT": 0.444, "FG3M": 1, "FG3A": 3, "FG3_PCT": 0.333, "FTM": 0, "FTA": 0, "FT_PCT": 0.0, "OREB": 0, "DREB": 4, "REB": 4, "AST": 1, "STL": 0, "BLK": 0, "TOV": 1, "PF": 0, "PTS": 9, "PLUS_MINUS": -3, "VIDEO_AVAILABLE": 1}, {"SEASON_ID": "22016", "Player_ID": 1626144, "Game_ID": "0021600864", "GAME_DATE": "FEB 24, 2017", "MATCHUP": "DEN vs. BKN", "WL": "W", "MIN": 5, "FGM": 0, "FGA": 1, "FG_PCT": 0.0, "FG3M": 0, "FG3A": 0, "FG3_PCT": 0.0, "FTM": 2, "FTA": 2, "FT_PCT": 1.0, "OREB": 0, "DREB": 0, "REB": 0, "AST": 1, "STL": 1, "BLK": 1, "TOV": 1, "PF": 0, "PTS": 2, "PLUS_MINUS": -2, "VIDEO_AVAILABLE": 1}, {"SEASON_ID": "22016", "Player_ID": 1626144, "Game_ID": "0021600762", "GAME_DATE": "FEB 04, 2017", "MATCHUP": "DEN @ SAS", "WL": "L", "MIN": 20, "FGM": 2, "FGA": 10, "FG_PCT": 0.2, "FG3M": 0, "FG3A": 3, "FG3_PCT": 0.0, "FTM": 2, "FTA": 2, "FT_PCT": 1.0, "OREB": 1, "DREB": 3, "REB": 4, "AST": 4, "STL": 1, "BLK": 0, "TOV": 1, "PF": 2, "PTS": 6, "PLUS_MINUS": -4, "VIDEO_AVAILABLE": 1}, {"SEASON_ID": "22016", "Player_ID": 1626144, "Game_ID": "0021600752", "GAME_DATE": "FEB 03, 2017", "MATCHUP": "DEN vs. MIL", "WL": "W", "MIN": 18, "FGM": 1, "FGA": 5, "FG_PCT": 0.2, "FG3M": 0, "FG3A": 1, "FG3_PCT": 0.0, "FTM": 0, "FTA": 0, "FT_PCT": 0.0, "OREB": 1, "DREB": 2, "REB": 3, "AST": 3, "STL": 0, "BLK": 0, "TOV": 0, "PF": 0, "PTS": 2, "PLUS_MINUS": 4, "VIDEO_AVAILABLE": 2}, {"SEASON_ID": "22016", "Player_ID": 1626144, "Game_ID": "0021600737", "GAME_DATE": "FEB 01, 2017", "MATCHUP": "DEN vs. MEM", "WL": "L", "MIN": 26, "FGM": 4, "FGA": 10, "FG_PCT": 0.4, "FG3M": 0, "FG3A": 1, "FG3_PCT": 0.0, "FTM": 6, "FTA": 10, "FT_PCT": 0.6, "OREB": 2, "DREB": 4, "REB": 6, "AST": 7, "STL": 0, "BLK": 0, "TOV": 2, "PF": 2, "PTS": 14, "PLUS_MINUS": -19, "VIDEO_AVAILABLE": 1}, {"SEASON_ID": "22016", "Player_ID": 1626144, "Game_ID": "0021600658", "GAME_DATE": "JAN 21, 2017", "MATCHUP": "DEN vs. LAC", "WL": "W", "MIN": 17, "FGM": 0, "FGA": 8, "FG_PCT": 0.0, "FG3M": 0, "FG3A": 3, "FG3_PCT": 0.0, "FTM": 3, "FTA": 4, "FT_PCT": 0.75, "OREB": 1, "DREB": 1, "REB": 2, "AST": 3, "STL": 0, "BLK": 0, "TOV": 1, "PF": 1, "PTS": 3, "PLUS_MINUS": 3, "VIDEO_AVAILABLE": 1}, {"SEASON_ID": "22016", "Player_ID": 1626144, "Game_ID": "0021600639", "GAME_DATE": "JAN 19, 2017", "MATCHUP": "DEN @ SAS", "WL": "L", "MIN": 26, "FGM": 4, "FGA": 10, "FG_PCT": 0.4, "FG3M": 2, "FG3A": 4, "FG3_PCT": 0.5, "FTM": 2, "FTA": 2, "FT_PCT": 1.0, "OREB": 0, "DREB": 1, "REB": 1, "AST": 2, "STL": 2, "BLK": 0, "TOV": 3, "PF": 2, "PTS": 12, "PLUS_MINUS": -18, "VIDEO_AVAILABLE": 1}, {"SEASON_ID": "22016", "Player_ID": 1626144, "Game_ID": "0021600626", "GAME_DATE": "JAN 17, 2017", "MATCHUP": "DEN @ LAL", "WL": "W", "MIN": 28, "FGM": 5, "FGA": 7, "FG_PCT": 0.714, "FG3M": 2, "FG3A": 3, "FG3_PCT": 0.667, "FTM": 2, "FTA": 3, "FT_PCT": 0.667, "OREB": 0, "DREB": 2, "REB": 2, "AST": 6, "STL": 2, "BLK": 0, "TOV": 3, "PF": 0, "PTS": 14, "PLUS_MINUS": 11, "VIDEO_AVAILABLE": 1}, {"SEASON_ID": "22016", "Player_ID": 1626144, "Game_ID": "0021600617", "GAME_DATE": "JAN 16, 2017", "MATCHUP": "DEN vs. ORL", "WL": "W", "MIN": 37, "FGM": 6, "FGA": 12, "FG_PCT": 0.5, "FG3M": 2, "FG3A": 4, "FG3_PCT": 0.5, "FTM": 4, "FTA": 4, "FT_PCT": 1.0, "OREB": 0, "DREB": 2, "REB": 2, "AST": 13, "STL": 2, "BLK": 1, "TOV": 4, "PF": 4, "PTS": 18, "PLUS_MINUS": 24, "VIDEO_AVAILABLE": 1}, {"SEASON_ID": "22016", "Player_ID": 1626144, "Game_ID": "0021600589", "GAME_DATE": "JAN 12, 2017", "MATCHUP": "DEN vs. IND", "WL": "W", "MIN": 22, "FGM": 3, "FGA": 7, "FG_PCT": 0.429, "FG3M": 2, "FG3A": 5, "FG3_PCT": 0.4, "FTM": 1, "FTA": 2, "FT_PCT": 0.5, "OREB": 0, "DREB": 2, "REB": 2, "AST": 7, "STL": 2, "BLK": 1, "TOV": 2, "PF": 3, "PTS": 9, "PLUS_MINUS": 28, "VIDEO_AVAILABLE": 1}, {"SEASON_ID": "22016", "Player_ID": 1626144, "Game_ID": "0021600555", "GAME_DATE": "JAN 07, 2017", "MATCHUP": "DEN @ OKC", "WL": "L", "MIN": 26, "FGM": 0, "FGA": 9, "FG_PCT": 0.0, "FG3M": 0, "FG3A": 4, "FG3_PCT": 0.0, "FTM": 0, "FTA": 0, "FT_PCT": 0.0, "OREB": 1, "DREB": 0, "REB": 1, "AST": 4, "STL": 1, "BLK": 0, "TOV": 2, "PF": 2, "PTS": 0, "PLUS_MINUS": -24, "VIDEO_AVAILABLE": 1}, {"SEASON_ID": "22016", "Player_ID": 1626144, "Game_ID": "0021600543", "GAME_DATE": "JAN 05, 2017", "MATCHUP": "DEN vs. SAS", "WL": "L", "MIN": 28, "FGM": 4, "FGA": 10, "FG_PCT": 0.4, "FG3M": 0, "FG3A": 3, "FG3_PCT": 0.0, "FTM": 0, "FTA": 0, "FT_PCT": 0.0, "OREB": 0, "DREB": 1, "REB": 1, "AST": 5, "STL": 0, "BLK": 1, "TOV": 2, "PF": 0, "PTS": 8, "PLUS_MINUS": -18, "VIDEO_AVAILABLE": 1}, {"SEASON_ID": "22016", "Player_ID": 1626144, "Game_ID": "0021600526", "GAME_DATE": "JAN 03, 2017", "MATCHUP": "DEN vs. SAC", "WL": "L", "MIN": 28, "FGM": 2, "FGA": 8, "FG_PCT": 0.25, "FG3M": 1, "FG3A": 5, "FG3_PCT": 0.2, "FTM": 0, "FTA": 0, "FT_PCT": 0.0, "OREB": 1, "DREB": 1, "REB": 2, "AST": 6, "STL": 0, "BLK": 0, "TOV": 1, "PF": 1, "PTS": 5, "PLUS_MINUS": 2, "VIDEO_AVAILABLE": 1}, {"SEASON_ID": "22016", "Player_ID": 1626144, "Game_ID": "0021600520", "GAME_DATE": "JAN 02, 2017", "MATCHUP": "DEN @ GSW", "WL": "L", "MIN": 31, "FGM": 4, "FGA": 11, "FG_PCT": 0.364, "FG3M": 0, "FG3A": 3, "FG3_PCT": 0.0, "FTM": 0, "FTA": 0, "FT_PCT": 0.0, "OREB": 0, "DREB": 2, "REB": 2, "AST": 4, "STL": 1, "BLK": 0, "TOV": 1, "PF": 2, "PTS": 8, "PLUS_MINUS": -8, "VIDEO_AVAILABLE": 1}, {"SEASON_ID": "22016", "Player_ID": 1626144, "Game_ID": "0021600500", "GAME_DATE": "DEC 30, 2016", "MATCHUP": "DEN vs. PHI", "WL": "L", "MIN": 29, "FGM": 7, "FGA": 11, "FG_PCT": 0.636, "FG3M": 3, "FG3A": 5, "FG3_PCT": 0.6, "FTM": 5, "FTA": 8, "FT_PCT": 0.625, "OREB": 1, "DREB": 3, "REB": 4, "AST": 5, "STL": 1, "BLK": 0, "TOV": 0, "PF": 4, "PTS": 22, "PLUS_MINUS": 7, "VIDEO_AVAILABLE": 1}, {"SEASON_ID": "22016", "Player_ID": 1626144, "Game_ID": "0021600483", "GAME_DATE": "DEC 28, 2016", "MATCHUP": "DEN vs. MIN", "WL": "W", "MIN": 27, "FGM": 5, "FGA": 10, "FG_PCT": 0.5, "FG3M": 1, "FG3A": 2, "FG3_PCT": 0.5, "FTM": 0, "FTA": 0, "FT_PCT": 0.0, "OREB": 1, "DREB": 1, "REB": 2, "AST": 5, "STL": 1, "BLK": 0, "TOV": 2, "PF": 2, "PTS": 11, "PLUS_MINUS": 4, "VIDEO_AVAILABLE": 1}, {"SEASON_ID": "22016", "Player_ID": 1626144, "Game_ID": "0021600470", "GAME_DATE": "DEC 26, 2016", "MATCHUP": "DEN @ LAC", "WL": "W", "MIN": 18, "FGM": 3, "FGA": 7, "FG_PCT": 0.429, "FG3M": 2, "FG3A": 5, "FG3_PCT": 0.4, "FTM": 1, "FTA": 2, "FT_PCT": 0.5, "OREB": 0, "DREB": 2, "REB": 2, "AST": 0, "STL": 2, "BLK": 0, "TOV": 4, "PF": 3, "PTS": 9, "PLUS_MINUS": 4, "VIDEO_AVAILABLE": 1}, {"SEASON_ID": "22016", "Player_ID": 1626144, "Game_ID": "0021600451", "GAME_DATE": "DEC 23, 2016", "MATCHUP": "DEN vs. ATL", "WL": "L", "MIN": 28, "FGM": 3, "FGA": 8, "FG_PCT": 0.375, "FG3M": 1, "FG3A": 3, "FG3_PCT": 0.333, "FTM": 10, "FTA": 10, "FT_PCT": 1.0, "OREB": 0, "DREB": 3, "REB": 3, "AST": 5, "STL": 0, "BLK": 0, "TOV": 2, "PF": 1, "PTS": 17, "PLUS_MINUS": -7, "VIDEO_AVAILABLE": 1}, {"SEASON_ID": "22016", "Player_ID": 1626144, "Game_ID": "0021600426", "GAME_DATE": "DEC 20, 2016", "MATCHUP": "DEN @ LAC", "WL": "L", "MIN": 26, "FGM": 0, "FGA": 9, "FG_PCT": 0.0, "FG3M": 0, "FG3A": 5, "FG3_PCT": 0.0, "FTM": 0, "FTA": 0, "FT_PCT": 0.0, "OREB": 2, "DREB": 3, "REB": 5, "AST": 1, "STL": 1, "BLK": 0, "TOV": 2, "PF": 2, "PTS": 0, "PLUS_MINUS": -24, "VIDEO_AVAILABLE": 1}, {"SEASON_ID": "22016", "Player_ID": 1626144, "Game_ID": "0021600417", "GAME_DATE": "DEC 19, 2016", "MATCHUP": "DEN vs. DAL", "WL": "W", "MIN": 33, "FGM": 7, "FGA": 13, "FG_PCT": 0.538, "FG3M": 4, "FG3A": 6, "FG3_PCT": 0.667, "FTM": 0, "FTA": 0, "FT_PCT": 0.0, "OREB": 0, "DREB": 4, "REB": 4, "AST": 7, "STL": 0, "BLK": 0, "TOV": 1, "PF": 2, "PTS": 18, "PLUS_MINUS": 28, "VIDEO_AVAILABLE": 1}, {"SEASON_ID": "22016", "Player_ID": 1626144, "Game_ID": "0021600404", "GAME_DATE": "DEC 17, 2016", "MATCHUP": "DEN vs. NYK", "WL": "W", "MIN": 32, "FGM": 10, "FGA": 15, "FG_PCT": 0.667, "FG3M": 2, "FG3A": 3, "FG3_PCT": 0.667, "FTM": 0, "FTA": 0, "FT_PCT": 0.0, "OREB": 0, "DREB": 7, "REB": 7, "AST": 5, "STL": 1, "BLK": 0, "TOV": 1, "PF": 2, "PTS": 22, "PLUS_MINUS": 16, "VIDEO_AVAILABLE": 1}, {"SEASON_ID": "22016", "Player_ID": 1626144, "Game_ID": "0021600386", "GAME_DATE": "DEC 15, 2016", "MATCHUP": "DEN vs. POR", "WL": "W", "MIN": 22, "FGM": 3, "FGA": 6, "FG_PCT": 0.5, "FG3M": 2, "FG3A": 3, "FG3_PCT": 0.667, "FTM": 2, "FTA": 2, "FT_PCT": 1.0, "OREB": 0, "DREB": 0, "REB": 0, "AST": 4, "STL": 1, "BLK": 0, "TOV": 4, "PF": 2, "PTS": 10, "PLUS_MINUS": 10, "VIDEO_AVAILABLE": 1}, {"SEASON_ID": "22016", "Player_ID": 1626144, "Game_ID": "0021600365", "GAME_DATE": "DEC 12, 2016", "MATCHUP": "DEN @ DAL", "WL": "L", "MIN": 31, "FGM": 6, "FGA": 12, "FG_PCT": 0.5, "FG3M": 3, "FG3A": 5, "FG3_PCT": 0.6, "FTM": 2, "FTA": 4, "FT_PCT": 0.5, "OREB": 0, "DREB": 2, "REB": 2, "AST": 4, "STL": 0, "BLK": 1, "TOV": 4, "PF": 1, "PTS": 17, "PLUS_MINUS": -20, "VIDEO_AVAILABLE": 1}, {"SEASON_ID": "22016", "Player_ID": 1626144, "Game_ID": "0021600347", "GAME_DATE": "DEC 10, 2016", "MATCHUP": "DEN @ ORL", "WL": "W", "MIN": 23, "FGM": 2, "FGA": 6, "FG_PCT": 0.333, "FG3M": 0, "FG3A": 1, "FG3_PCT": 0.0, "FTM": 0, "FTA": 0, "FT_PCT": 0.0, "OREB": 0, "DREB": 3, "REB": 3, "AST": 2, "STL": 0, "BLK": 0, "TOV": 1, "PF": 2, "PTS": 4, "PLUS_MINUS": -13, "VIDEO_AVAILABLE": 1}, {"SEASON_ID": "22016", "Player_ID": 1626144, "Game_ID": "0021600323", "GAME_DATE": "DEC 07, 2016", "MATCHUP": "DEN @ BKN", "WL": "L", "MIN": 18, "FGM": 2, "FGA": 10, "FG_PCT": 0.2, "FG3M": 0, "FG3A": 3, "FG3_PCT": 0.0, "FTM": 2, "FTA": 4, "FT_PCT": 0.5, "OREB": 1, "DREB": 1, "REB": 2, "AST": 1, "STL": 0, "BLK": 0, "TOV": 0, "PF": 1, "PTS": 6, "PLUS_MINUS": -26, "VIDEO_AVAILABLE": 1}, {"SEASON_ID": "22016", "Player_ID": 1626144, "Game_ID": "0021600304", "GAME_DATE": "DEC 05, 2016", "MATCHUP": "DEN @ PHI", "WL": "W", "MIN": 21, "FGM": 1, "FGA": 6, "FG_PCT": 0.167, "FG3M": 0, "FG3A": 1, "FG3_PCT": 0.0, "FTM": 2, "FTA": 2, "FT_PCT": 1.0, "OREB": 0, "DREB": 1, "REB": 1, "AST": 0, "STL": 0, "BLK": 0, "TOV": 3, "PF": 1, "PTS": 4, "PLUS_MINUS": 0, "VIDEO_AVAILABLE": 1}, {"SEASON_ID": "22016", "Player_ID": 1626144, "Game_ID": "0021600297", "GAME_DATE": "DEC 03, 2016", "MATCHUP": "DEN @ UTA", "WL": "L", "MIN": 22, "FGM": 5, "FGA": 11, "FG_PCT": 0.455, "FG3M": 2, "FG3A": 4, "FG3_PCT": 0.5, "FTM": 0, "FTA": 0, "FT_PCT": 0.0, "OREB": 0, "DREB": 3, "REB": 3, "AST": 0, "STL": 1, "BLK": 2, "TOV": 0, "PF": 1, "PTS": 12, "PLUS_MINUS": -10, "VIDEO_AVAILABLE": 1}, {"SEASON_ID": "22016", "Player_ID": 1626144, "Game_ID": "0021600290", "GAME_DATE": "DEC 02, 2016", "MATCHUP": "DEN vs. HOU", "WL": "L", "MIN": 29, "FGM": 3, "FGA": 12, "FG_PCT": 0.25, "FG3M": 1, "FG3A": 6, "FG3_PCT": 0.167, "FTM": 2, "FTA": 2, "FT_PCT": 1.0, "OREB": 1, "DREB": 2, "REB": 3, "AST": 5, "STL": 0, "BLK": 0, "TOV": 1, "PF": 4, "PTS": 9, "PLUS_MINUS": -20, "VIDEO_AVAILABLE": 1}, {"SEASON_ID": "22016", "Player_ID": 1626144, "Game_ID": "0021600273", "GAME_DATE": "NOV 30, 2016", "MATCHUP": "DEN vs. MIA", "WL": "L", "MIN": 36, "FGM": 3, "FGA": 11, "FG_PCT": 0.273, "FG3M": 0, "FG3A": 2, "FG3_PCT": 0.0, "FTM": 1, "FTA": 3, "FT_PCT": 0.333, "OREB": 2, "DREB": 6, "REB": 8, "AST": 7, "STL": 0, "BLK": 1, "TOV": 4, "PF": 0, "PTS": 7, "PLUS_MINUS": -19, "VIDEO_AVAILABLE": 1}, {"SEASON_ID": "22016", "Player_ID": 1626144, "Game_ID": "0021600246", "GAME_DATE": "NOV 27, 2016", "MATCHUP": "DEN @ PHX", "WL": "W", "MIN": 37, "FGM": 5, "FGA": 13, "FG_PCT": 0.385, "FG3M": 1, "FG3A": 3, "FG3_PCT": 0.333, "FTM": 8, "FTA": 10, "FT_PCT": 0.8, "OREB": 1, "DREB": 3, "REB": 4, "AST": 6, "STL": 0, "BLK": 0, "TOV": 2, "PF": 4, "PTS": 19, "PLUS_MINUS": -1, "VIDEO_AVAILABLE": 1}, {"SEASON_ID": "22016", "Player_ID": 1626144, "Game_ID": "0021600235", "GAME_DATE": "NOV 25, 2016", "MATCHUP": "DEN vs. OKC", "WL": "L", "MIN": 30, "FGM": 5, "FGA": 10, "FG_PCT": 0.5, "FG3M": 3, "FG3A": 6, "FG3_PCT": 0.5, "FTM": 4, "FTA": 6, "FT_PCT": 0.667, "OREB": 1, "DREB": 2, "REB": 3, "AST": 5, "STL": 1, "BLK": 0, "TOV": 1, "PF": 0, "PTS": 17, "PLUS_MINUS": 5, "VIDEO_AVAILABLE": 1}, {"SEASON_ID": "22016", "Player_ID": 1626144, "Game_ID": "0021600221", "GAME_DATE": "NOV 23, 2016", "MATCHUP": "DEN @ UTA", "WL": "L", "MIN": 18, "FGM": 1, "FGA": 8, "FG_PCT": 0.125, "FG3M": 0, "FG3A": 1, "FG3_PCT": 0.0, "FTM": 1, "FTA": 2, "FT_PCT": 0.5, "OREB": 0, "DREB": 0, "REB": 0, "AST": 1, "STL": 0, "BLK": 0, "TOV": 1, "PF": 0, "PTS": 3, "PLUS_MINUS": -19, "VIDEO_AVAILABLE": 1}, {"SEASON_ID": "22016", "Player_ID": 1626144, "Game_ID": "0021600210", "GAME_DATE": "NOV 22, 2016", "MATCHUP": "DEN vs. CHI", "WL": "W", "MIN": 27, "FGM": 1, "FGA": 7, "FG_PCT": 0.143, "FG3M": 1, "FG3A": 3, "FG3_PCT": 0.333, "FTM": 2, "FTA": 2, "FT_PCT": 1.0, "OREB": 0, "DREB": 1, "REB": 1, "AST": 3, "STL": 0, "BLK": 0, "TOV": 2, "PF": 1, "PTS": 5, "PLUS_MINUS": -8, "VIDEO_AVAILABLE": 1}, {"SEASON_ID": "22016", "Player_ID": 1626144, "Game_ID": "0021600197", "GAME_DATE": "NOV 20, 2016", "MATCHUP": "DEN vs. UTA", "WL": "W", "MIN": 32, "FGM": 5, "FGA": 13, "FG_PCT": 0.385, "FG3M": 0, "FG3A": 4, "FG3_PCT": 0.0, "FTM": 0, "FTA": 0, "FT_PCT": 0.0, "OREB": 0, "DREB": 7, "REB": 7, "AST": 8, "STL": 0, "BLK": 0, "TOV": 0, "PF": 0, "PTS": 10, "PLUS_MINUS": 9, "VIDEO_AVAILABLE": 1}, {"SEASON_ID": "22016", "Player_ID": 1626144, "Game_ID": "0021600181", "GAME_DATE": "NOV 18, 2016", "MATCHUP": "DEN vs. TOR", "WL": "L", "MIN": 46, "FGM": 10, "FGA": 17, "FG_PCT": 0.588, "FG3M": 0, "FG3A": 6, "FG3_PCT": 0.0, "FTM": 5, "FTA": 7, "FT_PCT": 0.714, "OREB": 0, "DREB": 6, "REB": 6, "AST": 9, "STL": 1, "BLK": 0, "TOV": 5, "PF": 4, "PTS": 25, "PLUS_MINUS": -8, "VIDEO_AVAILABLE": 1}, {"SEASON_ID": "22016", "Player_ID": 1626144, "Game_ID": "0021600166", "GAME_DATE": "NOV 16, 2016", "MATCHUP": "DEN vs. PHX", "WL": "W", "MIN": 38, "FGM": 7, "FGA": 17, "FG_PCT": 0.412, "FG3M": 0, "FG3A": 2, "FG3_PCT": 0.0, "FTM": 1, "FTA": 1, "FT_PCT": 1.0, "OREB": 2, "DREB": 3, "REB": 5, "AST": 6, "STL": 2, "BLK": 0, "TOV": 0, "PF": 1, "PTS": 15, "PLUS_MINUS": 24, "VIDEO_AVAILABLE": 1}, {"SEASON_ID": "22016", "Player_ID": 1626144, "Game_ID": "0021600144", "GAME_DATE": "NOV 13, 2016", "MATCHUP": "DEN @ POR", "WL": "L", "MIN": 30, "FGM": 3, "FGA": 16, "FG_PCT": 0.188, "FG3M": 1, "FG3A": 6, "FG3_PCT": 0.167, "FTM": 1, "FTA": 2, "FT_PCT": 0.5, "OREB": 0, "DREB": 2, "REB": 2, "AST": 0, "STL": 0, "BLK": 0, "TOV": 2, "PF": 2, "PTS": 8, "PLUS_MINUS": -16, "VIDEO_AVAILABLE": 1}, {"SEASON_ID": "22016", "Player_ID": 1626144, "Game_ID": "0021600138", "GAME_DATE": "NOV 12, 2016", "MATCHUP": "DEN vs. DET", "WL": "L", "MIN": 26, "FGM": 6, "FGA": 14, "FG_PCT": 0.429, "FG3M": 4, "FG3A": 8, "FG3_PCT": 0.5, "FTM": 3, "FTA": 4, "FT_PCT": 0.75, "OREB": 2, "DREB": 3, "REB": 5, "AST": 2, "STL": 2, "BLK": 2, "TOV": 5, "PF": 2, "PTS": 19, "PLUS_MINUS": -11, "VIDEO_AVAILABLE": 1}, {"SEASON_ID": "22016", "Player_ID": 1626144, "Game_ID": "0021600119", "GAME_DATE": "NOV 10, 2016", "MATCHUP": "DEN vs. GSW", "WL": "L", "MIN": 24, "FGM": 4, "FGA": 15, "FG_PCT": 0.267, "FG3M": 2, "FG3A": 5, "FG3_PCT": 0.4, "FTM": 0, "FTA": 0, "FT_PCT": 0.0, "OREB": 1, "DREB": 3, "REB": 4, "AST": 4, "STL": 1, "BLK": 0, "TOV": 3, "PF": 1, "PTS": 10, "PLUS_MINUS": -21, "VIDEO_AVAILABLE": 1}, {"SEASON_ID": "22016", "Player_ID": 1626144, "Game_ID": "0021600102", "GAME_DATE": "NOV 08, 2016", "MATCHUP": "DEN @ MEM", "WL": "L", "MIN": 36, "FGM": 7, "FGA": 13, "FG_PCT": 0.538, "FG3M": 1, "FG3A": 3, "FG3_PCT": 0.333, "FTM": 8, "FTA": 10, "FT_PCT": 0.8, "OREB": 0, "DREB": 4, "REB": 4, "AST": 7, "STL": 0, "BLK": 0, "TOV": 7, "PF": 4, "PTS": 23, "PLUS_MINUS": 5, "VIDEO_AVAILABLE": 1}, {"SEASON_ID": "22016", "Player_ID": 1626144, "Game_ID": "0021600091", "GAME_DATE": "NOV 06, 2016", "MATCHUP": "DEN @ BOS", "WL": "W", "MIN": 39, "FGM": 11, "FGA": 18, "FG_PCT": 0.611, "FG3M": 3, "FG3A": 5, "FG3_PCT": 0.6, "FTM": 5, "FTA": 5, "FT_PCT": 1.0, "OREB": 2, "DREB": 6, "REB": 8, "AST": 2, "STL": 1, "BLK": 1, "TOV": 7, "PF": 3, "PTS": 30, "PLUS_MINUS": 18, "VIDEO_AVAILABLE": 1}, {"SEASON_ID": "22016", "Player_ID": 1626144, "Game_ID": "0021600082", "GAME_DATE": "NOV 05, 2016", "MATCHUP": "DEN @ DET", "WL": "L", "MIN": 24, "FGM": 0, "FGA": 7, "FG_PCT": 0.0, "FG3M": 0, "FG3A": 2, "FG3_PCT": 0.0, "FTM": 6, "FTA": 7, "FT_PCT": 0.857, "OREB": 0, "DREB": 2, "REB": 2, "AST": 3, "STL": 1, "BLK": 0, "TOV": 4, "PF": 2, "PTS": 6, "PLUS_MINUS": -19, "VIDEO_AVAILABLE": 1}, {"SEASON_ID": "22016", "Player_ID": 1626144, "Game_ID": "0021600067", "GAME_DATE": "NOV 03, 2016", "MATCHUP": "DEN @ MIN", "WL": "W", "MIN": 33, "FGM": 4, "FGA": 18, "FG_PCT": 0.222, "FG3M": 0, "FG3A": 4, "FG3_PCT": 0.0, "FTM": 4, "FTA": 4, "FT_PCT": 1.0, "OREB": 0, "DREB": 6, "REB": 6, "AST": 3, "STL": 5, "BLK": 0, "TOV": 6, "PF": 3, "PTS": 12, "PLUS_MINUS": -5, "VIDEO_AVAILABLE": 1}, {"SEASON_ID": "22016", "Player_ID": 1626144, "Game_ID": "0021600042", "GAME_DATE": "OCT 31, 2016", "MATCHUP": "DEN @ TOR", "WL": "L", "MIN": 33, "FGM": 6, "FGA": 17, "FG_PCT": 0.353, "FG3M": 1, "FG3A": 4, "FG3_PCT": 0.25, "FTM": 3, "FTA": 4, "FT_PCT": 0.75, "OREB": 1, "DREB": 5, "REB": 6, "AST": 4, "STL": 0, "BLK": 1, "TOV": 2, "PF": 1, "PTS": 16, "PLUS_MINUS": -8, "VIDEO_AVAILABLE": 1}, {"SEASON_ID": "22016", "Player_ID": 1626144, "Game_ID": "0021600033", "GAME_DATE": "OCT 29, 2016", "MATCHUP": "DEN vs. POR", "WL": "L", "MIN": 38, "FGM": 7, "FGA": 20, "FG_PCT": 0.35, "FG3M": 2, "FG3A": 4, "FG3_PCT": 0.5, "FTM": 5, "FTA": 6, "FT_PCT": 0.833, "OREB": 0, "DREB": 7, "REB": 7, "AST": 4, "STL": 3, "BLK": 0, "TOV": 5, "PF": 3, "PTS": 21, "PLUS_MINUS": 3, "VIDEO_AVAILABLE": 1}, {"SEASON_ID": "22016", "Player_ID": 1626144, "Game_ID": "0021600010", "GAME_DATE": "OCT 26, 2016", "MATCHUP": "DEN @ NOP", "WL": "W", "MIN": 28, "FGM": 2, "FGA": 8, "FG_PCT": 0.25, "FG3M": 0, "FG3A": 1, "FG3_PCT": 0.0, "FTM": 7, "FTA": 8, "FT_PCT": 0.875, "OREB": 0, "DREB": 7, "REB": 7, "AST": 3, "STL": 1, "BLK": 0, "TOV": 6, "PF": 5, "PTS": 11, "PLUS_MINUS": -1, "VIDEO_AVAILABLE": 1}]