{"firstName": "Emmanuel", "lastName": "Mudiay", "temporaryDisplayName": "Mudiay, Emmanuel", "personId": "1626144", "teamId": "1610612762", "jersey": "8", "isActive": true, "pos": "G", "heightFeet": "6", "heightInches": "5", "heightMeters": "1.96", "weightPounds": "200", "weightKilograms": "90.7", "dateOfBirthUTC": "1996-03-05", "teamSitesOnly": {"playerCode": "emmanuel_mudiay", "posFull": "Guard", "displayAffiliation": "Guangdong/DRC", "freeAgentCode": ""}, "teams": [{"teamId": "1610612743", "seasonStart": "2015", "seasonEnd": "2017"}, {"teamId": "1610612752", "seasonStart": "2017", "seasonEnd": "2018"}, {"teamId": "1610612762", "seasonStart": "2019", "seasonEnd": "2019"}], "draft": {"teamId": "1610612743", "pickNum": "7", "roundNum": "1", "seasonYear": "2015"}, "nbaDebutYear": "2015", "yearsPro": "4", "collegeName": " ", "lastAffiliation": "Guangdong/DRC", "country": "Democratic Republic of the Congo"}