[{"SEASON_ID": "22017", "Player_ID": 1628495, "Game_ID": "0021701219", "GAME_DATE": "APR 11, 2018", "MATCHUP": "BKN @ BOS", "WL": "L", "MIN": 25, "FGM": 2, "FGA": 11, "FG_PCT": 0.182, "FG3M": 0, "FG3A": 5, "FG3_PCT": 0.0, "FTM": 2, "FTA": 3, "FT_PCT": 0.667, "OREB": 0, "DREB": 1, "REB": 1, "AST": 5, "STL": 2, "BLK": 0, "TOV": 0, "PF": 2, "PTS": 6, "PLUS_MINUS": 4, "VIDEO_AVAILABLE": 1}, {"SEASON_ID": "22017", "Player_ID": 1628495, "Game_ID": "0021701205", "GAME_DATE": "APR 09, 2018", "MATCHUP": "BKN vs. CHI", "WL": "W", "MIN": 16, "FGM": 3, "FGA": 4, "FG_PCT": 0.75, "FG3M": 2, "FG3A": 3, "FG3_PCT": 0.667, "FTM": 0, "FTA": 0, "FT_PCT": 0.0, "OREB": 1, "DREB": 2, "REB": 3, "AST": 0, "STL": 0, "BLK": 1, "TOV": 0, "PF": 4, "PTS": 8, "PLUS_MINUS": -9, "VIDEO_AVAILABLE": 1}, {"SEASON_ID": "22017", "Player_ID": 1628495, "Game_ID": "0021701193", "GAME_DATE": "APR 07, 2018", "MATCHUP": "BKN @ CHI", "WL": "W", "MIN": 8, "FGM": 0, "FGA": 3, "FG_PCT": 0.0, "FG3M": 0, "FG3A": 1, "FG3_PCT": 0.0, "FTM": 0, "FTA": 0, "FT_PCT": 0.0, "OREB": 0, "DREB": 2, "REB": 2, "AST": 0, "STL": 0, "BLK": 0, "TOV": 0, "PF": 2, "PTS": 0, "PLUS_MINUS": 5, "VIDEO_AVAILABLE": 1}, {"SEASON_ID": "22017", "Player_ID": 1628495, "Game_ID": "0021701157", "GAME_DATE": "APR 03, 2018", "MATCHUP": "BKN @ PHI", "WL": "L", "MIN": 12, "FGM": 1, "FGA": 4, "FG_PCT": 0.25, "FG3M": 0, "FG3A": 1, "FG3_PCT": 0.0, "FTM": 0, "FTA": 2, "FT_PCT": 0.0, "OREB": 0, "DREB": 3, "REB": 3, "AST": 1, "STL": 2, "BLK": 0, "TOV": 0, "PF": 2, "PTS": 2, "PLUS_MINUS": -4, "VIDEO_AVAILABLE": 1}, {"SEASON_ID": "22017", "Player_ID": 1628495, "Game_ID": "0021700642", "GAME_DATE": "JAN 15, 2018", "MATCHUP": "BKN vs. NYK", "WL": "L", "MIN": 4, "FGM": 1, "FGA": 2, "FG_PCT": 0.5, "FG3M": 0, "FG3A": 1, "FG3_PCT": 0.0, "FTM": 0, "FTA": 1, "FT_PCT": 0.0, "OREB": 0, "DREB": 1, "REB": 1, "AST": 0, "STL": 0, "BLK": 0, "TOV": 0, "PF": 0, "PTS": 2, "PLUS_MINUS": 6, "VIDEO_AVAILABLE": 1}, {"SEASON_ID": "22017", "Player_ID": 1628495, "Game_ID": "0021700606", "GAME_DATE": "JAN 10, 2018", "MATCHUP": "BKN vs. DET", "WL": "L", "MIN": 19, "FGM": 2, "FGA": 7, "FG_PCT": 0.286, "FG3M": 1, "FG3A": 4, "FG3_PCT": 0.25, "FTM": 0, "FTA": 0, "FT_PCT": 0.0, "OREB": 2, "DREB": 1, "REB": 3, "AST": 1, "STL": 1, "BLK": 0, "TOV": 1, "PF": 2, "PTS": 5, "PLUS_MINUS": -18, "VIDEO_AVAILABLE": 1}, {"SEASON_ID": "22017", "Player_ID": 1628495, "Game_ID": "0021700592", "GAME_DATE": "JAN 08, 2018", "MATCHUP": "BKN vs. TOR", "WL": "L", "MIN": 17, "FGM": 1, "FGA": 5, "FG_PCT": 0.2, "FG3M": 0, "FG3A": 3, "FG3_PCT": 0.0, "FTM": 0, "FTA": 0, "FT_PCT": 0.0, "OREB": 0, "DREB": 3, "REB": 3, "AST": 0, "STL": 0, "BLK": 0, "TOV": 1, "PF": 0, "PTS": 2, "PLUS_MINUS": 2, "VIDEO_AVAILABLE": 1}, {"SEASON_ID": "22017", "Player_ID": 1628495, "Game_ID": "0021700579", "GAME_DATE": "JAN 06, 2018", "MATCHUP": "BKN vs. BOS", "WL": "L", "MIN": 6, "FGM": 1, "FGA": 3, "FG_PCT": 0.333, "FG3M": 0, "FG3A": 2, "FG3_PCT": 0.0, "FTM": 0, "FTA": 0, "FT_PCT": 0.0, "OREB": 0, "DREB": 0, "REB": 0, "AST": 1, "STL": 0, "BLK": 1, "TOV": 0, "PF": 0, "PTS": 2, "PLUS_MINUS": 1, "VIDEO_AVAILABLE": 1}, {"SEASON_ID": "22017", "Player_ID": 1628495, "Game_ID": "0021700511", "GAME_DATE": "DEC 27, 2017", "MATCHUP": "BKN @ NOP", "WL": "L", "MIN": 15, "FGM": 2, "FGA": 7, "FG_PCT": 0.286, "FG3M": 1, "FG3A": 3, "FG3_PCT": 0.333, "FTM": 0, "FTA": 0, "FT_PCT": 0.0, "OREB": 0, "DREB": 2, "REB": 2, "AST": 2, "STL": 1, "BLK": 0, "TOV": 0, "PF": 1, "PTS": 5, "PLUS_MINUS": 1, "VIDEO_AVAILABLE": 1}, {"SEASON_ID": "22017", "Player_ID": 1628495, "Game_ID": "0021700502", "GAME_DATE": "DEC 26, 2017", "MATCHUP": "BKN @ SAS", "WL": "L", "MIN": 2, "FGM": 0, "FGA": 1, "FG_PCT": 0.0, "FG3M": 0, "FG3A": 0, "FG3_PCT": 0.0, "FTM": 2, "FTA": 2, "FT_PCT": 1.0, "OREB": 0, "DREB": 0, "REB": 0, "AST": 0, "STL": 0, "BLK": 0, "TOV": 0, "PF": 0, "PTS": 2, "PLUS_MINUS": 0, "VIDEO_AVAILABLE": 1}]