{"firstName": "Milton", "lastName": "Doyle", "temporaryDisplayName": "Doyle, Milton", "personId": "1628495", "teamId": "1610612741", "jersey": "9", "isActive": true, "pos": "G", "heightFeet": "6", "heightInches": "4", "heightMeters": "1.93", "weightPounds": "185", "weightKilograms": "83.9", "dateOfBirthUTC": "1993-10-31", "teamSitesOnly": {"playerCode": "milton_doyle", "posFull": "Guard", "displayAffiliation": "Loyola (Chicago)/USA", "freeAgentCode": ""}, "teams": [{"teamId": "1610612751", "seasonStart": "2017", "seasonEnd": "2017"}, {"teamId": "1610612741", "seasonStart": "2019", "seasonEnd": "2019"}], "draft": {"teamId": "", "pickNum": "", "roundNum": "", "seasonYear": ""}, "nbaDebutYear": "2017", "yearsPro": "1", "collegeName": "Loyola (IL)", "lastAffiliation": "Loyola (Chicago)/USA", "country": "USA"}