{"firstName": "Drew", "lastName": "Eubanks", "temporaryDisplayName": "Eubanks, Drew", "personId": "1629234", "teamId": "1610612759", "jersey": "14", "isActive": true, "pos": "F", "heightFeet": "6", "heightInches": "10", "heightMeters": "2.08", "weightPounds": "245", "weightKilograms": "111.1", "dateOfBirthUTC": "1997-02-01", "teamSitesOnly": {"playerCode": "drew_eubanks", "posFull": "Forward", "displayAffiliation": "Oregon State/USA", "freeAgentCode": ""}, "teams": [{"teamId": "1610612759", "seasonStart": "2018", "seasonEnd": "2019"}], "draft": {"teamId": "", "pickNum": "", "roundNum": "", "seasonYear": ""}, "nbaDebutYear": "2018", "yearsPro": "1", "collegeName": "Oregon State", "lastAffiliation": " USA/USA", "country": "USA"}