{"firstName": "Patrick", "lastName": "Patterson", "temporaryDisplayName": "Patterson, Patrick", "personId": "202335", "teamId": "1610612746", "jersey": "54", "isActive": true, "pos": "F", "heightFeet": "6", "heightInches": "9", "heightMeters": "2.06", "weightPounds": "230", "weightKilograms": "104.3", "dateOfBirthUTC": "1989-03-14", "teamSitesOnly": {"playerCode": "patrick_patterson", "posFull": "Forward", "displayAffiliation": "Kentucky/USA", "freeAgentCode": ""}, "teams": [{"teamId": "1610612745", "seasonStart": "2010", "seasonEnd": "2012"}, {"teamId": "1610612758", "seasonStart": "2012", "seasonEnd": "2013"}, {"teamId": "1610612761", "seasonStart": "2013", "seasonEnd": "2016"}, {"teamId": "1610612760", "seasonStart": "2017", "seasonEnd": "2018"}, {"teamId": "1610612746", "seasonStart": "2019", "seasonEnd": "2019"}], "draft": {"teamId": "1610612745", "pickNum": "14", "roundNum": "1", "seasonYear": "2010"}, "nbaDebutYear": "2010", "yearsPro": "9", "collegeName": "Kentucky", "lastAffiliation": "Kentucky/USA", "country": "USA"}