[{"SEASON_ID": "22018", "Player_ID": 1628973, "Game_ID": "0021801227", "GAME_DATE": "APR 10, 2019", "MATCHUP": "DAL @ SAS", "WL": "L", "MIN": 30, "FGM": 5, "FGA": 13, "FG_PCT": 0.385, "FG3M": 1, "FG3A": 4, "FG3_PCT": 0.25, "FTM": 0, "FTA": 2, "FT_PCT": 0.0, "OREB": 0, "DREB": 3, "REB": 3, "AST": 10, "STL": 0, "BLK": 0, "TOV": 4, "PF": 0, "PTS": 11, "PLUS_MINUS": -11, "VIDEO_AVAILABLE": 1}, {"SEASON_ID": "22018", "Player_ID": 1628973, "Game_ID": "0021801216", "GAME_DATE": "APR 09, 2019", "MATCHUP": "DAL vs. PHX", "WL": "W", "MIN": 29, "FGM": 3, "FGA": 8, "FG_PCT": 0.375, "FG3M": 0, "FG3A": 2, "FG3_PCT": 0.0, "FTM": 3, "FTA": 4, "FT_PCT": 0.75, "OREB": 0, "DREB": 4, "REB": 4, "AST": 2, "STL": 0, "BLK": 0, "TOV": 0, "PF": 4, "PTS": 9, "PLUS_MINUS": 0, "VIDEO_AVAILABLE": 1}, {"SEASON_ID": "22018", "Player_ID": 1628973, "Game_ID": "0021801201", "GAME_DATE": "APR 07, 2019", "MATCHUP": "DAL @ MEM", "WL": "W", "MIN": 24, "FGM": 4, "FGA": 8, "FG_PCT": 0.5, "FG3M": 0, "FG3A": 2, "FG3_PCT": 0.0, "FTM": 4, "FTA": 4, "FT_PCT": 1.0, "OREB": 0, "DREB": 2, "REB": 2, "AST": 10, "STL": 1, "BLK": 0, "TOV": 1, "PF": 3, "PTS": 12, "PLUS_MINUS": -1, "VIDEO_AVAILABLE": 1}, {"SEASON_ID": "22018", "Player_ID": 1628973, "Game_ID": "0021801172", "GAME_DATE": "APR 03, 2019", "MATCHUP": "DAL vs. MIN", "WL": "L", "MIN": 32, "FGM": 4, "FGA": 12, "FG_PCT": 0.333, "FG3M": 1, "FG3A": 4, "FG3_PCT": 0.25, "FTM": 0, "FTA": 0, "FT_PCT": 0.0, "OREB": 0, "DREB": 3, "REB": 3, "AST": 3, "STL": 0, "BLK": 0, "TOV": 2, "PF": 4, "PTS": 9, "PLUS_MINUS": -15, "VIDEO_AVAILABLE": 1}, {"SEASON_ID": "22018", "Player_ID": 1628973, "Game_ID": "0021801158", "GAME_DATE": "APR 01, 2019", "MATCHUP": "DAL vs. PHI", "WL": "W", "MIN": 19, "FGM": 6, "FGA": 11, "FG_PCT": 0.545, "FG3M": 1, "FG3A": 2, "FG3_PCT": 0.5, "FTM": 0, "FTA": 0, "FT_PCT": 0.0, "OREB": 0, "DREB": 0, "REB": 0, "AST": 7, "STL": 0, "BLK": 0, "TOV": 0, "PF": 0, "PTS": 13, "PLUS_MINUS": 9, "VIDEO_AVAILABLE": 1}, {"SEASON_ID": "22018", "Player_ID": 1628973, "Game_ID": "0021801146", "GAME_DATE": "MAR 31, 2019", "MATCHUP": "DAL @ OKC", "WL": "W", "MIN": 30, "FGM": 5, "FGA": 11, "FG_PCT": 0.455, "FG3M": 1, "FG3A": 4, "FG3_PCT": 0.25, "FTM": 7, "FTA": 10, "FT_PCT": 0.7, "OREB": 0, "DREB": 2, "REB": 2, "AST": 4, "STL": 1, "BLK": 0, "TOV": 3, "PF": 1, "PTS": 18, "PLUS_MINUS": -8, "VIDEO_AVAILABLE": 1}, {"SEASON_ID": "22018", "Player_ID": 1628973, "Game_ID": "0021801124", "GAME_DATE": "MAR 28, 2019", "MATCHUP": "DAL @ MIA", "WL": "L", "MIN": 32, "FGM": 5, "FGA": 11, "FG_PCT": 0.455, "FG3M": 2, "FG3A": 5, "FG3_PCT": 0.4, "FTM": 1, "FTA": 4, "FT_PCT": 0.25, "OREB": 0, "DREB": 3, "REB": 3, "AST": 4, "STL": 1, "BLK": 0, "TOV": 2, "PF": 1, "PTS": 13, "PLUS_MINUS": -6, "VIDEO_AVAILABLE": 1}, {"SEASON_ID": "22018", "Player_ID": 1628973, "Game_ID": "0021801114", "GAME_DATE": "MAR 26, 2019", "MATCHUP": "DAL vs. SAC", "WL": "L", "MIN": 30, "FGM": 6, "FGA": 8, "FG_PCT": 0.75, "FG3M": 3, "FG3A": 4, "FG3_PCT": 0.75, "FTM": 0, "FTA": 0, "FT_PCT": 0.0, "OREB": 0, "DREB": 0, "REB": 0, "AST": 3, "STL": 0, "BLK": 0, "TOV": 2, "PF": 5, "PTS": 15, "PLUS_MINUS": -5, "VIDEO_AVAILABLE": 1}, {"SEASON_ID": "22018", "Player_ID": 1628973, "Game_ID": "0021801092", "GAME_DATE": "MAR 23, 2019", "MATCHUP": "DAL @ GSW", "WL": "W", "MIN": 24, "FGM": 5, "FGA": 9, "FG_PCT": 0.556, "FG3M": 1, "FG3A": 4, "FG3_PCT": 0.25, "FTM": 0, "FTA": 0, "FT_PCT": 0.0, "OREB": 0, "DREB": 4, "REB": 4, "AST": 5, "STL": 0, "BLK": 0, "TOV": 0, "PF": 1, "PTS": 11, "PLUS_MINUS": 31, "VIDEO_AVAILABLE": 1}, {"SEASON_ID": "22018", "Player_ID": 1628973, "Game_ID": "0021801078", "GAME_DATE": "MAR 21, 2019", "MATCHUP": "DAL @ SAC", "WL": "L", "MIN": 28, "FGM": 5, "FGA": 12, "FG_PCT": 0.417, "FG3M": 0, "FG3A": 4, "FG3_PCT": 0.0, "FTM": 0, "FTA": 2, "FT_PCT": 0.0, "OREB": 2, "DREB": 1, "REB": 3, "AST": 2, "STL": 0, "BLK": 0, "TOV": 1, "PF": 3, "PTS": 10, "PLUS_MINUS": -29, "VIDEO_AVAILABLE": 1}, {"SEASON_ID": "22018", "Player_ID": 1628973, "Game_ID": "0021801073", "GAME_DATE": "MAR 20, 2019", "MATCHUP": "DAL @ POR", "WL": "L", "MIN": 26, "FGM": 6, "FGA": 10, "FG_PCT": 0.6, "FG3M": 0, "FG3A": 1, "FG3_PCT": 0.0, "FTM": 4, "FTA": 4, "FT_PCT": 1.0, "OREB": 0, "DREB": 2, "REB": 2, "AST": 3, "STL": 2, "BLK": 0, "TOV": 0, "PF": 3, "PTS": 16, "PLUS_MINUS": -19, "VIDEO_AVAILABLE": 1}, {"SEASON_ID": "22018", "Player_ID": 1628973, "Game_ID": "0021801056", "GAME_DATE": "MAR 18, 2019", "MATCHUP": "DAL vs. NOP", "WL": "L", "MIN": 39, "FGM": 6, "FGA": 13, "FG_PCT": 0.462, "FG3M": 1, "FG3A": 3, "FG3_PCT": 0.333, "FTM": 1, "FTA": 1, "FT_PCT": 1.0, "OREB": 0, "DREB": 3, "REB": 3, "AST": 4, "STL": 1, "BLK": 1, "TOV": 3, "PF": 4, "PTS": 14, "PLUS_MINUS": -8, "VIDEO_AVAILABLE": 1}, {"SEASON_ID": "22018", "Player_ID": 1628973, "Game_ID": "0021801037", "GAME_DATE": "MAR 16, 2019", "MATCHUP": "DAL vs. CLE", "WL": "W", "MIN": 26, "FGM": 6, "FGA": 10, "FG_PCT": 0.6, "FG3M": 2, "FG3A": 2, "FG3_PCT": 1.0, "FTM": 2, "FTA": 2, "FT_PCT": 1.0, "OREB": 2, "DREB": 0, "REB": 2, "AST": 7, "STL": 0, "BLK": 0, "TOV": 1, "PF": 2, "PTS": 16, "PLUS_MINUS": -4, "VIDEO_AVAILABLE": 1}, {"SEASON_ID": "22018", "Player_ID": 1628973, "Game_ID": "0021801025", "GAME_DATE": "MAR 14, 2019", "MATCHUP": "DAL @ DEN", "WL": "L", "MIN": 39, "FGM": 8, "FGA": 15, "FG_PCT": 0.533, "FG3M": 3, "FG3A": 7, "FG3_PCT": 0.429, "FTM": 1, "FTA": 1, "FT_PCT": 1.0, "OREB": 2, "DREB": 3, "REB": 5, "AST": 4, "STL": 1, "BLK": 0, "TOV": 2, "PF": 3, "PTS": 20, "PLUS_MINUS": 13, "VIDEO_AVAILABLE": 1}, {"SEASON_ID": "22018", "Player_ID": 1628973, "Game_ID": "0021801011", "GAME_DATE": "MAR 12, 2019", "MATCHUP": "DAL vs. SAS", "WL": "L", "MIN": 37, "FGM": 12, "FGA": 16, "FG_PCT": 0.75, "FG3M": 3, "FG3A": 6, "FG3_PCT": 0.5, "FTM": 7, "FTA": 7, "FT_PCT": 1.0, "OREB": 0, "DREB": 5, "REB": 5, "AST": 4, "STL": 1, "BLK": 0, "TOV": 1, "PF": 1, "PTS": 34, "PLUS_MINUS": 5, "VIDEO_AVAILABLE": 1}, {"SEASON_ID": "22018", "Player_ID": 1628973, "Game_ID": "0021800997", "GAME_DATE": "MAR 10, 2019", "MATCHUP": "DAL vs. HOU", "WL": "L", "MIN": 34, "FGM": 6, "FGA": 13, "FG_PCT": 0.462, "FG3M": 1, "FG3A": 3, "FG3_PCT": 0.333, "FTM": 5, "FTA": 5, "FT_PCT": 1.0, "OREB": 1, "DREB": 6, "REB": 7, "AST": 4, "STL": 0, "BLK": 0, "TOV": 5, "PF": 4, "PTS": 18, "PLUS_MINUS": 13, "VIDEO_AVAILABLE": 1}, {"SEASON_ID": "22018", "Player_ID": 1628973, "Game_ID": "0021800978", "GAME_DATE": "MAR 08, 2019", "MATCHUP": "DAL @ ORL", "WL": "L", "MIN": 30, "FGM": 8, "FGA": 11, "FG_PCT": 0.727, "FG3M": 1, "FG3A": 3, "FG3_PCT": 0.333, "FTM": 1, "FTA": 1, "FT_PCT": 1.0, "OREB": 0, "DREB": 2, "REB": 2, "AST": 9, "STL": 0, "BLK": 0, "TOV": 2, "PF": 3, "PTS": 18, "PLUS_MINUS": -1, "VIDEO_AVAILABLE": 1}, {"SEASON_ID": "22018", "Player_ID": 1628973, "Game_ID": "0021800967", "GAME_DATE": "MAR 06, 2019", "MATCHUP": "DAL @ WAS", "WL": "L", "MIN": 36, "FGM": 4, "FGA": 11, "FG_PCT": 0.364, "FG3M": 2, "FG3A": 7, "FG3_PCT": 0.286, "FTM": 1, "FTA": 1, "FT_PCT": 1.0, "OREB": 0, "DREB": 1, "REB": 1, "AST": 8, "STL": 1, "BLK": 0, "TOV": 1, "PF": 3, "PTS": 11, "PLUS_MINUS": -5, "VIDEO_AVAILABLE": 1}, {"SEASON_ID": "22018", "Player_ID": 1628973, "Game_ID": "0021800952", "GAME_DATE": "MAR 04, 2019", "MATCHUP": "DAL @ BKN", "WL": "L", "MIN": 20, "FGM": 4, "FGA": 5, "FG_PCT": 0.8, "FG3M": 0, "FG3A": 1, "FG3_PCT": 0.0, "FTM": 2, "FTA": 2, "FT_PCT": 1.0, "OREB": 1, "DREB": 2, "REB": 3, "AST": 1, "STL": 0, "BLK": 0, "TOV": 2, "PF": 1, "PTS": 10, "PLUS_MINUS": -11, "VIDEO_AVAILABLE": 1}, {"SEASON_ID": "22018", "Player_ID": 1628973, "Game_ID": "0021800939", "GAME_DATE": "MAR 02, 2019", "MATCHUP": "DAL vs. MEM", "WL": "L", "MIN": 28, "FGM": 1, "FGA": 10, "FG_PCT": 0.1, "FG3M": 0, "FG3A": 5, "FG3_PCT": 0.0, "FTM": 0, "FTA": 0, "FT_PCT": 0.0, "OREB": 2, "DREB": 2, "REB": 4, "AST": 2, "STL": 1, "BLK": 0, "TOV": 0, "PF": 2, "PTS": 2, "PLUS_MINUS": -11, "VIDEO_AVAILABLE": 1}, {"SEASON_ID": "22018", "Player_ID": 1628973, "Game_ID": "0021800918", "GAME_DATE": "FEB 27, 2019", "MATCHUP": "DAL vs. IND", "WL": "W", "MIN": 34, "FGM": 9, "FGA": 14, "FG_PCT": 0.643, "FG3M": 3, "FG3A": 6, "FG3_PCT": 0.5, "FTM": 3, "FTA": 5, "FT_PCT": 0.6, "OREB": 0, "DREB": 3, "REB": 3, "AST": 5, "STL": 3, "BLK": 0, "TOV": 2, "PF": 2, "PTS": 24, "PLUS_MINUS": 17, "VIDEO_AVAILABLE": 1}, {"SEASON_ID": "22018", "Player_ID": 1628973, "Game_ID": "0021800907", "GAME_DATE": "FEB 25, 2019", "MATCHUP": "DAL @ LAC", "WL": "L", "MIN": 21, "FGM": 3, "FGA": 7, "FG_PCT": 0.429, "FG3M": 0, "FG3A": 2, "FG3_PCT": 0.0, "FTM": 2, "FTA": 2, "FT_PCT": 1.0, "OREB": 1, "DREB": 0, "REB": 1, "AST": 3, "STL": 0, "BLK": 0, "TOV": 0, "PF": 2, "PTS": 8, "PLUS_MINUS": -15, "VIDEO_AVAILABLE": 1}, {"SEASON_ID": "22018", "Player_ID": 1628973, "Game_ID": "0021800893", "GAME_DATE": "FEB 23, 2019", "MATCHUP": "DAL @ UTA", "WL": "L", "MIN": 25, "FGM": 5, "FGA": 14, "FG_PCT": 0.357, "FG3M": 3, "FG3A": 5, "FG3_PCT": 0.6, "FTM": 0, "FTA": 0, "FT_PCT": 0.0, "OREB": 0, "DREB": 5, "REB": 5, "AST": 2, "STL": 0, "BLK": 0, "TOV": 1, "PF": 5, "PTS": 13, "PLUS_MINUS": -3, "VIDEO_AVAILABLE": 1}, {"SEASON_ID": "22018", "Player_ID": 1628973, "Game_ID": "0021800880", "GAME_DATE": "FEB 22, 2019", "MATCHUP": "DAL vs. DEN", "WL": "L", "MIN": 30, "FGM": 8, "FGA": 12, "FG_PCT": 0.667, "FG3M": 3, "FG3A": 5, "FG3_PCT": 0.6, "FTM": 3, "FTA": 3, "FT_PCT": 1.0, "OREB": 0, "DREB": 2, "REB": 2, "AST": 5, "STL": 1, "BLK": 1, "TOV": 6, "PF": 1, "PTS": 22, "PLUS_MINUS": -2, "VIDEO_AVAILABLE": 1}, {"SEASON_ID": "22018", "Player_ID": 1628973, "Game_ID": "0021800859", "GAME_DATE": "FEB 13, 2019", "MATCHUP": "DAL vs. MIA", "WL": "L", "MIN": 23, "FGM": 3, "FGA": 7, "FG_PCT": 0.429, "FG3M": 0, "FG3A": 2, "FG3_PCT": 0.0, "FTM": 0, "FTA": 0, "FT_PCT": 0.0, "OREB": 1, "DREB": 3, "REB": 4, "AST": 4, "STL": 0, "BLK": 0, "TOV": 0, "PF": 1, "PTS": 6, "PLUS_MINUS": 2, "VIDEO_AVAILABLE": 1}, {"SEASON_ID": "22018", "Player_ID": 1628973, "Game_ID": "0021800844", "GAME_DATE": "FEB 11, 2019", "MATCHUP": "DAL @ HOU", "WL": "L", "MIN": 26, "FGM": 4, "FGA": 4, "FG_PCT": 1.0, "FG3M": 3, "FG3A": 3, "FG3_PCT": 1.0, "FTM": 2, "FTA": 2, "FT_PCT": 1.0, "OREB": 0, "DREB": 5, "REB": 5, "AST": 1, "STL": 0, "BLK": 0, "TOV": 4, "PF": 2, "PTS": 13, "PLUS_MINUS": -10, "VIDEO_AVAILABLE": 1}, {"SEASON_ID": "22018", "Player_ID": 1628973, "Game_ID": "0021800834", "GAME_DATE": "FEB 10, 2019", "MATCHUP": "DAL vs. POR", "WL": "W", "MIN": 24, "FGM": 2, "FGA": 8, "FG_PCT": 0.25, "FG3M": 1, "FG3A": 3, "FG3_PCT": 0.333, "FTM": 0, "FTA": 0, "FT_PCT": 0.0, "OREB": 1, "DREB": 1, "REB": 2, "AST": 7, "STL": 1, "BLK": 1, "TOV": 4, "PF": 2, "PTS": 5, "PLUS_MINUS": 9, "VIDEO_AVAILABLE": 1}, {"SEASON_ID": "22018", "Player_ID": 1628973, "Game_ID": "0021800821", "GAME_DATE": "FEB 08, 2019", "MATCHUP": "DAL vs. MIL", "WL": "L", "MIN": 24, "FGM": 2, "FGA": 6, "FG_PCT": 0.333, "FG3M": 1, "FG3A": 3, "FG3_PCT": 0.333, "FTM": 0, "FTA": 0, "FT_PCT": 0.0, "OREB": 0, "DREB": 3, "REB": 3, "AST": 3, "STL": 0, "BLK": 0, "TOV": 1, "PF": 0, "PTS": 5, "PLUS_MINUS": -18, "VIDEO_AVAILABLE": 1}, {"SEASON_ID": "22018", "Player_ID": 1628973, "Game_ID": "0021800807", "GAME_DATE": "FEB 06, 2019", "MATCHUP": "DAL vs. CHA", "WL": "W", "MIN": 30, "FGM": 4, "FGA": 11, "FG_PCT": 0.364, "FG3M": 0, "FG3A": 2, "FG3_PCT": 0.0, "FTM": 0, "FTA": 3, "FT_PCT": 0.0, "OREB": 0, "DREB": 7, "REB": 7, "AST": 5, "STL": 2, "BLK": 0, "TOV": 1, "PF": 1, "PTS": 8, "PLUS_MINUS": -2, "VIDEO_AVAILABLE": 1}, {"SEASON_ID": "22018", "Player_ID": 1628973, "Game_ID": "0021800780", "GAME_DATE": "FEB 02, 2019", "MATCHUP": "DAL @ CLE", "WL": "W", "MIN": 33, "FGM": 5, "FGA": 10, "FG_PCT": 0.5, "FG3M": 1, "FG3A": 4, "FG3_PCT": 0.25, "FTM": 4, "FTA": 6, "FT_PCT": 0.667, "OREB": 1, "DREB": 5, "REB": 6, "AST": 4, "STL": 0, "BLK": 0, "TOV": 2, "PF": 4, "PTS": 15, "PLUS_MINUS": 14, "VIDEO_AVAILABLE": 1}, {"SEASON_ID": "22018", "Player_ID": 1628973, "Game_ID": "0021800764", "GAME_DATE": "JAN 31, 2019", "MATCHUP": "DAL @ DET", "WL": "L", "MIN": 33, "FGM": 4, "FGA": 14, "FG_PCT": 0.286, "FG3M": 0, "FG3A": 0, "FG3_PCT": 0.0, "FTM": 1, "FTA": 2, "FT_PCT": 0.5, "OREB": 0, "DREB": 2, "REB": 2, "AST": 6, "STL": 0, "BLK": 0, "TOV": 2, "PF": 3, "PTS": 9, "PLUS_MINUS": -17, "VIDEO_AVAILABLE": 1}, {"SEASON_ID": "22018", "Player_ID": 1628973, "Game_ID": "0021800758", "GAME_DATE": "JAN 30, 2019", "MATCHUP": "DAL @ NYK", "WL": "W", "MIN": 10, "FGM": 1, "FGA": 2, "FG_PCT": 0.5, "FG3M": 1, "FG3A": 1, "FG3_PCT": 1.0, "FTM": 0, "FTA": 0, "FT_PCT": 0.0, "OREB": 0, "DREB": 3, "REB": 3, "AST": 3, "STL": 0, "BLK": 0, "TOV": 0, "PF": 1, "PTS": 3, "PLUS_MINUS": -1, "VIDEO_AVAILABLE": 1}, {"SEASON_ID": "22018", "Player_ID": 1628973, "Game_ID": "0021800739", "GAME_DATE": "JAN 27, 2019", "MATCHUP": "DAL vs. TOR", "WL": "L", "MIN": 6, "FGM": 2, "FGA": 2, "FG_PCT": 1.0, "FG3M": 0, "FG3A": 0, "FG3_PCT": 0.0, "FTM": 0, "FTA": 0, "FT_PCT": 0.0, "OREB": 0, "DREB": 1, "REB": 1, "AST": 1, "STL": 0, "BLK": 0, "TOV": 0, "PF": 0, "PTS": 4, "PLUS_MINUS": 0, "VIDEO_AVAILABLE": 1}, {"SEASON_ID": "22018", "Player_ID": 1628973, "Game_ID": "0021800704", "GAME_DATE": "JAN 22, 2019", "MATCHUP": "DAL vs. LAC", "WL": "W", "MIN": 4, "FGM": 0, "FGA": 0, "FG_PCT": 0.0, "FG3M": 0, "FG3A": 0, "FG3_PCT": 0.0, "FTM": 0, "FTA": 0, "FT_PCT": 0.0, "OREB": 0, "DREB": 0, "REB": 0, "AST": 0, "STL": 0, "BLK": 0, "TOV": 0, "PF": 0, "PTS": 0, "PLUS_MINUS": -1, "VIDEO_AVAILABLE": 1}, {"SEASON_ID": "22018", "Player_ID": 1628973, "Game_ID": "0021800694", "GAME_DATE": "JAN 21, 2019", "MATCHUP": "DAL @ MIL", "WL": "L", "MIN": 30, "FGM": 6, "FGA": 15, "FG_PCT": 0.4, "FG3M": 2, "FG3A": 3, "FG3_PCT": 0.667, "FTM": 2, "FTA": 2, "FT_PCT": 1.0, "OREB": 0, "DREB": 3, "REB": 3, "AST": 5, "STL": 0, "BLK": 0, "TOV": 1, "PF": 3, "PTS": 16, "PLUS_MINUS": -12, "VIDEO_AVAILABLE": 1}, {"SEASON_ID": "22018", "Player_ID": 1628973, "Game_ID": "0021800681", "GAME_DATE": "JAN 19, 2019", "MATCHUP": "DAL @ IND", "WL": "L", "MIN": 22, "FGM": 5, "FGA": 9, "FG_PCT": 0.556, "FG3M": 1, "FG3A": 3, "FG3_PCT": 0.333, "FTM": 1, "FTA": 1, "FT_PCT": 1.0, "OREB": 0, "DREB": 3, "REB": 3, "AST": 4, "STL": 0, "BLK": 0, "TOV": 2, "PF": 1, "PTS": 12, "PLUS_MINUS": -10, "VIDEO_AVAILABLE": 1}, {"SEASON_ID": "22018", "Player_ID": 1628973, "Game_ID": "0021800661", "GAME_DATE": "JAN 16, 2019", "MATCHUP": "DAL vs. SAS", "WL": "L", "MIN": 20, "FGM": 3, "FGA": 6, "FG_PCT": 0.5, "FG3M": 0, "FG3A": 2, "FG3_PCT": 0.0, "FTM": 0, "FTA": 0, "FT_PCT": 0.0, "OREB": 0, "DREB": 1, "REB": 1, "AST": 3, "STL": 0, "BLK": 0, "TOV": 2, "PF": 1, "PTS": 6, "PLUS_MINUS": -10, "VIDEO_AVAILABLE": 1}, {"SEASON_ID": "22018", "Player_ID": 1628973, "Game_ID": "0021800642", "GAME_DATE": "JAN 13, 2019", "MATCHUP": "DAL vs. GSW", "WL": "L", "MIN": 30, "FGM": 3, "FGA": 10, "FG_PCT": 0.3, "FG3M": 2, "FG3A": 3, "FG3_PCT": 0.667, "FTM": 4, "FTA": 4, "FT_PCT": 1.0, "OREB": 1, "DREB": 3, "REB": 4, "AST": 1, "STL": 0, "BLK": 1, "TOV": 2, "PF": 4, "PTS": 12, "PLUS_MINUS": 0, "VIDEO_AVAILABLE": 1}, {"SEASON_ID": "22018", "Player_ID": 1628973, "Game_ID": "0021800626", "GAME_DATE": "JAN 11, 2019", "MATCHUP": "DAL @ MIN", "WL": "W", "MIN": 16, "FGM": 3, "FGA": 4, "FG_PCT": 0.75, "FG3M": 3, "FG3A": 3, "FG3_PCT": 1.0, "FTM": 0, "FTA": 0, "FT_PCT": 0.0, "OREB": 0, "DREB": 0, "REB": 0, "AST": 2, "STL": 1, "BLK": 0, "TOV": 0, "PF": 2, "PTS": 9, "PLUS_MINUS": -4, "VIDEO_AVAILABLE": 1}, {"SEASON_ID": "22018", "Player_ID": 1628973, "Game_ID": "0021800613", "GAME_DATE": "JAN 09, 2019", "MATCHUP": "DAL vs. PHX", "WL": "W", "MIN": 15, "FGM": 3, "FGA": 6, "FG_PCT": 0.5, "FG3M": 1, "FG3A": 2, "FG3_PCT": 0.5, "FTM": 0, "FTA": 0, "FT_PCT": 0.0, "OREB": 0, "DREB": 0, "REB": 0, "AST": 1, "STL": 0, "BLK": 0, "TOV": 1, "PF": 1, "PTS": 7, "PLUS_MINUS": -3, "VIDEO_AVAILABLE": 1}, {"SEASON_ID": "22018", "Player_ID": 1628973, "Game_ID": "0021800578", "GAME_DATE": "JAN 05, 2019", "MATCHUP": "DAL @ PHI", "WL": "L", "MIN": 26, "FGM": 4, "FGA": 14, "FG_PCT": 0.286, "FG3M": 1, "FG3A": 3, "FG3_PCT": 0.333, "FTM": 4, "FTA": 4, "FT_PCT": 1.0, "OREB": 1, "DREB": 10, "REB": 11, "AST": 8, "STL": 1, "BLK": 0, "TOV": 2, "PF": 0, "PTS": 13, "PLUS_MINUS": 9, "VIDEO_AVAILABLE": 1}, {"SEASON_ID": "22018", "Player_ID": 1628973, "Game_ID": "0021800566", "GAME_DATE": "JAN 04, 2019", "MATCHUP": "DAL @ BOS", "WL": "L", "MIN": 2, "FGM": 0, "FGA": 0, "FG_PCT": 0.0, "FG3M": 0, "FG3A": 0, "FG3_PCT": 0.0, "FTM": 0, "FTA": 0, "FT_PCT": 0.0, "OREB": 0, "DREB": 0, "REB": 0, "AST": 1, "STL": 0, "BLK": 0, "TOV": 0, "PF": 0, "PTS": 0, "PLUS_MINUS": -6, "VIDEO_AVAILABLE": 1}, {"SEASON_ID": "22018", "Player_ID": 1628973, "Game_ID": "0021800554", "GAME_DATE": "JAN 02, 2019", "MATCHUP": "DAL @ CHA", "WL": "W", "MIN": 12, "FGM": 1, "FGA": 6, "FG_PCT": 0.167, "FG3M": 0, "FG3A": 2, "FG3_PCT": 0.0, "FTM": 0, "FTA": 0, "FT_PCT": 0.0, "OREB": 0, "DREB": 0, "REB": 0, "AST": 4, "STL": 0, "BLK": 0, "TOV": 0, "PF": 1, "PTS": 2, "PLUS_MINUS": 9, "VIDEO_AVAILABLE": 1}, {"SEASON_ID": "22018", "Player_ID": 1628973, "Game_ID": "0021800547", "GAME_DATE": "DEC 31, 2018", "MATCHUP": "DAL @ OKC", "WL": "L", "MIN": 10, "FGM": 1, "FGA": 4, "FG_PCT": 0.25, "FG3M": 0, "FG3A": 0, "FG3_PCT": 0.0, "FTM": 0, "FTA": 0, "FT_PCT": 0.0, "OREB": 0, "DREB": 0, "REB": 0, "AST": 3, "STL": 0, "BLK": 0, "TOV": 1, "PF": 2, "PTS": 2, "PLUS_MINUS": -1, "VIDEO_AVAILABLE": 1}, {"SEASON_ID": "22018", "Player_ID": 1628973, "Game_ID": "0021800495", "GAME_DATE": "DEC 23, 2018", "MATCHUP": "DAL @ POR", "WL": "L", "MIN": 33, "FGM": 5, "FGA": 8, "FG_PCT": 0.625, "FG3M": 1, "FG3A": 3, "FG3_PCT": 0.333, "FTM": 0, "FTA": 2, "FT_PCT": 0.0, "OREB": 0, "DREB": 6, "REB": 6, "AST": 3, "STL": 1, "BLK": 0, "TOV": 2, "PF": 3, "PTS": 11, "PLUS_MINUS": -2, "VIDEO_AVAILABLE": 1}, {"SEASON_ID": "22018", "Player_ID": 1628973, "Game_ID": "0021800484", "GAME_DATE": "DEC 22, 2018", "MATCHUP": "DAL @ GSW", "WL": "L", "MIN": 24, "FGM": 4, "FGA": 10, "FG_PCT": 0.4, "FG3M": 2, "FG3A": 3, "FG3_PCT": 0.667, "FTM": 0, "FTA": 0, "FT_PCT": 0.0, "OREB": 1, "DREB": 1, "REB": 2, "AST": 3, "STL": 3, "BLK": 0, "TOV": 3, "PF": 2, "PTS": 10, "PLUS_MINUS": 4, "VIDEO_AVAILABLE": 1}, {"SEASON_ID": "22018", "Player_ID": 1628973, "Game_ID": "0021800468", "GAME_DATE": "DEC 20, 2018", "MATCHUP": "DAL @ LAC", "WL": "L", "MIN": 21, "FGM": 2, "FGA": 9, "FG_PCT": 0.222, "FG3M": 1, "FG3A": 2, "FG3_PCT": 0.5, "FTM": 2, "FTA": 2, "FT_PCT": 1.0, "OREB": 1, "DREB": 2, "REB": 3, "AST": 2, "STL": 0, "BLK": 0, "TOV": 1, "PF": 3, "PTS": 7, "PLUS_MINUS": 4, "VIDEO_AVAILABLE": 1}, {"SEASON_ID": "22018", "Player_ID": 1628973, "Game_ID": "0021800454", "GAME_DATE": "DEC 18, 2018", "MATCHUP": "DAL @ DEN", "WL": "L", "MIN": 25, "FGM": 4, "FGA": 7, "FG_PCT": 0.571, "FG3M": 0, "FG3A": 1, "FG3_PCT": 0.0, "FTM": 0, "FTA": 0, "FT_PCT": 0.0, "OREB": 0, "DREB": 0, "REB": 0, "AST": 1, "STL": 0, "BLK": 0, "TOV": 0, "PF": 1, "PTS": 8, "PLUS_MINUS": 3, "VIDEO_AVAILABLE": 1}, {"SEASON_ID": "22018", "Player_ID": 1628973, "Game_ID": "0021800440", "GAME_DATE": "DEC 16, 2018", "MATCHUP": "DAL vs. SAC", "WL": "L", "MIN": 30, "FGM": 5, "FGA": 13, "FG_PCT": 0.385, "FG3M": 0, "FG3A": 4, "FG3_PCT": 0.0, "FTM": 2, "FTA": 2, "FT_PCT": 1.0, "OREB": 2, "DREB": 2, "REB": 4, "AST": 3, "STL": 0, "BLK": 0, "TOV": 2, "PF": 2, "PTS": 12, "PLUS_MINUS": -7, "VIDEO_AVAILABLE": 1}, {"SEASON_ID": "22018", "Player_ID": 1628973, "Game_ID": "0021800419", "GAME_DATE": "DEC 13, 2018", "MATCHUP": "DAL @ PHX", "WL": "L", "MIN": 21, "FGM": 4, "FGA": 10, "FG_PCT": 0.4, "FG3M": 1, "FG3A": 3, "FG3_PCT": 0.333, "FTM": 4, "FTA": 6, "FT_PCT": 0.667, "OREB": 0, "DREB": 1, "REB": 1, "AST": 1, "STL": 0, "BLK": 0, "TOV": 0, "PF": 3, "PTS": 13, "PLUS_MINUS": -8, "VIDEO_AVAILABLE": 1}, {"SEASON_ID": "22018", "Player_ID": 1628973, "Game_ID": "0021800412", "GAME_DATE": "DEC 12, 2018", "MATCHUP": "DAL vs. ATL", "WL": "W", "MIN": 23, "FGM": 1, "FGA": 3, "FG_PCT": 0.333, "FG3M": 0, "FG3A": 2, "FG3_PCT": 0.0, "FTM": 3, "FTA": 4, "FT_PCT": 0.75, "OREB": 0, "DREB": 0, "REB": 0, "AST": 2, "STL": 1, "BLK": 0, "TOV": 0, "PF": 1, "PTS": 5, "PLUS_MINUS": -4, "VIDEO_AVAILABLE": 1}, {"SEASON_ID": "22018", "Player_ID": 1628973, "Game_ID": "0021800397", "GAME_DATE": "DEC 10, 2018", "MATCHUP": "DAL vs. ORL", "WL": "W", "MIN": 32, "FGM": 7, "FGA": 9, "FG_PCT": 0.778, "FG3M": 1, "FG3A": 2, "FG3_PCT": 0.5, "FTM": 2, "FTA": 4, "FT_PCT": 0.5, "OREB": 1, "DREB": 2, "REB": 3, "AST": 4, "STL": 1, "BLK": 0, "TOV": 1, "PF": 3, "PTS": 17, "PLUS_MINUS": 16, "VIDEO_AVAILABLE": 1}, {"SEASON_ID": "22018", "Player_ID": 1628973, "Game_ID": "0021800378", "GAME_DATE": "DEC 08, 2018", "MATCHUP": "DAL vs. HOU", "WL": "W", "MIN": 30, "FGM": 7, "FGA": 9, "FG_PCT": 0.778, "FG3M": 0, "FG3A": 1, "FG3_PCT": 0.0, "FTM": 0, "FTA": 0, "FT_PCT": 0.0, "OREB": 0, "DREB": 0, "REB": 0, "AST": 3, "STL": 3, "BLK": 0, "TOV": 2, "PF": 1, "PTS": 14, "PLUS_MINUS": 11, "VIDEO_AVAILABLE": 1}, {"SEASON_ID": "22018", "Player_ID": 1628973, "Game_ID": "0021800363", "GAME_DATE": "DEC 05, 2018", "MATCHUP": "DAL @ NOP", "WL": "L", "MIN": 25, "FGM": 5, "FGA": 9, "FG_PCT": 0.556, "FG3M": 1, "FG3A": 3, "FG3_PCT": 0.333, "FTM": 0, "FTA": 2, "FT_PCT": 0.0, "OREB": 0, "DREB": 2, "REB": 2, "AST": 7, "STL": 2, "BLK": 0, "TOV": 0, "PF": 4, "PTS": 11, "PLUS_MINUS": -9, "VIDEO_AVAILABLE": 1}, {"SEASON_ID": "22018", "Player_ID": 1628973, "Game_ID": "0021800341", "GAME_DATE": "DEC 02, 2018", "MATCHUP": "DAL vs. LAC", "WL": "W", "MIN": 5, "FGM": 0, "FGA": 2, "FG_PCT": 0.0, "FG3M": 0, "FG3A": 1, "FG3_PCT": 0.0, "FTM": 0, "FTA": 0, "FT_PCT": 0.0, "OREB": 0, "DREB": 0, "REB": 0, "AST": 0, "STL": 0, "BLK": 0, "TOV": 0, "PF": 0, "PTS": 0, "PLUS_MINUS": -4, "VIDEO_AVAILABLE": 1}, {"SEASON_ID": "22018", "Player_ID": 1628973, "Game_ID": "0021800328", "GAME_DATE": "NOV 30, 2018", "MATCHUP": "DAL @ LAL", "WL": "L", "MIN": 3, "FGM": 0, "FGA": 1, "FG_PCT": 0.0, "FG3M": 0, "FG3A": 0, "FG3_PCT": 0.0, "FTM": 2, "FTA": 4, "FT_PCT": 0.5, "OREB": 1, "DREB": 0, "REB": 1, "AST": 1, "STL": 0, "BLK": 0, "TOV": 0, "PF": 0, "PTS": 2, "PLUS_MINUS": 7, "VIDEO_AVAILABLE": 1}, {"SEASON_ID": "22018", "Player_ID": 1628973, "Game_ID": "0021800309", "GAME_DATE": "NOV 28, 2018", "MATCHUP": "DAL @ HOU", "WL": "W", "MIN": 5, "FGM": 0, "FGA": 1, "FG_PCT": 0.0, "FG3M": 0, "FG3A": 1, "FG3_PCT": 0.0, "FTM": 0, "FTA": 0, "FT_PCT": 0.0, "OREB": 0, "DREB": 0, "REB": 0, "AST": 0, "STL": 0, "BLK": 0, "TOV": 1, "PF": 0, "PTS": 0, "PLUS_MINUS": 0, "VIDEO_AVAILABLE": 1}, {"SEASON_ID": "22018", "Player_ID": 1628973, "Game_ID": "0021800283", "GAME_DATE": "NOV 24, 2018", "MATCHUP": "DAL vs. BOS", "WL": "W", "MIN": 9, "FGM": 1, "FGA": 1, "FG_PCT": 1.0, "FG3M": 0, "FG3A": 0, "FG3_PCT": 0.0, "FTM": 0, "FTA": 1, "FT_PCT": 0.0, "OREB": 0, "DREB": 0, "REB": 0, "AST": 0, "STL": 0, "BLK": 0, "TOV": 0, "PF": 2, "PTS": 2, "PLUS_MINUS": -2, "VIDEO_AVAILABLE": 1}, {"SEASON_ID": "22018", "Player_ID": 1628973, "Game_ID": "0021800244", "GAME_DATE": "NOV 19, 2018", "MATCHUP": "DAL @ MEM", "WL": "L", "MIN": 25, "FGM": 3, "FGA": 9, "FG_PCT": 0.333, "FG3M": 0, "FG3A": 1, "FG3_PCT": 0.0, "FTM": 2, "FTA": 2, "FT_PCT": 1.0, "OREB": 1, "DREB": 3, "REB": 4, "AST": 4, "STL": 1, "BLK": 0, "TOV": 0, "PF": 4, "PTS": 8, "PLUS_MINUS": -5, "VIDEO_AVAILABLE": 1}, {"SEASON_ID": "22018", "Player_ID": 1628973, "Game_ID": "0021800210", "GAME_DATE": "NOV 14, 2018", "MATCHUP": "DAL vs. UTA", "WL": "W", "MIN": 9, "FGM": 4, "FGA": 4, "FG_PCT": 1.0, "FG3M": 0, "FG3A": 0, "FG3_PCT": 0.0, "FTM": 1, "FTA": 1, "FT_PCT": 1.0, "OREB": 0, "DREB": 2, "REB": 2, "AST": 4, "STL": 0, "BLK": 0, "TOV": 1, "PF": 1, "PTS": 9, "PLUS_MINUS": 19, "VIDEO_AVAILABLE": 1}, {"SEASON_ID": "22018", "Player_ID": 1628973, "Game_ID": "0021800193", "GAME_DATE": "NOV 12, 2018", "MATCHUP": "DAL @ CHI", "WL": "W", "MIN": 13, "FGM": 1, "FGA": 3, "FG_PCT": 0.333, "FG3M": 0, "FG3A": 0, "FG3_PCT": 0.0, "FTM": 0, "FTA": 2, "FT_PCT": 0.0, "OREB": 1, "DREB": 2, "REB": 3, "AST": 0, "STL": 1, "BLK": 0, "TOV": 1, "PF": 1, "PTS": 2, "PLUS_MINUS": 12, "VIDEO_AVAILABLE": 1}, {"SEASON_ID": "22018", "Player_ID": 1628973, "Game_ID": "0021800181", "GAME_DATE": "NOV 10, 2018", "MATCHUP": "DAL vs. OKC", "WL": "W", "MIN": 2, "FGM": 0, "FGA": 0, "FG_PCT": 0.0, "FG3M": 0, "FG3A": 0, "FG3_PCT": 0.0, "FTM": 0, "FTA": 0, "FT_PCT": 0.0, "OREB": 0, "DREB": 0, "REB": 0, "AST": 1, "STL": 1, "BLK": 0, "TOV": 1, "PF": 0, "PTS": 0, "PLUS_MINUS": 2, "VIDEO_AVAILABLE": 1}, {"SEASON_ID": "22018", "Player_ID": 1628973, "Game_ID": "0021800160", "GAME_DATE": "NOV 07, 2018", "MATCHUP": "DAL @ UTA", "WL": "L", "MIN": 16, "FGM": 5, "FGA": 7, "FG_PCT": 0.714, "FG3M": 1, "FG3A": 2, "FG3_PCT": 0.5, "FTM": 0, "FTA": 0, "FT_PCT": 0.0, "OREB": 1, "DREB": 1, "REB": 2, "AST": 2, "STL": 1, "BLK": 0, "TOV": 2, "PF": 0, "PTS": 11, "PLUS_MINUS": 9, "VIDEO_AVAILABLE": 1}, {"SEASON_ID": "22018", "Player_ID": 1628973, "Game_ID": "0021800150", "GAME_DATE": "NOV 06, 2018", "MATCHUP": "DAL vs. WAS", "WL": "W", "MIN": 1, "FGM": 0, "FGA": 0, "FG_PCT": 0.0, "FG3M": 0, "FG3A": 0, "FG3_PCT": 0.0, "FTM": 0, "FTA": 0, "FT_PCT": 0.0, "OREB": 0, "DREB": 0, "REB": 0, "AST": 0, "STL": 0, "BLK": 0, "TOV": 0, "PF": 0, "PTS": 0, "PLUS_MINUS": 0, "VIDEO_AVAILABLE": 1}, {"SEASON_ID": "22018", "Player_ID": 1628973, "Game_ID": "0021800121", "GAME_DATE": "NOV 02, 2018", "MATCHUP": "DAL vs. NYK", "WL": "L", "MIN": 3, "FGM": 0, "FGA": 0, "FG_PCT": 0.0, "FG3M": 0, "FG3A": 0, "FG3_PCT": 0.0, "FTM": 0, "FTA": 0, "FT_PCT": 0.0, "OREB": 0, "DREB": 1, "REB": 1, "AST": 0, "STL": 0, "BLK": 0, "TOV": 0, "PF": 0, "PTS": 0, "PLUS_MINUS": 5, "VIDEO_AVAILABLE": 1}, {"SEASON_ID": "22018", "Player_ID": 1628973, "Game_ID": "0021800109", "GAME_DATE": "OCT 31, 2018", "MATCHUP": "DAL @ LAL", "WL": "L", "MIN": 11, "FGM": 1, "FGA": 1, "FG_PCT": 1.0, "FG3M": 0, "FG3A": 0, "FG3_PCT": 0.0, "FTM": 2, "FTA": 2, "FT_PCT": 1.0, "OREB": 0, "DREB": 1, "REB": 1, "AST": 1, "STL": 0, "BLK": 0, "TOV": 0, "PF": 2, "PTS": 4, "PLUS_MINUS": 12, "VIDEO_AVAILABLE": 1}, {"SEASON_ID": "22018", "Player_ID": 1628973, "Game_ID": "0021800094", "GAME_DATE": "OCT 29, 2018", "MATCHUP": "DAL @ SAS", "WL": "L", "MIN": 14, "FGM": 2, "FGA": 5, "FG_PCT": 0.4, "FG3M": 0, "FG3A": 2, "FG3_PCT": 0.0, "FTM": 2, "FTA": 2, "FT_PCT": 1.0, "OREB": 0, "DREB": 0, "REB": 0, "AST": 1, "STL": 0, "BLK": 0, "TOV": 1, "PF": 1, "PTS": 6, "PLUS_MINUS": -19, "VIDEO_AVAILABLE": 1}, {"SEASON_ID": "22018", "Player_ID": 1628973, "Game_ID": "0021800084", "GAME_DATE": "OCT 28, 2018", "MATCHUP": "DAL vs. UTA", "WL": "L", "MIN": 12, "FGM": 1, "FGA": 5, "FG_PCT": 0.2, "FG3M": 0, "FG3A": 2, "FG3_PCT": 0.0, "FTM": 0, "FTA": 0, "FT_PCT": 0.0, "OREB": 0, "DREB": 0, "REB": 0, "AST": 1, "STL": 0, "BLK": 0, "TOV": 0, "PF": 1, "PTS": 2, "PLUS_MINUS": -14, "VIDEO_AVAILABLE": 1}, {"SEASON_ID": "22018", "Player_ID": 1628973, "Game_ID": "0021800069", "GAME_DATE": "OCT 26, 2018", "MATCHUP": "DAL @ TOR", "WL": "L", "MIN": 30, "FGM": 3, "FGA": 11, "FG_PCT": 0.273, "FG3M": 2, "FG3A": 4, "FG3_PCT": 0.5, "FTM": 0, "FTA": 0, "FT_PCT": 0.0, "OREB": 0, "DREB": 3, "REB": 3, "AST": 4, "STL": 1, "BLK": 0, "TOV": 2, "PF": 2, "PTS": 8, "PLUS_MINUS": -3, "VIDEO_AVAILABLE": 1}, {"SEASON_ID": "22018", "Player_ID": 1628973, "Game_ID": "0021800052", "GAME_DATE": "OCT 24, 2018", "MATCHUP": "DAL @ ATL", "WL": "L", "MIN": 19, "FGM": 3, "FGA": 9, "FG_PCT": 0.333, "FG3M": 0, "FG3A": 3, "FG3_PCT": 0.0, "FTM": 0, "FTA": 0, "FT_PCT": 0.0, "OREB": 0, "DREB": 5, "REB": 5, "AST": 1, "STL": 0, "BLK": 0, "TOV": 1, "PF": 2, "PTS": 6, "PLUS_MINUS": 5, "VIDEO_AVAILABLE": 1}, {"SEASON_ID": "22018", "Player_ID": 1628973, "Game_ID": "0021800044", "GAME_DATE": "OCT 22, 2018", "MATCHUP": "DAL vs. CHI", "WL": "W", "MIN": 15, "FGM": 2, "FGA": 7, "FG_PCT": 0.286, "FG3M": 2, "FG3A": 4, "FG3_PCT": 0.5, "FTM": 0, "FTA": 0, "FT_PCT": 0.0, "OREB": 0, "DREB": 1, "REB": 1, "AST": 2, "STL": 1, "BLK": 0, "TOV": 0, "PF": 0, "PTS": 6, "PLUS_MINUS": 4, "VIDEO_AVAILABLE": 1}, {"SEASON_ID": "22018", "Player_ID": 1628973, "Game_ID": "0021800032", "GAME_DATE": "OCT 20, 2018", "MATCHUP": "DAL vs. MIN", "WL": "W", "MIN": 20, "FGM": 3, "FGA": 7, "FG_PCT": 0.429, "FG3M": 1, "FG3A": 4, "FG3_PCT": 0.25, "FTM": 0, "FTA": 0, "FT_PCT": 0.0, "OREB": 0, "DREB": 0, "REB": 0, "AST": 1, "STL": 1, "BLK": 0, "TOV": 1, "PF": 0, "PTS": 7, "PLUS_MINUS": 2, "VIDEO_AVAILABLE": 1}, {"SEASON_ID": "22018", "Player_ID": 1628973, "Game_ID": "0021800013", "GAME_DATE": "OCT 17, 2018", "MATCHUP": "DAL @ PHX", "WL": "L", "MIN": 19, "FGM": 1, "FGA": 3, "FG_PCT": 0.333, "FG3M": 1, "FG3A": 3, "FG3_PCT": 0.333, "FTM": 0, "FTA": 0, "FT_PCT": 0.0, "OREB": 0, "DREB": 1, "REB": 1, "AST": 1, "STL": 0, "BLK": 0, "TOV": 0, "PF": 1, "PTS": 3, "PLUS_MINUS": -3, "VIDEO_AVAILABLE": 1}]