{"firstName": "Jalen", "lastName": "Brunson", "temporaryDisplayName": "Brunson, Jalen", "personId": "1628973", "teamId": "1610612742", "jersey": "13", "isActive": true, "pos": "G", "heightFeet": "6", "heightInches": "3", "heightMeters": "1.9", "weightPounds": "190", "weightKilograms": "86.2", "dateOfBirthUTC": "1996-08-31", "teamSitesOnly": {"playerCode": "jalen_brunson", "posFull": "Guard", "displayAffiliation": "Villanova/USA", "freeAgentCode": ""}, "teams": [{"teamId": "1610612742", "seasonStart": "2018", "seasonEnd": "2019"}], "draft": {"teamId": "1610612742", "pickNum": "33", "roundNum": "2", "seasonYear": "2018"}, "nbaDebutYear": "2018", "yearsPro": "1", "collegeName": "Villanova", "lastAffiliation": "Villanova University/USA", "country": "USA"}