{"firstName": "John", "lastName": "Konchar", "temporaryDisplayName": "Konchar, John", "personId": "1629723", "teamId": "1610612763", "jersey": "46", "isActive": true, "pos": "G-F", "heightFeet": "6", "heightInches": "5", "heightMeters": "1.96", "weightPounds": "210", "weightKilograms": "95.3", "dateOfBirthUTC": "1996-03-22", "teamSitesOnly": {"playerCode": "john_konchar", "posFull": "Guard-Forward", "displayAffiliation": "Purdue Univ-Fort Wayne", "freeAgentCode": ""}, "teams": [{"teamId": "1610612763", "seasonStart": "2019", "seasonEnd": "2019"}], "draft": {"teamId": "", "pickNum": "", "roundNum": "", "seasonYear": ""}, "nbaDebutYear": "", "yearsPro": "0", "collegeName": "", "lastAffiliation": " USA/USA", "country": "USA"}