[{"SEASON_ID": "22018", "Player_ID": 1629133, "Game_ID": "0021801201", "GAME_DATE": "APR 07, 2019", "MATCHUP": "DAL @ MEM", "WL": "W", "MIN": 32, "FGM": 3, "FGA": 7, "FG_PCT": 0.429, "FG3M": 2, "FG3A": 4, "FG3_PCT": 0.5, "FTM": 4, "FTA": 7, "FT_PCT": 0.571, "OREB": 0, "DREB": 7, "REB": 7, "AST": 2, "STL": 0, "BLK": 0, "TOV": 1, "PF": 2, "PTS": 12, "PLUS_MINUS": 6, "VIDEO_AVAILABLE": 1}, {"SEASON_ID": "22018", "Player_ID": 1629133, "Game_ID": "0021801187", "GAME_DATE": "APR 05, 2019", "MATCHUP": "DAL vs. MEM", "WL": "L", "MIN": 21, "FGM": 4, "FGA": 9, "FG_PCT": 0.444, "FG3M": 3, "FG3A": 6, "FG3_PCT": 0.5, "FTM": 0, "FTA": 0, "FT_PCT": 0.0, "OREB": 1, "DREB": 1, "REB": 2, "AST": 1, "STL": 0, "BLK": 0, "TOV": 2, "PF": 1, "PTS": 11, "PLUS_MINUS": -15, "VIDEO_AVAILABLE": 1}, {"SEASON_ID": "22018", "Player_ID": 1629133, "Game_ID": "0021801158", "GAME_DATE": "APR 01, 2019", "MATCHUP": "DAL vs. PHI", "WL": "W", "MIN": 23, "FGM": 1, "FGA": 8, "FG_PCT": 0.125, "FG3M": 0, "FG3A": 1, "FG3_PCT": 0.0, "FTM": 0, "FTA": 0, "FT_PCT": 0.0, "OREB": 1, "DREB": 2, "REB": 3, "AST": 4, "STL": 0, "BLK": 0, "TOV": 2, "PF": 4, "PTS": 2, "PLUS_MINUS": 5, "VIDEO_AVAILABLE": 1}, {"SEASON_ID": "22018", "Player_ID": 1629133, "Game_ID": "0021801092", "GAME_DATE": "MAR 23, 2019", "MATCHUP": "DAL @ GSW", "WL": "W", "MIN": 5, "FGM": 0, "FGA": 1, "FG_PCT": 0.0, "FG3M": 0, "FG3A": 0, "FG3_PCT": 0.0, "FTM": 0, "FTA": 0, "FT_PCT": 0.0, "OREB": 0, "DREB": 0, "REB": 0, "AST": 0, "STL": 0, "BLK": 0, "TOV": 0, "PF": 1, "PTS": 0, "PLUS_MINUS": -5, "VIDEO_AVAILABLE": 1}, {"SEASON_ID": "22018", "Player_ID": 1629133, "Game_ID": "0021800821", "GAME_DATE": "FEB 08, 2019", "MATCHUP": "DAL vs. MIL", "WL": "L", "MIN": 3, "FGM": 1, "FGA": 1, "FG_PCT": 1.0, "FG3M": 0, "FG3A": 0, "FG3_PCT": 0.0, "FTM": 0, "FTA": 0, "FT_PCT": 0.0, "OREB": 0, "DREB": 0, "REB": 0, "AST": 0, "STL": 0, "BLK": 0, "TOV": 0, "PF": 0, "PTS": 2, "PLUS_MINUS": 0, "VIDEO_AVAILABLE": 1}, {"SEASON_ID": "22018", "Player_ID": 1629133, "Game_ID": "0021800780", "GAME_DATE": "FEB 02, 2019", "MATCHUP": "DAL @ CLE", "WL": "W", "MIN": 1, "FGM": 0, "FGA": 0, "FG_PCT": 0.0, "FG3M": 0, "FG3A": 0, "FG3_PCT": 0.0, "FTM": 0, "FTA": 0, "FT_PCT": 0.0, "OREB": 0, "DREB": 0, "REB": 0, "AST": 0, "STL": 0, "BLK": 0, "TOV": 1, "PF": 0, "PTS": 0, "PLUS_MINUS": -2, "VIDEO_AVAILABLE": 1}, {"SEASON_ID": "22018", "Player_ID": 1629133, "Game_ID": "0021800681", "GAME_DATE": "JAN 19, 2019", "MATCHUP": "DAL @ IND", "WL": "L", "MIN": 3, "FGM": 1, "FGA": 1, "FG_PCT": 1.0, "FG3M": 0, "FG3A": 0, "FG3_PCT": 0.0, "FTM": 0, "FTA": 0, "FT_PCT": 0.0, "OREB": 0, "DREB": 0, "REB": 0, "AST": 0, "STL": 1, "BLK": 0, "TOV": 0, "PF": 0, "PTS": 2, "PLUS_MINUS": 2, "VIDEO_AVAILABLE": 1}, {"SEASON_ID": "22018", "Player_ID": 1629133, "Game_ID": "0021800069", "GAME_DATE": "OCT 26, 2018", "MATCHUP": "DAL @ TOR", "WL": "L", "MIN": 1, "FGM": 0, "FGA": 0, "FG_PCT": 0.0, "FG3M": 0, "FG3A": 0, "FG3_PCT": 0.0, "FTM": 0, "FTA": 0, "FT_PCT": 0.0, "OREB": 0, "DREB": 0, "REB": 0, "AST": 0, "STL": 0, "BLK": 0, "TOV": 0, "PF": 0, "PTS": 0, "PLUS_MINUS": 3, "VIDEO_AVAILABLE": 1}]