{"firstName": "Daryl", "lastName": "Macon", "temporaryDisplayName": "Macon, Daryl", "personId": "1629133", "teamId": "1610612748", "jersey": "15", "isActive": true, "pos": "G", "heightFeet": "6", "heightInches": "2", "heightMeters": "1.88", "weightPounds": "185", "weightKilograms": "83.9", "dateOfBirthUTC": "1995-11-29", "teamSitesOnly": {"playerCode": "daryl_macon", "posFull": "Guard", "displayAffiliation": "Arkansas/USA", "freeAgentCode": ""}, "teams": [{"teamId": "1610612742", "seasonStart": "2018", "seasonEnd": "2018"}, {"teamId": "1610612748", "seasonStart": "2019", "seasonEnd": "2019"}], "draft": {"teamId": "", "pickNum": "", "roundNum": "", "seasonYear": ""}, "nbaDebutYear": "2018", "yearsPro": "1", "collegeName": "Arkansas", "lastAffiliation": "Arkansas/USA", "country": "USA"}