[{"SEASON_ID": "22018", "Player_ID": 1628991, "Game_ID": "0021800858", "GAME_DATE": "FEB 13, 2019", "MATCHUP": "MEM @ CHI", "WL": "L", "MIN": 28, "FGM": 5, "FGA": 10, "FG_PCT": 0.5, "FG3M": 2, "FG3A": 4, "FG3_PCT": 0.5, "FTM": 0, "FTA": 0, "FT_PCT": 0.0, "OREB": 0, "DREB": 2, "REB": 2, "AST": 0, "STL": 0, "BLK": 1, "TOV": 1, "PF": 2, "PTS": 12, "PLUS_MINUS": -22, "VIDEO_AVAILABLE": 1}, {"SEASON_ID": "22018", "Player_ID": 1628991, "Game_ID": "0021800850", "GAME_DATE": "FEB 12, 2019", "MATCHUP": "MEM vs. SAS", "WL": "L", "MIN": 24, "FGM": 2, "FGA": 7, "FG_PCT": 0.286, "FG3M": 1, "FG3A": 2, "FG3_PCT": 0.5, "FTM": 4, "FTA": 6, "FT_PCT": 0.667, "OREB": 1, "DREB": 4, "REB": 5, "AST": 0, "STL": 0, "BLK": 1, "TOV": 3, "PF": 4, "PTS": 9, "PLUS_MINUS": -7, "VIDEO_AVAILABLE": 1}, {"SEASON_ID": "22018", "Player_ID": 1628991, "Game_ID": "0021800831", "GAME_DATE": "FEB 09, 2019", "MATCHUP": "MEM vs. NOP", "WL": "W", "MIN": 27, "FGM": 4, "FGA": 13, "FG_PCT": 0.308, "FG3M": 2, "FG3A": 4, "FG3_PCT": 0.5, "FTM": 4, "FTA": 5, "FT_PCT": 0.8, "OREB": 0, "DREB": 3, "REB": 3, "AST": 1, "STL": 2, "BLK": 1, "TOV": 0, "PF": 2, "PTS": 14, "PLUS_MINUS": 5, "VIDEO_AVAILABLE": 1}, {"SEASON_ID": "22018", "Player_ID": 1628991, "Game_ID": "0021800815", "GAME_DATE": "FEB 07, 2019", "MATCHUP": "MEM @ OKC", "WL": "L", "MIN": 34, "FGM": 12, "FGA": 18, "FG_PCT": 0.667, "FG3M": 1, "FG3A": 2, "FG3_PCT": 0.5, "FTM": 2, "FTA": 3, "FT_PCT": 0.667, "OREB": 3, "DREB": 4, "REB": 7, "AST": 0, "STL": 2, "BLK": 0, "TOV": 5, "PF": 4, "PTS": 27, "PLUS_MINUS": -25, "VIDEO_AVAILABLE": 1}, {"SEASON_ID": "22018", "Player_ID": 1628991, "Game_ID": "0021800801", "GAME_DATE": "FEB 05, 2019", "MATCHUP": "MEM vs. MIN", "WL": "W", "MIN": 38, "FGM": 6, "FGA": 14, "FG_PCT": 0.429, "FG3M": 4, "FG3A": 7, "FG3_PCT": 0.571, "FTM": 7, "FTA": 10, "FT_PCT": 0.7, "OREB": 0, "DREB": 6, "REB": 6, "AST": 3, "STL": 1, "BLK": 2, "TOV": 3, "PF": 4, "PTS": 23, "PLUS_MINUS": -2, "VIDEO_AVAILABLE": 1}, {"SEASON_ID": "22018", "Player_ID": 1628991, "Game_ID": "0021800787", "GAME_DATE": "FEB 03, 2019", "MATCHUP": "MEM @ NYK", "WL": "W", "MIN": 26, "FGM": 5, "FGA": 11, "FG_PCT": 0.455, "FG3M": 1, "FG3A": 2, "FG3_PCT": 0.5, "FTM": 5, "FTA": 8, "FT_PCT": 0.625, "OREB": 5, "DREB": 2, "REB": 7, "AST": 2, "STL": 0, "BLK": 0, "TOV": 0, "PF": 5, "PTS": 16, "PLUS_MINUS": 18, "VIDEO_AVAILABLE": 1}, {"SEASON_ID": "22018", "Player_ID": 1628991, "Game_ID": "0021800760", "GAME_DATE": "JAN 30, 2019", "MATCHUP": "MEM @ MIN", "WL": "L", "MIN": 22, "FGM": 3, "FGA": 7, "FG_PCT": 0.429, "FG3M": 1, "FG3A": 2, "FG3_PCT": 0.5, "FTM": 2, "FTA": 2, "FT_PCT": 1.0, "OREB": 1, "DREB": 4, "REB": 5, "AST": 0, "STL": 0, "BLK": 1, "TOV": 5, "PF": 6, "PTS": 9, "PLUS_MINUS": -9, "VIDEO_AVAILABLE": 1}, {"SEASON_ID": "22018", "Player_ID": 1628991, "Game_ID": "0021800747", "GAME_DATE": "JAN 28, 2019", "MATCHUP": "MEM vs. DEN", "WL": "L", "MIN": 25, "FGM": 4, "FGA": 10, "FG_PCT": 0.4, "FG3M": 0, "FG3A": 2, "FG3_PCT": 0.0, "FTM": 0, "FTA": 0, "FT_PCT": 0.0, "OREB": 3, "DREB": 4, "REB": 7, "AST": 0, "STL": 2, "BLK": 3, "TOV": 2, "PF": 6, "PTS": 8, "PLUS_MINUS": 9, "VIDEO_AVAILABLE": 1}, {"SEASON_ID": "22018", "Player_ID": 1628991, "Game_ID": "0021800731", "GAME_DATE": "JAN 26, 2019", "MATCHUP": "MEM vs. IND", "WL": "W", "MIN": 31, "FGM": 8, "FGA": 14, "FG_PCT": 0.571, "FG3M": 0, "FG3A": 2, "FG3_PCT": 0.0, "FTM": 4, "FTA": 5, "FT_PCT": 0.8, "OREB": 2, "DREB": 4, "REB": 6, "AST": 2, "STL": 1, "BLK": 0, "TOV": 1, "PF": 3, "PTS": 20, "PLUS_MINUS": 7, "VIDEO_AVAILABLE": 1}, {"SEASON_ID": "22018", "Player_ID": 1628991, "Game_ID": "0021800725", "GAME_DATE": "JAN 25, 2019", "MATCHUP": "MEM vs. SAC", "WL": "L", "MIN": 27, "FGM": 3, "FGA": 8, "FG_PCT": 0.375, "FG3M": 0, "FG3A": 0, "FG3_PCT": 0.0, "FTM": 5, "FTA": 6, "FT_PCT": 0.833, "OREB": 2, "DREB": 1, "REB": 3, "AST": 1, "STL": 0, "BLK": 1, "TOV": 0, "PF": 4, "PTS": 11, "PLUS_MINUS": 5, "VIDEO_AVAILABLE": 1}, {"SEASON_ID": "22018", "Player_ID": 1628991, "Game_ID": "0021800713", "GAME_DATE": "JAN 23, 2019", "MATCHUP": "MEM vs. CHA", "WL": "L", "MIN": 26, "FGM": 4, "FGA": 9, "FG_PCT": 0.444, "FG3M": 1, "FG3A": 2, "FG3_PCT": 0.5, "FTM": 6, "FTA": 6, "FT_PCT": 1.0, "OREB": 0, "DREB": 1, "REB": 1, "AST": 1, "STL": 1, "BLK": 1, "TOV": 0, "PF": 4, "PTS": 15, "PLUS_MINUS": -7, "VIDEO_AVAILABLE": 1}, {"SEASON_ID": "22018", "Player_ID": 1628991, "Game_ID": "0021800697", "GAME_DATE": "JAN 21, 2019", "MATCHUP": "MEM vs. NOP", "WL": "L", "MIN": 31, "FGM": 6, "FGA": 14, "FG_PCT": 0.429, "FG3M": 0, "FG3A": 1, "FG3_PCT": 0.0, "FTM": 2, "FTA": 4, "FT_PCT": 0.5, "OREB": 2, "DREB": 0, "REB": 2, "AST": 1, "STL": 0, "BLK": 1, "TOV": 1, "PF": 2, "PTS": 14, "PLUS_MINUS": -1, "VIDEO_AVAILABLE": 1}, {"SEASON_ID": "22018", "Player_ID": 1628991, "Game_ID": "0021800684", "GAME_DATE": "JAN 19, 2019", "MATCHUP": "MEM @ TOR", "WL": "L", "MIN": 29, "FGM": 6, "FGA": 11, "FG_PCT": 0.545, "FG3M": 1, "FG3A": 3, "FG3_PCT": 0.333, "FTM": 3, "FTA": 5, "FT_PCT": 0.6, "OREB": 2, "DREB": 6, "REB": 8, "AST": 1, "STL": 0, "BLK": 0, "TOV": 3, "PF": 2, "PTS": 16, "PLUS_MINUS": -11, "VIDEO_AVAILABLE": 1}, {"SEASON_ID": "22018", "Player_ID": 1628991, "Game_ID": "0021800671", "GAME_DATE": "JAN 18, 2019", "MATCHUP": "MEM @ BOS", "WL": "L", "MIN": 27, "FGM": 8, "FGA": 16, "FG_PCT": 0.5, "FG3M": 2, "FG3A": 3, "FG3_PCT": 0.667, "FTM": 5, "FTA": 7, "FT_PCT": 0.714, "OREB": 3, "DREB": 1, "REB": 4, "AST": 1, "STL": 0, "BLK": 1, "TOV": 3, "PF": 4, "PTS": 23, "PLUS_MINUS": -21, "VIDEO_AVAILABLE": 1}, {"SEASON_ID": "22018", "Player_ID": 1628991, "Game_ID": "0021800660", "GAME_DATE": "JAN 16, 2019", "MATCHUP": "MEM vs. MIL", "WL": "L", "MIN": 21, "FGM": 2, "FGA": 7, "FG_PCT": 0.286, "FG3M": 0, "FG3A": 1, "FG3_PCT": 0.0, "FTM": 3, "FTA": 3, "FT_PCT": 1.0, "OREB": 1, "DREB": 4, "REB": 5, "AST": 0, "STL": 2, "BLK": 1, "TOV": 1, "PF": 4, "PTS": 7, "PLUS_MINUS": -5, "VIDEO_AVAILABLE": 1}, {"SEASON_ID": "22018", "Player_ID": 1628991, "Game_ID": "0021800646", "GAME_DATE": "JAN 14, 2019", "MATCHUP": "MEM @ HOU", "WL": "L", "MIN": 31, "FGM": 5, "FGA": 11, "FG_PCT": 0.455, "FG3M": 0, "FG3A": 2, "FG3_PCT": 0.0, "FTM": 2, "FTA": 3, "FT_PCT": 0.667, "OREB": 0, "DREB": 6, "REB": 6, "AST": 1, "STL": 0, "BLK": 3, "TOV": 2, "PF": 3, "PTS": 12, "PLUS_MINUS": -15, "VIDEO_AVAILABLE": 1}, {"SEASON_ID": "22018", "Player_ID": 1628991, "Game_ID": "0021800631", "GAME_DATE": "JAN 12, 2019", "MATCHUP": "MEM @ MIA", "WL": "L", "MIN": 28, "FGM": 5, "FGA": 8, "FG_PCT": 0.625, "FG3M": 1, "FG3A": 2, "FG3_PCT": 0.5, "FTM": 2, "FTA": 2, "FT_PCT": 1.0, "OREB": 0, "DREB": 5, "REB": 5, "AST": 2, "STL": 3, "BLK": 2, "TOV": 1, "PF": 2, "PTS": 13, "PLUS_MINUS": -9, "VIDEO_AVAILABLE": 1}, {"SEASON_ID": "22018", "Player_ID": 1628991, "Game_ID": "0021800611", "GAME_DATE": "JAN 09, 2019", "MATCHUP": "MEM vs. SAS", "WL": "W", "MIN": 18, "FGM": 5, "FGA": 9, "FG_PCT": 0.556, "FG3M": 2, "FG3A": 5, "FG3_PCT": 0.4, "FTM": 0, "FTA": 0, "FT_PCT": 0.0, "OREB": 0, "DREB": 2, "REB": 2, "AST": 0, "STL": 0, "BLK": 1, "TOV": 3, "PF": 4, "PTS": 12, "PLUS_MINUS": 4, "VIDEO_AVAILABLE": 1}, {"SEASON_ID": "22018", "Player_ID": 1628991, "Game_ID": "0021800595", "GAME_DATE": "JAN 07, 2019", "MATCHUP": "MEM @ NOP", "WL": "L", "MIN": 22, "FGM": 6, "FGA": 11, "FG_PCT": 0.545, "FG3M": 0, "FG3A": 1, "FG3_PCT": 0.0, "FTM": 0, "FTA": 0, "FT_PCT": 0.0, "OREB": 0, "DREB": 1, "REB": 1, "AST": 0, "STL": 0, "BLK": 0, "TOV": 1, "PF": 5, "PTS": 12, "PLUS_MINUS": -12, "VIDEO_AVAILABLE": 1}, {"SEASON_ID": "22018", "Player_ID": 1628991, "Game_ID": "0021800581", "GAME_DATE": "JAN 05, 2019", "MATCHUP": "MEM @ SAS", "WL": "L", "MIN": 34, "FGM": 5, "FGA": 8, "FG_PCT": 0.625, "FG3M": 1, "FG3A": 3, "FG3_PCT": 0.333, "FTM": 4, "FTA": 5, "FT_PCT": 0.8, "OREB": 2, "DREB": 5, "REB": 7, "AST": 1, "STL": 4, "BLK": 0, "TOV": 2, "PF": 3, "PTS": 15, "PLUS_MINUS": 0, "VIDEO_AVAILABLE": 1}, {"SEASON_ID": "22018", "Player_ID": 1628991, "Game_ID": "0021800570", "GAME_DATE": "JAN 04, 2019", "MATCHUP": "MEM vs. BKN", "WL": "L", "MIN": 31, "FGM": 9, "FGA": 15, "FG_PCT": 0.6, "FG3M": 0, "FG3A": 3, "FG3_PCT": 0.0, "FTM": 1, "FTA": 1, "FT_PCT": 1.0, "OREB": 2, "DREB": 2, "REB": 4, "AST": 2, "STL": 0, "BLK": 2, "TOV": 3, "PF": 5, "PTS": 19, "PLUS_MINUS": -7, "VIDEO_AVAILABLE": 1}, {"SEASON_ID": "22018", "Player_ID": 1628991, "Game_ID": "0021800560", "GAME_DATE": "JAN 02, 2019", "MATCHUP": "MEM vs. DET", "WL": "L", "MIN": 35, "FGM": 8, "FGA": 11, "FG_PCT": 0.727, "FG3M": 2, "FG3A": 2, "FG3_PCT": 1.0, "FTM": 8, "FTA": 8, "FT_PCT": 1.0, "OREB": 3, "DREB": 7, "REB": 10, "AST": 2, "STL": 0, "BLK": 0, "TOV": 2, "PF": 6, "PTS": 26, "PLUS_MINUS": 0, "VIDEO_AVAILABLE": 1}, {"SEASON_ID": "22018", "Player_ID": 1628991, "Game_ID": "0021800544", "GAME_DATE": "DEC 31, 2018", "MATCHUP": "MEM @ HOU", "WL": "L", "MIN": 13, "FGM": 2, "FGA": 8, "FG_PCT": 0.25, "FG3M": 0, "FG3A": 2, "FG3_PCT": 0.0, "FTM": 0, "FTA": 0, "FT_PCT": 0.0, "OREB": 0, "DREB": 2, "REB": 2, "AST": 0, "STL": 1, "BLK": 0, "TOV": 0, "PF": 5, "PTS": 4, "PLUS_MINUS": -3, "VIDEO_AVAILABLE": 1}, {"SEASON_ID": "22018", "Player_ID": 1628991, "Game_ID": "0021800531", "GAME_DATE": "DEC 29, 2018", "MATCHUP": "MEM vs. BOS", "WL": "L", "MIN": 22, "FGM": 5, "FGA": 7, "FG_PCT": 0.714, "FG3M": 1, "FG3A": 3, "FG3_PCT": 0.333, "FTM": 4, "FTA": 6, "FT_PCT": 0.667, "OREB": 0, "DREB": 4, "REB": 4, "AST": 0, "STL": 1, "BLK": 0, "TOV": 1, "PF": 4, "PTS": 15, "PLUS_MINUS": 4, "VIDEO_AVAILABLE": 1}, {"SEASON_ID": "22018", "Player_ID": 1628991, "Game_ID": "0021800508", "GAME_DATE": "DEC 26, 2018", "MATCHUP": "MEM vs. CLE", "WL": "W", "MIN": 28, "FGM": 5, "FGA": 10, "FG_PCT": 0.5, "FG3M": 0, "FG3A": 1, "FG3_PCT": 0.0, "FTM": 1, "FTA": 2, "FT_PCT": 0.5, "OREB": 0, "DREB": 2, "REB": 2, "AST": 1, "STL": 1, "BLK": 1, "TOV": 3, "PF": 2, "PTS": 11, "PLUS_MINUS": 7, "VIDEO_AVAILABLE": 1}, {"SEASON_ID": "22018", "Player_ID": 1628991, "Game_ID": "0021800496", "GAME_DATE": "DEC 23, 2018", "MATCHUP": "MEM @ LAL", "WL": "W", "MIN": 31, "FGM": 11, "FGA": 21, "FG_PCT": 0.524, "FG3M": 1, "FG3A": 2, "FG3_PCT": 0.5, "FTM": 4, "FTA": 5, "FT_PCT": 0.8, "OREB": 4, "DREB": 5, "REB": 9, "AST": 1, "STL": 0, "BLK": 0, "TOV": 3, "PF": 4, "PTS": 27, "PLUS_MINUS": 4, "VIDEO_AVAILABLE": 1}, {"SEASON_ID": "22018", "Player_ID": 1628991, "Game_ID": "0021800477", "GAME_DATE": "DEC 21, 2018", "MATCHUP": "MEM @ SAC", "WL": "L", "MIN": 24, "FGM": 5, "FGA": 8, "FG_PCT": 0.625, "FG3M": 1, "FG3A": 2, "FG3_PCT": 0.5, "FTM": 1, "FTA": 1, "FT_PCT": 1.0, "OREB": 1, "DREB": 5, "REB": 6, "AST": 2, "STL": 1, "BLK": 3, "TOV": 2, "PF": 6, "PTS": 12, "PLUS_MINUS": -4, "VIDEO_AVAILABLE": 1}, {"SEASON_ID": "22018", "Player_ID": 1628991, "Game_ID": "0021800465", "GAME_DATE": "DEC 19, 2018", "MATCHUP": "MEM @ POR", "WL": "L", "MIN": 29, "FGM": 6, "FGA": 12, "FG_PCT": 0.5, "FG3M": 2, "FG3A": 4, "FG3_PCT": 0.5, "FTM": 2, "FTA": 2, "FT_PCT": 1.0, "OREB": 2, "DREB": 3, "REB": 5, "AST": 2, "STL": 0, "BLK": 3, "TOV": 1, "PF": 4, "PTS": 16, "PLUS_MINUS": 13, "VIDEO_AVAILABLE": 1}, {"SEASON_ID": "22018", "Player_ID": 1628991, "Game_ID": "0021800449", "GAME_DATE": "DEC 17, 2018", "MATCHUP": "MEM @ GSW", "WL": "L", "MIN": 22, "FGM": 1, "FGA": 6, "FG_PCT": 0.167, "FG3M": 0, "FG3A": 1, "FG3_PCT": 0.0, "FTM": 1, "FTA": 2, "FT_PCT": 0.5, "OREB": 0, "DREB": 4, "REB": 4, "AST": 2, "STL": 0, "BLK": 0, "TOV": 0, "PF": 2, "PTS": 3, "PLUS_MINUS": -11, "VIDEO_AVAILABLE": 1}, {"SEASON_ID": "22018", "Player_ID": 1628991, "Game_ID": "0021800432", "GAME_DATE": "DEC 15, 2018", "MATCHUP": "MEM vs. HOU", "WL": "L", "MIN": 31, "FGM": 4, "FGA": 7, "FG_PCT": 0.571, "FG3M": 1, "FG3A": 2, "FG3_PCT": 0.5, "FTM": 0, "FTA": 2, "FT_PCT": 0.0, "OREB": 1, "DREB": 6, "REB": 7, "AST": 3, "STL": 1, "BLK": 3, "TOV": 1, "PF": 4, "PTS": 9, "PLUS_MINUS": -6, "VIDEO_AVAILABLE": 1}, {"SEASON_ID": "22018", "Player_ID": 1628991, "Game_ID": "0021800425", "GAME_DATE": "DEC 14, 2018", "MATCHUP": "MEM vs. MIA", "WL": "L", "MIN": 22, "FGM": 6, "FGA": 9, "FG_PCT": 0.667, "FG3M": 0, "FG3A": 2, "FG3_PCT": 0.0, "FTM": 3, "FTA": 5, "FT_PCT": 0.6, "OREB": 1, "DREB": 3, "REB": 4, "AST": 0, "STL": 2, "BLK": 1, "TOV": 2, "PF": 2, "PTS": 15, "PLUS_MINUS": 6, "VIDEO_AVAILABLE": 1}, {"SEASON_ID": "22018", "Player_ID": 1628991, "Game_ID": "0021800410", "GAME_DATE": "DEC 12, 2018", "MATCHUP": "MEM vs. POR", "WL": "W", "MIN": 31, "FGM": 4, "FGA": 8, "FG_PCT": 0.5, "FG3M": 2, "FG3A": 3, "FG3_PCT": 0.667, "FTM": 4, "FTA": 4, "FT_PCT": 1.0, "OREB": 2, "DREB": 4, "REB": 6, "AST": 2, "STL": 1, "BLK": 2, "TOV": 2, "PF": 3, "PTS": 14, "PLUS_MINUS": 12, "VIDEO_AVAILABLE": 1}, {"SEASON_ID": "22018", "Player_ID": 1628991, "Game_ID": "0021800398", "GAME_DATE": "DEC 10, 2018", "MATCHUP": "MEM @ DEN", "WL": "L", "MIN": 20, "FGM": 3, "FGA": 7, "FG_PCT": 0.429, "FG3M": 0, "FG3A": 2, "FG3_PCT": 0.0, "FTM": 0, "FTA": 0, "FT_PCT": 0.0, "OREB": 0, "DREB": 3, "REB": 3, "AST": 1, "STL": 2, "BLK": 0, "TOV": 1, "PF": 1, "PTS": 6, "PLUS_MINUS": 1, "VIDEO_AVAILABLE": 1}, {"SEASON_ID": "22018", "Player_ID": 1628991, "Game_ID": "0021800384", "GAME_DATE": "DEC 08, 2018", "MATCHUP": "MEM vs. LAL", "WL": "L", "MIN": 27, "FGM": 4, "FGA": 9, "FG_PCT": 0.444, "FG3M": 1, "FG3A": 4, "FG3_PCT": 0.25, "FTM": 2, "FTA": 2, "FT_PCT": 1.0, "OREB": 0, "DREB": 8, "REB": 8, "AST": 0, "STL": 2, "BLK": 0, "TOV": 2, "PF": 1, "PTS": 11, "PLUS_MINUS": -3, "VIDEO_AVAILABLE": 1}, {"SEASON_ID": "22018", "Player_ID": 1628991, "Game_ID": "0021800374", "GAME_DATE": "DEC 07, 2018", "MATCHUP": "MEM @ NOP", "WL": "W", "MIN": 15, "FGM": 1, "FGA": 4, "FG_PCT": 0.25, "FG3M": 0, "FG3A": 1, "FG3_PCT": 0.0, "FTM": 1, "FTA": 2, "FT_PCT": 0.5, "OREB": 0, "DREB": 0, "REB": 0, "AST": 0, "STL": 0, "BLK": 1, "TOV": 2, "PF": 4, "PTS": 3, "PLUS_MINUS": 0, "VIDEO_AVAILABLE": 1}, {"SEASON_ID": "22018", "Player_ID": 1628991, "Game_ID": "0021800360", "GAME_DATE": "DEC 05, 2018", "MATCHUP": "MEM vs. LAC", "WL": "W", "MIN": 21, "FGM": 5, "FGA": 10, "FG_PCT": 0.5, "FG3M": 1, "FG3A": 4, "FG3_PCT": 0.25, "FTM": 2, "FTA": 2, "FT_PCT": 1.0, "OREB": 1, "DREB": 5, "REB": 6, "AST": 0, "STL": 1, "BLK": 1, "TOV": 0, "PF": 6, "PTS": 13, "PLUS_MINUS": 2, "VIDEO_AVAILABLE": 1}, {"SEASON_ID": "22018", "Player_ID": 1628991, "Game_ID": "0021800340", "GAME_DATE": "DEC 02, 2018", "MATCHUP": "MEM @ PHI", "WL": "L", "MIN": 23, "FGM": 5, "FGA": 10, "FG_PCT": 0.5, "FG3M": 1, "FG3A": 4, "FG3_PCT": 0.25, "FTM": 6, "FTA": 6, "FT_PCT": 1.0, "OREB": 1, "DREB": 2, "REB": 3, "AST": 0, "STL": 1, "BLK": 3, "TOV": 2, "PF": 5, "PTS": 17, "PLUS_MINUS": -6, "VIDEO_AVAILABLE": 1}, {"SEASON_ID": "22018", "Player_ID": 1628991, "Game_ID": "0021800323", "GAME_DATE": "NOV 30, 2018", "MATCHUP": "MEM @ BKN", "WL": "W", "MIN": 43, "FGM": 13, "FGA": 22, "FG_PCT": 0.591, "FG3M": 3, "FG3A": 7, "FG3_PCT": 0.429, "FTM": 7, "FTA": 7, "FT_PCT": 1.0, "OREB": 3, "DREB": 5, "REB": 8, "AST": 2, "STL": 0, "BLK": 0, "TOV": 1, "PF": 4, "PTS": 36, "PLUS_MINUS": 13, "VIDEO_AVAILABLE": 1}, {"SEASON_ID": "22018", "Player_ID": 1628991, "Game_ID": "0021800303", "GAME_DATE": "NOV 27, 2018", "MATCHUP": "MEM vs. TOR", "WL": "L", "MIN": 19, "FGM": 1, "FGA": 4, "FG_PCT": 0.25, "FG3M": 0, "FG3A": 0, "FG3_PCT": 0.0, "FTM": 2, "FTA": 2, "FT_PCT": 1.0, "OREB": 0, "DREB": 2, "REB": 2, "AST": 0, "STL": 0, "BLK": 1, "TOV": 3, "PF": 5, "PTS": 4, "PLUS_MINUS": -5, "VIDEO_AVAILABLE": 1}, {"SEASON_ID": "22018", "Player_ID": 1628991, "Game_ID": "0021800291", "GAME_DATE": "NOV 25, 2018", "MATCHUP": "MEM vs. NYK", "WL": "L", "MIN": 30, "FGM": 6, "FGA": 6, "FG_PCT": 1.0, "FG3M": 4, "FG3A": 4, "FG3_PCT": 1.0, "FTM": 0, "FTA": 0, "FT_PCT": 0.0, "OREB": 0, "DREB": 6, "REB": 6, "AST": 3, "STL": 0, "BLK": 7, "TOV": 1, "PF": 5, "PTS": 16, "PLUS_MINUS": -1, "VIDEO_AVAILABLE": 1}, {"SEASON_ID": "22018", "Player_ID": 1628991, "Game_ID": "0021800266", "GAME_DATE": "NOV 23, 2018", "MATCHUP": "MEM @ LAC", "WL": "L", "MIN": 35, "FGM": 8, "FGA": 15, "FG_PCT": 0.533, "FG3M": 1, "FG3A": 3, "FG3_PCT": 0.333, "FTM": 3, "FTA": 5, "FT_PCT": 0.6, "OREB": 1, "DREB": 6, "REB": 7, "AST": 3, "STL": 0, "BLK": 3, "TOV": 3, "PF": 4, "PTS": 20, "PLUS_MINUS": -2, "VIDEO_AVAILABLE": 1}, {"SEASON_ID": "22018", "Player_ID": 1628991, "Game_ID": "0021800262", "GAME_DATE": "NOV 21, 2018", "MATCHUP": "MEM @ SAS", "WL": "W", "MIN": 12, "FGM": 3, "FGA": 4, "FG_PCT": 0.75, "FG3M": 2, "FG3A": 2, "FG3_PCT": 1.0, "FTM": 1, "FTA": 2, "FT_PCT": 0.5, "OREB": 0, "DREB": 1, "REB": 1, "AST": 1, "STL": 0, "BLK": 0, "TOV": 1, "PF": 5, "PTS": 9, "PLUS_MINUS": 1, "VIDEO_AVAILABLE": 1}, {"SEASON_ID": "22018", "Player_ID": 1628991, "Game_ID": "0021800244", "GAME_DATE": "NOV 19, 2018", "MATCHUP": "MEM vs. DAL", "WL": "W", "MIN": 36, "FGM": 6, "FGA": 13, "FG_PCT": 0.462, "FG3M": 0, "FG3A": 3, "FG3_PCT": 0.0, "FTM": 1, "FTA": 1, "FT_PCT": 1.0, "OREB": 0, "DREB": 3, "REB": 3, "AST": 2, "STL": 2, "BLK": 4, "TOV": 2, "PF": 3, "PTS": 13, "PLUS_MINUS": -1, "VIDEO_AVAILABLE": 1}, {"SEASON_ID": "22018", "Player_ID": 1628991, "Game_ID": "0021800234", "GAME_DATE": "NOV 18, 2018", "MATCHUP": "MEM @ MIN", "WL": "W", "MIN": 19, "FGM": 6, "FGA": 10, "FG_PCT": 0.6, "FG3M": 1, "FG3A": 2, "FG3_PCT": 0.5, "FTM": 0, "FTA": 0, "FT_PCT": 0.0, "OREB": 1, "DREB": 1, "REB": 2, "AST": 1, "STL": 0, "BLK": 3, "TOV": 3, "PF": 3, "PTS": 13, "PLUS_MINUS": 7, "VIDEO_AVAILABLE": 1}, {"SEASON_ID": "22018", "Player_ID": 1628991, "Game_ID": "0021800220", "GAME_DATE": "NOV 16, 2018", "MATCHUP": "MEM vs. SAC", "WL": "W", "MIN": 31, "FGM": 11, "FGA": 16, "FG_PCT": 0.688, "FG3M": 1, "FG3A": 1, "FG3_PCT": 1.0, "FTM": 4, "FTA": 6, "FT_PCT": 0.667, "OREB": 2, "DREB": 4, "REB": 6, "AST": 0, "STL": 4, "BLK": 2, "TOV": 1, "PF": 5, "PTS": 27, "PLUS_MINUS": 5, "VIDEO_AVAILABLE": 1}, {"SEASON_ID": "22018", "Player_ID": 1628991, "Game_ID": "0021800207", "GAME_DATE": "NOV 14, 2018", "MATCHUP": "MEM @ MIL", "WL": "W", "MIN": 16, "FGM": 5, "FGA": 8, "FG_PCT": 0.625, "FG3M": 1, "FG3A": 1, "FG3_PCT": 1.0, "FTM": 2, "FTA": 3, "FT_PCT": 0.667, "OREB": 0, "DREB": 2, "REB": 2, "AST": 1, "STL": 2, "BLK": 0, "TOV": 0, "PF": 5, "PTS": 13, "PLUS_MINUS": -1, "VIDEO_AVAILABLE": 1}, {"SEASON_ID": "22018", "Player_ID": 1628991, "Game_ID": "0021800194", "GAME_DATE": "NOV 12, 2018", "MATCHUP": "MEM vs. UTA", "WL": "L", "MIN": 27, "FGM": 4, "FGA": 9, "FG_PCT": 0.444, "FG3M": 0, "FG3A": 1, "FG3_PCT": 0.0, "FTM": 2, "FTA": 2, "FT_PCT": 1.0, "OREB": 5, "DREB": 6, "REB": 11, "AST": 3, "STL": 1, "BLK": 5, "TOV": 4, "PF": 3, "PTS": 10, "PLUS_MINUS": -6, "VIDEO_AVAILABLE": 1}, {"SEASON_ID": "22018", "Player_ID": 1628991, "Game_ID": "0021800179", "GAME_DATE": "NOV 10, 2018", "MATCHUP": "MEM vs. PHI", "WL": "W", "MIN": 31, "FGM": 2, "FGA": 8, "FG_PCT": 0.25, "FG3M": 0, "FG3A": 2, "FG3_PCT": 0.0, "FTM": 3, "FTA": 4, "FT_PCT": 0.75, "OREB": 0, "DREB": 1, "REB": 1, "AST": 1, "STL": 0, "BLK": 1, "TOV": 0, "PF": 2, "PTS": 7, "PLUS_MINUS": 7, "VIDEO_AVAILABLE": 1}, {"SEASON_ID": "22018", "Player_ID": 1628991, "Game_ID": "0021800158", "GAME_DATE": "NOV 07, 2018", "MATCHUP": "MEM vs. DEN", "WL": "W", "MIN": 33, "FGM": 7, "FGA": 15, "FG_PCT": 0.467, "FG3M": 2, "FG3A": 5, "FG3_PCT": 0.4, "FTM": 4, "FTA": 6, "FT_PCT": 0.667, "OREB": 3, "DREB": 4, "REB": 7, "AST": 0, "STL": 3, "BLK": 3, "TOV": 3, "PF": 2, "PTS": 20, "PLUS_MINUS": 0, "VIDEO_AVAILABLE": 1}, {"SEASON_ID": "22018", "Player_ID": 1628991, "Game_ID": "0021800147", "GAME_DATE": "NOV 05, 2018", "MATCHUP": "MEM @ GSW", "WL": "L", "MIN": 32, "FGM": 6, "FGA": 16, "FG_PCT": 0.375, "FG3M": 0, "FG3A": 3, "FG3_PCT": 0.0, "FTM": 3, "FTA": 6, "FT_PCT": 0.5, "OREB": 2, "DREB": 4, "REB": 6, "AST": 2, "STL": 0, "BLK": 5, "TOV": 2, "PF": 3, "PTS": 15, "PLUS_MINUS": -9, "VIDEO_AVAILABLE": 1}, {"SEASON_ID": "22018", "Player_ID": 1628991, "Game_ID": "0021800136", "GAME_DATE": "NOV 04, 2018", "MATCHUP": "MEM @ PHX", "WL": "L", "MIN": 23, "FGM": 1, "FGA": 2, "FG_PCT": 0.5, "FG3M": 0, "FG3A": 1, "FG3_PCT": 0.0, "FTM": 2, "FTA": 2, "FT_PCT": 1.0, "OREB": 2, "DREB": 1, "REB": 3, "AST": 1, "STL": 0, "BLK": 1, "TOV": 0, "PF": 3, "PTS": 4, "PLUS_MINUS": 6, "VIDEO_AVAILABLE": 1}, {"SEASON_ID": "22018", "Player_ID": 1628991, "Game_ID": "0021800122", "GAME_DATE": "NOV 02, 2018", "MATCHUP": "MEM @ UTA", "WL": "W", "MIN": 20, "FGM": 6, "FGA": 9, "FG_PCT": 0.667, "FG3M": 1, "FG3A": 2, "FG3_PCT": 0.5, "FTM": 0, "FTA": 0, "FT_PCT": 0.0, "OREB": 1, "DREB": 0, "REB": 1, "AST": 1, "STL": 1, "BLK": 1, "TOV": 3, "PF": 5, "PTS": 13, "PLUS_MINUS": 2, "VIDEO_AVAILABLE": 1}, {"SEASON_ID": "22018", "Player_ID": 1628991, "Game_ID": "0021800102", "GAME_DATE": "OCT 30, 2018", "MATCHUP": "MEM vs. WAS", "WL": "W", "MIN": 10, "FGM": 2, "FGA": 3, "FG_PCT": 0.667, "FG3M": 0, "FG3A": 0, "FG3_PCT": 0.0, "FTM": 0, "FTA": 0, "FT_PCT": 0.0, "OREB": 0, "DREB": 3, "REB": 3, "AST": 1, "STL": 0, "BLK": 0, "TOV": 2, "PF": 4, "PTS": 4, "PLUS_MINUS": 3, "VIDEO_AVAILABLE": 1}, {"SEASON_ID": "22018", "Player_ID": 1628991, "Game_ID": "0021800080", "GAME_DATE": "OCT 27, 2018", "MATCHUP": "MEM vs. PHX", "WL": "W", "MIN": 15, "FGM": 2, "FGA": 5, "FG_PCT": 0.4, "FG3M": 0, "FG3A": 1, "FG3_PCT": 0.0, "FTM": 2, "FTA": 2, "FT_PCT": 1.0, "OREB": 0, "DREB": 2, "REB": 2, "AST": 1, "STL": 1, "BLK": 1, "TOV": 1, "PF": 5, "PTS": 6, "PLUS_MINUS": -1, "VIDEO_AVAILABLE": 1}, {"SEASON_ID": "22018", "Player_ID": 1628991, "Game_ID": "0021800061", "GAME_DATE": "OCT 24, 2018", "MATCHUP": "MEM @ SAC", "WL": "L", "MIN": 30, "FGM": 6, "FGA": 16, "FG_PCT": 0.375, "FG3M": 0, "FG3A": 3, "FG3_PCT": 0.0, "FTM": 2, "FTA": 2, "FT_PCT": 1.0, "OREB": 4, "DREB": 3, "REB": 7, "AST": 2, "STL": 1, "BLK": 2, "TOV": 2, "PF": 6, "PTS": 14, "PLUS_MINUS": -5, "VIDEO_AVAILABLE": 1}, {"SEASON_ID": "22018", "Player_ID": 1628991, "Game_ID": "0021800045", "GAME_DATE": "OCT 22, 2018", "MATCHUP": "MEM @ UTA", "WL": "W", "MIN": 27, "FGM": 5, "FGA": 12, "FG_PCT": 0.417, "FG3M": 0, "FG3A": 4, "FG3_PCT": 0.0, "FTM": 1, "FTA": 2, "FT_PCT": 0.5, "OREB": 1, "DREB": 6, "REB": 7, "AST": 1, "STL": 1, "BLK": 0, "TOV": 0, "PF": 4, "PTS": 11, "PLUS_MINUS": 2, "VIDEO_AVAILABLE": 1}, {"SEASON_ID": "22018", "Player_ID": 1628991, "Game_ID": "0021800020", "GAME_DATE": "OCT 19, 2018", "MATCHUP": "MEM vs. ATL", "WL": "W", "MIN": 28, "FGM": 8, "FGA": 12, "FG_PCT": 0.667, "FG3M": 2, "FG3A": 4, "FG3_PCT": 0.5, "FTM": 6, "FTA": 9, "FT_PCT": 0.667, "OREB": 1, "DREB": 6, "REB": 7, "AST": 2, "STL": 1, "BLK": 2, "TOV": 2, "PF": 5, "PTS": 24, "PLUS_MINUS": -8, "VIDEO_AVAILABLE": 1}, {"SEASON_ID": "22018", "Player_ID": 1628991, "Game_ID": "0021800005", "GAME_DATE": "OCT 17, 2018", "MATCHUP": "MEM @ IND", "WL": "L", "MIN": 25, "FGM": 2, "FGA": 6, "FG_PCT": 0.333, "FG3M": 0, "FG3A": 1, "FG3_PCT": 0.0, "FTM": 6, "FTA": 6, "FT_PCT": 1.0, "OREB": 2, "DREB": 3, "REB": 5, "AST": 1, "STL": 3, "BLK": 1, "TOV": 0, "PF": 2, "PTS": 10, "PLUS_MINUS": -21, "VIDEO_AVAILABLE": 1}]