{"firstName": "Jaren", "lastName": "Jackson Jr.", "temporaryDisplayName": "Jackson Jr., Jaren", "personId": "1628991", "teamId": "1610612763", "jersey": "13", "isActive": true, "pos": "F-C", "heightFeet": "6", "heightInches": "11", "heightMeters": "2.11", "weightPounds": "242", "weightKilograms": "109.8", "dateOfBirthUTC": "1999-09-15", "teamSitesOnly": {"playerCode": "jaren_jackson_jr", "posFull": "Forward-Center", "displayAffiliation": "Michigan State/USA", "freeAgentCode": ""}, "teams": [{"teamId": "1610612763", "seasonStart": "2018", "seasonEnd": "2019"}], "draft": {"teamId": "1610612763", "pickNum": "4", "roundNum": "1", "seasonYear": "2018"}, "nbaDebutYear": "2018", "yearsPro": "1", "collegeName": "Michigan State", "lastAffiliation": "Michigan State University/USA", "country": "USA"}