{"firstName": "Andre", "lastName": "Roberson", "temporaryDisplayName": "Roberson, Andre", "personId": "203460", "teamId": "1610612760", "jersey": "21", "isActive": true, "pos": "G-F", "heightFeet": "6", "heightInches": "7", "heightMeters": "2.01", "weightPounds": "210", "weightKilograms": "95.3", "dateOfBirthUTC": "1991-12-04", "teamSitesOnly": {"playerCode": "andre_roberson", "posFull": "Guard-Forward", "displayAffiliation": "Colorado/USA", "freeAgentCode": ""}, "teams": [{"teamId": "1610612760", "seasonStart": "2013", "seasonEnd": "2019"}], "draft": {"teamId": "1610612750", "pickNum": "26", "roundNum": "1", "seasonYear": "2013"}, "nbaDebutYear": "2013", "yearsPro": "6", "collegeName": "Colorado", "lastAffiliation": "Colorado/USA", "country": "USA"}