{"firstName": "DaQuan", "lastName": "Jeffries", "temporaryDisplayName": "Jeffries, DaQuan", "personId": "1629610", "teamId": "1610612753", "jersey": "19", "isActive": true, "pos": "F", "heightFeet": "6", "heightInches": "5", "heightMeters": "1.96", "weightPounds": "216", "weightKilograms": "98.0", "dateOfBirthUTC": "1997-08-30", "teamSitesOnly": {"playerCode": "daquan_jeffries", "posFull": "Forward", "displayAffiliation": "Tulsa", "freeAgentCode": ""}, "teams": [{"teamId": "1610612753", "seasonStart": "2019", "seasonEnd": "2019"}], "draft": {"teamId": "", "pickNum": "", "roundNum": "", "seasonYear": ""}, "nbaDebutYear": "", "yearsPro": "0", "collegeName": "Tulsa", "lastAffiliation": "University of Tulsa/USA", "country": "USA"}