{"firstName": "Robert", "lastName": "Williams III", "temporaryDisplayName": "Williams III, Robert", "personId": "1629057", "teamId": "1610612738", "jersey": "44", "isActive": true, "pos": "C-F", "heightFeet": "6", "heightInches": "10", "heightMeters": "2.08", "weightPounds": "240", "weightKilograms": "108.9", "dateOfBirthUTC": "1997-10-17", "teamSitesOnly": {"playerCode": "robert_williams", "posFull": "Center-Forward", "displayAffiliation": "Texas A&M/USA", "freeAgentCode": ""}, "teams": [{"teamId": "1610612738", "seasonStart": "2018", "seasonEnd": "2019"}], "draft": {"teamId": "1610612738", "pickNum": "27", "roundNum": "1", "seasonYear": "2018"}, "nbaDebutYear": "2018", "yearsPro": "1", "collegeName": "Texas A&M", "lastAffiliation": "Texas A&M University/USA", "country": "USA"}