{"firstName": "Steven", "lastName": "Adams", "temporaryDisplayName": "Adams, Steven", "personId": "203500", "teamId": "1610612760", "jersey": "12", "isActive": true, "pos": "C", "heightFeet": "7", "heightInches": "0", "heightMeters": "2.13", "weightPounds": "265", "weightKilograms": "120.2", "dateOfBirthUTC": "1993-07-20", "teamSitesOnly": {"playerCode": "steven_adams", "posFull": "Center", "displayAffiliation": "Pittsburgh/New Zealand", "freeAgentCode": ""}, "teams": [{"teamId": "1610612760", "seasonStart": "2013", "seasonEnd": "2019"}], "draft": {"teamId": "1610612760", "pickNum": "12", "roundNum": "1", "seasonYear": "2013"}, "nbaDebutYear": "2013", "yearsPro": "6", "collegeName": "Pittsburgh", "lastAffiliation": "Pittsburgh/New Zealand", "country": "New Zealand"}