{"firstName": "Terence", "lastName": "Davis", "temporaryDisplayName": "Davis, Terence", "personId": "1629056", "teamId": "1610612761", "jersey": "0", "isActive": true, "pos": "G", "heightFeet": "6", "heightInches": "4", "heightMeters": "1.93", "weightPounds": "205", "weightKilograms": "93.0", "dateOfBirthUTC": "1997-05-16", "teamSitesOnly": {"playerCode": "terence_davis", "posFull": "Guard", "displayAffiliation": "Mississippi", "freeAgentCode": ""}, "teams": [{"teamId": "1610612761", "seasonStart": "2019", "seasonEnd": "2019"}], "draft": {"teamId": "", "pickNum": "", "roundNum": "", "seasonYear": ""}, "nbaDebutYear": "", "yearsPro": "0", "collegeName": "Mississippi", "lastAffiliation": "University of Mississippi/USA", "country": "USA"}