{"firstName": "Karl-Anthony", "lastName": "Towns", "temporaryDisplayName": "Towns, Karl-Anthony", "personId": "1626157", "teamId": "1610612750", "jersey": "32", "isActive": true, "pos": "C", "heightFeet": "7", "heightInches": "0", "heightMeters": "2.13", "weightPounds": "248", "weightKilograms": "112.5", "dateOfBirthUTC": "1995-11-15", "teamSitesOnly": {"playerCode": "karl-anthony_towns", "posFull": "Center", "displayAffiliation": "Kentucky/USA", "freeAgentCode": ""}, "teams": [{"teamId": "1610612750", "seasonStart": "2015", "seasonEnd": "2019"}], "draft": {"teamId": "1610612750", "pickNum": "1", "roundNum": "1", "seasonYear": "2015"}, "nbaDebutYear": "2015", "yearsPro": "4", "collegeName": "Kentucky", "lastAffiliation": "Kentucky/USA", "country": "USA"}