{"firstName": "Shamorie", "lastName": "Ponds", "temporaryDisplayName": "Ponds, Shamorie", "personId": "1629044", "teamId": "1610612745", "jersey": "2", "isActive": true, "pos": "G", "heightFeet": "6", "heightInches": "1", "heightMeters": "1.85", "weightPounds": "180", "weightKilograms": "81.6", "dateOfBirthUTC": "1998-06-29", "teamSitesOnly": {"playerCode": "shamorie_ponds", "posFull": "Guard", "displayAffiliation": "St. John's (N.Y.)/USA", "freeAgentCode": ""}, "teams": [{"teamId": "1610612745", "seasonStart": "2019", "seasonEnd": "2019"}], "draft": {"teamId": "", "pickNum": "", "roundNum": "", "seasonYear": ""}, "nbaDebutYear": "", "yearsPro": "0", "collegeName": "St. John's, N.Y.", "lastAffiliation": "St. John's University/USA", "country": "USA"}