[{"SEASON_ID": "22018", "Player_ID": 1628980, "Game_ID": "0021801225", "GAME_DATE": "APR 10, 2019", "MATCHUP": "GSW @ MEM", "WL": "L", "MIN": 25, "FGM": 3, "FGA": 7, "FG_PCT": 0.429, "FG3M": 2, "FG3A": 3, "FG3_PCT": 0.667, "FTM": 0, "FTA": 0, "FT_PCT": 0.0, "OREB": 1, "DREB": 2, "REB": 3, "AST": 4, "STL": 0, "BLK": 0, "TOV": 1, "PF": 2, "PTS": 8, "PLUS_MINUS": 5, "VIDEO_AVAILABLE": 1}, {"SEASON_ID": "22018", "Player_ID": 1628980, "Game_ID": "0021801215", "GAME_DATE": "APR 09, 2019", "MATCHUP": "GSW @ NOP", "WL": "W", "MIN": 37, "FGM": 5, "FGA": 10, "FG_PCT": 0.5, "FG3M": 1, "FG3A": 4, "FG3_PCT": 0.25, "FTM": 0, "FTA": 0, "FT_PCT": 0.0, "OREB": 1, "DREB": 4, "REB": 5, "AST": 2, "STL": 3, "BLK": 2, "TOV": 3, "PF": 3, "PTS": 11, "PLUS_MINUS": 4, "VIDEO_AVAILABLE": 1}, {"SEASON_ID": "22018", "Player_ID": 1628980, "Game_ID": "0021801179", "GAME_DATE": "APR 04, 2019", "MATCHUP": "GSW @ LAL", "WL": "W", "MIN": 8, "FGM": 0, "FGA": 3, "FG_PCT": 0.0, "FG3M": 0, "FG3A": 0, "FG3_PCT": 0.0, "FTM": 0, "FTA": 0, "FT_PCT": 0.0, "OREB": 0, "DREB": 1, "REB": 1, "AST": 1, "STL": 1, "BLK": 0, "TOV": 0, "PF": 2, "PTS": 0, "PLUS_MINUS": -8, "VIDEO_AVAILABLE": 1}, {"SEASON_ID": "22018", "Player_ID": 1628980, "Game_ID": "0021801092", "GAME_DATE": "MAR 23, 2019", "MATCHUP": "GSW vs. DAL", "WL": "L", "MIN": 14, "FGM": 0, "FGA": 3, "FG_PCT": 0.0, "FG3M": 0, "FG3A": 2, "FG3_PCT": 0.0, "FTM": 0, "FTA": 0, "FT_PCT": 0.0, "OREB": 1, "DREB": 3, "REB": 4, "AST": 1, "STL": 0, "BLK": 0, "TOV": 0, "PF": 4, "PTS": 0, "PLUS_MINUS": 2, "VIDEO_AVAILABLE": 1}, {"SEASON_ID": "22018", "Player_ID": 1628980, "Game_ID": "0021801062", "GAME_DATE": "MAR 19, 2019", "MATCHUP": "GSW @ MIN", "WL": "W", "MIN": 1, "FGM": 0, "FGA": 1, "FG_PCT": 0.0, "FG3M": 0, "FG3A": 0, "FG3_PCT": 0.0, "FTM": 0, "FTA": 0, "FT_PCT": 0.0, "OREB": 0, "DREB": 0, "REB": 0, "AST": 0, "STL": 0, "BLK": 0, "TOV": 0, "PF": 1, "PTS": 0, "PLUS_MINUS": -2, "VIDEO_AVAILABLE": 1}, {"SEASON_ID": "22018", "Player_ID": 1628980, "Game_ID": "0021801038", "GAME_DATE": "MAR 16, 2019", "MATCHUP": "GSW @ OKC", "WL": "W", "MIN": 2, "FGM": 1, "FGA": 1, "FG_PCT": 1.0, "FG3M": 0, "FG3A": 0, "FG3_PCT": 0.0, "FTM": 0, "FTA": 0, "FT_PCT": 0.0, "OREB": 0, "DREB": 0, "REB": 0, "AST": 0, "STL": 0, "BLK": 0, "TOV": 0, "PF": 1, "PTS": 2, "PLUS_MINUS": 4, "VIDEO_AVAILABLE": 1}, {"SEASON_ID": "22018", "Player_ID": 1628980, "Game_ID": "0021800964", "GAME_DATE": "MAR 05, 2019", "MATCHUP": "GSW vs. BOS", "WL": "L", "MIN": 17, "FGM": 3, "FGA": 3, "FG_PCT": 1.0, "FG3M": 0, "FG3A": 0, "FG3_PCT": 0.0, "FTM": 0, "FTA": 0, "FT_PCT": 0.0, "OREB": 2, "DREB": 1, "REB": 3, "AST": 2, "STL": 0, "BLK": 0, "TOV": 1, "PF": 2, "PTS": 6, "PLUS_MINUS": -13, "VIDEO_AVAILABLE": 1}, {"SEASON_ID": "22018", "Player_ID": 1628980, "Game_ID": "0021800663", "GAME_DATE": "JAN 16, 2019", "MATCHUP": "GSW vs. NOP", "WL": "W", "MIN": 0, "FGM": 0, "FGA": 0, "FG_PCT": 0.0, "FG3M": 0, "FG3A": 0, "FG3_PCT": 0.0, "FTM": 0, "FTA": 0, "FT_PCT": 0.0, "OREB": 0, "DREB": 0, "REB": 0, "AST": 0, "STL": 0, "BLK": 0, "TOV": 0, "PF": 0, "PTS": 0, "PLUS_MINUS": 3, "VIDEO_AVAILABLE": 1}, {"SEASON_ID": "22018", "Player_ID": 1628980, "Game_ID": "0021800655", "GAME_DATE": "JAN 15, 2019", "MATCHUP": "GSW @ DEN", "WL": "W", "MIN": 7, "FGM": 0, "FGA": 2, "FG_PCT": 0.0, "FG3M": 0, "FG3A": 0, "FG3_PCT": 0.0, "FTM": 0, "FTA": 0, "FT_PCT": 0.0, "OREB": 0, "DREB": 1, "REB": 1, "AST": 2, "STL": 0, "BLK": 0, "TOV": 1, "PF": 0, "PTS": 0, "PLUS_MINUS": -1, "VIDEO_AVAILABLE": 1}, {"SEASON_ID": "22018", "Player_ID": 1628980, "Game_ID": "0021800605", "GAME_DATE": "JAN 08, 2019", "MATCHUP": "GSW vs. NYK", "WL": "W", "MIN": 6, "FGM": 1, "FGA": 1, "FG_PCT": 1.0, "FG3M": 0, "FG3A": 0, "FG3_PCT": 0.0, "FTM": 0, "FTA": 0, "FT_PCT": 0.0, "OREB": 0, "DREB": 1, "REB": 1, "AST": 0, "STL": 0, "BLK": 0, "TOV": 1, "PF": 1, "PTS": 2, "PLUS_MINUS": -1, "VIDEO_AVAILABLE": 1}, {"SEASON_ID": "22018", "Player_ID": 1628980, "Game_ID": "0021800534", "GAME_DATE": "DEC 29, 2018", "MATCHUP": "GSW @ POR", "WL": "W", "MIN": 1, "FGM": 1, "FGA": 2, "FG_PCT": 0.5, "FG3M": 0, "FG3A": 1, "FG3_PCT": 0.0, "FTM": 0, "FTA": 0, "FT_PCT": 0.0, "OREB": 0, "DREB": 0, "REB": 0, "AST": 0, "STL": 0, "BLK": 0, "TOV": 0, "PF": 1, "PTS": 2, "PLUS_MINUS": -3, "VIDEO_AVAILABLE": 1}, {"SEASON_ID": "22018", "Player_ID": 1628980, "Game_ID": "0021800449", "GAME_DATE": "DEC 17, 2018", "MATCHUP": "GSW vs. MEM", "WL": "W", "MIN": 3, "FGM": 0, "FGA": 2, "FG_PCT": 0.0, "FG3M": 0, "FG3A": 1, "FG3_PCT": 0.0, "FTM": 0, "FTA": 0, "FT_PCT": 0.0, "OREB": 0, "DREB": 0, "REB": 0, "AST": 0, "STL": 0, "BLK": 0, "TOV": 0, "PF": 0, "PTS": 0, "PLUS_MINUS": -3, "VIDEO_AVAILABLE": 1}, {"SEASON_ID": "22018", "Player_ID": 1628980, "Game_ID": "0021800415", "GAME_DATE": "DEC 12, 2018", "MATCHUP": "GSW vs. TOR", "WL": "L", "MIN": 5, "FGM": 1, "FGA": 2, "FG_PCT": 0.5, "FG3M": 0, "FG3A": 0, "FG3_PCT": 0.0, "FTM": 0, "FTA": 1, "FT_PCT": 0.0, "OREB": 0, "DREB": 0, "REB": 0, "AST": 1, "STL": 0, "BLK": 0, "TOV": 0, "PF": 1, "PTS": 2, "PLUS_MINUS": 3, "VIDEO_AVAILABLE": 1}, {"SEASON_ID": "22018", "Player_ID": 1628980, "Game_ID": "0021800355", "GAME_DATE": "DEC 05, 2018", "MATCHUP": "GSW @ CLE", "WL": "W", "MIN": 3, "FGM": 0, "FGA": 1, "FG_PCT": 0.0, "FG3M": 0, "FG3A": 0, "FG3_PCT": 0.0, "FTM": 0, "FTA": 0, "FT_PCT": 0.0, "OREB": 0, "DREB": 0, "REB": 0, "AST": 0, "STL": 0, "BLK": 0, "TOV": 0, "PF": 0, "PTS": 0, "PLUS_MINUS": 0, "VIDEO_AVAILABLE": 1}, {"SEASON_ID": "22018", "Player_ID": 1628980, "Game_ID": "0021800344", "GAME_DATE": "DEC 03, 2018", "MATCHUP": "GSW @ ATL", "WL": "W", "MIN": 4, "FGM": 0, "FGA": 0, "FG_PCT": 0.0, "FG3M": 0, "FG3A": 0, "FG3_PCT": 0.0, "FTM": 0, "FTA": 0, "FT_PCT": 0.0, "OREB": 0, "DREB": 0, "REB": 0, "AST": 0, "STL": 0, "BLK": 0, "TOV": 1, "PF": 2, "PTS": 0, "PLUS_MINUS": -7, "VIDEO_AVAILABLE": 1}, {"SEASON_ID": "22018", "Player_ID": 1628980, "Game_ID": "0021800331", "GAME_DATE": "DEC 01, 2018", "MATCHUP": "GSW @ DET", "WL": "L", "MIN": 1, "FGM": 0, "FGA": 0, "FG_PCT": 0.0, "FG3M": 0, "FG3A": 0, "FG3_PCT": 0.0, "FTM": 0, "FTA": 0, "FT_PCT": 0.0, "OREB": 0, "DREB": 0, "REB": 0, "AST": 1, "STL": 0, "BLK": 0, "TOV": 0, "PF": 0, "PTS": 0, "PLUS_MINUS": 0, "VIDEO_AVAILABLE": 1}, {"SEASON_ID": "22018", "Player_ID": 1628980, "Game_ID": "0021800316", "GAME_DATE": "NOV 29, 2018", "MATCHUP": "GSW @ TOR", "WL": "L", "MIN": 0, "FGM": 0, "FGA": 0, "FG_PCT": 0.0, "FG3M": 0, "FG3A": 0, "FG3_PCT": 0.0, "FTM": 0, "FTA": 0, "FT_PCT": 0.0, "OREB": 0, "DREB": 0, "REB": 0, "AST": 0, "STL": 0, "BLK": 0, "TOV": 0, "PF": 0, "PTS": 0, "PLUS_MINUS": 0, "VIDEO_AVAILABLE": 1}, {"SEASON_ID": "22018", "Player_ID": 1628980, "Game_ID": "0021800285", "GAME_DATE": "NOV 24, 2018", "MATCHUP": "GSW vs. SAC", "WL": "W", "MIN": 1, "FGM": 0, "FGA": 0, "FG_PCT": 0.0, "FG3M": 0, "FG3A": 0, "FG3_PCT": 0.0, "FTM": 0, "FTA": 0, "FT_PCT": 0.0, "OREB": 0, "DREB": 0, "REB": 0, "AST": 0, "STL": 0, "BLK": 0, "TOV": 0, "PF": 0, "PTS": 0, "PLUS_MINUS": -3, "VIDEO_AVAILABLE": 1}, {"SEASON_ID": "22018", "Player_ID": 1628980, "Game_ID": "0021800277", "GAME_DATE": "NOV 23, 2018", "MATCHUP": "GSW vs. POR", "WL": "W", "MIN": 3, "FGM": 0, "FGA": 0, "FG_PCT": 0.0, "FG3M": 0, "FG3A": 0, "FG3_PCT": 0.0, "FTM": 0, "FTA": 0, "FT_PCT": 0.0, "OREB": 0, "DREB": 0, "REB": 0, "AST": 0, "STL": 0, "BLK": 0, "TOV": 0, "PF": 0, "PTS": 0, "PLUS_MINUS": 5, "VIDEO_AVAILABLE": 1}, {"SEASON_ID": "22018", "Player_ID": 1628980, "Game_ID": "0021800264", "GAME_DATE": "NOV 21, 2018", "MATCHUP": "GSW vs. OKC", "WL": "L", "MIN": 4, "FGM": 0, "FGA": 0, "FG_PCT": 0.0, "FG3M": 0, "FG3A": 0, "FG3_PCT": 0.0, "FTM": 0, "FTA": 0, "FT_PCT": 0.0, "OREB": 0, "DREB": 0, "REB": 0, "AST": 0, "STL": 0, "BLK": 1, "TOV": 0, "PF": 0, "PTS": 0, "PLUS_MINUS": -8, "VIDEO_AVAILABLE": 1}, {"SEASON_ID": "22018", "Player_ID": 1628980, "Game_ID": "0021800238", "GAME_DATE": "NOV 18, 2018", "MATCHUP": "GSW @ SAS", "WL": "L", "MIN": 0, "FGM": 0, "FGA": 1, "FG_PCT": 0.0, "FG3M": 0, "FG3A": 1, "FG3_PCT": 0.0, "FTM": 0, "FTA": 0, "FT_PCT": 0.0, "OREB": 0, "DREB": 0, "REB": 0, "AST": 0, "STL": 0, "BLK": 0, "TOV": 0, "PF": 0, "PTS": 0, "PLUS_MINUS": 0, "VIDEO_AVAILABLE": 1}, {"SEASON_ID": "22018", "Player_ID": 1628980, "Game_ID": "0021800213", "GAME_DATE": "NOV 15, 2018", "MATCHUP": "GSW @ HOU", "WL": "L", "MIN": 11, "FGM": 1, "FGA": 3, "FG_PCT": 0.333, "FG3M": 1, "FG3A": 2, "FG3_PCT": 0.5, "FTM": 0, "FTA": 0, "FT_PCT": 0.0, "OREB": 0, "DREB": 3, "REB": 3, "AST": 1, "STL": 0, "BLK": 0, "TOV": 1, "PF": 3, "PTS": 3, "PLUS_MINUS": 0, "VIDEO_AVAILABLE": 1}, {"SEASON_ID": "22018", "Player_ID": 1628980, "Game_ID": "0021800182", "GAME_DATE": "NOV 10, 2018", "MATCHUP": "GSW vs. BKN", "WL": "W", "MIN": 4, "FGM": 0, "FGA": 2, "FG_PCT": 0.0, "FG3M": 0, "FG3A": 0, "FG3_PCT": 0.0, "FTM": 0, "FTA": 0, "FT_PCT": 0.0, "OREB": 0, "DREB": 0, "REB": 0, "AST": 1, "STL": 0, "BLK": 0, "TOV": 1, "PF": 0, "PTS": 0, "PLUS_MINUS": -5, "VIDEO_AVAILABLE": 1}, {"SEASON_ID": "22018", "Player_ID": 1628980, "Game_ID": "0021800147", "GAME_DATE": "NOV 05, 2018", "MATCHUP": "GSW vs. MEM", "WL": "W", "MIN": 6, "FGM": 0, "FGA": 2, "FG_PCT": 0.0, "FG3M": 0, "FG3A": 1, "FG3_PCT": 0.0, "FTM": 0, "FTA": 0, "FT_PCT": 0.0, "OREB": 0, "DREB": 1, "REB": 1, "AST": 0, "STL": 0, "BLK": 0, "TOV": 0, "PF": 1, "PTS": 0, "PLUS_MINUS": -2, "VIDEO_AVAILABLE": 1}, {"SEASON_ID": "22018", "Player_ID": 1628980, "Game_ID": "0021800108", "GAME_DATE": "OCT 31, 2018", "MATCHUP": "GSW vs. NOP", "WL": "W", "MIN": 1, "FGM": 0, "FGA": 0, "FG_PCT": 0.0, "FG3M": 0, "FG3A": 0, "FG3_PCT": 0.0, "FTM": 0, "FTA": 0, "FT_PCT": 0.0, "OREB": 0, "DREB": 0, "REB": 0, "AST": 0, "STL": 1, "BLK": 0, "TOV": 0, "PF": 0, "PTS": 0, "PLUS_MINUS": 2, "VIDEO_AVAILABLE": 1}, {"SEASON_ID": "22018", "Player_ID": 1628980, "Game_ID": "0021800091", "GAME_DATE": "OCT 29, 2018", "MATCHUP": "GSW @ CHI", "WL": "W", "MIN": 16, "FGM": 0, "FGA": 4, "FG_PCT": 0.0, "FG3M": 0, "FG3A": 0, "FG3_PCT": 0.0, "FTM": 0, "FTA": 0, "FT_PCT": 0.0, "OREB": 1, "DREB": 0, "REB": 1, "AST": 2, "STL": 0, "BLK": 0, "TOV": 1, "PF": 2, "PTS": 0, "PLUS_MINUS": -16, "VIDEO_AVAILABLE": 1}, {"SEASON_ID": "22018", "Player_ID": 1628980, "Game_ID": "0021800083", "GAME_DATE": "OCT 28, 2018", "MATCHUP": "GSW @ BKN", "WL": "W", "MIN": 6, "FGM": 0, "FGA": 0, "FG_PCT": 0.0, "FG3M": 0, "FG3A": 0, "FG3_PCT": 0.0, "FTM": 0, "FTA": 0, "FT_PCT": 0.0, "OREB": 0, "DREB": 0, "REB": 0, "AST": 0, "STL": 0, "BLK": 0, "TOV": 0, "PF": 1, "PTS": 0, "PLUS_MINUS": 5, "VIDEO_AVAILABLE": 1}, {"SEASON_ID": "22018", "Player_ID": 1628980, "Game_ID": "0021800068", "GAME_DATE": "OCT 26, 2018", "MATCHUP": "GSW @ NYK", "WL": "W", "MIN": 2, "FGM": 0, "FGA": 0, "FG_PCT": 0.0, "FG3M": 0, "FG3A": 0, "FG3_PCT": 0.0, "FTM": 0, "FTA": 0, "FT_PCT": 0.0, "OREB": 0, "DREB": 0, "REB": 0, "AST": 2, "STL": 0, "BLK": 0, "TOV": 0, "PF": 0, "PTS": 0, "PLUS_MINUS": 7, "VIDEO_AVAILABLE": 1}, {"SEASON_ID": "22018", "Player_ID": 1628980, "Game_ID": "0021800062", "GAME_DATE": "OCT 24, 2018", "MATCHUP": "GSW vs. WAS", "WL": "W", "MIN": 4, "FGM": 1, "FGA": 1, "FG_PCT": 1.0, "FG3M": 0, "FG3A": 0, "FG3_PCT": 0.0, "FTM": 0, "FTA": 0, "FT_PCT": 0.0, "OREB": 0, "DREB": 1, "REB": 1, "AST": 2, "STL": 0, "BLK": 0, "TOV": 0, "PF": 1, "PTS": 2, "PLUS_MINUS": 4, "VIDEO_AVAILABLE": 1}, {"SEASON_ID": "22018", "Player_ID": 1628980, "Game_ID": "0021800047", "GAME_DATE": "OCT 22, 2018", "MATCHUP": "GSW vs. PHX", "WL": "W", "MIN": 8, "FGM": 1, "FGA": 2, "FG_PCT": 0.5, "FG3M": 0, "FG3A": 0, "FG3_PCT": 0.0, "FTM": 0, "FTA": 0, "FT_PCT": 0.0, "OREB": 0, "DREB": 1, "REB": 1, "AST": 1, "STL": 0, "BLK": 0, "TOV": 0, "PF": 0, "PTS": 2, "PLUS_MINUS": -7, "VIDEO_AVAILABLE": 1}]