{"firstName": "Jacob", "lastName": "Evans", "temporaryDisplayName": "Evans, Jacob", "personId": "1628980", "teamId": "1610612744", "jersey": "10", "isActive": true, "pos": "G", "heightFeet": "6", "heightInches": "6", "heightMeters": "1.98", "weightPounds": "210", "weightKilograms": "95.3", "dateOfBirthUTC": "1997-06-18", "teamSitesOnly": {"playerCode": "jacob_evans", "posFull": "Guard", "displayAffiliation": "Cincinnati/USA", "freeAgentCode": ""}, "teams": [{"teamId": "1610612744", "seasonStart": "2018", "seasonEnd": "2019"}], "draft": {"teamId": "1610612744", "pickNum": "28", "roundNum": "1", "seasonYear": "2018"}, "nbaDebutYear": "2018", "yearsPro": "1", "collegeName": "Cincinnati", "lastAffiliation": "University of Cincinnati/USA", "country": "USA"}