{"firstName": "Furkan", "lastName": "Korkmaz", "temporaryDisplayName": "Korkmaz, Furkan", "personId": "1627788", "teamId": "1610612755", "jersey": "30", "isActive": true, "pos": "G-F", "heightFeet": "6", "heightInches": "7", "heightMeters": "2.01", "weightPounds": "190", "weightKilograms": "86.2", "dateOfBirthUTC": "1997-07-24", "teamSitesOnly": {"playerCode": "furkan_korkmaz", "posFull": "Guard-Forward", "displayAffiliation": "Turkey", "freeAgentCode": ""}, "teams": [{"teamId": "1610612755", "seasonStart": "2017", "seasonEnd": "2019"}], "draft": {"teamId": "1610612755", "pickNum": "26", "roundNum": "1", "seasonYear": "2016"}, "nbaDebutYear": "2017", "yearsPro": "2", "collegeName": " ", "lastAffiliation": "Turkey/Turkey", "country": "Turkey"}