{"firstName": "Davis", "lastName": "Bertans", "temporaryDisplayName": "Bertans, Davis", "personId": "202722", "teamId": "1610612764", "jersey": "42", "isActive": true, "pos": "F", "heightFeet": "6", "heightInches": "10", "heightMeters": "2.08", "weightPounds": "225", "weightKilograms": "102.1", "dateOfBirthUTC": "1992-11-12", "teamSitesOnly": {"playerCode": "davis_bertans", "posFull": "Forward", "displayAffiliation": "Laboral Kutxa (Spain)/Latvia", "freeAgentCode": ""}, "teams": [{"teamId": "1610612759", "seasonStart": "2016", "seasonEnd": "2018"}, {"teamId": "1610612764", "seasonStart": "2019", "seasonEnd": "2019"}], "draft": {"teamId": "1610612754", "pickNum": "42", "roundNum": "2", "seasonYear": "2011"}, "nbaDebutYear": "2016", "yearsPro": "3", "collegeName": " ", "lastAffiliation": " Latvia/Latvia", "country": "Latvia"}