{"firstName": "Mathias", "lastName": "Lessort", "temporaryDisplayName": "Lessort, Mathias", "personId": "1628406", "teamId": "1610612746", "jersey": "", "isActive": true, "pos": "F", "heightFeet": "6", "heightInches": "9", "heightMeters": "2.06", "weightPounds": "235", "weightKilograms": "106.6", "dateOfBirthUTC": "1995-09-29", "teamSitesOnly": {"playerCode": "mathias_lessort", "posFull": "Forward", "displayAffiliation": "Martinique", "freeAgentCode": ""}, "teams": [{"teamId": "1610612746", "seasonStart": "2019", "seasonEnd": "2019"}], "draft": {"teamId": "1610612755", "pickNum": "50", "roundNum": "2", "seasonYear": "2017"}, "nbaDebutYear": "", "yearsPro": "0", "collegeName": " ", "lastAffiliation": "France/France", "country": "France"}