{"firstName": "Alen", "lastName": "Smailagic", "temporaryDisplayName": "Smailagic, Alen", "personId": "1629346", "teamId": "1610612744", "jersey": "6", "isActive": true, "pos": "F", "heightFeet": "6", "heightInches": "10", "heightMeters": "2.08", "weightPounds": "215", "weightKilograms": "97.5", "dateOfBirthUTC": "2000-08-18", "teamSitesOnly": {"playerCode": "alen_smailagic", "posFull": "Forward", "displayAffiliation": "", "freeAgentCode": ""}, "teams": [{"teamId": "1610612744", "seasonStart": "2019", "seasonEnd": "2019"}], "draft": {"teamId": "1610612740", "pickNum": "39", "roundNum": "2", "seasonYear": "2019"}, "nbaDebutYear": "", "yearsPro": "0", "collegeName": " ", "lastAffiliation": " Serbia/Serbia", "country": "Serbia"}