{"firstName": "Ryan", "lastName": "Arcidiacono", "temporaryDisplayName": "Arcidiacono, Ryan", "personId": "1627853", "teamId": "1610612741", "jersey": "51", "isActive": true, "pos": "G", "heightFeet": "6", "heightInches": "3", "heightMeters": "1.9", "weightPounds": "208", "weightKilograms": "94.3", "dateOfBirthUTC": "1994-03-26", "teamSitesOnly": {"playerCode": "ryan_arcidiacono", "posFull": "Guard", "displayAffiliation": "Villanova/USA", "freeAgentCode": ""}, "teams": [{"teamId": "1610612741", "seasonStart": "2017", "seasonEnd": "2019"}], "draft": {"teamId": "", "pickNum": "", "roundNum": "", "seasonYear": ""}, "nbaDebutYear": "2017", "yearsPro": "2", "collegeName": "Villanova", "lastAffiliation": "Villanova/USA", "country": "USA"}