{"firstName": "Khyri", "lastName": "Thomas", "temporaryDisplayName": "Thomas, Khyri", "personId": "1629017", "teamId": "1610612765", "jersey": "13", "isActive": true, "pos": "G", "heightFeet": "6", "heightInches": "3", "heightMeters": "1.9", "weightPounds": "210", "weightKilograms": "95.3", "dateOfBirthUTC": "1996-05-08", "teamSitesOnly": {"playerCode": "khyri_thomas", "posFull": "Guard", "displayAffiliation": "Creighton/USA", "freeAgentCode": ""}, "teams": [{"teamId": "1610612765", "seasonStart": "2018", "seasonEnd": "2019"}], "draft": {"teamId": "1610612755", "pickNum": "38", "roundNum": "2", "seasonYear": "2018"}, "nbaDebutYear": "2018", "yearsPro": "1", "collegeName": "Creighton", "lastAffiliation": "Creighton University/USA", "country": "USA"}