[{"SEASON_ID": "22018", "Player_ID": 203915, "Game_ID": "0021801221", "GAME_DATE": "APR 10, 2019", "MATCHUP": "BKN vs. MIA", "WL": "W", "MIN": 25, "FGM": 3, "FGA": 8, "FG_PCT": 0.375, "FG3M": 2, "FG3A": 7, "FG3_PCT": 0.286, "FTM": 0, "FTA": 0, "FT_PCT": 0.0, "OREB": 0, "DREB": 0, "REB": 0, "AST": 5, "STL": 0, "BLK": 0, "TOV": 2, "PF": 2, "PTS": 8, "PLUS_MINUS": -10, "VIDEO_AVAILABLE": 1}, {"SEASON_ID": "22018", "Player_ID": 203915, "Game_ID": "0021801199", "GAME_DATE": "APR 07, 2019", "MATCHUP": "BKN @ IND", "WL": "W", "MIN": 26, "FGM": 3, "FGA": 8, "FG_PCT": 0.375, "FG3M": 1, "FG3A": 6, "FG3_PCT": 0.167, "FTM": 5, "FTA": 5, "FT_PCT": 1.0, "OREB": 0, "DREB": 2, "REB": 2, "AST": 6, "STL": 0, "BLK": 0, "TOV": 3, "PF": 4, "PTS": 12, "PLUS_MINUS": 13, "VIDEO_AVAILABLE": 1}, {"SEASON_ID": "22018", "Player_ID": 203915, "Game_ID": "0021801193", "GAME_DATE": "APR 06, 2019", "MATCHUP": "BKN @ MIL", "WL": "W", "MIN": 29, "FGM": 3, "FGA": 7, "FG_PCT": 0.429, "FG3M": 1, "FG3A": 4, "FG3_PCT": 0.25, "FTM": 3, "FTA": 3, "FT_PCT": 1.0, "OREB": 1, "DREB": 2, "REB": 3, "AST": 1, "STL": 1, "BLK": 0, "TOV": 1, "PF": 2, "PTS": 10, "PLUS_MINUS": -5, "VIDEO_AVAILABLE": 1}, {"SEASON_ID": "22018", "Player_ID": 203915, "Game_ID": "0021801169", "GAME_DATE": "APR 03, 2019", "MATCHUP": "BKN vs. TOR", "WL": "L", "MIN": 32, "FGM": 6, "FGA": 16, "FG_PCT": 0.375, "FG3M": 0, "FG3A": 6, "FG3_PCT": 0.0, "FTM": 2, "FTA": 2, "FT_PCT": 1.0, "OREB": 1, "DREB": 3, "REB": 4, "AST": 5, "STL": 0, "BLK": 0, "TOV": 1, "PF": 2, "PTS": 14, "PLUS_MINUS": -4, "VIDEO_AVAILABLE": 1}, {"SEASON_ID": "22018", "Player_ID": 203915, "Game_ID": "0021801154", "GAME_DATE": "APR 01, 2019", "MATCHUP": "BKN vs. MIL", "WL": "L", "MIN": 19, "FGM": 3, "FGA": 8, "FG_PCT": 0.375, "FG3M": 0, "FG3A": 3, "FG3_PCT": 0.0, "FTM": 6, "FTA": 6, "FT_PCT": 1.0, "OREB": 1, "DREB": 0, "REB": 1, "AST": 1, "STL": 1, "BLK": 0, "TOV": 3, "PF": 4, "PTS": 12, "PLUS_MINUS": -22, "VIDEO_AVAILABLE": 1}, {"SEASON_ID": "22018", "Player_ID": 203915, "Game_ID": "0021801137", "GAME_DATE": "MAR 30, 2019", "MATCHUP": "BKN vs. BOS", "WL": "W", "MIN": 24, "FGM": 3, "FGA": 12, "FG_PCT": 0.25, "FG3M": 0, "FG3A": 6, "FG3_PCT": 0.0, "FTM": 2, "FTA": 2, "FT_PCT": 1.0, "OREB": 0, "DREB": 3, "REB": 3, "AST": 4, "STL": 0, "BLK": 0, "TOV": 3, "PF": 1, "PTS": 8, "PLUS_MINUS": 8, "VIDEO_AVAILABLE": 1}, {"SEASON_ID": "22018", "Player_ID": 203915, "Game_ID": "0021801123", "GAME_DATE": "MAR 28, 2019", "MATCHUP": "BKN @ PHI", "WL": "L", "MIN": 26, "FGM": 4, "FGA": 9, "FG_PCT": 0.444, "FG3M": 1, "FG3A": 5, "FG3_PCT": 0.2, "FTM": 4, "FTA": 4, "FT_PCT": 1.0, "OREB": 0, "DREB": 2, "REB": 2, "AST": 4, "STL": 1, "BLK": 0, "TOV": 2, "PF": 5, "PTS": 13, "PLUS_MINUS": -5, "VIDEO_AVAILABLE": 1}, {"SEASON_ID": "22018", "Player_ID": 203915, "Game_ID": "0021801106", "GAME_DATE": "MAR 25, 2019", "MATCHUP": "BKN @ POR", "WL": "L", "MIN": 41, "FGM": 6, "FGA": 15, "FG_PCT": 0.4, "FG3M": 3, "FG3A": 7, "FG3_PCT": 0.429, "FTM": 7, "FTA": 7, "FT_PCT": 1.0, "OREB": 0, "DREB": 2, "REB": 2, "AST": 2, "STL": 0, "BLK": 0, "TOV": 1, "PF": 6, "PTS": 22, "PLUS_MINUS": -10, "VIDEO_AVAILABLE": 1}, {"SEASON_ID": "22018", "Player_ID": 203915, "Game_ID": "0021801086", "GAME_DATE": "MAR 22, 2019", "MATCHUP": "BKN @ LAL", "WL": "W", "MIN": 32, "FGM": 4, "FGA": 14, "FG_PCT": 0.286, "FG3M": 2, "FG3A": 7, "FG3_PCT": 0.286, "FTM": 9, "FTA": 12, "FT_PCT": 0.75, "OREB": 0, "DREB": 3, "REB": 3, "AST": 0, "STL": 2, "BLK": 1, "TOV": 1, "PF": 2, "PTS": 19, "PLUS_MINUS": -3, "VIDEO_AVAILABLE": 1}, {"SEASON_ID": "22018", "Player_ID": 203915, "Game_ID": "0021801063", "GAME_DATE": "MAR 19, 2019", "MATCHUP": "BKN @ SAC", "WL": "W", "MIN": 24, "FGM": 3, "FGA": 7, "FG_PCT": 0.429, "FG3M": 1, "FG3A": 4, "FG3_PCT": 0.25, "FTM": 3, "FTA": 3, "FT_PCT": 1.0, "OREB": 0, "DREB": 0, "REB": 0, "AST": 3, "STL": 1, "BLK": 0, "TOV": 3, "PF": 0, "PTS": 10, "PLUS_MINUS": -9, "VIDEO_AVAILABLE": 1}, {"SEASON_ID": "22018", "Player_ID": 203915, "Game_ID": "0021801049", "GAME_DATE": "MAR 17, 2019", "MATCHUP": "BKN @ LAC", "WL": "L", "MIN": 33, "FGM": 2, "FGA": 16, "FG_PCT": 0.125, "FG3M": 1, "FG3A": 7, "FG3_PCT": 0.143, "FTM": 8, "FTA": 12, "FT_PCT": 0.667, "OREB": 1, "DREB": 3, "REB": 4, "AST": 3, "STL": 0, "BLK": 1, "TOV": 1, "PF": 1, "PTS": 13, "PLUS_MINUS": -14, "VIDEO_AVAILABLE": 1}, {"SEASON_ID": "22018", "Player_ID": 203915, "Game_ID": "0021801041", "GAME_DATE": "MAR 16, 2019", "MATCHUP": "BKN @ UTA", "WL": "L", "MIN": 24, "FGM": 7, "FGA": 16, "FG_PCT": 0.438, "FG3M": 3, "FG3A": 6, "FG3_PCT": 0.5, "FTM": 5, "FTA": 5, "FT_PCT": 1.0, "OREB": 0, "DREB": 1, "REB": 1, "AST": 2, "STL": 1, "BLK": 0, "TOV": 2, "PF": 2, "PTS": 22, "PLUS_MINUS": -11, "VIDEO_AVAILABLE": 1}, {"SEASON_ID": "22018", "Player_ID": 203915, "Game_ID": "0021801017", "GAME_DATE": "MAR 13, 2019", "MATCHUP": "BKN @ OKC", "WL": "L", "MIN": 27, "FGM": 8, "FGA": 17, "FG_PCT": 0.471, "FG3M": 2, "FG3A": 6, "FG3_PCT": 0.333, "FTM": 7, "FTA": 10, "FT_PCT": 0.7, "OREB": 0, "DREB": 5, "REB": 5, "AST": 2, "STL": 0, "BLK": 1, "TOV": 3, "PF": 1, "PTS": 25, "PLUS_MINUS": -16, "VIDEO_AVAILABLE": 1}, {"SEASON_ID": "22018", "Player_ID": 203915, "Game_ID": "0021801003", "GAME_DATE": "MAR 11, 2019", "MATCHUP": "BKN vs. DET", "WL": "W", "MIN": 25, "FGM": 5, "FGA": 11, "FG_PCT": 0.455, "FG3M": 2, "FG3A": 7, "FG3_PCT": 0.286, "FTM": 7, "FTA": 7, "FT_PCT": 1.0, "OREB": 0, "DREB": 2, "REB": 2, "AST": 2, "STL": 0, "BLK": 0, "TOV": 3, "PF": 2, "PTS": 19, "PLUS_MINUS": 21, "VIDEO_AVAILABLE": 1}, {"SEASON_ID": "22018", "Player_ID": 203915, "Game_ID": "0021800987", "GAME_DATE": "MAR 09, 2019", "MATCHUP": "BKN @ ATL", "WL": "W", "MIN": 30, "FGM": 7, "FGA": 14, "FG_PCT": 0.5, "FG3M": 4, "FG3A": 7, "FG3_PCT": 0.571, "FTM": 5, "FTA": 8, "FT_PCT": 0.625, "OREB": 0, "DREB": 6, "REB": 6, "AST": 7, "STL": 0, "BLK": 1, "TOV": 2, "PF": 5, "PTS": 23, "PLUS_MINUS": 11, "VIDEO_AVAILABLE": 1}, {"SEASON_ID": "22018", "Player_ID": 203915, "Game_ID": "0021800969", "GAME_DATE": "MAR 06, 2019", "MATCHUP": "BKN vs. CLE", "WL": "W", "MIN": 30, "FGM": 10, "FGA": 21, "FG_PCT": 0.476, "FG3M": 3, "FG3A": 8, "FG3_PCT": 0.375, "FTM": 5, "FTA": 6, "FT_PCT": 0.833, "OREB": 1, "DREB": 3, "REB": 4, "AST": 5, "STL": 1, "BLK": 1, "TOV": 1, "PF": 3, "PTS": 28, "PLUS_MINUS": 7, "VIDEO_AVAILABLE": 1}, {"SEASON_ID": "22018", "Player_ID": 203915, "Game_ID": "0021800952", "GAME_DATE": "MAR 04, 2019", "MATCHUP": "BKN vs. DAL", "WL": "W", "MIN": 20, "FGM": 6, "FGA": 8, "FG_PCT": 0.75, "FG3M": 1, "FG3A": 3, "FG3_PCT": 0.333, "FTM": 3, "FTA": 5, "FT_PCT": 0.6, "OREB": 0, "DREB": 2, "REB": 2, "AST": 5, "STL": 2, "BLK": 0, "TOV": 1, "PF": 2, "PTS": 16, "PLUS_MINUS": 18, "VIDEO_AVAILABLE": 1}, {"SEASON_ID": "22018", "Player_ID": 203915, "Game_ID": "0021800937", "GAME_DATE": "MAR 02, 2019", "MATCHUP": "BKN @ MIA", "WL": "L", "MIN": 25, "FGM": 2, "FGA": 12, "FG_PCT": 0.167, "FG3M": 0, "FG3A": 4, "FG3_PCT": 0.0, "FTM": 6, "FTA": 7, "FT_PCT": 0.857, "OREB": 0, "DREB": 1, "REB": 1, "AST": 4, "STL": 1, "BLK": 1, "TOV": 3, "PF": 2, "PTS": 10, "PLUS_MINUS": -11, "VIDEO_AVAILABLE": 1}, {"SEASON_ID": "22018", "Player_ID": 203915, "Game_ID": "0021800929", "GAME_DATE": "MAR 01, 2019", "MATCHUP": "BKN vs. CHA", "WL": "L", "MIN": 23, "FGM": 6, "FGA": 13, "FG_PCT": 0.462, "FG3M": 1, "FG3A": 5, "FG3_PCT": 0.2, "FTM": 2, "FTA": 3, "FT_PCT": 0.667, "OREB": 0, "DREB": 0, "REB": 0, "AST": 4, "STL": 1, "BLK": 0, "TOV": 2, "PF": 5, "PTS": 15, "PLUS_MINUS": 2, "VIDEO_AVAILABLE": 1}, {"SEASON_ID": "22018", "Player_ID": 203915, "Game_ID": "0021800708", "GAME_DATE": "JAN 23, 2019", "MATCHUP": "BKN vs. ORL", "WL": "W", "MIN": 30, "FGM": 10, "FGA": 17, "FG_PCT": 0.588, "FG3M": 2, "FG3A": 8, "FG3_PCT": 0.25, "FTM": 7, "FTA": 8, "FT_PCT": 0.875, "OREB": 1, "DREB": 2, "REB": 3, "AST": 3, "STL": 1, "BLK": 0, "TOV": 1, "PF": 1, "PTS": 29, "PLUS_MINUS": -8, "VIDEO_AVAILABLE": 1}, {"SEASON_ID": "22018", "Player_ID": 203915, "Game_ID": "0021800696", "GAME_DATE": "JAN 21, 2019", "MATCHUP": "BKN vs. SAC", "WL": "W", "MIN": 29, "FGM": 3, "FGA": 12, "FG_PCT": 0.25, "FG3M": 1, "FG3A": 5, "FG3_PCT": 0.2, "FTM": 4, "FTA": 5, "FT_PCT": 0.8, "OREB": 1, "DREB": 2, "REB": 3, "AST": 6, "STL": 0, "BLK": 0, "TOV": 3, "PF": 3, "PTS": 11, "PLUS_MINUS": 16, "VIDEO_AVAILABLE": 1}, {"SEASON_ID": "22018", "Player_ID": 203915, "Game_ID": "0021800673", "GAME_DATE": "JAN 18, 2019", "MATCHUP": "BKN @ ORL", "WL": "W", "MIN": 27, "FGM": 6, "FGA": 11, "FG_PCT": 0.545, "FG3M": 3, "FG3A": 7, "FG3_PCT": 0.429, "FTM": 5, "FTA": 7, "FT_PCT": 0.714, "OREB": 0, "DREB": 2, "REB": 2, "AST": 3, "STL": 0, "BLK": 0, "TOV": 4, "PF": 1, "PTS": 20, "PLUS_MINUS": 4, "VIDEO_AVAILABLE": 1}, {"SEASON_ID": "22018", "Player_ID": 203915, "Game_ID": "0021800659", "GAME_DATE": "JAN 16, 2019", "MATCHUP": "BKN @ HOU", "WL": "W", "MIN": 32, "FGM": 13, "FGA": 22, "FG_PCT": 0.591, "FG3M": 4, "FG3A": 8, "FG3_PCT": 0.5, "FTM": 3, "FTA": 4, "FT_PCT": 0.75, "OREB": 0, "DREB": 2, "REB": 2, "AST": 10, "STL": 0, "BLK": 0, "TOV": 4, "PF": 4, "PTS": 33, "PLUS_MINUS": 5, "VIDEO_AVAILABLE": 1}, {"SEASON_ID": "22018", "Player_ID": 203915, "Game_ID": "0021800645", "GAME_DATE": "JAN 14, 2019", "MATCHUP": "BKN vs. BOS", "WL": "W", "MIN": 28, "FGM": 3, "FGA": 6, "FG_PCT": 0.5, "FG3M": 2, "FG3A": 3, "FG3_PCT": 0.667, "FTM": 0, "FTA": 0, "FT_PCT": 0.0, "OREB": 0, "DREB": 1, "REB": 1, "AST": 2, "STL": 0, "BLK": 1, "TOV": 3, "PF": 4, "PTS": 8, "PLUS_MINUS": 6, "VIDEO_AVAILABLE": 1}, {"SEASON_ID": "22018", "Player_ID": 203915, "Game_ID": "0021800624", "GAME_DATE": "JAN 11, 2019", "MATCHUP": "BKN @ TOR", "WL": "L", "MIN": 21, "FGM": 1, "FGA": 7, "FG_PCT": 0.143, "FG3M": 1, "FG3A": 1, "FG3_PCT": 1.0, "FTM": 5, "FTA": 6, "FT_PCT": 0.833, "OREB": 0, "DREB": 3, "REB": 3, "AST": 2, "STL": 1, "BLK": 0, "TOV": 1, "PF": 2, "PTS": 8, "PLUS_MINUS": -24, "VIDEO_AVAILABLE": 1}, {"SEASON_ID": "22018", "Player_ID": 203915, "Game_ID": "0021800609", "GAME_DATE": "JAN 09, 2019", "MATCHUP": "BKN vs. ATL", "WL": "W", "MIN": 29, "FGM": 5, "FGA": 14, "FG_PCT": 0.357, "FG3M": 0, "FG3A": 3, "FG3_PCT": 0.0, "FTM": 6, "FTA": 7, "FT_PCT": 0.857, "OREB": 1, "DREB": 3, "REB": 4, "AST": 5, "STL": 2, "BLK": 0, "TOV": 5, "PF": 5, "PTS": 16, "PLUS_MINUS": 17, "VIDEO_AVAILABLE": 1}, {"SEASON_ID": "22018", "Player_ID": 203915, "Game_ID": "0021800592", "GAME_DATE": "JAN 07, 2019", "MATCHUP": "BKN @ BOS", "WL": "L", "MIN": 24, "FGM": 4, "FGA": 10, "FG_PCT": 0.4, "FG3M": 1, "FG3A": 6, "FG3_PCT": 0.167, "FTM": 6, "FTA": 7, "FT_PCT": 0.857, "OREB": 0, "DREB": 2, "REB": 2, "AST": 1, "STL": 0, "BLK": 0, "TOV": 1, "PF": 1, "PTS": 15, "PLUS_MINUS": -3, "VIDEO_AVAILABLE": 1}, {"SEASON_ID": "22018", "Player_ID": 203915, "Game_ID": "0021800584", "GAME_DATE": "JAN 06, 2019", "MATCHUP": "BKN @ CHI", "WL": "W", "MIN": 26, "FGM": 3, "FGA": 6, "FG_PCT": 0.5, "FG3M": 0, "FG3A": 2, "FG3_PCT": 0.0, "FTM": 1, "FTA": 1, "FT_PCT": 1.0, "OREB": 0, "DREB": 0, "REB": 0, "AST": 5, "STL": 1, "BLK": 0, "TOV": 2, "PF": 1, "PTS": 7, "PLUS_MINUS": -4, "VIDEO_AVAILABLE": 1}, {"SEASON_ID": "22018", "Player_ID": 203915, "Game_ID": "0021800570", "GAME_DATE": "JAN 04, 2019", "MATCHUP": "BKN @ MEM", "WL": "W", "MIN": 27, "FGM": 3, "FGA": 9, "FG_PCT": 0.333, "FG3M": 1, "FG3A": 4, "FG3_PCT": 0.25, "FTM": 6, "FTA": 7, "FT_PCT": 0.857, "OREB": 0, "DREB": 4, "REB": 4, "AST": 5, "STL": 0, "BLK": 0, "TOV": 2, "PF": 4, "PTS": 13, "PLUS_MINUS": 17, "VIDEO_AVAILABLE": 1}, {"SEASON_ID": "22018", "Player_ID": 203915, "Game_ID": "0021800557", "GAME_DATE": "JAN 02, 2019", "MATCHUP": "BKN vs. NOP", "WL": "W", "MIN": 25, "FGM": 5, "FGA": 12, "FG_PCT": 0.417, "FG3M": 2, "FG3A": 3, "FG3_PCT": 0.667, "FTM": 6, "FTA": 6, "FT_PCT": 1.0, "OREB": 0, "DREB": 0, "REB": 0, "AST": 4, "STL": 0, "BLK": 0, "TOV": 3, "PF": 3, "PTS": 18, "PLUS_MINUS": 2, "VIDEO_AVAILABLE": 1}, {"SEASON_ID": "22018", "Player_ID": 203915, "Game_ID": "0021800527", "GAME_DATE": "DEC 29, 2018", "MATCHUP": "BKN @ MIL", "WL": "L", "MIN": 21, "FGM": 3, "FGA": 7, "FG_PCT": 0.429, "FG3M": 2, "FG3A": 4, "FG3_PCT": 0.5, "FTM": 2, "FTA": 4, "FT_PCT": 0.5, "OREB": 0, "DREB": 3, "REB": 3, "AST": 5, "STL": 1, "BLK": 0, "TOV": 2, "PF": 3, "PTS": 10, "PLUS_MINUS": -13, "VIDEO_AVAILABLE": 1}, {"SEASON_ID": "22018", "Player_ID": 203915, "Game_ID": "0021800517", "GAME_DATE": "DEC 28, 2018", "MATCHUP": "BKN @ CHA", "WL": "L", "MIN": 28, "FGM": 1, "FGA": 7, "FG_PCT": 0.143, "FG3M": 1, "FG3A": 4, "FG3_PCT": 0.25, "FTM": 0, "FTA": 0, "FT_PCT": 0.0, "OREB": 0, "DREB": 3, "REB": 3, "AST": 5, "STL": 1, "BLK": 0, "TOV": 3, "PF": 2, "PTS": 3, "PLUS_MINUS": -3, "VIDEO_AVAILABLE": 1}, {"SEASON_ID": "22018", "Player_ID": 203915, "Game_ID": "0021800505", "GAME_DATE": "DEC 26, 2018", "MATCHUP": "BKN vs. CHA", "WL": "W", "MIN": 41, "FGM": 12, "FGA": 29, "FG_PCT": 0.414, "FG3M": 7, "FG3A": 16, "FG3_PCT": 0.438, "FTM": 6, "FTA": 8, "FT_PCT": 0.75, "OREB": 0, "DREB": 2, "REB": 2, "AST": 11, "STL": 0, "BLK": 0, "TOV": 1, "PF": 1, "PTS": 37, "PLUS_MINUS": 7, "VIDEO_AVAILABLE": 1}, {"SEASON_ID": "22018", "Player_ID": 203915, "Game_ID": "0021800489", "GAME_DATE": "DEC 23, 2018", "MATCHUP": "BKN vs. PHX", "WL": "W", "MIN": 26, "FGM": 7, "FGA": 14, "FG_PCT": 0.5, "FG3M": 2, "FG3A": 5, "FG3_PCT": 0.4, "FTM": 8, "FTA": 9, "FT_PCT": 0.889, "OREB": 0, "DREB": 2, "REB": 2, "AST": 7, "STL": 0, "BLK": 0, "TOV": 3, "PF": 3, "PTS": 24, "PLUS_MINUS": 1, "VIDEO_AVAILABLE": 1}, {"SEASON_ID": "22018", "Player_ID": 203915, "Game_ID": "0021800471", "GAME_DATE": "DEC 21, 2018", "MATCHUP": "BKN vs. IND", "WL": "L", "MIN": 32, "FGM": 4, "FGA": 12, "FG_PCT": 0.333, "FG3M": 1, "FG3A": 5, "FG3_PCT": 0.2, "FTM": 6, "FTA": 8, "FT_PCT": 0.75, "OREB": 0, "DREB": 1, "REB": 1, "AST": 9, "STL": 1, "BLK": 0, "TOV": 5, "PF": 2, "PTS": 15, "PLUS_MINUS": -3, "VIDEO_AVAILABLE": 1}, {"SEASON_ID": "22018", "Player_ID": 203915, "Game_ID": "0021800460", "GAME_DATE": "DEC 19, 2018", "MATCHUP": "BKN @ CHI", "WL": "W", "MIN": 32, "FGM": 8, "FGA": 15, "FG_PCT": 0.533, "FG3M": 4, "FG3A": 8, "FG3_PCT": 0.5, "FTM": 7, "FTA": 8, "FT_PCT": 0.875, "OREB": 1, "DREB": 5, "REB": 6, "AST": 3, "STL": 2, "BLK": 0, "TOV": 3, "PF": 3, "PTS": 27, "PLUS_MINUS": 11, "VIDEO_AVAILABLE": 1}, {"SEASON_ID": "22018", "Player_ID": 203915, "Game_ID": "0021800453", "GAME_DATE": "DEC 18, 2018", "MATCHUP": "BKN vs. LAL", "WL": "W", "MIN": 34, "FGM": 6, "FGA": 11, "FG_PCT": 0.545, "FG3M": 2, "FG3A": 5, "FG3_PCT": 0.4, "FTM": 4, "FTA": 7, "FT_PCT": 0.571, "OREB": 0, "DREB": 1, "REB": 1, "AST": 6, "STL": 0, "BLK": 0, "TOV": 3, "PF": 0, "PTS": 18, "PLUS_MINUS": -6, "VIDEO_AVAILABLE": 1}, {"SEASON_ID": "22018", "Player_ID": 203915, "Game_ID": "0021800436", "GAME_DATE": "DEC 16, 2018", "MATCHUP": "BKN vs. ATL", "WL": "W", "MIN": 24, "FGM": 3, "FGA": 8, "FG_PCT": 0.375, "FG3M": 1, "FG3A": 3, "FG3_PCT": 0.333, "FTM": 8, "FTA": 8, "FT_PCT": 1.0, "OREB": 1, "DREB": 2, "REB": 3, "AST": 5, "STL": 0, "BLK": 0, "TOV": 1, "PF": 2, "PTS": 15, "PLUS_MINUS": -9, "VIDEO_AVAILABLE": 1}, {"SEASON_ID": "22018", "Player_ID": 203915, "Game_ID": "0021800422", "GAME_DATE": "DEC 14, 2018", "MATCHUP": "BKN vs. WAS", "WL": "W", "MIN": 32, "FGM": 8, "FGA": 15, "FG_PCT": 0.533, "FG3M": 2, "FG3A": 7, "FG3_PCT": 0.286, "FTM": 9, "FTA": 11, "FT_PCT": 0.818, "OREB": 1, "DREB": 3, "REB": 4, "AST": 6, "STL": 0, "BLK": 0, "TOV": 1, "PF": 2, "PTS": 27, "PLUS_MINUS": 1, "VIDEO_AVAILABLE": 1}, {"SEASON_ID": "22018", "Player_ID": 203915, "Game_ID": "0021800408", "GAME_DATE": "DEC 12, 2018", "MATCHUP": "BKN @ PHI", "WL": "W", "MIN": 30, "FGM": 11, "FGA": 18, "FG_PCT": 0.611, "FG3M": 4, "FG3A": 6, "FG3_PCT": 0.667, "FTM": 13, "FTA": 14, "FT_PCT": 0.929, "OREB": 0, "DREB": 2, "REB": 2, "AST": 5, "STL": 1, "BLK": 0, "TOV": 4, "PF": 1, "PTS": 39, "PLUS_MINUS": 15, "VIDEO_AVAILABLE": 1}, {"SEASON_ID": "22018", "Player_ID": 203915, "Game_ID": "0021800382", "GAME_DATE": "DEC 08, 2018", "MATCHUP": "BKN @ NYK", "WL": "W", "MIN": 30, "FGM": 10, "FGA": 17, "FG_PCT": 0.588, "FG3M": 1, "FG3A": 3, "FG3_PCT": 0.333, "FTM": 4, "FTA": 8, "FT_PCT": 0.5, "OREB": 0, "DREB": 3, "REB": 3, "AST": 6, "STL": 1, "BLK": 0, "TOV": 3, "PF": 2, "PTS": 25, "PLUS_MINUS": 1, "VIDEO_AVAILABLE": 1}, {"SEASON_ID": "22018", "Player_ID": 203915, "Game_ID": "0021800371", "GAME_DATE": "DEC 07, 2018", "MATCHUP": "BKN vs. TOR", "WL": "W", "MIN": 31, "FGM": 7, "FGA": 17, "FG_PCT": 0.412, "FG3M": 1, "FG3A": 4, "FG3_PCT": 0.25, "FTM": 2, "FTA": 2, "FT_PCT": 1.0, "OREB": 1, "DREB": 1, "REB": 2, "AST": 8, "STL": 1, "BLK": 0, "TOV": 3, "PF": 2, "PTS": 17, "PLUS_MINUS": -7, "VIDEO_AVAILABLE": 1}, {"SEASON_ID": "22018", "Player_ID": 203915, "Game_ID": "0021800358", "GAME_DATE": "DEC 05, 2018", "MATCHUP": "BKN vs. OKC", "WL": "L", "MIN": 30, "FGM": 6, "FGA": 11, "FG_PCT": 0.545, "FG3M": 1, "FG3A": 4, "FG3_PCT": 0.25, "FTM": 4, "FTA": 8, "FT_PCT": 0.5, "OREB": 0, "DREB": 0, "REB": 0, "AST": 2, "STL": 1, "BLK": 2, "TOV": 1, "PF": 3, "PTS": 17, "PLUS_MINUS": -11, "VIDEO_AVAILABLE": 1}, {"SEASON_ID": "22018", "Player_ID": 203915, "Game_ID": "0021800345", "GAME_DATE": "DEC 03, 2018", "MATCHUP": "BKN vs. CLE", "WL": "L", "MIN": 32, "FGM": 6, "FGA": 14, "FG_PCT": 0.429, "FG3M": 4, "FG3A": 11, "FG3_PCT": 0.364, "FTM": 2, "FTA": 3, "FT_PCT": 0.667, "OREB": 1, "DREB": 2, "REB": 3, "AST": 4, "STL": 1, "BLK": 0, "TOV": 1, "PF": 5, "PTS": 18, "PLUS_MINUS": 8, "VIDEO_AVAILABLE": 1}, {"SEASON_ID": "22018", "Player_ID": 203915, "Game_ID": "0021800333", "GAME_DATE": "DEC 01, 2018", "MATCHUP": "BKN @ WAS", "WL": "L", "MIN": 28, "FGM": 3, "FGA": 9, "FG_PCT": 0.333, "FG3M": 0, "FG3A": 3, "FG3_PCT": 0.0, "FTM": 2, "FTA": 3, "FT_PCT": 0.667, "OREB": 0, "DREB": 2, "REB": 2, "AST": 8, "STL": 0, "BLK": 0, "TOV": 3, "PF": 0, "PTS": 8, "PLUS_MINUS": -11, "VIDEO_AVAILABLE": 1}, {"SEASON_ID": "22018", "Player_ID": 203915, "Game_ID": "0021800323", "GAME_DATE": "NOV 30, 2018", "MATCHUP": "BKN vs. MEM", "WL": "L", "MIN": 43, "FGM": 5, "FGA": 14, "FG_PCT": 0.357, "FG3M": 2, "FG3A": 8, "FG3_PCT": 0.25, "FTM": 3, "FTA": 4, "FT_PCT": 0.75, "OREB": 0, "DREB": 2, "REB": 2, "AST": 5, "STL": 0, "BLK": 0, "TOV": 2, "PF": 5, "PTS": 15, "PLUS_MINUS": -16, "VIDEO_AVAILABLE": 1}, {"SEASON_ID": "22018", "Player_ID": 203915, "Game_ID": "0021800308", "GAME_DATE": "NOV 28, 2018", "MATCHUP": "BKN vs. UTA", "WL": "L", "MIN": 22, "FGM": 5, "FGA": 11, "FG_PCT": 0.455, "FG3M": 2, "FG3A": 6, "FG3_PCT": 0.333, "FTM": 6, "FTA": 7, "FT_PCT": 0.857, "OREB": 0, "DREB": 3, "REB": 3, "AST": 0, "STL": 0, "BLK": 2, "TOV": 2, "PF": 6, "PTS": 18, "PLUS_MINUS": -15, "VIDEO_AVAILABLE": 1}, {"SEASON_ID": "22018", "Player_ID": 203915, "Game_ID": "0021800289", "GAME_DATE": "NOV 25, 2018", "MATCHUP": "BKN vs. PHI", "WL": "L", "MIN": 29, "FGM": 11, "FGA": 15, "FG_PCT": 0.733, "FG3M": 4, "FG3A": 5, "FG3_PCT": 0.8, "FTM": 5, "FTA": 6, "FT_PCT": 0.833, "OREB": 0, "DREB": 3, "REB": 3, "AST": 5, "STL": 0, "BLK": 0, "TOV": 3, "PF": 4, "PTS": 31, "PLUS_MINUS": -4, "VIDEO_AVAILABLE": 1}, {"SEASON_ID": "22018", "Player_ID": 203915, "Game_ID": "0021800265", "GAME_DATE": "NOV 23, 2018", "MATCHUP": "BKN vs. MIN", "WL": "L", "MIN": 30, "FGM": 6, "FGA": 14, "FG_PCT": 0.429, "FG3M": 2, "FG3A": 8, "FG3_PCT": 0.25, "FTM": 4, "FTA": 4, "FT_PCT": 1.0, "OREB": 1, "DREB": 2, "REB": 3, "AST": 8, "STL": 0, "BLK": 0, "TOV": 2, "PF": 2, "PTS": 18, "PLUS_MINUS": 0, "VIDEO_AVAILABLE": 1}, {"SEASON_ID": "22018", "Player_ID": 203915, "Game_ID": "0021800261", "GAME_DATE": "NOV 21, 2018", "MATCHUP": "BKN @ DAL", "WL": "L", "MIN": 28, "FGM": 5, "FGA": 11, "FG_PCT": 0.455, "FG3M": 1, "FG3A": 5, "FG3_PCT": 0.2, "FTM": 8, "FTA": 10, "FT_PCT": 0.8, "OREB": 0, "DREB": 2, "REB": 2, "AST": 7, "STL": 1, "BLK": 0, "TOV": 1, "PF": 1, "PTS": 19, "PLUS_MINUS": 11, "VIDEO_AVAILABLE": 1}, {"SEASON_ID": "22018", "Player_ID": 203915, "Game_ID": "0021800250", "GAME_DATE": "NOV 20, 2018", "MATCHUP": "BKN @ MIA", "WL": "W", "MIN": 30, "FGM": 5, "FGA": 12, "FG_PCT": 0.417, "FG3M": 2, "FG3A": 5, "FG3_PCT": 0.4, "FTM": 4, "FTA": 4, "FT_PCT": 1.0, "OREB": 0, "DREB": 2, "REB": 2, "AST": 7, "STL": 1, "BLK": 0, "TOV": 2, "PF": 2, "PTS": 16, "PLUS_MINUS": 18, "VIDEO_AVAILABLE": 1}, {"SEASON_ID": "22018", "Player_ID": 203915, "Game_ID": "0021800224", "GAME_DATE": "NOV 17, 2018", "MATCHUP": "BKN vs. LAC", "WL": "L", "MIN": 28, "FGM": 3, "FGA": 16, "FG_PCT": 0.188, "FG3M": 1, "FG3A": 6, "FG3_PCT": 0.167, "FTM": 4, "FTA": 6, "FT_PCT": 0.667, "OREB": 2, "DREB": 2, "REB": 4, "AST": 7, "STL": 0, "BLK": 0, "TOV": 4, "PF": 6, "PTS": 11, "PLUS_MINUS": -19, "VIDEO_AVAILABLE": 1}, {"SEASON_ID": "22018", "Player_ID": 203915, "Game_ID": "0021800219", "GAME_DATE": "NOV 16, 2018", "MATCHUP": "BKN @ WAS", "WL": "W", "MIN": 31, "FGM": 8, "FGA": 13, "FG_PCT": 0.615, "FG3M": 3, "FG3A": 5, "FG3_PCT": 0.6, "FTM": 6, "FTA": 9, "FT_PCT": 0.667, "OREB": 2, "DREB": 2, "REB": 4, "AST": 8, "STL": 3, "BLK": 0, "TOV": 1, "PF": 4, "PTS": 25, "PLUS_MINUS": 7, "VIDEO_AVAILABLE": 1}, {"SEASON_ID": "22018", "Player_ID": 203915, "Game_ID": "0021800205", "GAME_DATE": "NOV 14, 2018", "MATCHUP": "BKN vs. MIA", "WL": "L", "MIN": 29, "FGM": 6, "FGA": 12, "FG_PCT": 0.5, "FG3M": 1, "FG3A": 5, "FG3_PCT": 0.2, "FTM": 5, "FTA": 7, "FT_PCT": 0.714, "OREB": 1, "DREB": 2, "REB": 3, "AST": 5, "STL": 1, "BLK": 0, "TOV": 4, "PF": 1, "PTS": 18, "PLUS_MINUS": -24, "VIDEO_AVAILABLE": 1}, {"SEASON_ID": "22018", "Player_ID": 203915, "Game_ID": "0021800195", "GAME_DATE": "NOV 12, 2018", "MATCHUP": "BKN @ MIN", "WL": "L", "MIN": 28, "FGM": 5, "FGA": 10, "FG_PCT": 0.5, "FG3M": 2, "FG3A": 7, "FG3_PCT": 0.286, "FTM": 2, "FTA": 2, "FT_PCT": 1.0, "OREB": 0, "DREB": 0, "REB": 0, "AST": 3, "STL": 1, "BLK": 0, "TOV": 3, "PF": 6, "PTS": 14, "PLUS_MINUS": 0, "VIDEO_AVAILABLE": 1}, {"SEASON_ID": "22018", "Player_ID": 203915, "Game_ID": "0021800182", "GAME_DATE": "NOV 10, 2018", "MATCHUP": "BKN @ GSW", "WL": "L", "MIN": 22, "FGM": 5, "FGA": 9, "FG_PCT": 0.556, "FG3M": 0, "FG3A": 1, "FG3_PCT": 0.0, "FTM": 4, "FTA": 4, "FT_PCT": 1.0, "OREB": 1, "DREB": 1, "REB": 2, "AST": 6, "STL": 1, "BLK": 0, "TOV": 2, "PF": 3, "PTS": 14, "PLUS_MINUS": -11, "VIDEO_AVAILABLE": 1}, {"SEASON_ID": "22018", "Player_ID": 203915, "Game_ID": "0021800171", "GAME_DATE": "NOV 09, 2018", "MATCHUP": "BKN @ DEN", "WL": "W", "MIN": 30, "FGM": 3, "FGA": 11, "FG_PCT": 0.273, "FG3M": 1, "FG3A": 5, "FG3_PCT": 0.2, "FTM": 5, "FTA": 6, "FT_PCT": 0.833, "OREB": 2, "DREB": 4, "REB": 6, "AST": 6, "STL": 0, "BLK": 1, "TOV": 0, "PF": 2, "PTS": 12, "PLUS_MINUS": -1, "VIDEO_AVAILABLE": 1}, {"SEASON_ID": "22018", "Player_ID": 203915, "Game_ID": "0021800151", "GAME_DATE": "NOV 06, 2018", "MATCHUP": "BKN @ PHX", "WL": "W", "MIN": 30, "FGM": 5, "FGA": 7, "FG_PCT": 0.714, "FG3M": 2, "FG3A": 4, "FG3_PCT": 0.5, "FTM": 0, "FTA": 0, "FT_PCT": 0.0, "OREB": 0, "DREB": 5, "REB": 5, "AST": 3, "STL": 2, "BLK": 1, "TOV": 0, "PF": 4, "PTS": 12, "PLUS_MINUS": 20, "VIDEO_AVAILABLE": 1}, {"SEASON_ID": "22018", "Player_ID": 203915, "Game_ID": "0021800134", "GAME_DATE": "NOV 04, 2018", "MATCHUP": "BKN vs. PHI", "WL": "W", "MIN": 22, "FGM": 4, "FGA": 10, "FG_PCT": 0.4, "FG3M": 2, "FG3A": 2, "FG3_PCT": 1.0, "FTM": 2, "FTA": 3, "FT_PCT": 0.667, "OREB": 0, "DREB": 1, "REB": 1, "AST": 8, "STL": 0, "BLK": 0, "TOV": 1, "PF": 4, "PTS": 12, "PLUS_MINUS": 13, "VIDEO_AVAILABLE": 1}, {"SEASON_ID": "22018", "Player_ID": 203915, "Game_ID": "0021800118", "GAME_DATE": "NOV 02, 2018", "MATCHUP": "BKN vs. HOU", "WL": "L", "MIN": 28, "FGM": 5, "FGA": 13, "FG_PCT": 0.385, "FG3M": 1, "FG3A": 6, "FG3_PCT": 0.167, "FTM": 1, "FTA": 2, "FT_PCT": 0.5, "OREB": 0, "DREB": 0, "REB": 0, "AST": 3, "STL": 0, "BLK": 0, "TOV": 3, "PF": 4, "PTS": 12, "PLUS_MINUS": -1, "VIDEO_AVAILABLE": 1}, {"SEASON_ID": "22018", "Player_ID": 203915, "Game_ID": "0021800104", "GAME_DATE": "OCT 31, 2018", "MATCHUP": "BKN vs. DET", "WL": "W", "MIN": 32, "FGM": 8, "FGA": 15, "FG_PCT": 0.533, "FG3M": 5, "FG3A": 9, "FG3_PCT": 0.556, "FTM": 4, "FTA": 4, "FT_PCT": 1.0, "OREB": 2, "DREB": 2, "REB": 4, "AST": 4, "STL": 0, "BLK": 0, "TOV": 2, "PF": 5, "PTS": 25, "PLUS_MINUS": 7, "VIDEO_AVAILABLE": 1}, {"SEASON_ID": "22018", "Player_ID": 203915, "Game_ID": "0021800090", "GAME_DATE": "OCT 29, 2018", "MATCHUP": "BKN @ NYK", "WL": "L", "MIN": 25, "FGM": 6, "FGA": 10, "FG_PCT": 0.6, "FG3M": 2, "FG3A": 6, "FG3_PCT": 0.333, "FTM": 3, "FTA": 3, "FT_PCT": 1.0, "OREB": 0, "DREB": 1, "REB": 1, "AST": 3, "STL": 0, "BLK": 2, "TOV": 1, "PF": 3, "PTS": 17, "PLUS_MINUS": -6, "VIDEO_AVAILABLE": 1}, {"SEASON_ID": "22018", "Player_ID": 203915, "Game_ID": "0021800083", "GAME_DATE": "OCT 28, 2018", "MATCHUP": "BKN vs. GSW", "WL": "L", "MIN": 24, "FGM": 4, "FGA": 9, "FG_PCT": 0.444, "FG3M": 4, "FG3A": 7, "FG3_PCT": 0.571, "FTM": 0, "FTA": 0, "FT_PCT": 0.0, "OREB": 1, "DREB": 0, "REB": 1, "AST": 0, "STL": 0, "BLK": 0, "TOV": 1, "PF": 2, "PTS": 12, "PLUS_MINUS": -23, "VIDEO_AVAILABLE": 1}, {"SEASON_ID": "22018", "Player_ID": 203915, "Game_ID": "0021800072", "GAME_DATE": "OCT 26, 2018", "MATCHUP": "BKN @ NOP", "WL": "L", "MIN": 29, "FGM": 4, "FGA": 7, "FG_PCT": 0.571, "FG3M": 3, "FG3A": 5, "FG3_PCT": 0.6, "FTM": 0, "FTA": 0, "FT_PCT": 0.0, "OREB": 0, "DREB": 3, "REB": 3, "AST": 5, "STL": 1, "BLK": 2, "TOV": 2, "PF": 2, "PTS": 11, "PLUS_MINUS": 4, "VIDEO_AVAILABLE": 1}, {"SEASON_ID": "22018", "Player_ID": 203915, "Game_ID": "0021800053", "GAME_DATE": "OCT 24, 2018", "MATCHUP": "BKN @ CLE", "WL": "W", "MIN": 21, "FGM": 3, "FGA": 6, "FG_PCT": 0.5, "FG3M": 2, "FG3A": 5, "FG3_PCT": 0.4, "FTM": 0, "FTA": 0, "FT_PCT": 0.0, "OREB": 0, "DREB": 3, "REB": 3, "AST": 1, "STL": 0, "BLK": 0, "TOV": 3, "PF": 1, "PTS": 8, "PLUS_MINUS": 1, "VIDEO_AVAILABLE": 1}, {"SEASON_ID": "22018", "Player_ID": 203915, "Game_ID": "0021800026", "GAME_DATE": "OCT 20, 2018", "MATCHUP": "BKN @ IND", "WL": "L", "MIN": 26, "FGM": 4, "FGA": 11, "FG_PCT": 0.364, "FG3M": 2, "FG3A": 5, "FG3_PCT": 0.4, "FTM": 3, "FTA": 4, "FT_PCT": 0.75, "OREB": 0, "DREB": 1, "REB": 1, "AST": 4, "STL": 1, "BLK": 0, "TOV": 1, "PF": 4, "PTS": 13, "PLUS_MINUS": -24, "VIDEO_AVAILABLE": 1}, {"SEASON_ID": "22018", "Player_ID": 203915, "Game_ID": "0021800018", "GAME_DATE": "OCT 19, 2018", "MATCHUP": "BKN vs. NYK", "WL": "W", "MIN": 31, "FGM": 4, "FGA": 12, "FG_PCT": 0.333, "FG3M": 2, "FG3A": 6, "FG3_PCT": 0.333, "FTM": 0, "FTA": 0, "FT_PCT": 0.0, "OREB": 1, "DREB": 2, "REB": 3, "AST": 6, "STL": 0, "BLK": 0, "TOV": 4, "PF": 4, "PTS": 10, "PLUS_MINUS": 2, "VIDEO_AVAILABLE": 1}, {"SEASON_ID": "22018", "Player_ID": 203915, "Game_ID": "0021800004", "GAME_DATE": "OCT 17, 2018", "MATCHUP": "BKN @ DET", "WL": "L", "MIN": 32, "FGM": 10, "FGA": 18, "FG_PCT": 0.556, "FG3M": 0, "FG3A": 3, "FG3_PCT": 0.0, "FTM": 3, "FTA": 5, "FT_PCT": 0.6, "OREB": 0, "DREB": 4, "REB": 4, "AST": 6, "STL": 1, "BLK": 0, "TOV": 4, "PF": 1, "PTS": 23, "PLUS_MINUS": 6, "VIDEO_AVAILABLE": 1}, {"SEASON_ID": "22017", "Player_ID": 203915, "Game_ID": "0021701205", "GAME_DATE": "APR 09, 2018", "MATCHUP": "BKN vs. CHI", "WL": "W", "MIN": 35, "FGM": 6, "FGA": 13, "FG_PCT": 0.462, "FG3M": 3, "FG3A": 9, "FG3_PCT": 0.333, "FTM": 5, "FTA": 6, "FT_PCT": 0.833, "OREB": 0, "DREB": 3, "REB": 3, "AST": 7, "STL": 0, "BLK": 0, "TOV": 4, "PF": 1, "PTS": 20, "PLUS_MINUS": 0, "VIDEO_AVAILABLE": 1}, {"SEASON_ID": "22017", "Player_ID": 203915, "Game_ID": "0021701193", "GAME_DATE": "APR 07, 2018", "MATCHUP": "BKN @ CHI", "WL": "W", "MIN": 29, "FGM": 3, "FGA": 11, "FG_PCT": 0.273, "FG3M": 2, "FG3A": 9, "FG3_PCT": 0.222, "FTM": 0, "FTA": 0, "FT_PCT": 0.0, "OREB": 0, "DREB": 1, "REB": 1, "AST": 9, "STL": 2, "BLK": 0, "TOV": 2, "PF": 2, "PTS": 8, "PLUS_MINUS": 1, "VIDEO_AVAILABLE": 1}, {"SEASON_ID": "22017", "Player_ID": 203915, "Game_ID": "0021701178", "GAME_DATE": "APR 05, 2018", "MATCHUP": "BKN @ MIL", "WL": "W", "MIN": 25, "FGM": 3, "FGA": 7, "FG_PCT": 0.429, "FG3M": 2, "FG3A": 5, "FG3_PCT": 0.4, "FTM": 1, "FTA": 1, "FT_PCT": 1.0, "OREB": 0, "DREB": 2, "REB": 2, "AST": 6, "STL": 0, "BLK": 0, "TOV": 1, "PF": 2, "PTS": 9, "PLUS_MINUS": -11, "VIDEO_AVAILABLE": 1}, {"SEASON_ID": "22017", "Player_ID": 203915, "Game_ID": "0021701157", "GAME_DATE": "APR 03, 2018", "MATCHUP": "BKN @ PHI", "WL": "L", "MIN": 33, "FGM": 4, "FGA": 11, "FG_PCT": 0.364, "FG3M": 3, "FG3A": 7, "FG3_PCT": 0.429, "FTM": 5, "FTA": 8, "FT_PCT": 0.625, "OREB": 0, "DREB": 6, "REB": 6, "AST": 6, "STL": 0, "BLK": 0, "TOV": 4, "PF": 1, "PTS": 16, "PLUS_MINUS": -14, "VIDEO_AVAILABLE": 1}, {"SEASON_ID": "22017", "Player_ID": 203915, "Game_ID": "0021701148", "GAME_DATE": "APR 01, 2018", "MATCHUP": "BKN vs. DET", "WL": "L", "MIN": 12, "FGM": 1, "FGA": 2, "FG_PCT": 0.5, "FG3M": 0, "FG3A": 1, "FG3_PCT": 0.0, "FTM": 0, "FTA": 0, "FT_PCT": 0.0, "OREB": 0, "DREB": 4, "REB": 4, "AST": 1, "STL": 0, "BLK": 0, "TOV": 0, "PF": 1, "PTS": 2, "PLUS_MINUS": -5, "VIDEO_AVAILABLE": 1}, {"SEASON_ID": "22017", "Player_ID": 203915, "Game_ID": "0021701141", "GAME_DATE": "MAR 31, 2018", "MATCHUP": "BKN @ MIA", "WL": "W", "MIN": 35, "FGM": 4, "FGA": 12, "FG_PCT": 0.333, "FG3M": 3, "FG3A": 7, "FG3_PCT": 0.429, "FTM": 1, "FTA": 2, "FT_PCT": 0.5, "OREB": 1, "DREB": 1, "REB": 2, "AST": 12, "STL": 3, "BLK": 0, "TOV": 3, "PF": 3, "PTS": 12, "PLUS_MINUS": -1, "VIDEO_AVAILABLE": 1}, {"SEASON_ID": "22017", "Player_ID": 203915, "Game_ID": "0021701117", "GAME_DATE": "MAR 28, 2018", "MATCHUP": "BKN @ ORL", "WL": "W", "MIN": 19, "FGM": 1, "FGA": 4, "FG_PCT": 0.25, "FG3M": 1, "FG3A": 4, "FG3_PCT": 0.25, "FTM": 0, "FTA": 0, "FT_PCT": 0.0, "OREB": 0, "DREB": 1, "REB": 1, "AST": 0, "STL": 0, "BLK": 0, "TOV": 0, "PF": 1, "PTS": 3, "PLUS_MINUS": -1, "VIDEO_AVAILABLE": 1}, {"SEASON_ID": "22017", "Player_ID": 203915, "Game_ID": "0021701094", "GAME_DATE": "MAR 25, 2018", "MATCHUP": "BKN vs. CLE", "WL": "L", "MIN": 25, "FGM": 5, "FGA": 11, "FG_PCT": 0.455, "FG3M": 3, "FG3A": 6, "FG3_PCT": 0.5, "FTM": 3, "FTA": 3, "FT_PCT": 1.0, "OREB": 2, "DREB": 2, "REB": 4, "AST": 2, "STL": 1, "BLK": 0, "TOV": 0, "PF": 1, "PTS": 16, "PLUS_MINUS": -2, "VIDEO_AVAILABLE": 1}, {"SEASON_ID": "22017", "Player_ID": 203915, "Game_ID": "0021701082", "GAME_DATE": "MAR 23, 2018", "MATCHUP": "BKN @ TOR", "WL": "L", "MIN": 24, "FGM": 1, "FGA": 3, "FG_PCT": 0.333, "FG3M": 0, "FG3A": 1, "FG3_PCT": 0.0, "FTM": 3, "FTA": 8, "FT_PCT": 0.375, "OREB": 0, "DREB": 2, "REB": 2, "AST": 4, "STL": 1, "BLK": 0, "TOV": 2, "PF": 4, "PTS": 5, "PLUS_MINUS": -1, "VIDEO_AVAILABLE": 1}, {"SEASON_ID": "22017", "Player_ID": 203915, "Game_ID": "0021701067", "GAME_DATE": "MAR 21, 2018", "MATCHUP": "BKN vs. CHA", "WL": "L", "MIN": 24, "FGM": 4, "FGA": 7, "FG_PCT": 0.571, "FG3M": 2, "FG3A": 4, "FG3_PCT": 0.5, "FTM": 3, "FTA": 3, "FT_PCT": 1.0, "OREB": 1, "DREB": 1, "REB": 2, "AST": 2, "STL": 0, "BLK": 0, "TOV": 1, "PF": 2, "PTS": 13, "PLUS_MINUS": -2, "VIDEO_AVAILABLE": 1}, {"SEASON_ID": "22017", "Player_ID": 203915, "Game_ID": "0021701053", "GAME_DATE": "MAR 19, 2018", "MATCHUP": "BKN vs. MEM", "WL": "W", "MIN": 26, "FGM": 2, "FGA": 6, "FG_PCT": 0.333, "FG3M": 0, "FG3A": 4, "FG3_PCT": 0.0, "FTM": 5, "FTA": 6, "FT_PCT": 0.833, "OREB": 0, "DREB": 2, "REB": 2, "AST": 6, "STL": 0, "BLK": 0, "TOV": 3, "PF": 2, "PTS": 9, "PLUS_MINUS": -5, "VIDEO_AVAILABLE": 1}, {"SEASON_ID": "22017", "Player_ID": 203915, "Game_ID": "0021701037", "GAME_DATE": "MAR 17, 2018", "MATCHUP": "BKN vs. DAL", "WL": "W", "MIN": 31, "FGM": 4, "FGA": 7, "FG_PCT": 0.571, "FG3M": 2, "FG3A": 4, "FG3_PCT": 0.5, "FTM": 2, "FTA": 2, "FT_PCT": 1.0, "OREB": 1, "DREB": 4, "REB": 5, "AST": 4, "STL": 1, "BLK": 1, "TOV": 2, "PF": 3, "PTS": 12, "PLUS_MINUS": 1, "VIDEO_AVAILABLE": 1}, {"SEASON_ID": "22017", "Player_ID": 203915, "Game_ID": "0021701030", "GAME_DATE": "MAR 16, 2018", "MATCHUP": "BKN @ PHI", "WL": "L", "MIN": 31, "FGM": 5, "FGA": 12, "FG_PCT": 0.417, "FG3M": 1, "FG3A": 4, "FG3_PCT": 0.25, "FTM": 3, "FTA": 5, "FT_PCT": 0.6, "OREB": 1, "DREB": 2, "REB": 3, "AST": 5, "STL": 0, "BLK": 0, "TOV": 1, "PF": 3, "PTS": 14, "PLUS_MINUS": -4, "VIDEO_AVAILABLE": 1}, {"SEASON_ID": "22017", "Player_ID": 203915, "Game_ID": "0021701008", "GAME_DATE": "MAR 13, 2018", "MATCHUP": "BKN vs. TOR", "WL": "L", "MIN": 28, "FGM": 2, "FGA": 11, "FG_PCT": 0.182, "FG3M": 1, "FG3A": 4, "FG3_PCT": 0.25, "FTM": 2, "FTA": 2, "FT_PCT": 1.0, "OREB": 0, "DREB": 3, "REB": 3, "AST": 5, "STL": 2, "BLK": 1, "TOV": 1, "PF": 1, "PTS": 7, "PLUS_MINUS": -6, "VIDEO_AVAILABLE": 1}, {"SEASON_ID": "22017", "Player_ID": 203915, "Game_ID": "0021700999", "GAME_DATE": "MAR 11, 2018", "MATCHUP": "BKN vs. PHI", "WL": "L", "MIN": 29, "FGM": 5, "FGA": 14, "FG_PCT": 0.357, "FG3M": 0, "FG3A": 1, "FG3_PCT": 0.0, "FTM": 3, "FTA": 3, "FT_PCT": 1.0, "OREB": 2, "DREB": 1, "REB": 3, "AST": 6, "STL": 1, "BLK": 0, "TOV": 1, "PF": 2, "PTS": 13, "PLUS_MINUS": -15, "VIDEO_AVAILABLE": 1}, {"SEASON_ID": "22017", "Player_ID": 203915, "Game_ID": "0021700972", "GAME_DATE": "MAR 08, 2018", "MATCHUP": "BKN @ CHA", "WL": "W", "MIN": 23, "FGM": 3, "FGA": 6, "FG_PCT": 0.5, "FG3M": 0, "FG3A": 2, "FG3_PCT": 0.0, "FTM": 0, "FTA": 0, "FT_PCT": 0.0, "OREB": 0, "DREB": 0, "REB": 0, "AST": 10, "STL": 1, "BLK": 1, "TOV": 2, "PF": 6, "PTS": 6, "PLUS_MINUS": 16, "VIDEO_AVAILABLE": 1}, {"SEASON_ID": "22017", "Player_ID": 203915, "Game_ID": "0021700963", "GAME_DATE": "MAR 06, 2018", "MATCHUP": "BKN @ GSW", "WL": "L", "MIN": 30, "FGM": 4, "FGA": 7, "FG_PCT": 0.571, "FG3M": 2, "FG3A": 4, "FG3_PCT": 0.5, "FTM": 3, "FTA": 3, "FT_PCT": 1.0, "OREB": 0, "DREB": 3, "REB": 3, "AST": 6, "STL": 1, "BLK": 0, "TOV": 2, "PF": 3, "PTS": 13, "PLUS_MINUS": -12, "VIDEO_AVAILABLE": 1}, {"SEASON_ID": "22017", "Player_ID": 203915, "Game_ID": "0021700948", "GAME_DATE": "MAR 04, 2018", "MATCHUP": "BKN @ LAC", "WL": "L", "MIN": 36, "FGM": 0, "FGA": 6, "FG_PCT": 0.0, "FG3M": 0, "FG3A": 3, "FG3_PCT": 0.0, "FTM": 6, "FTA": 6, "FT_PCT": 1.0, "OREB": 1, "DREB": 4, "REB": 5, "AST": 10, "STL": 3, "BLK": 0, "TOV": 2, "PF": 1, "PTS": 6, "PLUS_MINUS": -1, "VIDEO_AVAILABLE": 1}, {"SEASON_ID": "22017", "Player_ID": 203915, "Game_ID": "0021700924", "GAME_DATE": "MAR 01, 2018", "MATCHUP": "BKN @ SAC", "WL": "L", "MIN": 36, "FGM": 3, "FGA": 10, "FG_PCT": 0.3, "FG3M": 0, "FG3A": 6, "FG3_PCT": 0.0, "FTM": 2, "FTA": 2, "FT_PCT": 1.0, "OREB": 0, "DREB": 6, "REB": 6, "AST": 5, "STL": 2, "BLK": 0, "TOV": 1, "PF": 1, "PTS": 8, "PLUS_MINUS": 13, "VIDEO_AVAILABLE": 1}, {"SEASON_ID": "22017", "Player_ID": 203915, "Game_ID": "0021700908", "GAME_DATE": "FEB 27, 2018", "MATCHUP": "BKN @ CLE", "WL": "L", "MIN": 31, "FGM": 5, "FGA": 9, "FG_PCT": 0.556, "FG3M": 1, "FG3A": 4, "FG3_PCT": 0.25, "FTM": 0, "FTA": 0, "FT_PCT": 0.0, "OREB": 0, "DREB": 0, "REB": 0, "AST": 11, "STL": 1, "BLK": 0, "TOV": 1, "PF": 4, "PTS": 11, "PLUS_MINUS": -9, "VIDEO_AVAILABLE": 1}, {"SEASON_ID": "22017", "Player_ID": 203915, "Game_ID": "0021700899", "GAME_DATE": "FEB 26, 2018", "MATCHUP": "BKN vs. CHI", "WL": "W", "MIN": 29, "FGM": 2, "FGA": 6, "FG_PCT": 0.333, "FG3M": 1, "FG3A": 5, "FG3_PCT": 0.2, "FTM": 0, "FTA": 0, "FT_PCT": 0.0, "OREB": 0, "DREB": 5, "REB": 5, "AST": 9, "STL": 1, "BLK": 0, "TOV": 1, "PF": 0, "PTS": 5, "PLUS_MINUS": 26, "VIDEO_AVAILABLE": 1}, {"SEASON_ID": "22017", "Player_ID": 203915, "Game_ID": "0021700867", "GAME_DATE": "FEB 22, 2018", "MATCHUP": "BKN @ CHA", "WL": "L", "MIN": 34, "FGM": 5, "FGA": 14, "FG_PCT": 0.357, "FG3M": 1, "FG3A": 5, "FG3_PCT": 0.2, "FTM": 1, "FTA": 1, "FT_PCT": 1.0, "OREB": 0, "DREB": 4, "REB": 4, "AST": 9, "STL": 0, "BLK": 1, "TOV": 1, "PF": 4, "PTS": 12, "PLUS_MINUS": -23, "VIDEO_AVAILABLE": 1}, {"SEASON_ID": "22017", "Player_ID": 203915, "Game_ID": "0021700856", "GAME_DATE": "FEB 14, 2018", "MATCHUP": "BKN vs. IND", "WL": "L", "MIN": 33, "FGM": 0, "FGA": 7, "FG_PCT": 0.0, "FG3M": 0, "FG3A": 4, "FG3_PCT": 0.0, "FTM": 7, "FTA": 10, "FT_PCT": 0.7, "OREB": 2, "DREB": 4, "REB": 6, "AST": 5, "STL": 2, "BLK": 1, "TOV": 1, "PF": 5, "PTS": 7, "PLUS_MINUS": -4, "VIDEO_AVAILABLE": 1}, {"SEASON_ID": "22017", "Player_ID": 203915, "Game_ID": "0021700843", "GAME_DATE": "FEB 12, 2018", "MATCHUP": "BKN vs. LAC", "WL": "L", "MIN": 36, "FGM": 4, "FGA": 13, "FG_PCT": 0.308, "FG3M": 4, "FG3A": 7, "FG3_PCT": 0.571, "FTM": 1, "FTA": 2, "FT_PCT": 0.5, "OREB": 0, "DREB": 2, "REB": 2, "AST": 8, "STL": 1, "BLK": 0, "TOV": 3, "PF": 1, "PTS": 13, "PLUS_MINUS": 2, "VIDEO_AVAILABLE": 1}, {"SEASON_ID": "22017", "Player_ID": 203915, "Game_ID": "0021700826", "GAME_DATE": "FEB 10, 2018", "MATCHUP": "BKN vs. NOP", "WL": "L", "MIN": 43, "FGM": 5, "FGA": 22, "FG_PCT": 0.227, "FG3M": 2, "FG3A": 9, "FG3_PCT": 0.222, "FTM": 12, "FTA": 12, "FT_PCT": 1.0, "OREB": 1, "DREB": 3, "REB": 4, "AST": 10, "STL": 3, "BLK": 0, "TOV": 4, "PF": 4, "PTS": 24, "PLUS_MINUS": -15, "VIDEO_AVAILABLE": 1}, {"SEASON_ID": "22017", "Player_ID": 203915, "Game_ID": "0021700805", "GAME_DATE": "FEB 07, 2018", "MATCHUP": "BKN @ DET", "WL": "L", "MIN": 36, "FGM": 3, "FGA": 9, "FG_PCT": 0.333, "FG3M": 3, "FG3A": 8, "FG3_PCT": 0.375, "FTM": 3, "FTA": 3, "FT_PCT": 1.0, "OREB": 0, "DREB": 4, "REB": 4, "AST": 11, "STL": 0, "BLK": 0, "TOV": 1, "PF": 1, "PTS": 12, "PLUS_MINUS": -14, "VIDEO_AVAILABLE": 1}, {"SEASON_ID": "22017", "Player_ID": 203915, "Game_ID": "0021700800", "GAME_DATE": "FEB 06, 2018", "MATCHUP": "BKN vs. HOU", "WL": "L", "MIN": 25, "FGM": 5, "FGA": 7, "FG_PCT": 0.714, "FG3M": 5, "FG3A": 7, "FG3_PCT": 0.714, "FTM": 3, "FTA": 3, "FT_PCT": 1.0, "OREB": 1, "DREB": 2, "REB": 3, "AST": 9, "STL": 3, "BLK": 0, "TOV": 3, "PF": 1, "PTS": 18, "PLUS_MINUS": 6, "VIDEO_AVAILABLE": 1}, {"SEASON_ID": "22017", "Player_ID": 203915, "Game_ID": "0021700785", "GAME_DATE": "FEB 04, 2018", "MATCHUP": "BKN vs. MIL", "WL": "L", "MIN": 29, "FGM": 3, "FGA": 11, "FG_PCT": 0.273, "FG3M": 1, "FG3A": 6, "FG3_PCT": 0.167, "FTM": 2, "FTA": 2, "FT_PCT": 1.0, "OREB": 0, "DREB": 0, "REB": 0, "AST": 10, "STL": 3, "BLK": 0, "TOV": 1, "PF": 2, "PTS": 9, "PLUS_MINUS": -20, "VIDEO_AVAILABLE": 1}, {"SEASON_ID": "22017", "Player_ID": 203915, "Game_ID": "0021700768", "GAME_DATE": "FEB 02, 2018", "MATCHUP": "BKN vs. LAL", "WL": "L", "MIN": 32, "FGM": 9, "FGA": 19, "FG_PCT": 0.474, "FG3M": 2, "FG3A": 6, "FG3_PCT": 0.333, "FTM": 3, "FTA": 5, "FT_PCT": 0.6, "OREB": 1, "DREB": 6, "REB": 7, "AST": 9, "STL": 0, "BLK": 0, "TOV": 0, "PF": 0, "PTS": 23, "PLUS_MINUS": 3, "VIDEO_AVAILABLE": 1}, {"SEASON_ID": "22017", "Player_ID": 203915, "Game_ID": "0021700756", "GAME_DATE": "JAN 31, 2018", "MATCHUP": "BKN vs. PHI", "WL": "W", "MIN": 34, "FGM": 6, "FGA": 13, "FG_PCT": 0.462, "FG3M": 2, "FG3A": 4, "FG3_PCT": 0.5, "FTM": 13, "FTA": 15, "FT_PCT": 0.867, "OREB": 0, "DREB": 2, "REB": 2, "AST": 4, "STL": 0, "BLK": 0, "TOV": 3, "PF": 2, "PTS": 27, "PLUS_MINUS": 2, "VIDEO_AVAILABLE": 1}, {"SEASON_ID": "22017", "Player_ID": 203915, "Game_ID": "0021700745", "GAME_DATE": "JAN 30, 2018", "MATCHUP": "BKN @ NYK", "WL": "L", "MIN": 25, "FGM": 4, "FGA": 9, "FG_PCT": 0.444, "FG3M": 1, "FG3A": 5, "FG3_PCT": 0.2, "FTM": 2, "FTA": 3, "FT_PCT": 0.667, "OREB": 0, "DREB": 3, "REB": 3, "AST": 7, "STL": 0, "BLK": 0, "TOV": 1, "PF": 2, "PTS": 11, "PLUS_MINUS": -5, "VIDEO_AVAILABLE": 1}, {"SEASON_ID": "22017", "Player_ID": 203915, "Game_ID": "0021700729", "GAME_DATE": "JAN 27, 2018", "MATCHUP": "BKN @ MIN", "WL": "L", "MIN": 33, "FGM": 3, "FGA": 9, "FG_PCT": 0.333, "FG3M": 0, "FG3A": 4, "FG3_PCT": 0.0, "FTM": 0, "FTA": 0, "FT_PCT": 0.0, "OREB": 0, "DREB": 3, "REB": 3, "AST": 10, "STL": 0, "BLK": 0, "TOV": 2, "PF": 1, "PTS": 6, "PLUS_MINUS": -6, "VIDEO_AVAILABLE": 1}, {"SEASON_ID": "22017", "Player_ID": 203915, "Game_ID": "0021700719", "GAME_DATE": "JAN 26, 2018", "MATCHUP": "BKN @ MIL", "WL": "L", "MIN": 24, "FGM": 1, "FGA": 6, "FG_PCT": 0.167, "FG3M": 0, "FG3A": 4, "FG3_PCT": 0.0, "FTM": 7, "FTA": 8, "FT_PCT": 0.875, "OREB": 0, "DREB": 3, "REB": 3, "AST": 3, "STL": 1, "BLK": 1, "TOV": 1, "PF": 2, "PTS": 9, "PLUS_MINUS": -9, "VIDEO_AVAILABLE": 1}, {"SEASON_ID": "22017", "Player_ID": 203915, "Game_ID": "0021700697", "GAME_DATE": "JAN 23, 2018", "MATCHUP": "BKN @ OKC", "WL": "L", "MIN": 29, "FGM": 4, "FGA": 9, "FG_PCT": 0.444, "FG3M": 3, "FG3A": 6, "FG3_PCT": 0.5, "FTM": 2, "FTA": 2, "FT_PCT": 1.0, "OREB": 0, "DREB": 3, "REB": 3, "AST": 7, "STL": 0, "BLK": 0, "TOV": 3, "PF": 5, "PTS": 13, "PLUS_MINUS": 0, "VIDEO_AVAILABLE": 1}, {"SEASON_ID": "22017", "Player_ID": 203915, "Game_ID": "0021700685", "GAME_DATE": "JAN 21, 2018", "MATCHUP": "BKN @ DET", "WL": "W", "MIN": 31, "FGM": 9, "FGA": 13, "FG_PCT": 0.692, "FG3M": 4, "FG3A": 6, "FG3_PCT": 0.667, "FTM": 0, "FTA": 0, "FT_PCT": 0.0, "OREB": 0, "DREB": 4, "REB": 4, "AST": 5, "STL": 0, "BLK": 0, "TOV": 5, "PF": 1, "PTS": 22, "PLUS_MINUS": 1, "VIDEO_AVAILABLE": 2}, {"SEASON_ID": "22017", "Player_ID": 203915, "Game_ID": "0021700668", "GAME_DATE": "JAN 19, 2018", "MATCHUP": "BKN vs. MIA", "WL": "W", "MIN": 29, "FGM": 6, "FGA": 12, "FG_PCT": 0.5, "FG3M": 1, "FG3A": 5, "FG3_PCT": 0.2, "FTM": 2, "FTA": 2, "FT_PCT": 1.0, "OREB": 1, "DREB": 5, "REB": 6, "AST": 3, "STL": 0, "BLK": 0, "TOV": 4, "PF": 2, "PTS": 15, "PLUS_MINUS": 4, "VIDEO_AVAILABLE": 1}, {"SEASON_ID": "22017", "Player_ID": 203915, "Game_ID": "0021700655", "GAME_DATE": "JAN 17, 2018", "MATCHUP": "BKN vs. SAS", "WL": "L", "MIN": 35, "FGM": 3, "FGA": 13, "FG_PCT": 0.231, "FG3M": 0, "FG3A": 5, "FG3_PCT": 0.0, "FTM": 3, "FTA": 5, "FT_PCT": 0.6, "OREB": 0, "DREB": 1, "REB": 1, "AST": 13, "STL": 2, "BLK": 0, "TOV": 0, "PF": 4, "PTS": 9, "PLUS_MINUS": 0, "VIDEO_AVAILABLE": 1}, {"SEASON_ID": "22017", "Player_ID": 203915, "Game_ID": "0021700642", "GAME_DATE": "JAN 15, 2018", "MATCHUP": "BKN vs. NYK", "WL": "L", "MIN": 28, "FGM": 2, "FGA": 14, "FG_PCT": 0.143, "FG3M": 0, "FG3A": 4, "FG3_PCT": 0.0, "FTM": 4, "FTA": 4, "FT_PCT": 1.0, "OREB": 1, "DREB": 3, "REB": 4, "AST": 5, "STL": 0, "BLK": 0, "TOV": 0, "PF": 2, "PTS": 8, "PLUS_MINUS": -10, "VIDEO_AVAILABLE": 1}, {"SEASON_ID": "22017", "Player_ID": 203915, "Game_ID": "0021700630", "GAME_DATE": "JAN 13, 2018", "MATCHUP": "BKN @ WAS", "WL": "L", "MIN": 35, "FGM": 4, "FGA": 16, "FG_PCT": 0.25, "FG3M": 2, "FG3A": 10, "FG3_PCT": 0.2, "FTM": 3, "FTA": 3, "FT_PCT": 1.0, "OREB": 1, "DREB": 5, "REB": 6, "AST": 4, "STL": 1, "BLK": 1, "TOV": 2, "PF": 2, "PTS": 13, "PLUS_MINUS": -8, "VIDEO_AVAILABLE": 1}, {"SEASON_ID": "22017", "Player_ID": 203915, "Game_ID": "0021700621", "GAME_DATE": "JAN 12, 2018", "MATCHUP": "BKN @ ATL", "WL": "W", "MIN": 30, "FGM": 6, "FGA": 15, "FG_PCT": 0.4, "FG3M": 3, "FG3A": 9, "FG3_PCT": 0.333, "FTM": 5, "FTA": 7, "FT_PCT": 0.714, "OREB": 1, "DREB": 8, "REB": 9, "AST": 10, "STL": 1, "BLK": 0, "TOV": 3, "PF": 3, "PTS": 20, "PLUS_MINUS": 3, "VIDEO_AVAILABLE": 1}, {"SEASON_ID": "22017", "Player_ID": 203915, "Game_ID": "0021700606", "GAME_DATE": "JAN 10, 2018", "MATCHUP": "BKN vs. DET", "WL": "L", "MIN": 26, "FGM": 1, "FGA": 5, "FG_PCT": 0.2, "FG3M": 0, "FG3A": 3, "FG3_PCT": 0.0, "FTM": 0, "FTA": 0, "FT_PCT": 0.0, "OREB": 0, "DREB": 3, "REB": 3, "AST": 3, "STL": 0, "BLK": 0, "TOV": 1, "PF": 0, "PTS": 2, "PLUS_MINUS": -15, "VIDEO_AVAILABLE": 1}, {"SEASON_ID": "22017", "Player_ID": 203915, "Game_ID": "0021700592", "GAME_DATE": "JAN 08, 2018", "MATCHUP": "BKN vs. TOR", "WL": "L", "MIN": 42, "FGM": 10, "FGA": 24, "FG_PCT": 0.417, "FG3M": 3, "FG3A": 10, "FG3_PCT": 0.3, "FTM": 8, "FTA": 9, "FT_PCT": 0.889, "OREB": 1, "DREB": 4, "REB": 5, "AST": 8, "STL": 2, "BLK": 0, "TOV": 1, "PF": 2, "PTS": 31, "PLUS_MINUS": 4, "VIDEO_AVAILABLE": 1}, {"SEASON_ID": "22017", "Player_ID": 203915, "Game_ID": "0021700579", "GAME_DATE": "JAN 06, 2018", "MATCHUP": "BKN vs. BOS", "WL": "L", "MIN": 37, "FGM": 7, "FGA": 15, "FG_PCT": 0.467, "FG3M": 1, "FG3A": 5, "FG3_PCT": 0.2, "FTM": 5, "FTA": 5, "FT_PCT": 1.0, "OREB": 1, "DREB": 2, "REB": 3, "AST": 3, "STL": 1, "BLK": 0, "TOV": 4, "PF": 3, "PTS": 20, "PLUS_MINUS": -1, "VIDEO_AVAILABLE": 1}, {"SEASON_ID": "22017", "Player_ID": 203915, "Game_ID": "0021700557", "GAME_DATE": "JAN 03, 2018", "MATCHUP": "BKN vs. MIN", "WL": "W", "MIN": 36, "FGM": 9, "FGA": 14, "FG_PCT": 0.643, "FG3M": 4, "FG3A": 7, "FG3_PCT": 0.571, "FTM": 4, "FTA": 4, "FT_PCT": 1.0, "OREB": 0, "DREB": 1, "REB": 1, "AST": 9, "STL": 1, "BLK": 0, "TOV": 3, "PF": 1, "PTS": 26, "PLUS_MINUS": 1, "VIDEO_AVAILABLE": 1}, {"SEASON_ID": "22017", "Player_ID": 203915, "Game_ID": "0021700545", "GAME_DATE": "JAN 01, 2018", "MATCHUP": "BKN vs. ORL", "WL": "W", "MIN": 30, "FGM": 2, "FGA": 6, "FG_PCT": 0.333, "FG3M": 2, "FG3A": 5, "FG3_PCT": 0.4, "FTM": 1, "FTA": 2, "FT_PCT": 0.5, "OREB": 0, "DREB": 3, "REB": 3, "AST": 5, "STL": 1, "BLK": 2, "TOV": 1, "PF": 2, "PTS": 7, "PLUS_MINUS": 10, "VIDEO_AVAILABLE": 1}, {"SEASON_ID": "22017", "Player_ID": 203915, "Game_ID": "0021700539", "GAME_DATE": "DEC 31, 2017", "MATCHUP": "BKN @ BOS", "WL": "L", "MIN": 29, "FGM": 3, "FGA": 9, "FG_PCT": 0.333, "FG3M": 2, "FG3A": 7, "FG3_PCT": 0.286, "FTM": 2, "FTA": 2, "FT_PCT": 1.0, "OREB": 0, "DREB": 2, "REB": 2, "AST": 9, "STL": 1, "BLK": 0, "TOV": 1, "PF": 3, "PTS": 10, "PLUS_MINUS": -5, "VIDEO_AVAILABLE": 1}, {"SEASON_ID": "22017", "Player_ID": 203915, "Game_ID": "0021700523", "GAME_DATE": "DEC 29, 2017", "MATCHUP": "BKN @ MIA", "WL": "W", "MIN": 29, "FGM": 4, "FGA": 11, "FG_PCT": 0.364, "FG3M": 1, "FG3A": 4, "FG3_PCT": 0.25, "FTM": 2, "FTA": 2, "FT_PCT": 1.0, "OREB": 1, "DREB": 1, "REB": 2, "AST": 6, "STL": 2, "BLK": 1, "TOV": 2, "PF": 4, "PTS": 11, "PLUS_MINUS": 7, "VIDEO_AVAILABLE": 1}, {"SEASON_ID": "22017", "Player_ID": 203915, "Game_ID": "0021700511", "GAME_DATE": "DEC 27, 2017", "MATCHUP": "BKN @ NOP", "WL": "L", "MIN": 22, "FGM": 1, "FGA": 4, "FG_PCT": 0.25, "FG3M": 1, "FG3A": 2, "FG3_PCT": 0.5, "FTM": 4, "FTA": 4, "FT_PCT": 1.0, "OREB": 0, "DREB": 3, "REB": 3, "AST": 4, "STL": 0, "BLK": 1, "TOV": 1, "PF": 1, "PTS": 7, "PLUS_MINUS": -21, "VIDEO_AVAILABLE": 1}, {"SEASON_ID": "22017", "Player_ID": 203915, "Game_ID": "0021700502", "GAME_DATE": "DEC 26, 2017", "MATCHUP": "BKN @ SAS", "WL": "L", "MIN": 26, "FGM": 5, "FGA": 9, "FG_PCT": 0.556, "FG3M": 2, "FG3A": 2, "FG3_PCT": 1.0, "FTM": 0, "FTA": 0, "FT_PCT": 0.0, "OREB": 0, "DREB": 0, "REB": 0, "AST": 7, "STL": 0, "BLK": 0, "TOV": 0, "PF": 3, "PTS": 12, "PLUS_MINUS": -4, "VIDEO_AVAILABLE": 1}, {"SEASON_ID": "22017", "Player_ID": 203915, "Game_ID": "0021700482", "GAME_DATE": "DEC 23, 2017", "MATCHUP": "BKN @ IND", "WL": "L", "MIN": 39, "FGM": 8, "FGA": 20, "FG_PCT": 0.4, "FG3M": 5, "FG3A": 11, "FG3_PCT": 0.455, "FTM": 5, "FTA": 5, "FT_PCT": 1.0, "OREB": 0, "DREB": 1, "REB": 1, "AST": 8, "STL": 0, "BLK": 0, "TOV": 1, "PF": 3, "PTS": 26, "PLUS_MINUS": -5, "VIDEO_AVAILABLE": 1}, {"SEASON_ID": "22017", "Player_ID": 203915, "Game_ID": "0021700473", "GAME_DATE": "DEC 22, 2017", "MATCHUP": "BKN vs. WAS", "WL": "W", "MIN": 22, "FGM": 5, "FGA": 7, "FG_PCT": 0.714, "FG3M": 4, "FG3A": 5, "FG3_PCT": 0.8, "FTM": 1, "FTA": 1, "FT_PCT": 1.0, "OREB": 0, "DREB": 2, "REB": 2, "AST": 4, "STL": 1, "BLK": 1, "TOV": 3, "PF": 1, "PTS": 15, "PLUS_MINUS": 26, "VIDEO_AVAILABLE": 1}, {"SEASON_ID": "22017", "Player_ID": 203915, "Game_ID": "0021700457", "GAME_DATE": "DEC 20, 2017", "MATCHUP": "BKN vs. SAC", "WL": "L", "MIN": 31, "FGM": 5, "FGA": 15, "FG_PCT": 0.333, "FG3M": 2, "FG3A": 10, "FG3_PCT": 0.2, "FTM": 4, "FTA": 5, "FT_PCT": 0.8, "OREB": 1, "DREB": 2, "REB": 3, "AST": 4, "STL": 1, "BLK": 0, "TOV": 1, "PF": 5, "PTS": 16, "PLUS_MINUS": 2, "VIDEO_AVAILABLE": 1}, {"SEASON_ID": "22017", "Player_ID": 203915, "Game_ID": "0021700439", "GAME_DATE": "DEC 17, 2017", "MATCHUP": "BKN vs. IND", "WL": "L", "MIN": 25, "FGM": 1, "FGA": 6, "FG_PCT": 0.167, "FG3M": 0, "FG3A": 5, "FG3_PCT": 0.0, "FTM": 3, "FTA": 3, "FT_PCT": 1.0, "OREB": 0, "DREB": 3, "REB": 3, "AST": 9, "STL": 1, "BLK": 0, "TOV": 0, "PF": 2, "PTS": 5, "PLUS_MINUS": -7, "VIDEO_AVAILABLE": 1}, {"SEASON_ID": "22017", "Player_ID": 203915, "Game_ID": "0021700424", "GAME_DATE": "DEC 15, 2017", "MATCHUP": "BKN @ TOR", "WL": "L", "MIN": 22, "FGM": 3, "FGA": 9, "FG_PCT": 0.333, "FG3M": 0, "FG3A": 2, "FG3_PCT": 0.0, "FTM": 1, "FTA": 2, "FT_PCT": 0.5, "OREB": 0, "DREB": 2, "REB": 2, "AST": 5, "STL": 0, "BLK": 0, "TOV": 3, "PF": 2, "PTS": 7, "PLUS_MINUS": -28, "VIDEO_AVAILABLE": 2}, {"SEASON_ID": "22017", "Player_ID": 203915, "Game_ID": "0021700414", "GAME_DATE": "DEC 14, 2017", "MATCHUP": "BKN vs. NYK", "WL": "L", "MIN": 35, "FGM": 9, "FGA": 17, "FG_PCT": 0.529, "FG3M": 4, "FG3A": 11, "FG3_PCT": 0.364, "FTM": 4, "FTA": 5, "FT_PCT": 0.8, "OREB": 0, "DREB": 7, "REB": 7, "AST": 7, "STL": 1, "BLK": 1, "TOV": 2, "PF": 0, "PTS": 26, "PLUS_MINUS": 12, "VIDEO_AVAILABLE": 1}, {"SEASON_ID": "22017", "Player_ID": 203915, "Game_ID": "0021700400", "GAME_DATE": "DEC 12, 2017", "MATCHUP": "BKN vs. WAS", "WL": "W", "MIN": 32, "FGM": 4, "FGA": 14, "FG_PCT": 0.286, "FG3M": 1, "FG3A": 11, "FG3_PCT": 0.091, "FTM": 2, "FTA": 4, "FT_PCT": 0.5, "OREB": 2, "DREB": 4, "REB": 6, "AST": 12, "STL": 2, "BLK": 1, "TOV": 3, "PF": 1, "PTS": 11, "PLUS_MINUS": 11, "VIDEO_AVAILABLE": 1}, {"SEASON_ID": "22017", "Player_ID": 203915, "Game_ID": "0021700376", "GAME_DATE": "DEC 09, 2017", "MATCHUP": "BKN vs. MIA", "WL": "L", "MIN": 32, "FGM": 5, "FGA": 15, "FG_PCT": 0.333, "FG3M": 3, "FG3A": 9, "FG3_PCT": 0.333, "FTM": 2, "FTA": 2, "FT_PCT": 1.0, "OREB": 1, "DREB": 2, "REB": 3, "AST": 9, "STL": 1, "BLK": 0, "TOV": 4, "PF": 3, "PTS": 15, "PLUS_MINUS": -7, "VIDEO_AVAILABLE": 1}, {"SEASON_ID": "22017", "Player_ID": 203915, "Game_ID": "0021700365", "GAME_DATE": "DEC 07, 2017", "MATCHUP": "BKN vs. OKC", "WL": "W", "MIN": 19, "FGM": 2, "FGA": 6, "FG_PCT": 0.333, "FG3M": 1, "FG3A": 4, "FG3_PCT": 0.25, "FTM": 0, "FTA": 1, "FT_PCT": 0.0, "OREB": 0, "DREB": 4, "REB": 4, "AST": 7, "STL": 0, "BLK": 0, "TOV": 1, "PF": 5, "PTS": 5, "PLUS_MINUS": 7, "VIDEO_AVAILABLE": 1}, {"SEASON_ID": "22017", "Player_ID": 203915, "Game_ID": "0021700342", "GAME_DATE": "DEC 04, 2017", "MATCHUP": "BKN @ ATL", "WL": "W", "MIN": 30, "FGM": 5, "FGA": 10, "FG_PCT": 0.5, "FG3M": 3, "FG3A": 6, "FG3_PCT": 0.5, "FTM": 0, "FTA": 0, "FT_PCT": 0.0, "OREB": 0, "DREB": 5, "REB": 5, "AST": 6, "STL": 0, "BLK": 0, "TOV": 0, "PF": 0, "PTS": 13, "PLUS_MINUS": 19, "VIDEO_AVAILABLE": 1}, {"SEASON_ID": "22017", "Player_ID": 203915, "Game_ID": "0021700328", "GAME_DATE": "DEC 02, 2017", "MATCHUP": "BKN vs. ATL", "WL": "L", "MIN": 30, "FGM": 5, "FGA": 10, "FG_PCT": 0.5, "FG3M": 3, "FG3A": 8, "FG3_PCT": 0.375, "FTM": 2, "FTA": 2, "FT_PCT": 1.0, "OREB": 1, "DREB": 5, "REB": 6, "AST": 9, "STL": 0, "BLK": 3, "TOV": 3, "PF": 2, "PTS": 15, "PLUS_MINUS": -1, "VIDEO_AVAILABLE": 1}, {"SEASON_ID": "22017", "Player_ID": 203915, "Game_ID": "0021700310", "GAME_DATE": "NOV 29, 2017", "MATCHUP": "BKN @ DAL", "WL": "W", "MIN": 33, "FGM": 6, "FGA": 15, "FG_PCT": 0.4, "FG3M": 2, "FG3A": 6, "FG3_PCT": 0.333, "FTM": 5, "FTA": 8, "FT_PCT": 0.625, "OREB": 2, "DREB": 1, "REB": 3, "AST": 6, "STL": 0, "BLK": 1, "TOV": 1, "PF": 5, "PTS": 19, "PLUS_MINUS": 6, "VIDEO_AVAILABLE": 1}, {"SEASON_ID": "22017", "Player_ID": 203915, "Game_ID": "0021700294", "GAME_DATE": "NOV 27, 2017", "MATCHUP": "BKN @ HOU", "WL": "L", "MIN": 31, "FGM": 6, "FGA": 14, "FG_PCT": 0.429, "FG3M": 2, "FG3A": 8, "FG3_PCT": 0.25, "FTM": 0, "FTA": 1, "FT_PCT": 0.0, "OREB": 0, "DREB": 4, "REB": 4, "AST": 7, "STL": 0, "BLK": 0, "TOV": 0, "PF": 2, "PTS": 14, "PLUS_MINUS": -15, "VIDEO_AVAILABLE": 1}, {"SEASON_ID": "22017", "Player_ID": 203915, "Game_ID": "0021700289", "GAME_DATE": "NOV 26, 2017", "MATCHUP": "BKN @ MEM", "WL": "W", "MIN": 33, "FGM": 2, "FGA": 10, "FG_PCT": 0.2, "FG3M": 1, "FG3A": 6, "FG3_PCT": 0.167, "FTM": 4, "FTA": 6, "FT_PCT": 0.667, "OREB": 0, "DREB": 2, "REB": 2, "AST": 7, "STL": 0, "BLK": 2, "TOV": 2, "PF": 5, "PTS": 9, "PLUS_MINUS": 17, "VIDEO_AVAILABLE": 1}, {"SEASON_ID": "22017", "Player_ID": 203915, "Game_ID": "0021700267", "GAME_DATE": "NOV 24, 2017", "MATCHUP": "BKN vs. POR", "WL": "L", "MIN": 31, "FGM": 9, "FGA": 20, "FG_PCT": 0.45, "FG3M": 4, "FG3A": 9, "FG3_PCT": 0.444, "FTM": 1, "FTA": 2, "FT_PCT": 0.5, "OREB": 2, "DREB": 2, "REB": 4, "AST": 6, "STL": 1, "BLK": 1, "TOV": 0, "PF": 4, "PTS": 23, "PLUS_MINUS": -5, "VIDEO_AVAILABLE": 1}, {"SEASON_ID": "22017", "Player_ID": 203915, "Game_ID": "0021700254", "GAME_DATE": "NOV 22, 2017", "MATCHUP": "BKN @ CLE", "WL": "L", "MIN": 27, "FGM": 3, "FGA": 7, "FG_PCT": 0.429, "FG3M": 2, "FG3A": 5, "FG3_PCT": 0.4, "FTM": 0, "FTA": 0, "FT_PCT": 0.0, "OREB": 0, "DREB": 1, "REB": 1, "AST": 10, "STL": 1, "BLK": 0, "TOV": 3, "PF": 3, "PTS": 8, "PLUS_MINUS": -10, "VIDEO_AVAILABLE": 1}, {"SEASON_ID": "22017", "Player_ID": 203915, "Game_ID": "0021700236", "GAME_DATE": "NOV 19, 2017", "MATCHUP": "BKN vs. GSW", "WL": "L", "MIN": 31, "FGM": 4, "FGA": 13, "FG_PCT": 0.308, "FG3M": 2, "FG3A": 8, "FG3_PCT": 0.25, "FTM": 11, "FTA": 13, "FT_PCT": 0.846, "OREB": 0, "DREB": 2, "REB": 2, "AST": 8, "STL": 1, "BLK": 1, "TOV": 2, "PF": 5, "PTS": 21, "PLUS_MINUS": 6, "VIDEO_AVAILABLE": 1}, {"SEASON_ID": "22017", "Player_ID": 203915, "Game_ID": "0021700219", "GAME_DATE": "NOV 17, 2017", "MATCHUP": "BKN vs. UTA", "WL": "W", "MIN": 31, "FGM": 9, "FGA": 14, "FG_PCT": 0.643, "FG3M": 6, "FG3A": 10, "FG3_PCT": 0.6, "FTM": 1, "FTA": 1, "FT_PCT": 1.0, "OREB": 0, "DREB": 5, "REB": 5, "AST": 8, "STL": 2, "BLK": 0, "TOV": 0, "PF": 3, "PTS": 25, "PLUS_MINUS": 9, "VIDEO_AVAILABLE": 1}, {"SEASON_ID": "22017", "Player_ID": 203915, "Game_ID": "0021700201", "GAME_DATE": "NOV 14, 2017", "MATCHUP": "BKN vs. BOS", "WL": "L", "MIN": 34, "FGM": 4, "FGA": 14, "FG_PCT": 0.286, "FG3M": 1, "FG3A": 6, "FG3_PCT": 0.167, "FTM": 3, "FTA": 5, "FT_PCT": 0.6, "OREB": 0, "DREB": 3, "REB": 3, "AST": 11, "STL": 0, "BLK": 1, "TOV": 1, "PF": 4, "PTS": 12, "PLUS_MINUS": -2, "VIDEO_AVAILABLE": 1}, {"SEASON_ID": "22017", "Player_ID": 203915, "Game_ID": "0021700176", "GAME_DATE": "NOV 10, 2017", "MATCHUP": "BKN @ POR", "WL": "W", "MIN": 25, "FGM": 4, "FGA": 12, "FG_PCT": 0.333, "FG3M": 1, "FG3A": 3, "FG3_PCT": 0.333, "FTM": 0, "FTA": 0, "FT_PCT": 0.0, "OREB": 1, "DREB": 2, "REB": 3, "AST": 3, "STL": 0, "BLK": 0, "TOV": 1, "PF": 1, "PTS": 9, "PLUS_MINUS": -3, "VIDEO_AVAILABLE": 1}, {"SEASON_ID": "22017", "Player_ID": 203915, "Game_ID": "0021700155", "GAME_DATE": "NOV 07, 2017", "MATCHUP": "BKN @ DEN", "WL": "L", "MIN": 17, "FGM": 2, "FGA": 6, "FG_PCT": 0.333, "FG3M": 1, "FG3A": 2, "FG3_PCT": 0.5, "FTM": 0, "FTA": 0, "FT_PCT": 0.0, "OREB": 0, "DREB": 2, "REB": 2, "AST": 2, "STL": 0, "BLK": 0, "TOV": 0, "PF": 0, "PTS": 5, "PLUS_MINUS": -5, "VIDEO_AVAILABLE": 1}, {"SEASON_ID": "22017", "Player_ID": 203915, "Game_ID": "0021700147", "GAME_DATE": "NOV 06, 2017", "MATCHUP": "BKN @ PHX", "WL": "W", "MIN": 27, "FGM": 1, "FGA": 8, "FG_PCT": 0.125, "FG3M": 1, "FG3A": 3, "FG3_PCT": 0.333, "FTM": 1, "FTA": 1, "FT_PCT": 1.0, "OREB": 2, "DREB": 2, "REB": 4, "AST": 7, "STL": 0, "BLK": 0, "TOV": 0, "PF": 3, "PTS": 4, "PLUS_MINUS": 8, "VIDEO_AVAILABLE": 1}, {"SEASON_ID": "22017", "Player_ID": 203915, "Game_ID": "0021700130", "GAME_DATE": "NOV 03, 2017", "MATCHUP": "BKN @ LAL", "WL": "L", "MIN": 15, "FGM": 2, "FGA": 6, "FG_PCT": 0.333, "FG3M": 2, "FG3A": 4, "FG3_PCT": 0.5, "FTM": 1, "FTA": 2, "FT_PCT": 0.5, "OREB": 1, "DREB": 3, "REB": 4, "AST": 4, "STL": 1, "BLK": 0, "TOV": 2, "PF": 5, "PTS": 7, "PLUS_MINUS": -4, "VIDEO_AVAILABLE": 1}, {"SEASON_ID": "22017", "Player_ID": 203915, "Game_ID": "0021700102", "GAME_DATE": "OCT 31, 2017", "MATCHUP": "BKN vs. PHX", "WL": "L", "MIN": 22, "FGM": 5, "FGA": 10, "FG_PCT": 0.5, "FG3M": 3, "FG3A": 4, "FG3_PCT": 0.75, "FTM": 2, "FTA": 2, "FT_PCT": 1.0, "OREB": 0, "DREB": 0, "REB": 0, "AST": 4, "STL": 2, "BLK": 0, "TOV": 1, "PF": 4, "PTS": 15, "PLUS_MINUS": 6, "VIDEO_AVAILABLE": 2}, {"SEASON_ID": "22017", "Player_ID": 203915, "Game_ID": "0021700087", "GAME_DATE": "OCT 29, 2017", "MATCHUP": "BKN vs. DEN", "WL": "L", "MIN": 30, "FGM": 5, "FGA": 10, "FG_PCT": 0.5, "FG3M": 3, "FG3A": 6, "FG3_PCT": 0.5, "FTM": 9, "FTA": 10, "FT_PCT": 0.9, "OREB": 0, "DREB": 4, "REB": 4, "AST": 4, "STL": 3, "BLK": 0, "TOV": 0, "PF": 0, "PTS": 22, "PLUS_MINUS": -7, "VIDEO_AVAILABLE": 1}, {"SEASON_ID": "22017", "Player_ID": 203915, "Game_ID": "0021700073", "GAME_DATE": "OCT 27, 2017", "MATCHUP": "BKN @ NYK", "WL": "L", "MIN": 22, "FGM": 1, "FGA": 3, "FG_PCT": 0.333, "FG3M": 0, "FG3A": 0, "FG3_PCT": 0.0, "FTM": 2, "FTA": 2, "FT_PCT": 1.0, "OREB": 0, "DREB": 0, "REB": 0, "AST": 11, "STL": 1, "BLK": 0, "TOV": 2, "PF": 1, "PTS": 4, "PLUS_MINUS": -1, "VIDEO_AVAILABLE": 1}, {"SEASON_ID": "22017", "Player_ID": 203915, "Game_ID": "0021700058", "GAME_DATE": "OCT 25, 2017", "MATCHUP": "BKN vs. CLE", "WL": "W", "MIN": 32, "FGM": 7, "FGA": 13, "FG_PCT": 0.538, "FG3M": 4, "FG3A": 8, "FG3_PCT": 0.5, "FTM": 4, "FTA": 4, "FT_PCT": 1.0, "OREB": 1, "DREB": 4, "REB": 5, "AST": 6, "STL": 1, "BLK": 0, "TOV": 2, "PF": 3, "PTS": 22, "PLUS_MINUS": 8, "VIDEO_AVAILABLE": 1}, {"SEASON_ID": "22017", "Player_ID": 203915, "Game_ID": "0021700050", "GAME_DATE": "OCT 24, 2017", "MATCHUP": "BKN @ ORL", "WL": "L", "MIN": 18, "FGM": 2, "FGA": 5, "FG_PCT": 0.4, "FG3M": 0, "FG3A": 1, "FG3_PCT": 0.0, "FTM": 2, "FTA": 3, "FT_PCT": 0.667, "OREB": 0, "DREB": 2, "REB": 2, "AST": 4, "STL": 0, "BLK": 0, "TOV": 1, "PF": 4, "PTS": 6, "PLUS_MINUS": 5, "VIDEO_AVAILABLE": 2}, {"SEASON_ID": "22017", "Player_ID": 203915, "Game_ID": "0021700038", "GAME_DATE": "OCT 22, 2017", "MATCHUP": "BKN vs. ATL", "WL": "W", "MIN": 19, "FGM": 2, "FGA": 6, "FG_PCT": 0.333, "FG3M": 1, "FG3A": 3, "FG3_PCT": 0.333, "FTM": 0, "FTA": 0, "FT_PCT": 0.0, "OREB": 1, "DREB": 2, "REB": 3, "AST": 5, "STL": 1, "BLK": 0, "TOV": 0, "PF": 0, "PTS": 5, "PLUS_MINUS": 1, "VIDEO_AVAILABLE": 1}, {"SEASON_ID": "22017", "Player_ID": 203915, "Game_ID": "0021700022", "GAME_DATE": "OCT 20, 2017", "MATCHUP": "BKN vs. ORL", "WL": "W", "MIN": 25, "FGM": 6, "FGA": 15, "FG_PCT": 0.4, "FG3M": 2, "FG3A": 5, "FG3_PCT": 0.4, "FTM": 2, "FTA": 3, "FT_PCT": 0.667, "OREB": 3, "DREB": 2, "REB": 5, "AST": 5, "STL": 2, "BLK": 0, "TOV": 1, "PF": 1, "PTS": 16, "PLUS_MINUS": 12, "VIDEO_AVAILABLE": 1}, {"SEASON_ID": "22017", "Player_ID": 203915, "Game_ID": "0021700004", "GAME_DATE": "OCT 18, 2017", "MATCHUP": "BKN @ IND", "WL": "L", "MIN": 17, "FGM": 1, "FGA": 5, "FG_PCT": 0.2, "FG3M": 0, "FG3A": 1, "FG3_PCT": 0.0, "FTM": 0, "FTA": 0, "FT_PCT": 0.0, "OREB": 1, "DREB": 2, "REB": 3, "AST": 4, "STL": 0, "BLK": 0, "TOV": 2, "PF": 2, "PTS": 2, "PLUS_MINUS": -6, "VIDEO_AVAILABLE": 1}, {"SEASON_ID": "22014", "Player_ID": 203915, "Game_ID": "0021401109", "GAME_DATE": "MAR 31, 2015", "MATCHUP": "DET vs. ATL", "WL": "W", "MIN": 4, "FGM": 0, "FGA": 0, "FG_PCT": 0.0, "FG3M": 0, "FG3A": 0, "FG3_PCT": 0.0, "FTM": 0, "FTA": 0, "FT_PCT": 0.0, "OREB": 0, "DREB": 0, "REB": 0, "AST": 2, "STL": 0, "BLK": 0, "TOV": 0, "PF": 2, "PTS": 0, "PLUS_MINUS": -8, "VIDEO_AVAILABLE": 1}, {"SEASON_ID": "22014", "Player_ID": 203915, "Game_ID": "0021401096", "GAME_DATE": "MAR 29, 2015", "MATCHUP": "DET @ MIA", "WL": "L", "MIN": 12, "FGM": 0, "FGA": 5, "FG_PCT": 0.0, "FG3M": 0, "FG3A": 1, "FG3_PCT": 0.0, "FTM": 2, "FTA": 2, "FT_PCT": 1.0, "OREB": 0, "DREB": 1, "REB": 1, "AST": 1, "STL": 0, "BLK": 0, "TOV": 1, "PF": 1, "PTS": 2, "PLUS_MINUS": -10, "VIDEO_AVAILABLE": 1}, {"SEASON_ID": "22014", "Player_ID": 203915, "Game_ID": "0021401074", "GAME_DATE": "MAR 27, 2015", "MATCHUP": "DET @ ORL", "WL": "W", "MIN": 17, "FGM": 2, "FGA": 6, "FG_PCT": 0.333, "FG3M": 0, "FG3A": 1, "FG3_PCT": 0.0, "FTM": 3, "FTA": 4, "FT_PCT": 0.75, "OREB": 0, "DREB": 2, "REB": 2, "AST": 6, "STL": 2, "BLK": 0, "TOV": 0, "PF": 2, "PTS": 7, "PLUS_MINUS": 9, "VIDEO_AVAILABLE": 1}, {"SEASON_ID": "22014", "Player_ID": 203915, "Game_ID": "0021401054", "GAME_DATE": "MAR 24, 2015", "MATCHUP": "DET vs. TOR", "WL": "W", "MIN": 14, "FGM": 2, "FGA": 5, "FG_PCT": 0.4, "FG3M": 0, "FG3A": 1, "FG3_PCT": 0.0, "FTM": 0, "FTA": 0, "FT_PCT": 0.0, "OREB": 0, "DREB": 0, "REB": 0, "AST": 3, "STL": 2, "BLK": 0, "TOV": 3, "PF": 1, "PTS": 4, "PLUS_MINUS": -8, "VIDEO_AVAILABLE": 1}, {"SEASON_ID": "22014", "Player_ID": 203915, "Game_ID": "0021401043", "GAME_DATE": "MAR 22, 2015", "MATCHUP": "DET @ BOS", "WL": "W", "MIN": 16, "FGM": 3, "FGA": 5, "FG_PCT": 0.6, "FG3M": 0, "FG3A": 1, "FG3_PCT": 0.0, "FTM": 0, "FTA": 0, "FT_PCT": 0.0, "OREB": 0, "DREB": 3, "REB": 3, "AST": 4, "STL": 2, "BLK": 2, "TOV": 3, "PF": 3, "PTS": 6, "PLUS_MINUS": -4, "VIDEO_AVAILABLE": 1}, {"SEASON_ID": "22014", "Player_ID": 203915, "Game_ID": "0021401033", "GAME_DATE": "MAR 21, 2015", "MATCHUP": "DET vs. CHI", "WL": "W", "MIN": 20, "FGM": 3, "FGA": 11, "FG_PCT": 0.273, "FG3M": 1, "FG3A": 4, "FG3_PCT": 0.25, "FTM": 3, "FTA": 3, "FT_PCT": 1.0, "OREB": 1, "DREB": 2, "REB": 3, "AST": 10, "STL": 1, "BLK": 0, "TOV": 1, "PF": 4, "PTS": 10, "PLUS_MINUS": 6, "VIDEO_AVAILABLE": 1}, {"SEASON_ID": "22014", "Player_ID": 203915, "Game_ID": "0021401006", "GAME_DATE": "MAR 18, 2015", "MATCHUP": "DET @ PHI", "WL": "L", "MIN": 19, "FGM": 2, "FGA": 11, "FG_PCT": 0.182, "FG3M": 1, "FG3A": 3, "FG3_PCT": 0.333, "FTM": 2, "FTA": 2, "FT_PCT": 1.0, "OREB": 1, "DREB": 2, "REB": 3, "AST": 3, "STL": 0, "BLK": 0, "TOV": 0, "PF": 2, "PTS": 7, "PLUS_MINUS": -9, "VIDEO_AVAILABLE": 1}, {"SEASON_ID": "22014", "Player_ID": 203915, "Game_ID": "0021401000", "GAME_DATE": "MAR 17, 2015", "MATCHUP": "DET vs. MEM", "WL": "W", "MIN": 14, "FGM": 2, "FGA": 6, "FG_PCT": 0.333, "FG3M": 1, "FG3A": 2, "FG3_PCT": 0.5, "FTM": 0, "FTA": 0, "FT_PCT": 0.0, "OREB": 0, "DREB": 2, "REB": 2, "AST": 1, "STL": 0, "BLK": 0, "TOV": 1, "PF": 2, "PTS": 5, "PLUS_MINUS": -14, "VIDEO_AVAILABLE": 1}, {"SEASON_ID": "22014", "Player_ID": 203915, "Game_ID": "0021400980", "GAME_DATE": "MAR 14, 2015", "MATCHUP": "DET @ UTA", "WL": "L", "MIN": 20, "FGM": 3, "FGA": 9, "FG_PCT": 0.333, "FG3M": 1, "FG3A": 4, "FG3_PCT": 0.25, "FTM": 2, "FTA": 3, "FT_PCT": 0.667, "OREB": 1, "DREB": 1, "REB": 2, "AST": 6, "STL": 2, "BLK": 0, "TOV": 0, "PF": 2, "PTS": 9, "PLUS_MINUS": 10, "VIDEO_AVAILABLE": 1}, {"SEASON_ID": "22014", "Player_ID": 203915, "Game_ID": "0021400975", "GAME_DATE": "MAR 13, 2015", "MATCHUP": "DET @ POR", "WL": "L", "MIN": 16, "FGM": 2, "FGA": 6, "FG_PCT": 0.333, "FG3M": 1, "FG3A": 4, "FG3_PCT": 0.25, "FTM": 0, "FTA": 0, "FT_PCT": 0.0, "OREB": 0, "DREB": 3, "REB": 3, "AST": 2, "STL": 0, "BLK": 0, "TOV": 1, "PF": 1, "PTS": 5, "PLUS_MINUS": -13, "VIDEO_AVAILABLE": 1}, {"SEASON_ID": "22014", "Player_ID": 203915, "Game_ID": "0021400960", "GAME_DATE": "MAR 11, 2015", "MATCHUP": "DET @ GSW", "WL": "L", "MIN": 17, "FGM": 3, "FGA": 9, "FG_PCT": 0.333, "FG3M": 2, "FG3A": 4, "FG3_PCT": 0.5, "FTM": 0, "FTA": 0, "FT_PCT": 0.0, "OREB": 0, "DREB": 2, "REB": 2, "AST": 1, "STL": 0, "BLK": 0, "TOV": 3, "PF": 2, "PTS": 8, "PLUS_MINUS": -6, "VIDEO_AVAILABLE": 1}, {"SEASON_ID": "22014", "Player_ID": 203915, "Game_ID": "0021400951", "GAME_DATE": "MAR 10, 2015", "MATCHUP": "DET @ LAL", "WL": "L", "MIN": 19, "FGM": 1, "FGA": 6, "FG_PCT": 0.167, "FG3M": 0, "FG3A": 3, "FG3_PCT": 0.0, "FTM": 2, "FTA": 2, "FT_PCT": 1.0, "OREB": 0, "DREB": 2, "REB": 2, "AST": 6, "STL": 1, "BLK": 1, "TOV": 1, "PF": 6, "PTS": 4, "PLUS_MINUS": 9, "VIDEO_AVAILABLE": 1}, {"SEASON_ID": "22014", "Player_ID": 203915, "Game_ID": "0021400917", "GAME_DATE": "MAR 06, 2015", "MATCHUP": "DET @ HOU", "WL": "L", "MIN": 14, "FGM": 0, "FGA": 4, "FG_PCT": 0.0, "FG3M": 0, "FG3A": 1, "FG3_PCT": 0.0, "FTM": 4, "FTA": 4, "FT_PCT": 1.0, "OREB": 0, "DREB": 2, "REB": 2, "AST": 0, "STL": 0, "BLK": 0, "TOV": 0, "PF": 1, "PTS": 4, "PLUS_MINUS": -6, "VIDEO_AVAILABLE": 1}, {"SEASON_ID": "22014", "Player_ID": 203915, "Game_ID": "0021400903", "GAME_DATE": "MAR 04, 2015", "MATCHUP": "DET @ NOP", "WL": "L", "MIN": 15, "FGM": 1, "FGA": 5, "FG_PCT": 0.2, "FG3M": 0, "FG3A": 2, "FG3_PCT": 0.0, "FTM": 0, "FTA": 0, "FT_PCT": 0.0, "OREB": 0, "DREB": 1, "REB": 1, "AST": 4, "STL": 0, "BLK": 0, "TOV": 1, "PF": 1, "PTS": 2, "PLUS_MINUS": -15, "VIDEO_AVAILABLE": 1}, {"SEASON_ID": "22014", "Player_ID": 203915, "Game_ID": "0021400870", "GAME_DATE": "FEB 28, 2015", "MATCHUP": "DET @ WAS", "WL": "L", "MIN": 25, "FGM": 8, "FGA": 14, "FG_PCT": 0.571, "FG3M": 1, "FG3A": 4, "FG3_PCT": 0.25, "FTM": 3, "FTA": 3, "FT_PCT": 1.0, "OREB": 1, "DREB": 3, "REB": 4, "AST": 8, "STL": 1, "BLK": 0, "TOV": 3, "PF": 4, "PTS": 20, "PLUS_MINUS": 5, "VIDEO_AVAILABLE": 1}, {"SEASON_ID": "22014", "Player_ID": 203915, "Game_ID": "0021400839", "GAME_DATE": "FEB 24, 2015", "MATCHUP": "DET vs. CLE", "WL": "L", "MIN": 9, "FGM": 0, "FGA": 4, "FG_PCT": 0.0, "FG3M": 0, "FG3A": 2, "FG3_PCT": 0.0, "FTM": 0, "FTA": 0, "FT_PCT": 0.0, "OREB": 0, "DREB": 0, "REB": 0, "AST": 0, "STL": 0, "BLK": 0, "TOV": 2, "PF": 0, "PTS": 0, "PLUS_MINUS": -7, "VIDEO_AVAILABLE": 1}, {"SEASON_ID": "22014", "Player_ID": 203915, "Game_ID": "0021400823", "GAME_DATE": "FEB 22, 2015", "MATCHUP": "DET vs. WAS", "WL": "W", "MIN": 18, "FGM": 0, "FGA": 6, "FG_PCT": 0.0, "FG3M": 0, "FG3A": 3, "FG3_PCT": 0.0, "FTM": 0, "FTA": 0, "FT_PCT": 0.0, "OREB": 0, "DREB": 1, "REB": 1, "AST": 7, "STL": 0, "BLK": 0, "TOV": 2, "PF": 2, "PTS": 0, "PLUS_MINUS": 9, "VIDEO_AVAILABLE": 1}, {"SEASON_ID": "22014", "Player_ID": 203915, "Game_ID": "0021400806", "GAME_DATE": "FEB 20, 2015", "MATCHUP": "DET vs. CHI", "WL": "W", "MIN": 31, "FGM": 5, "FGA": 9, "FG_PCT": 0.556, "FG3M": 1, "FG3A": 2, "FG3_PCT": 0.5, "FTM": 1, "FTA": 2, "FT_PCT": 0.5, "OREB": 0, "DREB": 3, "REB": 3, "AST": 9, "STL": 3, "BLK": 0, "TOV": 2, "PF": 3, "PTS": 12, "PLUS_MINUS": 19, "VIDEO_AVAILABLE": 1}, {"SEASON_ID": "22014", "Player_ID": 203915, "Game_ID": "0021400790", "GAME_DATE": "FEB 11, 2015", "MATCHUP": "DET vs. SAS", "WL": "L", "MIN": 2, "FGM": 0, "FGA": 1, "FG_PCT": 0.0, "FG3M": 0, "FG3A": 0, "FG3_PCT": 0.0, "FTM": 0, "FTA": 0, "FT_PCT": 0.0, "OREB": 0, "DREB": 0, "REB": 0, "AST": 1, "STL": 0, "BLK": 0, "TOV": 0, "PF": 0, "PTS": 0, "PLUS_MINUS": 1, "VIDEO_AVAILABLE": 1}, {"SEASON_ID": "22014", "Player_ID": 203915, "Game_ID": "0021400783", "GAME_DATE": "FEB 10, 2015", "MATCHUP": "DET @ CHA", "WL": "W", "MIN": 4, "FGM": 0, "FGA": 0, "FG_PCT": 0.0, "FG3M": 0, "FG3A": 0, "FG3_PCT": 0.0, "FTM": 0, "FTA": 0, "FT_PCT": 0.0, "OREB": 0, "DREB": 0, "REB": 0, "AST": 0, "STL": 0, "BLK": 0, "TOV": 0, "PF": 0, "PTS": 0, "PLUS_MINUS": -1, "VIDEO_AVAILABLE": 1}, {"SEASON_ID": "22014", "Player_ID": 203915, "Game_ID": "0021400727", "GAME_DATE": "FEB 03, 2015", "MATCHUP": "DET vs. MIA", "WL": "W", "MIN": 7, "FGM": 0, "FGA": 0, "FG_PCT": 0.0, "FG3M": 0, "FG3A": 0, "FG3_PCT": 0.0, "FTM": 0, "FTA": 0, "FT_PCT": 0.0, "OREB": 0, "DREB": 0, "REB": 0, "AST": 2, "STL": 0, "BLK": 0, "TOV": 0, "PF": 1, "PTS": 0, "PLUS_MINUS": -15, "VIDEO_AVAILABLE": 1}, {"SEASON_ID": "22014", "Player_ID": 203915, "Game_ID": "0021400709", "GAME_DATE": "JAN 31, 2015", "MATCHUP": "DET vs. HOU", "WL": "W", "MIN": 11, "FGM": 1, "FGA": 2, "FG_PCT": 0.5, "FG3M": 0, "FG3A": 1, "FG3_PCT": 0.0, "FTM": 0, "FTA": 0, "FT_PCT": 0.0, "OREB": 0, "DREB": 2, "REB": 2, "AST": 2, "STL": 0, "BLK": 0, "TOV": 2, "PF": 1, "PTS": 2, "PLUS_MINUS": -9, "VIDEO_AVAILABLE": 1}, {"SEASON_ID": "22014", "Player_ID": 203915, "Game_ID": "0021400682", "GAME_DATE": "JAN 28, 2015", "MATCHUP": "DET @ PHI", "WL": "L", "MIN": 14, "FGM": 1, "FGA": 6, "FG_PCT": 0.167, "FG3M": 0, "FG3A": 2, "FG3_PCT": 0.0, "FTM": 4, "FTA": 4, "FT_PCT": 1.0, "OREB": 0, "DREB": 1, "REB": 1, "AST": 2, "STL": 1, "BLK": 1, "TOV": 1, "PF": 2, "PTS": 6, "PLUS_MINUS": 3, "VIDEO_AVAILABLE": 1}, {"SEASON_ID": "22014", "Player_ID": 203915, "Game_ID": "0021400676", "GAME_DATE": "JAN 27, 2015", "MATCHUP": "DET vs. CLE", "WL": "L", "MIN": 12, "FGM": 1, "FGA": 3, "FG_PCT": 0.333, "FG3M": 0, "FG3A": 1, "FG3_PCT": 0.0, "FTM": 0, "FTA": 0, "FT_PCT": 0.0, "OREB": 0, "DREB": 3, "REB": 3, "AST": 3, "STL": 0, "BLK": 1, "TOV": 2, "PF": 0, "PTS": 2, "PLUS_MINUS": 1, "VIDEO_AVAILABLE": 1}, {"SEASON_ID": "22014", "Player_ID": 203915, "Game_ID": "0021400664", "GAME_DATE": "JAN 25, 2015", "MATCHUP": "DET @ TOR", "WL": "L", "MIN": 11, "FGM": 1, "FGA": 4, "FG_PCT": 0.25, "FG3M": 0, "FG3A": 2, "FG3_PCT": 0.0, "FTM": 0, "FTA": 0, "FT_PCT": 0.0, "OREB": 0, "DREB": 1, "REB": 1, "AST": 2, "STL": 0, "BLK": 1, "TOV": 0, "PF": 3, "PTS": 2, "PLUS_MINUS": -1, "VIDEO_AVAILABLE": 1}, {"SEASON_ID": "22014", "Player_ID": 203915, "Game_ID": "0021400653", "GAME_DATE": "JAN 24, 2015", "MATCHUP": "DET @ MIL", "WL": "L", "MIN": 7, "FGM": 1, "FGA": 3, "FG_PCT": 0.333, "FG3M": 0, "FG3A": 1, "FG3_PCT": 0.0, "FTM": 2, "FTA": 2, "FT_PCT": 1.0, "OREB": 0, "DREB": 2, "REB": 2, "AST": 2, "STL": 1, "BLK": 0, "TOV": 1, "PF": 0, "PTS": 4, "PLUS_MINUS": 10, "VIDEO_AVAILABLE": 1}, {"SEASON_ID": "22014", "Player_ID": 203915, "Game_ID": "0021400465", "GAME_DATE": "DEC 30, 2014", "MATCHUP": "DET @ ORL", "WL": "W", "MIN": 3, "FGM": 1, "FGA": 1, "FG_PCT": 1.0, "FG3M": 0, "FG3A": 0, "FG3_PCT": 0.0, "FTM": 0, "FTA": 0, "FT_PCT": 0.0, "OREB": 0, "DREB": 0, "REB": 0, "AST": 1, "STL": 1, "BLK": 0, "TOV": 0, "PF": 0, "PTS": 2, "PLUS_MINUS": 1, "VIDEO_AVAILABLE": 1}, {"SEASON_ID": "22014", "Player_ID": 203915, "Game_ID": "0021400362", "GAME_DATE": "DEC 15, 2014", "MATCHUP": "DET @ LAC", "WL": "L", "MIN": 9, "FGM": 1, "FGA": 4, "FG_PCT": 0.25, "FG3M": 0, "FG3A": 3, "FG3_PCT": 0.0, "FTM": 0, "FTA": 0, "FT_PCT": 0.0, "OREB": 0, "DREB": 0, "REB": 0, "AST": 1, "STL": 0, "BLK": 0, "TOV": 0, "PF": 1, "PTS": 2, "PLUS_MINUS": 1, "VIDEO_AVAILABLE": 1}, {"SEASON_ID": "22014", "Player_ID": 203915, "Game_ID": "0021400309", "GAME_DATE": "DEC 09, 2014", "MATCHUP": "DET vs. POR", "WL": "L", "MIN": 14, "FGM": 1, "FGA": 6, "FG_PCT": 0.167, "FG3M": 0, "FG3A": 4, "FG3_PCT": 0.0, "FTM": 1, "FTA": 1, "FT_PCT": 1.0, "OREB": 0, "DREB": 1, "REB": 1, "AST": 3, "STL": 0, "BLK": 0, "TOV": 0, "PF": 0, "PTS": 3, "PLUS_MINUS": 2, "VIDEO_AVAILABLE": 1}, {"SEASON_ID": "22014", "Player_ID": 203915, "Game_ID": "0021400226", "GAME_DATE": "NOV 28, 2014", "MATCHUP": "DET vs. MIL", "WL": "L", "MIN": 14, "FGM": 1, "FGA": 4, "FG_PCT": 0.25, "FG3M": 0, "FG3A": 2, "FG3_PCT": 0.0, "FTM": 0, "FTA": 0, "FT_PCT": 0.0, "OREB": 0, "DREB": 3, "REB": 3, "AST": 3, "STL": 1, "BLK": 0, "TOV": 0, "PF": 3, "PTS": 2, "PLUS_MINUS": -14, "VIDEO_AVAILABLE": 1}, {"SEASON_ID": "22014", "Player_ID": 203915, "Game_ID": "0021400216", "GAME_DATE": "NOV 26, 2014", "MATCHUP": "DET vs. LAC", "WL": "L", "MIN": 17, "FGM": 4, "FGA": 7, "FG_PCT": 0.571, "FG3M": 2, "FG3A": 4, "FG3_PCT": 0.5, "FTM": 0, "FTA": 0, "FT_PCT": 0.0, "OREB": 0, "DREB": 0, "REB": 0, "AST": 4, "STL": 0, "BLK": 0, "TOV": 0, "PF": 1, "PTS": 10, "PLUS_MINUS": -7, "VIDEO_AVAILABLE": 1}, {"SEASON_ID": "22014", "Player_ID": 203915, "Game_ID": "0021400207", "GAME_DATE": "NOV 25, 2014", "MATCHUP": "DET @ MIL", "WL": "L", "MIN": 11, "FGM": 1, "FGA": 3, "FG_PCT": 0.333, "FG3M": 1, "FG3A": 1, "FG3_PCT": 1.0, "FTM": 0, "FTA": 0, "FT_PCT": 0.0, "OREB": 0, "DREB": 0, "REB": 0, "AST": 3, "STL": 1, "BLK": 0, "TOV": 2, "PF": 0, "PTS": 3, "PLUS_MINUS": -2, "VIDEO_AVAILABLE": 1}, {"SEASON_ID": "22014", "Player_ID": 203915, "Game_ID": "0021400165", "GAME_DATE": "NOV 19, 2014", "MATCHUP": "DET vs. PHX", "WL": "L", "MIN": 14, "FGM": 0, "FGA": 3, "FG_PCT": 0.0, "FG3M": 0, "FG3A": 2, "FG3_PCT": 0.0, "FTM": 2, "FTA": 2, "FT_PCT": 1.0, "OREB": 0, "DREB": 1, "REB": 1, "AST": 1, "STL": 0, "BLK": 0, "TOV": 1, "PF": 1, "PTS": 2, "PLUS_MINUS": -4, "VIDEO_AVAILABLE": 1}, {"SEASON_ID": "22014", "Player_ID": 203915, "Game_ID": "0021400011", "GAME_DATE": "OCT 29, 2014", "MATCHUP": "DET @ DEN", "WL": "L", "MIN": 8, "FGM": 0, "FGA": 1, "FG_PCT": 0.0, "FG3M": 0, "FG3A": 0, "FG3_PCT": 0.0, "FTM": 0, "FTA": 0, "FT_PCT": 0.0, "OREB": 0, "DREB": 0, "REB": 0, "AST": 1, "STL": 0, "BLK": 0, "TOV": 0, "PF": 1, "PTS": 0, "PLUS_MINUS": -3, "VIDEO_AVAILABLE": 1}, {"SEASON_ID": "22015", "Player_ID": 203915, "Game_ID": "0021501220", "GAME_DATE": "APR 13, 2016", "MATCHUP": "DET @ CLE", "WL": "W", "MIN": 29, "FGM": 3, "FGA": 12, "FG_PCT": 0.25, "FG3M": 0, "FG3A": 2, "FG3_PCT": 0.0, "FTM": 6, "FTA": 10, "FT_PCT": 0.6, "OREB": 2, "DREB": 3, "REB": 5, "AST": 5, "STL": 0, "BLK": 0, "TOV": 0, "PF": 0, "PTS": 12, "PLUS_MINUS": 1, "VIDEO_AVAILABLE": 1}, {"SEASON_ID": "22015", "Player_ID": 203915, "Game_ID": "0021501213", "GAME_DATE": "APR 12, 2016", "MATCHUP": "DET vs. MIA", "WL": "L", "MIN": 16, "FGM": 2, "FGA": 5, "FG_PCT": 0.4, "FG3M": 0, "FG3A": 1, "FG3_PCT": 0.0, "FTM": 2, "FTA": 4, "FT_PCT": 0.5, "OREB": 1, "DREB": 1, "REB": 2, "AST": 3, "STL": 0, "BLK": 0, "TOV": 0, "PF": 3, "PTS": 6, "PLUS_MINUS": -8, "VIDEO_AVAILABLE": 1}, {"SEASON_ID": "22015", "Player_ID": 203915, "Game_ID": "0021501155", "GAME_DATE": "APR 05, 2016", "MATCHUP": "DET @ MIA", "WL": "L", "MIN": 4, "FGM": 0, "FGA": 2, "FG_PCT": 0.0, "FG3M": 0, "FG3A": 0, "FG3_PCT": 0.0, "FTM": 0, "FTA": 0, "FT_PCT": 0.0, "OREB": 1, "DREB": 0, "REB": 1, "AST": 1, "STL": 1, "BLK": 0, "TOV": 2, "PF": 1, "PTS": 0, "PLUS_MINUS": -1, "VIDEO_AVAILABLE": 1}, {"SEASON_ID": "22015", "Player_ID": 203915, "Game_ID": "0021500346", "GAME_DATE": "DEC 12, 2015", "MATCHUP": "DET vs. IND", "WL": "W", "MIN": 3, "FGM": 0, "FGA": 0, "FG_PCT": 0.0, "FG3M": 0, "FG3A": 0, "FG3_PCT": 0.0, "FTM": 0, "FTA": 0, "FT_PCT": 0.0, "OREB": 0, "DREB": 0, "REB": 0, "AST": 0, "STL": 0, "BLK": 0, "TOV": 0, "PF": 0, "PTS": 0, "PLUS_MINUS": -3, "VIDEO_AVAILABLE": 1}, {"SEASON_ID": "22015", "Player_ID": 203915, "Game_ID": "0021500304", "GAME_DATE": "DEC 07, 2015", "MATCHUP": "DET @ CHA", "WL": "L", "MIN": 4, "FGM": 0, "FGA": 1, "FG_PCT": 0.0, "FG3M": 0, "FG3A": 0, "FG3_PCT": 0.0, "FTM": 0, "FTA": 0, "FT_PCT": 0.0, "OREB": 0, "DREB": 0, "REB": 0, "AST": 1, "STL": 0, "BLK": 0, "TOV": 0, "PF": 0, "PTS": 0, "PLUS_MINUS": 2, "VIDEO_AVAILABLE": 1}, {"SEASON_ID": "22015", "Player_ID": 203915, "Game_ID": "0021500301", "GAME_DATE": "DEC 06, 2015", "MATCHUP": "DET vs. LAL", "WL": "W", "MIN": 5, "FGM": 1, "FGA": 1, "FG_PCT": 1.0, "FG3M": 0, "FG3A": 0, "FG3_PCT": 0.0, "FTM": 0, "FTA": 0, "FT_PCT": 0.0, "OREB": 0, "DREB": 1, "REB": 1, "AST": 0, "STL": 0, "BLK": 0, "TOV": 0, "PF": 0, "PTS": 2, "PLUS_MINUS": 0, "VIDEO_AVAILABLE": 1}, {"SEASON_ID": "22015", "Player_ID": 203915, "Game_ID": "0021500205", "GAME_DATE": "NOV 23, 2015", "MATCHUP": "DET @ MIL", "WL": "L", "MIN": 17, "FGM": 1, "FGA": 4, "FG_PCT": 0.25, "FG3M": 0, "FG3A": 1, "FG3_PCT": 0.0, "FTM": 2, "FTA": 4, "FT_PCT": 0.5, "OREB": 0, "DREB": 2, "REB": 2, "AST": 3, "STL": 0, "BLK": 0, "TOV": 1, "PF": 2, "PTS": 4, "PLUS_MINUS": -13, "VIDEO_AVAILABLE": 1}, {"SEASON_ID": "22015", "Player_ID": 203915, "Game_ID": "0021500192", "GAME_DATE": "NOV 21, 2015", "MATCHUP": "DET vs. WAS", "WL": "L", "MIN": 16, "FGM": 2, "FGA": 7, "FG_PCT": 0.286, "FG3M": 0, "FG3A": 0, "FG3_PCT": 0.0, "FTM": 2, "FTA": 3, "FT_PCT": 0.667, "OREB": 0, "DREB": 1, "REB": 1, "AST": 2, "STL": 0, "BLK": 0, "TOV": 0, "PF": 3, "PTS": 6, "PLUS_MINUS": -20, "VIDEO_AVAILABLE": 1}, {"SEASON_ID": "22015", "Player_ID": 203915, "Game_ID": "0021500181", "GAME_DATE": "NOV 20, 2015", "MATCHUP": "DET @ MIN", "WL": "W", "MIN": 20, "FGM": 2, "FGA": 6, "FG_PCT": 0.333, "FG3M": 0, "FG3A": 2, "FG3_PCT": 0.0, "FTM": 2, "FTA": 3, "FT_PCT": 0.667, "OREB": 0, "DREB": 1, "REB": 1, "AST": 2, "STL": 1, "BLK": 0, "TOV": 0, "PF": 2, "PTS": 6, "PLUS_MINUS": -5, "VIDEO_AVAILABLE": 1}, {"SEASON_ID": "22015", "Player_ID": 203915, "Game_ID": "0021500160", "GAME_DATE": "NOV 17, 2015", "MATCHUP": "DET vs. CLE", "WL": "W", "MIN": 14, "FGM": 1, "FGA": 6, "FG_PCT": 0.167, "FG3M": 0, "FG3A": 1, "FG3_PCT": 0.0, "FTM": 1, "FTA": 2, "FT_PCT": 0.5, "OREB": 0, "DREB": 1, "REB": 1, "AST": 1, "STL": 1, "BLK": 0, "TOV": 1, "PF": 2, "PTS": 3, "PLUS_MINUS": -10, "VIDEO_AVAILABLE": 1}, {"SEASON_ID": "22015", "Player_ID": 203915, "Game_ID": "0021500151", "GAME_DATE": "NOV 15, 2015", "MATCHUP": "DET @ LAL", "WL": "L", "MIN": 24, "FGM": 6, "FGA": 9, "FG_PCT": 0.667, "FG3M": 1, "FG3A": 3, "FG3_PCT": 0.333, "FTM": 4, "FTA": 5, "FT_PCT": 0.8, "OREB": 0, "DREB": 2, "REB": 2, "AST": 4, "STL": 0, "BLK": 0, "TOV": 1, "PF": 4, "PTS": 17, "PLUS_MINUS": 1, "VIDEO_AVAILABLE": 1}, {"SEASON_ID": "22015", "Player_ID": 203915, "Game_ID": "0021500054", "GAME_DATE": "NOV 03, 2015", "MATCHUP": "DET vs. IND", "WL": "L", "MIN": 7, "FGM": 1, "FGA": 1, "FG_PCT": 1.0, "FG3M": 0, "FG3A": 0, "FG3_PCT": 0.0, "FTM": 0, "FTA": 2, "FT_PCT": 0.0, "OREB": 0, "DREB": 1, "REB": 1, "AST": 0, "STL": 0, "BLK": 0, "TOV": 2, "PF": 3, "PTS": 2, "PLUS_MINUS": 0, "VIDEO_AVAILABLE": 1}, {"SEASON_ID": "22016", "Player_ID": 203915, "Game_ID": "0021601222", "GAME_DATE": "APR 12, 2017", "MATCHUP": "BKN @ CHI", "WL": "L", "MIN": 31, "FGM": 1, "FGA": 5, "FG_PCT": 0.2, "FG3M": 1, "FG3A": 5, "FG3_PCT": 0.2, "FTM": 2, "FTA": 2, "FT_PCT": 1.0, "OREB": 1, "DREB": 3, "REB": 4, "AST": 2, "STL": 1, "BLK": 0, "TOV": 1, "PF": 4, "PTS": 5, "PLUS_MINUS": -14, "VIDEO_AVAILABLE": 1}, {"SEASON_ID": "22016", "Player_ID": 203915, "Game_ID": "0021601204", "GAME_DATE": "APR 10, 2017", "MATCHUP": "BKN @ BOS", "WL": "L", "MIN": 17, "FGM": 0, "FGA": 2, "FG_PCT": 0.0, "FG3M": 0, "FG3A": 1, "FG3_PCT": 0.0, "FTM": 2, "FTA": 2, "FT_PCT": 1.0, "OREB": 0, "DREB": 3, "REB": 3, "AST": 2, "STL": 0, "BLK": 0, "TOV": 0, "PF": 2, "PTS": 2, "PLUS_MINUS": -5, "VIDEO_AVAILABLE": 1}, {"SEASON_ID": "22016", "Player_ID": 203915, "Game_ID": "0021601188", "GAME_DATE": "APR 08, 2017", "MATCHUP": "BKN vs. CHI", "WL": "W", "MIN": 26, "FGM": 6, "FGA": 9, "FG_PCT": 0.667, "FG3M": 1, "FG3A": 3, "FG3_PCT": 0.333, "FTM": 6, "FTA": 6, "FT_PCT": 1.0, "OREB": 1, "DREB": 2, "REB": 3, "AST": 4, "STL": 2, "BLK": 0, "TOV": 1, "PF": 0, "PTS": 19, "PLUS_MINUS": -14, "VIDEO_AVAILABLE": 1}, {"SEASON_ID": "22016", "Player_ID": 203915, "Game_ID": "0021601174", "GAME_DATE": "APR 06, 2017", "MATCHUP": "BKN @ ORL", "WL": "L", "MIN": 24, "FGM": 4, "FGA": 6, "FG_PCT": 0.667, "FG3M": 2, "FG3A": 2, "FG3_PCT": 1.0, "FTM": 1, "FTA": 2, "FT_PCT": 0.5, "OREB": 1, "DREB": 2, "REB": 3, "AST": 3, "STL": 2, "BLK": 1, "TOV": 2, "PF": 3, "PTS": 11, "PLUS_MINUS": 6, "VIDEO_AVAILABLE": 1}, {"SEASON_ID": "22016", "Player_ID": 203915, "Game_ID": "0021601154", "GAME_DATE": "APR 04, 2017", "MATCHUP": "BKN @ PHI", "WL": "W", "MIN": 25, "FGM": 4, "FGA": 5, "FG_PCT": 0.8, "FG3M": 1, "FG3A": 2, "FG3_PCT": 0.5, "FTM": 4, "FTA": 4, "FT_PCT": 1.0, "OREB": 0, "DREB": 2, "REB": 2, "AST": 7, "STL": 2, "BLK": 0, "TOV": 2, "PF": 0, "PTS": 13, "PLUS_MINUS": 2, "VIDEO_AVAILABLE": 1}, {"SEASON_ID": "22016", "Player_ID": 203915, "Game_ID": "0021601148", "GAME_DATE": "APR 02, 2017", "MATCHUP": "BKN vs. ATL", "WL": "W", "MIN": 22, "FGM": 1, "FGA": 4, "FG_PCT": 0.25, "FG3M": 1, "FG3A": 2, "FG3_PCT": 0.5, "FTM": 4, "FTA": 5, "FT_PCT": 0.8, "OREB": 0, "DREB": 2, "REB": 2, "AST": 0, "STL": 2, "BLK": 1, "TOV": 0, "PF": 1, "PTS": 7, "PLUS_MINUS": 3, "VIDEO_AVAILABLE": 1}, {"SEASON_ID": "22016", "Player_ID": 203915, "Game_ID": "0021601139", "GAME_DATE": "APR 01, 2017", "MATCHUP": "BKN vs. ORL", "WL": "W", "MIN": 20, "FGM": 3, "FGA": 5, "FG_PCT": 0.6, "FG3M": 0, "FG3A": 2, "FG3_PCT": 0.0, "FTM": 1, "FTA": 1, "FT_PCT": 1.0, "OREB": 1, "DREB": 2, "REB": 3, "AST": 1, "STL": 2, "BLK": 1, "TOV": 0, "PF": 2, "PTS": 7, "PLUS_MINUS": 20, "VIDEO_AVAILABLE": 1}, {"SEASON_ID": "22016", "Player_ID": 203915, "Game_ID": "0021601121", "GAME_DATE": "MAR 30, 2017", "MATCHUP": "BKN @ DET", "WL": "L", "MIN": 20, "FGM": 4, "FGA": 7, "FG_PCT": 0.571, "FG3M": 1, "FG3A": 3, "FG3_PCT": 0.333, "FTM": 2, "FTA": 2, "FT_PCT": 1.0, "OREB": 1, "DREB": 2, "REB": 3, "AST": 2, "STL": 0, "BLK": 1, "TOV": 0, "PF": 1, "PTS": 11, "PLUS_MINUS": -8, "VIDEO_AVAILABLE": 1}, {"SEASON_ID": "22016", "Player_ID": 203915, "Game_ID": "0021601105", "GAME_DATE": "MAR 28, 2017", "MATCHUP": "BKN vs. PHI", "WL": "L", "MIN": 18, "FGM": 2, "FGA": 6, "FG_PCT": 0.333, "FG3M": 1, "FG3A": 2, "FG3_PCT": 0.5, "FTM": 5, "FTA": 8, "FT_PCT": 0.625, "OREB": 2, "DREB": 2, "REB": 4, "AST": 5, "STL": 1, "BLK": 0, "TOV": 1, "PF": 0, "PTS": 10, "PLUS_MINUS": -6, "VIDEO_AVAILABLE": 1}, {"SEASON_ID": "22016", "Player_ID": 203915, "Game_ID": "0021601088", "GAME_DATE": "MAR 26, 2017", "MATCHUP": "BKN @ ATL", "WL": "W", "MIN": 21, "FGM": 3, "FGA": 5, "FG_PCT": 0.6, "FG3M": 2, "FG3A": 3, "FG3_PCT": 0.667, "FTM": 2, "FTA": 3, "FT_PCT": 0.667, "OREB": 0, "DREB": 2, "REB": 2, "AST": 4, "STL": 2, "BLK": 1, "TOV": 2, "PF": 3, "PTS": 10, "PLUS_MINUS": 20, "VIDEO_AVAILABLE": 1}, {"SEASON_ID": "22016", "Player_ID": 203915, "Game_ID": "0021601072", "GAME_DATE": "MAR 24, 2017", "MATCHUP": "BKN @ WAS", "WL": "L", "MIN": 21, "FGM": 0, "FGA": 2, "FG_PCT": 0.0, "FG3M": 0, "FG3A": 1, "FG3_PCT": 0.0, "FTM": 1, "FTA": 4, "FT_PCT": 0.25, "OREB": 0, "DREB": 1, "REB": 1, "AST": 3, "STL": 0, "BLK": 0, "TOV": 3, "PF": 2, "PTS": 1, "PLUS_MINUS": -17, "VIDEO_AVAILABLE": 1}, {"SEASON_ID": "22016", "Player_ID": 203915, "Game_ID": "0021601067", "GAME_DATE": "MAR 23, 2017", "MATCHUP": "BKN vs. PHX", "WL": "W", "MIN": 23, "FGM": 3, "FGA": 6, "FG_PCT": 0.5, "FG3M": 0, "FG3A": 1, "FG3_PCT": 0.0, "FTM": 0, "FTA": 0, "FT_PCT": 0.0, "OREB": 0, "DREB": 4, "REB": 4, "AST": 2, "STL": 2, "BLK": 1, "TOV": 0, "PF": 0, "PTS": 6, "PLUS_MINUS": 26, "VIDEO_AVAILABLE": 1}, {"SEASON_ID": "22016", "Player_ID": 203915, "Game_ID": "0021601052", "GAME_DATE": "MAR 21, 2017", "MATCHUP": "BKN vs. DET", "WL": "W", "MIN": 30, "FGM": 3, "FGA": 9, "FG_PCT": 0.333, "FG3M": 0, "FG3A": 3, "FG3_PCT": 0.0, "FTM": 4, "FTA": 6, "FT_PCT": 0.667, "OREB": 3, "DREB": 6, "REB": 9, "AST": 4, "STL": 0, "BLK": 2, "TOV": 1, "PF": 2, "PTS": 10, "PLUS_MINUS": 3, "VIDEO_AVAILABLE": 1}, {"SEASON_ID": "22016", "Player_ID": 203915, "Game_ID": "0021601036", "GAME_DATE": "MAR 19, 2017", "MATCHUP": "BKN vs. DAL", "WL": "L", "MIN": 30, "FGM": 5, "FGA": 9, "FG_PCT": 0.556, "FG3M": 2, "FG3A": 6, "FG3_PCT": 0.333, "FTM": 6, "FTA": 7, "FT_PCT": 0.857, "OREB": 1, "DREB": 1, "REB": 2, "AST": 7, "STL": 1, "BLK": 0, "TOV": 1, "PF": 5, "PTS": 18, "PLUS_MINUS": 8, "VIDEO_AVAILABLE": 1}, {"SEASON_ID": "22016", "Player_ID": 203915, "Game_ID": "0021601022", "GAME_DATE": "MAR 17, 2017", "MATCHUP": "BKN vs. BOS", "WL": "L", "MIN": 29, "FGM": 1, "FGA": 5, "FG_PCT": 0.2, "FG3M": 0, "FG3A": 2, "FG3_PCT": 0.0, "FTM": 2, "FTA": 2, "FT_PCT": 1.0, "OREB": 1, "DREB": 2, "REB": 3, "AST": 4, "STL": 1, "BLK": 0, "TOV": 0, "PF": 2, "PTS": 4, "PLUS_MINUS": -6, "VIDEO_AVAILABLE": 1}, {"SEASON_ID": "22016", "Player_ID": 203915, "Game_ID": "0021601016", "GAME_DATE": "MAR 16, 2017", "MATCHUP": "BKN @ NYK", "WL": "W", "MIN": 21, "FGM": 1, "FGA": 2, "FG_PCT": 0.5, "FG3M": 1, "FG3A": 1, "FG3_PCT": 1.0, "FTM": 3, "FTA": 6, "FT_PCT": 0.5, "OREB": 0, "DREB": 3, "REB": 3, "AST": 3, "STL": 1, "BLK": 0, "TOV": 2, "PF": 0, "PTS": 6, "PLUS_MINUS": -6, "VIDEO_AVAILABLE": 1}, {"SEASON_ID": "22016", "Player_ID": 203915, "Game_ID": "0021601000", "GAME_DATE": "MAR 14, 2017", "MATCHUP": "BKN vs. OKC", "WL": "L", "MIN": 25, "FGM": 0, "FGA": 4, "FG_PCT": 0.0, "FG3M": 0, "FG3A": 1, "FG3_PCT": 0.0, "FTM": 3, "FTA": 4, "FT_PCT": 0.75, "OREB": 0, "DREB": 0, "REB": 0, "AST": 2, "STL": 0, "BLK": 0, "TOV": 3, "PF": 2, "PTS": 3, "PLUS_MINUS": -18, "VIDEO_AVAILABLE": 1}, {"SEASON_ID": "22016", "Player_ID": 203915, "Game_ID": "0021600986", "GAME_DATE": "MAR 12, 2017", "MATCHUP": "BKN vs. NYK", "WL": "W", "MIN": 28, "FGM": 3, "FGA": 5, "FG_PCT": 0.6, "FG3M": 2, "FG3A": 2, "FG3_PCT": 1.0, "FTM": 1, "FTA": 2, "FT_PCT": 0.5, "OREB": 1, "DREB": 1, "REB": 2, "AST": 6, "STL": 1, "BLK": 1, "TOV": 0, "PF": 1, "PTS": 9, "PLUS_MINUS": 10, "VIDEO_AVAILABLE": 1}, {"SEASON_ID": "22016", "Player_ID": 203915, "Game_ID": "0021600971", "GAME_DATE": "MAR 10, 2017", "MATCHUP": "BKN @ DAL", "WL": "L", "MIN": 22, "FGM": 1, "FGA": 2, "FG_PCT": 0.5, "FG3M": 0, "FG3A": 1, "FG3_PCT": 0.0, "FTM": 0, "FTA": 0, "FT_PCT": 0.0, "OREB": 0, "DREB": 0, "REB": 0, "AST": 3, "STL": 2, "BLK": 1, "TOV": 0, "PF": 5, "PTS": 2, "PLUS_MINUS": 0, "VIDEO_AVAILABLE": 1}, {"SEASON_ID": "22016", "Player_ID": 203915, "Game_ID": "0021600950", "GAME_DATE": "MAR 08, 2017", "MATCHUP": "BKN @ ATL", "WL": "L", "MIN": 23, "FGM": 0, "FGA": 1, "FG_PCT": 0.0, "FG3M": 0, "FG3A": 0, "FG3_PCT": 0.0, "FTM": 1, "FTA": 2, "FT_PCT": 0.5, "OREB": 0, "DREB": 2, "REB": 2, "AST": 4, "STL": 0, "BLK": 0, "TOV": 3, "PF": 0, "PTS": 1, "PLUS_MINUS": -1, "VIDEO_AVAILABLE": 1}, {"SEASON_ID": "22016", "Player_ID": 203915, "Game_ID": "0021600939", "GAME_DATE": "MAR 06, 2017", "MATCHUP": "BKN @ MEM", "WL": "W", "MIN": 24, "FGM": 1, "FGA": 5, "FG_PCT": 0.2, "FG3M": 1, "FG3A": 3, "FG3_PCT": 0.333, "FTM": 0, "FTA": 0, "FT_PCT": 0.0, "OREB": 0, "DREB": 3, "REB": 3, "AST": 3, "STL": 2, "BLK": 0, "TOV": 3, "PF": 3, "PTS": 3, "PLUS_MINUS": 1, "VIDEO_AVAILABLE": 1}, {"SEASON_ID": "22016", "Player_ID": 203915, "Game_ID": "0021600926", "GAME_DATE": "MAR 04, 2017", "MATCHUP": "BKN @ POR", "WL": "L", "MIN": 27, "FGM": 4, "FGA": 7, "FG_PCT": 0.571, "FG3M": 0, "FG3A": 2, "FG3_PCT": 0.0, "FTM": 6, "FTA": 6, "FT_PCT": 1.0, "OREB": 1, "DREB": 2, "REB": 3, "AST": 3, "STL": 0, "BLK": 1, "TOV": 1, "PF": 2, "PTS": 14, "PLUS_MINUS": -10, "VIDEO_AVAILABLE": 1}, {"SEASON_ID": "22016", "Player_ID": 203915, "Game_ID": "0021600915", "GAME_DATE": "MAR 03, 2017", "MATCHUP": "BKN @ UTA", "WL": "L", "MIN": 21, "FGM": 2, "FGA": 5, "FG_PCT": 0.4, "FG3M": 0, "FG3A": 1, "FG3_PCT": 0.0, "FTM": 1, "FTA": 2, "FT_PCT": 0.5, "OREB": 0, "DREB": 3, "REB": 3, "AST": 3, "STL": 0, "BLK": 0, "TOV": 2, "PF": 2, "PTS": 5, "PLUS_MINUS": 4, "VIDEO_AVAILABLE": 1}, {"SEASON_ID": "22016", "Player_ID": 203915, "Game_ID": "0021600905", "GAME_DATE": "MAR 01, 2017", "MATCHUP": "BKN @ SAC", "WL": "W", "MIN": 27, "FGM": 1, "FGA": 5, "FG_PCT": 0.2, "FG3M": 0, "FG3A": 0, "FG3_PCT": 0.0, "FTM": 4, "FTA": 4, "FT_PCT": 1.0, "OREB": 1, "DREB": 3, "REB": 4, "AST": 3, "STL": 0, "BLK": 0, "TOV": 0, "PF": 3, "PTS": 6, "PLUS_MINUS": -5, "VIDEO_AVAILABLE": 1}, {"SEASON_ID": "22016", "Player_ID": 203915, "Game_ID": "0021600873", "GAME_DATE": "FEB 25, 2017", "MATCHUP": "BKN @ GSW", "WL": "L", "MIN": 29, "FGM": 4, "FGA": 6, "FG_PCT": 0.667, "FG3M": 2, "FG3A": 3, "FG3_PCT": 0.667, "FTM": 3, "FTA": 5, "FT_PCT": 0.6, "OREB": 0, "DREB": 5, "REB": 5, "AST": 5, "STL": 0, "BLK": 0, "TOV": 0, "PF": 5, "PTS": 13, "PLUS_MINUS": 4, "VIDEO_AVAILABLE": 2}, {"SEASON_ID": "22016", "Player_ID": 203915, "Game_ID": "0021600864", "GAME_DATE": "FEB 24, 2017", "MATCHUP": "BKN @ DEN", "WL": "L", "MIN": 23, "FGM": 3, "FGA": 7, "FG_PCT": 0.429, "FG3M": 0, "FG3A": 1, "FG3_PCT": 0.0, "FTM": 2, "FTA": 3, "FT_PCT": 0.667, "OREB": 0, "DREB": 4, "REB": 4, "AST": 5, "STL": 2, "BLK": 0, "TOV": 0, "PF": 3, "PTS": 8, "PLUS_MINUS": -1, "VIDEO_AVAILABLE": 1}, {"SEASON_ID": "22016", "Player_ID": 203915, "Game_ID": "0021600838", "GAME_DATE": "FEB 15, 2017", "MATCHUP": "BKN vs. MIL", "WL": "L", "MIN": 27, "FGM": 7, "FGA": 12, "FG_PCT": 0.583, "FG3M": 1, "FG3A": 3, "FG3_PCT": 0.333, "FTM": 4, "FTA": 4, "FT_PCT": 1.0, "OREB": 1, "DREB": 4, "REB": 5, "AST": 8, "STL": 2, "BLK": 0, "TOV": 0, "PF": 3, "PTS": 19, "PLUS_MINUS": -1, "VIDEO_AVAILABLE": 1}, {"SEASON_ID": "22016", "Player_ID": 203915, "Game_ID": "0021600822", "GAME_DATE": "FEB 13, 2017", "MATCHUP": "BKN vs. MEM", "WL": "L", "MIN": 29, "FGM": 5, "FGA": 8, "FG_PCT": 0.625, "FG3M": 4, "FG3A": 5, "FG3_PCT": 0.8, "FTM": 3, "FTA": 3, "FT_PCT": 1.0, "OREB": 0, "DREB": 3, "REB": 3, "AST": 1, "STL": 0, "BLK": 0, "TOV": 0, "PF": 1, "PTS": 17, "PLUS_MINUS": -2, "VIDEO_AVAILABLE": 1}, {"SEASON_ID": "22016", "Player_ID": 203915, "Game_ID": "0021600799", "GAME_DATE": "FEB 10, 2017", "MATCHUP": "BKN vs. MIA", "WL": "L", "MIN": 19, "FGM": 0, "FGA": 3, "FG_PCT": 0.0, "FG3M": 0, "FG3A": 1, "FG3_PCT": 0.0, "FTM": 0, "FTA": 0, "FT_PCT": 0.0, "OREB": 0, "DREB": 3, "REB": 3, "AST": 8, "STL": 2, "BLK": 0, "TOV": 1, "PF": 0, "PTS": 0, "PLUS_MINUS": 4, "VIDEO_AVAILABLE": 1}, {"SEASON_ID": "22016", "Player_ID": 203915, "Game_ID": "0021600784", "GAME_DATE": "FEB 08, 2017", "MATCHUP": "BKN vs. WAS", "WL": "L", "MIN": 16, "FGM": 1, "FGA": 4, "FG_PCT": 0.25, "FG3M": 0, "FG3A": 1, "FG3_PCT": 0.0, "FTM": 0, "FTA": 0, "FT_PCT": 0.0, "OREB": 1, "DREB": 1, "REB": 2, "AST": 1, "STL": 0, "BLK": 0, "TOV": 2, "PF": 1, "PTS": 2, "PLUS_MINUS": 4, "VIDEO_AVAILABLE": 1}, {"SEASON_ID": "22016", "Player_ID": 203915, "Game_ID": "0021600779", "GAME_DATE": "FEB 07, 2017", "MATCHUP": "BKN @ CHA", "WL": "L", "MIN": 23, "FGM": 2, "FGA": 5, "FG_PCT": 0.4, "FG3M": 1, "FG3A": 3, "FG3_PCT": 0.333, "FTM": 2, "FTA": 2, "FT_PCT": 1.0, "OREB": 0, "DREB": 0, "REB": 0, "AST": 4, "STL": 1, "BLK": 0, "TOV": 0, "PF": 1, "PTS": 7, "PLUS_MINUS": -9, "VIDEO_AVAILABLE": 1}, {"SEASON_ID": "22016", "Player_ID": 203915, "Game_ID": "0021600765", "GAME_DATE": "FEB 05, 2017", "MATCHUP": "BKN vs. TOR", "WL": "L", "MIN": 21, "FGM": 1, "FGA": 2, "FG_PCT": 0.5, "FG3M": 1, "FG3A": 1, "FG3_PCT": 1.0, "FTM": 4, "FTA": 4, "FT_PCT": 1.0, "OREB": 0, "DREB": 0, "REB": 0, "AST": 3, "STL": 1, "BLK": 1, "TOV": 2, "PF": 1, "PTS": 7, "PLUS_MINUS": -2, "VIDEO_AVAILABLE": 1}, {"SEASON_ID": "22016", "Player_ID": 203915, "Game_ID": "0021600747", "GAME_DATE": "FEB 03, 2017", "MATCHUP": "BKN vs. IND", "WL": "L", "MIN": 27, "FGM": 4, "FGA": 9, "FG_PCT": 0.444, "FG3M": 3, "FG3A": 4, "FG3_PCT": 0.75, "FTM": 2, "FTA": 2, "FT_PCT": 1.0, "OREB": 1, "DREB": 3, "REB": 4, "AST": 1, "STL": 0, "BLK": 1, "TOV": 1, "PF": 1, "PTS": 13, "PLUS_MINUS": 4, "VIDEO_AVAILABLE": 1}, {"SEASON_ID": "22016", "Player_ID": 203915, "Game_ID": "0021600733", "GAME_DATE": "FEB 01, 2017", "MATCHUP": "BKN vs. NYK", "WL": "L", "MIN": 19, "FGM": 1, "FGA": 6, "FG_PCT": 0.167, "FG3M": 0, "FG3A": 2, "FG3_PCT": 0.0, "FTM": 1, "FTA": 2, "FT_PCT": 0.5, "OREB": 0, "DREB": 2, "REB": 2, "AST": 2, "STL": 0, "BLK": 0, "TOV": 0, "PF": 2, "PTS": 3, "PLUS_MINUS": -11, "VIDEO_AVAILABLE": 1}, {"SEASON_ID": "22016", "Player_ID": 203915, "Game_ID": "0021600719", "GAME_DATE": "JAN 30, 2017", "MATCHUP": "BKN @ MIA", "WL": "L", "MIN": 24, "FGM": 3, "FGA": 7, "FG_PCT": 0.429, "FG3M": 0, "FG3A": 0, "FG3_PCT": 0.0, "FTM": 4, "FTA": 4, "FT_PCT": 1.0, "OREB": 1, "DREB": 4, "REB": 5, "AST": 2, "STL": 0, "BLK": 0, "TOV": 0, "PF": 2, "PTS": 10, "PLUS_MINUS": -15, "VIDEO_AVAILABLE": 1}, {"SEASON_ID": "22016", "Player_ID": 203915, "Game_ID": "0021600710", "GAME_DATE": "JAN 28, 2017", "MATCHUP": "BKN @ MIN", "WL": "L", "MIN": 24, "FGM": 3, "FGA": 7, "FG_PCT": 0.429, "FG3M": 0, "FG3A": 2, "FG3_PCT": 0.0, "FTM": 7, "FTA": 8, "FT_PCT": 0.875, "OREB": 0, "DREB": 4, "REB": 4, "AST": 5, "STL": 1, "BLK": 0, "TOV": 1, "PF": 2, "PTS": 13, "PLUS_MINUS": -12, "VIDEO_AVAILABLE": 1}, {"SEASON_ID": "22016", "Player_ID": 203915, "Game_ID": "0021600695", "GAME_DATE": "JAN 27, 2017", "MATCHUP": "BKN @ CLE", "WL": "L", "MIN": 26, "FGM": 3, "FGA": 5, "FG_PCT": 0.6, "FG3M": 2, "FG3A": 2, "FG3_PCT": 1.0, "FTM": 2, "FTA": 2, "FT_PCT": 1.0, "OREB": 0, "DREB": 1, "REB": 1, "AST": 1, "STL": 0, "BLK": 0, "TOV": 0, "PF": 2, "PTS": 10, "PLUS_MINUS": -21, "VIDEO_AVAILABLE": 1}, {"SEASON_ID": "22016", "Player_ID": 203915, "Game_ID": "0021600682", "GAME_DATE": "JAN 25, 2017", "MATCHUP": "BKN vs. MIA", "WL": "L", "MIN": 33, "FGM": 4, "FGA": 8, "FG_PCT": 0.5, "FG3M": 1, "FG3A": 3, "FG3_PCT": 0.333, "FTM": 1, "FTA": 2, "FT_PCT": 0.5, "OREB": 0, "DREB": 5, "REB": 5, "AST": 4, "STL": 0, "BLK": 0, "TOV": 1, "PF": 3, "PTS": 10, "PLUS_MINUS": 5, "VIDEO_AVAILABLE": 1}, {"SEASON_ID": "22016", "Player_ID": 203915, "Game_ID": "0021600666", "GAME_DATE": "JAN 23, 2017", "MATCHUP": "BKN vs. SAS", "WL": "L", "MIN": 32, "FGM": 6, "FGA": 9, "FG_PCT": 0.667, "FG3M": 1, "FG3A": 2, "FG3_PCT": 0.5, "FTM": 0, "FTA": 0, "FT_PCT": 0.0, "OREB": 0, "DREB": 2, "REB": 2, "AST": 2, "STL": 0, "BLK": 2, "TOV": 1, "PF": 0, "PTS": 13, "PLUS_MINUS": -4, "VIDEO_AVAILABLE": 1}, {"SEASON_ID": "22016", "Player_ID": 203915, "Game_ID": "0021600652", "GAME_DATE": "JAN 21, 2017", "MATCHUP": "BKN @ CHA", "WL": "L", "MIN": 23, "FGM": 0, "FGA": 4, "FG_PCT": 0.0, "FG3M": 0, "FG3A": 1, "FG3_PCT": 0.0, "FTM": 0, "FTA": 0, "FT_PCT": 0.0, "OREB": 1, "DREB": 4, "REB": 5, "AST": 2, "STL": 0, "BLK": 0, "TOV": 0, "PF": 3, "PTS": 0, "PLUS_MINUS": 0, "VIDEO_AVAILABLE": 1}, {"SEASON_ID": "22016", "Player_ID": 203915, "Game_ID": "0021600645", "GAME_DATE": "JAN 20, 2017", "MATCHUP": "BKN @ NOP", "WL": "W", "MIN": 28, "FGM": 2, "FGA": 4, "FG_PCT": 0.5, "FG3M": 1, "FG3A": 1, "FG3_PCT": 1.0, "FTM": 5, "FTA": 6, "FT_PCT": 0.833, "OREB": 0, "DREB": 2, "REB": 2, "AST": 4, "STL": 0, "BLK": 0, "TOV": 2, "PF": 4, "PTS": 10, "PLUS_MINUS": -5, "VIDEO_AVAILABLE": 1}, {"SEASON_ID": "22016", "Player_ID": 203915, "Game_ID": "0021600622", "GAME_DATE": "JAN 17, 2017", "MATCHUP": "BKN vs. TOR", "WL": "L", "MIN": 24, "FGM": 1, "FGA": 3, "FG_PCT": 0.333, "FG3M": 0, "FG3A": 0, "FG3_PCT": 0.0, "FTM": 3, "FTA": 4, "FT_PCT": 0.75, "OREB": 0, "DREB": 1, "REB": 1, "AST": 3, "STL": 0, "BLK": 1, "TOV": 4, "PF": 2, "PTS": 5, "PLUS_MINUS": -5, "VIDEO_AVAILABLE": 1}, {"SEASON_ID": "22016", "Player_ID": 203915, "Game_ID": "0021600609", "GAME_DATE": "JAN 15, 2017", "MATCHUP": "BKN vs. HOU", "WL": "L", "MIN": 24, "FGM": 0, "FGA": 3, "FG_PCT": 0.0, "FG3M": 0, "FG3A": 1, "FG3_PCT": 0.0, "FTM": 0, "FTA": 0, "FT_PCT": 0.0, "OREB": 1, "DREB": 1, "REB": 2, "AST": 8, "STL": 0, "BLK": 0, "TOV": 2, "PF": 5, "PTS": 0, "PLUS_MINUS": -13, "VIDEO_AVAILABLE": 1}, {"SEASON_ID": "22016", "Player_ID": 203915, "Game_ID": "0021600592", "GAME_DATE": "JAN 13, 2017", "MATCHUP": "BKN @ TOR", "WL": "L", "MIN": 28, "FGM": 3, "FGA": 7, "FG_PCT": 0.429, "FG3M": 3, "FG3A": 4, "FG3_PCT": 0.75, "FTM": 1, "FTA": 2, "FT_PCT": 0.5, "OREB": 0, "DREB": 5, "REB": 5, "AST": 3, "STL": 1, "BLK": 0, "TOV": 0, "PF": 3, "PTS": 10, "PLUS_MINUS": -14, "VIDEO_AVAILABLE": 1}, {"SEASON_ID": "22016", "Player_ID": 203915, "Game_ID": "0021600586", "GAME_DATE": "JAN 12, 2017", "MATCHUP": "BKN vs. NOP", "WL": "L", "MIN": 25, "FGM": 0, "FGA": 5, "FG_PCT": 0.0, "FG3M": 0, "FG3A": 4, "FG3_PCT": 0.0, "FTM": 0, "FTA": 0, "FT_PCT": 0.0, "OREB": 0, "DREB": 7, "REB": 7, "AST": 4, "STL": 1, "BLK": 1, "TOV": 1, "PF": 3, "PTS": 0, "PLUS_MINUS": 5, "VIDEO_AVAILABLE": 1}, {"SEASON_ID": "22016", "Player_ID": 203915, "Game_ID": "0021600573", "GAME_DATE": "JAN 10, 2017", "MATCHUP": "BKN vs. ATL", "WL": "L", "MIN": 22, "FGM": 1, "FGA": 5, "FG_PCT": 0.2, "FG3M": 0, "FG3A": 0, "FG3_PCT": 0.0, "FTM": 2, "FTA": 2, "FT_PCT": 1.0, "OREB": 2, "DREB": 5, "REB": 7, "AST": 5, "STL": 1, "BLK": 0, "TOV": 2, "PF": 3, "PTS": 4, "PLUS_MINUS": -14, "VIDEO_AVAILABLE": 1}, {"SEASON_ID": "22016", "Player_ID": 203915, "Game_ID": "0021600560", "GAME_DATE": "JAN 08, 2017", "MATCHUP": "BKN vs. PHI", "WL": "L", "MIN": 25, "FGM": 3, "FGA": 5, "FG_PCT": 0.6, "FG3M": 0, "FG3A": 0, "FG3_PCT": 0.0, "FTM": 3, "FTA": 4, "FT_PCT": 0.75, "OREB": 0, "DREB": 3, "REB": 3, "AST": 3, "STL": 0, "BLK": 2, "TOV": 1, "PF": 0, "PTS": 9, "PLUS_MINUS": -18, "VIDEO_AVAILABLE": 1}, {"SEASON_ID": "22016", "Player_ID": 203915, "Game_ID": "0021600547", "GAME_DATE": "JAN 06, 2017", "MATCHUP": "BKN vs. CLE", "WL": "L", "MIN": 18, "FGM": 2, "FGA": 3, "FG_PCT": 0.667, "FG3M": 0, "FG3A": 0, "FG3_PCT": 0.0, "FTM": 3, "FTA": 3, "FT_PCT": 1.0, "OREB": 0, "DREB": 5, "REB": 5, "AST": 2, "STL": 0, "BLK": 0, "TOV": 2, "PF": 5, "PTS": 7, "PLUS_MINUS": -5, "VIDEO_AVAILABLE": 1}, {"SEASON_ID": "22016", "Player_ID": 203915, "Game_ID": "0021600536", "GAME_DATE": "JAN 05, 2017", "MATCHUP": "BKN @ IND", "WL": "L", "MIN": 32, "FGM": 4, "FGA": 7, "FG_PCT": 0.571, "FG3M": 1, "FG3A": 1, "FG3_PCT": 1.0, "FTM": 4, "FTA": 4, "FT_PCT": 1.0, "OREB": 1, "DREB": 2, "REB": 3, "AST": 3, "STL": 1, "BLK": 2, "TOV": 1, "PF": 3, "PTS": 13, "PLUS_MINUS": 2, "VIDEO_AVAILABLE": 1}, {"SEASON_ID": "22016", "Player_ID": 203915, "Game_ID": "0021600515", "GAME_DATE": "JAN 02, 2017", "MATCHUP": "BKN vs. UTA", "WL": "L", "MIN": 13, "FGM": 3, "FGA": 6, "FG_PCT": 0.5, "FG3M": 0, "FG3A": 2, "FG3_PCT": 0.0, "FTM": 1, "FTA": 3, "FT_PCT": 0.333, "OREB": 0, "DREB": 1, "REB": 1, "AST": 4, "STL": 1, "BLK": 0, "TOV": 1, "PF": 0, "PTS": 7, "PLUS_MINUS": -1, "VIDEO_AVAILABLE": 1}, {"SEASON_ID": "22016", "Player_ID": 203915, "Game_ID": "0021600493", "GAME_DATE": "DEC 30, 2016", "MATCHUP": "BKN @ WAS", "WL": "L", "MIN": 23, "FGM": 2, "FGA": 2, "FG_PCT": 1.0, "FG3M": 0, "FG3A": 0, "FG3_PCT": 0.0, "FTM": 0, "FTA": 0, "FT_PCT": 0.0, "OREB": 0, "DREB": 0, "REB": 0, "AST": 3, "STL": 0, "BLK": 0, "TOV": 4, "PF": 2, "PTS": 4, "PLUS_MINUS": -6, "VIDEO_AVAILABLE": 1}, {"SEASON_ID": "22016", "Player_ID": 203915, "Game_ID": "0021600480", "GAME_DATE": "DEC 28, 2016", "MATCHUP": "BKN @ CHI", "WL": "L", "MIN": 15, "FGM": 0, "FGA": 3, "FG_PCT": 0.0, "FG3M": 0, "FG3A": 0, "FG3_PCT": 0.0, "FTM": 2, "FTA": 2, "FT_PCT": 1.0, "OREB": 0, "DREB": 1, "REB": 1, "AST": 0, "STL": 2, "BLK": 0, "TOV": 1, "PF": 4, "PTS": 2, "PLUS_MINUS": -7, "VIDEO_AVAILABLE": 1}, {"SEASON_ID": "22016", "Player_ID": 203915, "Game_ID": "0021600444", "GAME_DATE": "DEC 23, 2016", "MATCHUP": "BKN @ CLE", "WL": "L", "MIN": 21, "FGM": 6, "FGA": 7, "FG_PCT": 0.857, "FG3M": 1, "FG3A": 1, "FG3_PCT": 1.0, "FTM": 0, "FTA": 1, "FT_PCT": 0.0, "OREB": 1, "DREB": 2, "REB": 3, "AST": 3, "STL": 1, "BLK": 0, "TOV": 0, "PF": 2, "PTS": 13, "PLUS_MINUS": 14, "VIDEO_AVAILABLE": 1}, {"SEASON_ID": "22016", "Player_ID": 203915, "Game_ID": "0021600437", "GAME_DATE": "DEC 22, 2016", "MATCHUP": "BKN vs. GSW", "WL": "L", "MIN": 11, "FGM": 1, "FGA": 3, "FG_PCT": 0.333, "FG3M": 0, "FG3A": 0, "FG3_PCT": 0.0, "FTM": 0, "FTA": 0, "FT_PCT": 0.0, "OREB": 0, "DREB": 0, "REB": 0, "AST": 0, "STL": 0, "BLK": 0, "TOV": 0, "PF": 0, "PTS": 2, "PLUS_MINUS": 3, "VIDEO_AVAILABLE": 1}, {"SEASON_ID": "22016", "Player_ID": 203915, "Game_ID": "0021600420", "GAME_DATE": "DEC 20, 2016", "MATCHUP": "BKN @ TOR", "WL": "L", "MIN": 22, "FGM": 4, "FGA": 9, "FG_PCT": 0.444, "FG3M": 0, "FG3A": 3, "FG3_PCT": 0.0, "FTM": 6, "FTA": 7, "FT_PCT": 0.857, "OREB": 1, "DREB": 3, "REB": 4, "AST": 1, "STL": 0, "BLK": 1, "TOV": 3, "PF": 4, "PTS": 14, "PLUS_MINUS": 4, "VIDEO_AVAILABLE": 1}, {"SEASON_ID": "22016", "Player_ID": 203915, "Game_ID": "0021600390", "GAME_DATE": "DEC 16, 2016", "MATCHUP": "BKN @ ORL", "WL": "L", "MIN": 5, "FGM": 0, "FGA": 0, "FG_PCT": 0.0, "FG3M": 0, "FG3A": 0, "FG3_PCT": 0.0, "FTM": 0, "FTA": 0, "FT_PCT": 0.0, "OREB": 0, "DREB": 0, "REB": 0, "AST": 0, "STL": 0, "BLK": 0, "TOV": 2, "PF": 1, "PTS": 0, "PLUS_MINUS": -2, "VIDEO_AVAILABLE": 1}, {"SEASON_ID": "22016", "Player_ID": 203915, "Game_ID": "0021600378", "GAME_DATE": "DEC 14, 2016", "MATCHUP": "BKN vs. LAL", "WL": "W", "MIN": 13, "FGM": 0, "FGA": 3, "FG_PCT": 0.0, "FG3M": 0, "FG3A": 1, "FG3_PCT": 0.0, "FTM": 0, "FTA": 0, "FT_PCT": 0.0, "OREB": 1, "DREB": 0, "REB": 1, "AST": 1, "STL": 1, "BLK": 0, "TOV": 1, "PF": 2, "PTS": 0, "PLUS_MINUS": -16, "VIDEO_AVAILABLE": 1}, {"SEASON_ID": "22016", "Player_ID": 203915, "Game_ID": "0021600364", "GAME_DATE": "DEC 12, 2016", "MATCHUP": "BKN @ HOU", "WL": "L", "MIN": 3, "FGM": 0, "FGA": 1, "FG_PCT": 0.0, "FG3M": 0, "FG3A": 0, "FG3_PCT": 0.0, "FTM": 0, "FTA": 0, "FT_PCT": 0.0, "OREB": 0, "DREB": 0, "REB": 0, "AST": 2, "STL": 0, "BLK": 1, "TOV": 1, "PF": 1, "PTS": 0, "PLUS_MINUS": 2, "VIDEO_AVAILABLE": 1}, {"SEASON_ID": "22016", "Player_ID": 203915, "Game_ID": "0021600353", "GAME_DATE": "DEC 10, 2016", "MATCHUP": "BKN @ SAS", "WL": "L", "MIN": 10, "FGM": 2, "FGA": 3, "FG_PCT": 0.667, "FG3M": 0, "FG3A": 0, "FG3_PCT": 0.0, "FTM": 0, "FTA": 0, "FT_PCT": 0.0, "OREB": 0, "DREB": 1, "REB": 1, "AST": 2, "STL": 2, "BLK": 0, "TOV": 1, "PF": 0, "PTS": 4, "PLUS_MINUS": 9, "VIDEO_AVAILABLE": 1}]