{"firstName": "Spencer", "lastName": "Dinwiddie", "temporaryDisplayName": "Dinwiddie, Spencer", "personId": "203915", "teamId": "1610612751", "jersey": "8", "isActive": true, "pos": "G", "heightFeet": "6", "heightInches": "5", "heightMeters": "1.96", "weightPounds": "215", "weightKilograms": "97.5", "dateOfBirthUTC": "1993-04-06", "teamSitesOnly": {"playerCode": "spencer_dinwiddie", "posFull": "Guard", "displayAffiliation": "Colorado/USA", "freeAgentCode": ""}, "teams": [{"teamId": "1610612765", "seasonStart": "2014", "seasonEnd": "2015"}, {"teamId": "1610612741", "seasonStart": "2015", "seasonEnd": "2015"}, {"teamId": "1610612751", "seasonStart": "2016", "seasonEnd": "2019"}], "draft": {"teamId": "1610612765", "pickNum": "38", "roundNum": "2", "seasonYear": "2014"}, "nbaDebutYear": "2014", "yearsPro": "5", "collegeName": "Colorado", "lastAffiliation": "Colorado/USA", "country": "USA"}