{"firstName": "Eric", "lastName": "Bledsoe", "temporaryDisplayName": "Bledsoe, Eric", "personId": "202339", "teamId": "1610612749", "jersey": "6", "isActive": true, "pos": "G", "heightFeet": "6", "heightInches": "1", "heightMeters": "1.85", "weightPounds": "205", "weightKilograms": "93.0", "dateOfBirthUTC": "1989-12-09", "teamSitesOnly": {"playerCode": "eric_bledsoe", "posFull": "Guard", "displayAffiliation": "Kentucky/USA", "freeAgentCode": ""}, "teams": [{"teamId": "1610612746", "seasonStart": "2010", "seasonEnd": "2012"}, {"teamId": "1610612756", "seasonStart": "2013", "seasonEnd": "2017"}, {"teamId": "1610612749", "seasonStart": "2017", "seasonEnd": "2019"}], "draft": {"teamId": "1610612760", "pickNum": "18", "roundNum": "1", "seasonYear": "2010"}, "nbaDebutYear": "2010", "yearsPro": "9", "collegeName": "Kentucky", "lastAffiliation": "Kentucky/USA", "country": "USA"}