{"firstName": "Jrue", "lastName": "Holiday", "temporaryDisplayName": "Holiday, Jrue", "personId": "201950", "teamId": "1610612740", "jersey": "11", "isActive": true, "pos": "G", "heightFeet": "6", "heightInches": "4", "heightMeters": "1.93", "weightPounds": "205", "weightKilograms": "93.0", "dateOfBirthUTC": "1990-06-12", "teamSitesOnly": {"playerCode": "jrue_holiday", "posFull": "Guard", "displayAffiliation": "UCLA/USA", "freeAgentCode": ""}, "teams": [{"teamId": "1610612755", "seasonStart": "2009", "seasonEnd": "2012"}, {"teamId": "1610612740", "seasonStart": "2013", "seasonEnd": "2019"}], "draft": {"teamId": "1610612755", "pickNum": "17", "roundNum": "1", "seasonYear": "2009"}, "nbaDebutYear": "2009", "yearsPro": "10", "collegeName": "UCLA", "lastAffiliation": "UCLA/USA", "country": "USA"}