[{"SEASON_ID": "22018", "Player_ID": 1629013, "Game_ID": "0021801229", "GAME_DATE": "APR 10, 2019", "MATCHUP": "LAC vs. UTA", "WL": "W", "MIN": 29, "FGM": 5, "FGA": 12, "FG_PCT": 0.417, "FG3M": 3, "FG3A": 8, "FG3_PCT": 0.375, "FTM": 1, "FTA": 2, "FT_PCT": 0.5, "OREB": 0, "DREB": 4, "REB": 4, "AST": 3, "STL": 0, "BLK": 0, "TOV": 0, "PF": 2, "PTS": 14, "PLUS_MINUS": 5, "VIDEO_AVAILABLE": 1}, {"SEASON_ID": "22018", "Player_ID": 1629013, "Game_ID": "0021801205", "GAME_DATE": "APR 07, 2019", "MATCHUP": "LAC @ GSW", "WL": "L", "MIN": 31, "FGM": 5, "FGA": 8, "FG_PCT": 0.625, "FG3M": 5, "FG3A": 6, "FG3_PCT": 0.833, "FTM": 2, "FTA": 4, "FT_PCT": 0.5, "OREB": 1, "DREB": 2, "REB": 3, "AST": 4, "STL": 0, "BLK": 1, "TOV": 3, "PF": 2, "PTS": 17, "PLUS_MINUS": -26, "VIDEO_AVAILABLE": 1}, {"SEASON_ID": "22018", "Player_ID": 1629013, "Game_ID": "0021801192", "GAME_DATE": "APR 05, 2019", "MATCHUP": "LAC vs. LAL", "WL": "L", "MIN": 18, "FGM": 0, "FGA": 3, "FG_PCT": 0.0, "FG3M": 0, "FG3A": 2, "FG3_PCT": 0.0, "FTM": 0, "FTA": 0, "FT_PCT": 0.0, "OREB": 0, "DREB": 1, "REB": 1, "AST": 2, "STL": 0, "BLK": 0, "TOV": 1, "PF": 2, "PTS": 0, "PLUS_MINUS": 7, "VIDEO_AVAILABLE": 1}, {"SEASON_ID": "22018", "Player_ID": 1629013, "Game_ID": "0021801176", "GAME_DATE": "APR 03, 2019", "MATCHUP": "LAC vs. HOU", "WL": "L", "MIN": 35, "FGM": 4, "FGA": 7, "FG_PCT": 0.571, "FG3M": 2, "FG3A": 4, "FG3_PCT": 0.5, "FTM": 1, "FTA": 2, "FT_PCT": 0.5, "OREB": 1, "DREB": 3, "REB": 4, "AST": 4, "STL": 0, "BLK": 0, "TOV": 1, "PF": 2, "PTS": 11, "PLUS_MINUS": -21, "VIDEO_AVAILABLE": 1}, {"SEASON_ID": "22018", "Player_ID": 1629013, "Game_ID": "0021801151", "GAME_DATE": "MAR 31, 2019", "MATCHUP": "LAC vs. MEM", "WL": "W", "MIN": 30, "FGM": 1, "FGA": 9, "FG_PCT": 0.111, "FG3M": 1, "FG3A": 7, "FG3_PCT": 0.143, "FTM": 0, "FTA": 0, "FT_PCT": 0.0, "OREB": 0, "DREB": 3, "REB": 3, "AST": 3, "STL": 1, "BLK": 0, "TOV": 0, "PF": 2, "PTS": 3, "PLUS_MINUS": 8, "VIDEO_AVAILABLE": 1}, {"SEASON_ID": "22018", "Player_ID": 1629013, "Game_ID": "0021801136", "GAME_DATE": "MAR 30, 2019", "MATCHUP": "LAC vs. CLE", "WL": "W", "MIN": 28, "FGM": 5, "FGA": 11, "FG_PCT": 0.455, "FG3M": 3, "FG3A": 8, "FG3_PCT": 0.375, "FTM": 0, "FTA": 0, "FT_PCT": 0.0, "OREB": 1, "DREB": 1, "REB": 2, "AST": 3, "STL": 1, "BLK": 0, "TOV": 0, "PF": 2, "PTS": 13, "PLUS_MINUS": 11, "VIDEO_AVAILABLE": 1}, {"SEASON_ID": "22018", "Player_ID": 1629013, "Game_ID": "0021801127", "GAME_DATE": "MAR 28, 2019", "MATCHUP": "LAC @ MIL", "WL": "L", "MIN": 31, "FGM": 4, "FGA": 9, "FG_PCT": 0.444, "FG3M": 4, "FG3A": 6, "FG3_PCT": 0.667, "FTM": 1, "FTA": 1, "FT_PCT": 1.0, "OREB": 0, "DREB": 1, "REB": 1, "AST": 4, "STL": 0, "BLK": 0, "TOV": 1, "PF": 3, "PTS": 13, "PLUS_MINUS": -6, "VIDEO_AVAILABLE": 1}, {"SEASON_ID": "22018", "Player_ID": 1629013, "Game_ID": "0021801095", "GAME_DATE": "MAR 24, 2019", "MATCHUP": "LAC @ NYK", "WL": "W", "MIN": 14, "FGM": 1, "FGA": 5, "FG_PCT": 0.2, "FG3M": 1, "FG3A": 2, "FG3_PCT": 0.5, "FTM": 0, "FTA": 0, "FT_PCT": 0.0, "OREB": 0, "DREB": 0, "REB": 0, "AST": 1, "STL": 0, "BLK": 0, "TOV": 0, "PF": 0, "PTS": 3, "PLUS_MINUS": -5, "VIDEO_AVAILABLE": 1}, {"SEASON_ID": "22018", "Player_ID": 1629013, "Game_ID": "0021801081", "GAME_DATE": "MAR 22, 2019", "MATCHUP": "LAC @ CLE", "WL": "W", "MIN": 25, "FGM": 4, "FGA": 7, "FG_PCT": 0.571, "FG3M": 2, "FG3A": 5, "FG3_PCT": 0.4, "FTM": 3, "FTA": 4, "FT_PCT": 0.75, "OREB": 1, "DREB": 6, "REB": 7, "AST": 1, "STL": 0, "BLK": 0, "TOV": 0, "PF": 2, "PTS": 13, "PLUS_MINUS": 12, "VIDEO_AVAILABLE": 1}, {"SEASON_ID": "22018", "Player_ID": 1629013, "Game_ID": "0021801064", "GAME_DATE": "MAR 19, 2019", "MATCHUP": "LAC vs. IND", "WL": "W", "MIN": 29, "FGM": 2, "FGA": 8, "FG_PCT": 0.25, "FG3M": 2, "FG3A": 7, "FG3_PCT": 0.286, "FTM": 0, "FTA": 0, "FT_PCT": 0.0, "OREB": 0, "DREB": 2, "REB": 2, "AST": 2, "STL": 0, "BLK": 0, "TOV": 2, "PF": 1, "PTS": 6, "PLUS_MINUS": -1, "VIDEO_AVAILABLE": 1}, {"SEASON_ID": "22018", "Player_ID": 1629013, "Game_ID": "0021801049", "GAME_DATE": "MAR 17, 2019", "MATCHUP": "LAC vs. BKN", "WL": "W", "MIN": 27, "FGM": 4, "FGA": 9, "FG_PCT": 0.444, "FG3M": 4, "FG3A": 9, "FG3_PCT": 0.444, "FTM": 2, "FTA": 2, "FT_PCT": 1.0, "OREB": 1, "DREB": 0, "REB": 1, "AST": 3, "STL": 1, "BLK": 0, "TOV": 0, "PF": 3, "PTS": 14, "PLUS_MINUS": 14, "VIDEO_AVAILABLE": 1}, {"SEASON_ID": "22018", "Player_ID": 1629013, "Game_ID": "0021801033", "GAME_DATE": "MAR 15, 2019", "MATCHUP": "LAC vs. CHI", "WL": "W", "MIN": 27, "FGM": 3, "FGA": 11, "FG_PCT": 0.273, "FG3M": 3, "FG3A": 6, "FG3_PCT": 0.5, "FTM": 0, "FTA": 0, "FT_PCT": 0.0, "OREB": 0, "DREB": 2, "REB": 2, "AST": 4, "STL": 1, "BLK": 0, "TOV": 1, "PF": 2, "PTS": 9, "PLUS_MINUS": 15, "VIDEO_AVAILABLE": 2}, {"SEASON_ID": "22018", "Player_ID": 1629013, "Game_ID": "0021801013", "GAME_DATE": "MAR 12, 2019", "MATCHUP": "LAC vs. POR", "WL": "L", "MIN": 26, "FGM": 4, "FGA": 9, "FG_PCT": 0.444, "FG3M": 3, "FG3A": 6, "FG3_PCT": 0.5, "FTM": 0, "FTA": 0, "FT_PCT": 0.0, "OREB": 0, "DREB": 0, "REB": 0, "AST": 2, "STL": 0, "BLK": 0, "TOV": 0, "PF": 1, "PTS": 11, "PLUS_MINUS": -15, "VIDEO_AVAILABLE": 1}, {"SEASON_ID": "22018", "Player_ID": 1629013, "Game_ID": "0021801006", "GAME_DATE": "MAR 11, 2019", "MATCHUP": "LAC vs. BOS", "WL": "W", "MIN": 24, "FGM": 4, "FGA": 6, "FG_PCT": 0.667, "FG3M": 3, "FG3A": 5, "FG3_PCT": 0.6, "FTM": 0, "FTA": 0, "FT_PCT": 0.0, "OREB": 0, "DREB": 2, "REB": 2, "AST": 5, "STL": 1, "BLK": 0, "TOV": 2, "PF": 3, "PTS": 11, "PLUS_MINUS": 10, "VIDEO_AVAILABLE": 1}, {"SEASON_ID": "22018", "Player_ID": 1629013, "Game_ID": "0021800985", "GAME_DATE": "MAR 08, 2019", "MATCHUP": "LAC vs. OKC", "WL": "W", "MIN": 31, "FGM": 3, "FGA": 9, "FG_PCT": 0.333, "FG3M": 2, "FG3A": 5, "FG3_PCT": 0.4, "FTM": 3, "FTA": 4, "FT_PCT": 0.75, "OREB": 0, "DREB": 5, "REB": 5, "AST": 1, "STL": 0, "BLK": 0, "TOV": 1, "PF": 3, "PTS": 11, "PLUS_MINUS": 20, "VIDEO_AVAILABLE": 1}, {"SEASON_ID": "22018", "Player_ID": 1629013, "Game_ID": "0021800958", "GAME_DATE": "MAR 04, 2019", "MATCHUP": "LAC @ LAL", "WL": "W", "MIN": 36, "FGM": 3, "FGA": 8, "FG_PCT": 0.375, "FG3M": 3, "FG3A": 7, "FG3_PCT": 0.429, "FTM": 3, "FTA": 3, "FT_PCT": 1.0, "OREB": 0, "DREB": 2, "REB": 2, "AST": 3, "STL": 0, "BLK": 0, "TOV": 0, "PF": 3, "PTS": 12, "PLUS_MINUS": 6, "VIDEO_AVAILABLE": 1}, {"SEASON_ID": "22018", "Player_ID": 1629013, "Game_ID": "0021800947", "GAME_DATE": "MAR 03, 2019", "MATCHUP": "LAC vs. NYK", "WL": "W", "MIN": 26, "FGM": 7, "FGA": 12, "FG_PCT": 0.583, "FG3M": 7, "FG3A": 11, "FG3_PCT": 0.636, "FTM": 0, "FTA": 0, "FT_PCT": 0.0, "OREB": 0, "DREB": 3, "REB": 3, "AST": 0, "STL": 0, "BLK": 0, "TOV": 0, "PF": 1, "PTS": 21, "PLUS_MINUS": 12, "VIDEO_AVAILABLE": 1}, {"SEASON_ID": "22018", "Player_ID": 1629013, "Game_ID": "0021800933", "GAME_DATE": "MAR 01, 2019", "MATCHUP": "LAC @ SAC", "WL": "W", "MIN": 33, "FGM": 6, "FGA": 12, "FG_PCT": 0.5, "FG3M": 5, "FG3A": 10, "FG3_PCT": 0.5, "FTM": 3, "FTA": 3, "FT_PCT": 1.0, "OREB": 0, "DREB": 4, "REB": 4, "AST": 2, "STL": 0, "BLK": 1, "TOV": 0, "PF": 2, "PTS": 20, "PLUS_MINUS": 22, "VIDEO_AVAILABLE": 1}, {"SEASON_ID": "22018", "Player_ID": 1629013, "Game_ID": "0021800919", "GAME_DATE": "FEB 27, 2019", "MATCHUP": "LAC @ UTA", "WL": "L", "MIN": 28, "FGM": 3, "FGA": 7, "FG_PCT": 0.429, "FG3M": 1, "FG3A": 4, "FG3_PCT": 0.25, "FTM": 2, "FTA": 3, "FT_PCT": 0.667, "OREB": 0, "DREB": 3, "REB": 3, "AST": 0, "STL": 0, "BLK": 0, "TOV": 0, "PF": 4, "PTS": 9, "PLUS_MINUS": 11, "VIDEO_AVAILABLE": 1}, {"SEASON_ID": "22018", "Player_ID": 1629013, "Game_ID": "0021800907", "GAME_DATE": "FEB 25, 2019", "MATCHUP": "LAC vs. DAL", "WL": "W", "MIN": 22, "FGM": 2, "FGA": 9, "FG_PCT": 0.222, "FG3M": 2, "FG3A": 7, "FG3_PCT": 0.286, "FTM": 0, "FTA": 0, "FT_PCT": 0.0, "OREB": 0, "DREB": 0, "REB": 0, "AST": 1, "STL": 0, "BLK": 0, "TOV": 0, "PF": 1, "PTS": 6, "PLUS_MINUS": -8, "VIDEO_AVAILABLE": 1}, {"SEASON_ID": "22018", "Player_ID": 1629013, "Game_ID": "0021800895", "GAME_DATE": "FEB 24, 2019", "MATCHUP": "LAC @ DEN", "WL": "L", "MIN": 29, "FGM": 3, "FGA": 6, "FG_PCT": 0.5, "FG3M": 1, "FG3A": 3, "FG3_PCT": 0.333, "FTM": 1, "FTA": 1, "FT_PCT": 1.0, "OREB": 0, "DREB": 0, "REB": 0, "AST": 1, "STL": 3, "BLK": 0, "TOV": 1, "PF": 1, "PTS": 8, "PLUS_MINUS": -15, "VIDEO_AVAILABLE": 1}, {"SEASON_ID": "22018", "Player_ID": 1629013, "Game_ID": "0021800879", "GAME_DATE": "FEB 22, 2019", "MATCHUP": "LAC @ MEM", "WL": "W", "MIN": 31, "FGM": 2, "FGA": 9, "FG_PCT": 0.222, "FG3M": 2, "FG3A": 7, "FG3_PCT": 0.286, "FTM": 2, "FTA": 2, "FT_PCT": 1.0, "OREB": 0, "DREB": 1, "REB": 1, "AST": 0, "STL": 1, "BLK": 0, "TOV": 3, "PF": 3, "PTS": 8, "PLUS_MINUS": 1, "VIDEO_AVAILABLE": 1}, {"SEASON_ID": "22018", "Player_ID": 1629013, "Game_ID": "0021800863", "GAME_DATE": "FEB 13, 2019", "MATCHUP": "LAC vs. PHX", "WL": "W", "MIN": 24, "FGM": 3, "FGA": 8, "FG_PCT": 0.375, "FG3M": 2, "FG3A": 4, "FG3_PCT": 0.5, "FTM": 0, "FTA": 0, "FT_PCT": 0.0, "OREB": 0, "DREB": 1, "REB": 1, "AST": 4, "STL": 1, "BLK": 0, "TOV": 2, "PF": 1, "PTS": 8, "PLUS_MINUS": 17, "VIDEO_AVAILABLE": 1}, {"SEASON_ID": "22018", "Player_ID": 1629013, "Game_ID": "0021800845", "GAME_DATE": "FEB 11, 2019", "MATCHUP": "LAC @ MIN", "WL": "L", "MIN": 33, "FGM": 4, "FGA": 7, "FG_PCT": 0.571, "FG3M": 3, "FG3A": 5, "FG3_PCT": 0.6, "FTM": 4, "FTA": 4, "FT_PCT": 1.0, "OREB": 1, "DREB": 2, "REB": 3, "AST": 2, "STL": 2, "BLK": 0, "TOV": 1, "PF": 1, "PTS": 15, "PLUS_MINUS": 17, "VIDEO_AVAILABLE": 1}, {"SEASON_ID": "22018", "Player_ID": 1629013, "Game_ID": "0021800829", "GAME_DATE": "FEB 09, 2019", "MATCHUP": "LAC @ BOS", "WL": "W", "MIN": 27, "FGM": 5, "FGA": 9, "FG_PCT": 0.556, "FG3M": 4, "FG3A": 7, "FG3_PCT": 0.571, "FTM": 3, "FTA": 4, "FT_PCT": 0.75, "OREB": 1, "DREB": 1, "REB": 2, "AST": 3, "STL": 1, "BLK": 0, "TOV": 0, "PF": 2, "PTS": 17, "PLUS_MINUS": 2, "VIDEO_AVAILABLE": 1}, {"SEASON_ID": "22018", "Player_ID": 1629013, "Game_ID": "0021800800", "GAME_DATE": "FEB 05, 2019", "MATCHUP": "PHI vs. TOR", "WL": "L", "MIN": 34, "FGM": 2, "FGA": 8, "FG_PCT": 0.25, "FG3M": 2, "FG3A": 6, "FG3_PCT": 0.333, "FTM": 0, "FTA": 0, "FT_PCT": 0.0, "OREB": 0, "DREB": 1, "REB": 1, "AST": 1, "STL": 0, "BLK": 0, "TOV": 1, "PF": 4, "PTS": 6, "PLUS_MINUS": -5, "VIDEO_AVAILABLE": 1}, {"SEASON_ID": "22018", "Player_ID": 1629013, "Game_ID": "0021800785", "GAME_DATE": "FEB 02, 2019", "MATCHUP": "PHI @ SAC", "WL": "L", "MIN": 34, "FGM": 3, "FGA": 7, "FG_PCT": 0.429, "FG3M": 1, "FG3A": 5, "FG3_PCT": 0.2, "FTM": 1, "FTA": 3, "FT_PCT": 0.333, "OREB": 0, "DREB": 0, "REB": 0, "AST": 0, "STL": 0, "BLK": 0, "TOV": 0, "PF": 1, "PTS": 8, "PLUS_MINUS": -21, "VIDEO_AVAILABLE": 1}, {"SEASON_ID": "22018", "Player_ID": 1629013, "Game_ID": "0021800768", "GAME_DATE": "JAN 31, 2019", "MATCHUP": "PHI @ GSW", "WL": "W", "MIN": 16, "FGM": 3, "FGA": 4, "FG_PCT": 0.75, "FG3M": 3, "FG3A": 4, "FG3_PCT": 0.75, "FTM": 1, "FTA": 1, "FT_PCT": 1.0, "OREB": 0, "DREB": 0, "REB": 0, "AST": 3, "STL": 0, "BLK": 1, "TOV": 0, "PF": 0, "PTS": 10, "PLUS_MINUS": 11, "VIDEO_AVAILABLE": 1}, {"SEASON_ID": "22018", "Player_ID": 1629013, "Game_ID": "0021800755", "GAME_DATE": "JAN 29, 2019", "MATCHUP": "PHI @ LAL", "WL": "W", "MIN": 19, "FGM": 2, "FGA": 5, "FG_PCT": 0.4, "FG3M": 2, "FG3A": 4, "FG3_PCT": 0.5, "FTM": 0, "FTA": 0, "FT_PCT": 0.0, "OREB": 0, "DREB": 3, "REB": 3, "AST": 2, "STL": 0, "BLK": 0, "TOV": 0, "PF": 1, "PTS": 6, "PLUS_MINUS": 4, "VIDEO_AVAILABLE": 1}, {"SEASON_ID": "22018", "Player_ID": 1629013, "Game_ID": "0021800733", "GAME_DATE": "JAN 26, 2019", "MATCHUP": "PHI @ DEN", "WL": "L", "MIN": 28, "FGM": 2, "FGA": 6, "FG_PCT": 0.333, "FG3M": 1, "FG3A": 4, "FG3_PCT": 0.25, "FTM": 3, "FTA": 3, "FT_PCT": 1.0, "OREB": 1, "DREB": 1, "REB": 2, "AST": 7, "STL": 0, "BLK": 0, "TOV": 1, "PF": 2, "PTS": 8, "PLUS_MINUS": -2, "VIDEO_AVAILABLE": 1}, {"SEASON_ID": "22018", "Player_ID": 1629013, "Game_ID": "0021800711", "GAME_DATE": "JAN 23, 2019", "MATCHUP": "PHI vs. SAS", "WL": "W", "MIN": 22, "FGM": 5, "FGA": 7, "FG_PCT": 0.714, "FG3M": 3, "FG3A": 5, "FG3_PCT": 0.6, "FTM": 1, "FTA": 1, "FT_PCT": 1.0, "OREB": 0, "DREB": 0, "REB": 0, "AST": 2, "STL": 3, "BLK": 0, "TOV": 0, "PF": 2, "PTS": 14, "PLUS_MINUS": 2, "VIDEO_AVAILABLE": 1}, {"SEASON_ID": "22018", "Player_ID": 1629013, "Game_ID": "0021800699", "GAME_DATE": "JAN 21, 2019", "MATCHUP": "PHI vs. HOU", "WL": "W", "MIN": 20, "FGM": 7, "FGA": 13, "FG_PCT": 0.538, "FG3M": 3, "FG3A": 6, "FG3_PCT": 0.5, "FTM": 1, "FTA": 1, "FT_PCT": 1.0, "OREB": 0, "DREB": 1, "REB": 1, "AST": 0, "STL": 0, "BLK": 0, "TOV": 1, "PF": 3, "PTS": 18, "PLUS_MINUS": 5, "VIDEO_AVAILABLE": 1}, {"SEASON_ID": "22018", "Player_ID": 1629013, "Game_ID": "0021800678", "GAME_DATE": "JAN 19, 2019", "MATCHUP": "PHI vs. OKC", "WL": "L", "MIN": 15, "FGM": 3, "FGA": 3, "FG_PCT": 1.0, "FG3M": 3, "FG3A": 3, "FG3_PCT": 1.0, "FTM": 0, "FTA": 0, "FT_PCT": 0.0, "OREB": 1, "DREB": 1, "REB": 2, "AST": 1, "STL": 0, "BLK": 0, "TOV": 1, "PF": 1, "PTS": 9, "PLUS_MINUS": -4, "VIDEO_AVAILABLE": 1}, {"SEASON_ID": "22018", "Player_ID": 1629013, "Game_ID": "0021800667", "GAME_DATE": "JAN 17, 2019", "MATCHUP": "PHI @ IND", "WL": "W", "MIN": 15, "FGM": 2, "FGA": 5, "FG_PCT": 0.4, "FG3M": 2, "FG3A": 3, "FG3_PCT": 0.667, "FTM": 0, "FTA": 0, "FT_PCT": 0.0, "OREB": 0, "DREB": 2, "REB": 2, "AST": 1, "STL": 0, "BLK": 0, "TOV": 1, "PF": 0, "PTS": 6, "PLUS_MINUS": 6, "VIDEO_AVAILABLE": 1}, {"SEASON_ID": "22018", "Player_ID": 1629013, "Game_ID": "0021800652", "GAME_DATE": "JAN 15, 2019", "MATCHUP": "PHI vs. MIN", "WL": "W", "MIN": 23, "FGM": 5, "FGA": 13, "FG_PCT": 0.385, "FG3M": 2, "FG3A": 8, "FG3_PCT": 0.25, "FTM": 0, "FTA": 0, "FT_PCT": 0.0, "OREB": 1, "DREB": 2, "REB": 3, "AST": 4, "STL": 1, "BLK": 1, "TOV": 0, "PF": 3, "PTS": 12, "PLUS_MINUS": 26, "VIDEO_AVAILABLE": 1}, {"SEASON_ID": "22018", "Player_ID": 1629013, "Game_ID": "0021800638", "GAME_DATE": "JAN 13, 2019", "MATCHUP": "PHI @ NYK", "WL": "W", "MIN": 14, "FGM": 1, "FGA": 5, "FG_PCT": 0.2, "FG3M": 1, "FG3A": 4, "FG3_PCT": 0.25, "FTM": 2, "FTA": 2, "FT_PCT": 1.0, "OREB": 0, "DREB": 0, "REB": 0, "AST": 1, "STL": 0, "BLK": 0, "TOV": 0, "PF": 0, "PTS": 5, "PLUS_MINUS": 14, "VIDEO_AVAILABLE": 1}, {"SEASON_ID": "22018", "Player_ID": 1629013, "Game_ID": "0021800621", "GAME_DATE": "JAN 11, 2019", "MATCHUP": "PHI vs. ATL", "WL": "L", "MIN": 16, "FGM": 3, "FGA": 4, "FG_PCT": 0.75, "FG3M": 0, "FG3A": 1, "FG3_PCT": 0.0, "FTM": 0, "FTA": 1, "FT_PCT": 0.0, "OREB": 0, "DREB": 1, "REB": 1, "AST": 0, "STL": 1, "BLK": 0, "TOV": 0, "PF": 3, "PTS": 6, "PLUS_MINUS": 7, "VIDEO_AVAILABLE": 1}, {"SEASON_ID": "22018", "Player_ID": 1629013, "Game_ID": "0021800608", "GAME_DATE": "JAN 09, 2019", "MATCHUP": "PHI @ WAS", "WL": "L", "MIN": 24, "FGM": 2, "FGA": 7, "FG_PCT": 0.286, "FG3M": 1, "FG3A": 4, "FG3_PCT": 0.25, "FTM": 0, "FTA": 0, "FT_PCT": 0.0, "OREB": 0, "DREB": 2, "REB": 2, "AST": 0, "STL": 0, "BLK": 0, "TOV": 2, "PF": 5, "PTS": 5, "PLUS_MINUS": -9, "VIDEO_AVAILABLE": 1}, {"SEASON_ID": "22018", "Player_ID": 1629013, "Game_ID": "0021800600", "GAME_DATE": "JAN 08, 2019", "MATCHUP": "PHI vs. WAS", "WL": "W", "MIN": 24, "FGM": 8, "FGA": 15, "FG_PCT": 0.533, "FG3M": 8, "FG3A": 14, "FG3_PCT": 0.571, "FTM": 5, "FTA": 5, "FT_PCT": 1.0, "OREB": 1, "DREB": 2, "REB": 3, "AST": 1, "STL": 1, "BLK": 0, "TOV": 1, "PF": 1, "PTS": 29, "PLUS_MINUS": 12, "VIDEO_AVAILABLE": 1}, {"SEASON_ID": "22018", "Player_ID": 1629013, "Game_ID": "0021800578", "GAME_DATE": "JAN 05, 2019", "MATCHUP": "PHI vs. DAL", "WL": "W", "MIN": 24, "FGM": 3, "FGA": 6, "FG_PCT": 0.5, "FG3M": 1, "FG3A": 4, "FG3_PCT": 0.25, "FTM": 0, "FTA": 0, "FT_PCT": 0.0, "OREB": 0, "DREB": 1, "REB": 1, "AST": 1, "STL": 1, "BLK": 0, "TOV": 0, "PF": 3, "PTS": 7, "PLUS_MINUS": 2, "VIDEO_AVAILABLE": 1}, {"SEASON_ID": "22018", "Player_ID": 1629013, "Game_ID": "0021800561", "GAME_DATE": "JAN 02, 2019", "MATCHUP": "PHI @ PHX", "WL": "W", "MIN": 16, "FGM": 2, "FGA": 5, "FG_PCT": 0.4, "FG3M": 1, "FG3A": 4, "FG3_PCT": 0.25, "FTM": 0, "FTA": 0, "FT_PCT": 0.0, "OREB": 0, "DREB": 3, "REB": 3, "AST": 0, "STL": 1, "BLK": 0, "TOV": 0, "PF": 5, "PTS": 5, "PLUS_MINUS": -2, "VIDEO_AVAILABLE": 1}, {"SEASON_ID": "22018", "Player_ID": 1629013, "Game_ID": "0021800553", "GAME_DATE": "JAN 01, 2019", "MATCHUP": "PHI @ LAC", "WL": "W", "MIN": 13, "FGM": 1, "FGA": 2, "FG_PCT": 0.5, "FG3M": 1, "FG3A": 2, "FG3_PCT": 0.5, "FTM": 0, "FTA": 0, "FT_PCT": 0.0, "OREB": 0, "DREB": 2, "REB": 2, "AST": 0, "STL": 0, "BLK": 0, "TOV": 0, "PF": 4, "PTS": 3, "PLUS_MINUS": 9, "VIDEO_AVAILABLE": 1}, {"SEASON_ID": "22018", "Player_ID": 1629013, "Game_ID": "0021800540", "GAME_DATE": "DEC 30, 2018", "MATCHUP": "PHI @ POR", "WL": "L", "MIN": 23, "FGM": 2, "FGA": 10, "FG_PCT": 0.2, "FG3M": 0, "FG3A": 5, "FG3_PCT": 0.0, "FTM": 0, "FTA": 0, "FT_PCT": 0.0, "OREB": 1, "DREB": 0, "REB": 1, "AST": 2, "STL": 1, "BLK": 1, "TOV": 1, "PF": 3, "PTS": 4, "PLUS_MINUS": -8, "VIDEO_AVAILABLE": 1}, {"SEASON_ID": "22018", "Player_ID": 1629013, "Game_ID": "0021800515", "GAME_DATE": "DEC 27, 2018", "MATCHUP": "PHI @ UTA", "WL": "W", "MIN": 13, "FGM": 2, "FGA": 6, "FG_PCT": 0.333, "FG3M": 1, "FG3A": 4, "FG3_PCT": 0.25, "FTM": 2, "FTA": 2, "FT_PCT": 1.0, "OREB": 1, "DREB": 1, "REB": 2, "AST": 0, "STL": 0, "BLK": 0, "TOV": 0, "PF": 1, "PTS": 7, "PLUS_MINUS": -4, "VIDEO_AVAILABLE": 1}, {"SEASON_ID": "22018", "Player_ID": 1629013, "Game_ID": "0021800499", "GAME_DATE": "DEC 25, 2018", "MATCHUP": "PHI @ BOS", "WL": "L", "MIN": 14, "FGM": 2, "FGA": 4, "FG_PCT": 0.5, "FG3M": 1, "FG3A": 2, "FG3_PCT": 0.5, "FTM": 0, "FTA": 0, "FT_PCT": 0.0, "OREB": 0, "DREB": 1, "REB": 1, "AST": 1, "STL": 1, "BLK": 0, "TOV": 0, "PF": 1, "PTS": 5, "PLUS_MINUS": -10, "VIDEO_AVAILABLE": 1}, {"SEASON_ID": "22018", "Player_ID": 1629013, "Game_ID": "0021800481", "GAME_DATE": "DEC 22, 2018", "MATCHUP": "PHI vs. TOR", "WL": "W", "MIN": 16, "FGM": 1, "FGA": 5, "FG_PCT": 0.2, "FG3M": 0, "FG3A": 4, "FG3_PCT": 0.0, "FTM": 1, "FTA": 1, "FT_PCT": 1.0, "OREB": 0, "DREB": 0, "REB": 0, "AST": 1, "STL": 0, "BLK": 0, "TOV": 1, "PF": 4, "PTS": 3, "PLUS_MINUS": -3, "VIDEO_AVAILABLE": 1}, {"SEASON_ID": "22018", "Player_ID": 1629013, "Game_ID": "0021800457", "GAME_DATE": "DEC 19, 2018", "MATCHUP": "PHI vs. NYK", "WL": "W", "MIN": 22, "FGM": 6, "FGA": 10, "FG_PCT": 0.6, "FG3M": 4, "FG3A": 7, "FG3_PCT": 0.571, "FTM": 1, "FTA": 1, "FT_PCT": 1.0, "OREB": 0, "DREB": 1, "REB": 1, "AST": 1, "STL": 0, "BLK": 1, "TOV": 0, "PF": 1, "PTS": 17, "PLUS_MINUS": 12, "VIDEO_AVAILABLE": 1}, {"SEASON_ID": "22018", "Player_ID": 1629013, "Game_ID": "0021800448", "GAME_DATE": "DEC 17, 2018", "MATCHUP": "PHI @ SAS", "WL": "L", "MIN": 17, "FGM": 1, "FGA": 6, "FG_PCT": 0.167, "FG3M": 1, "FG3A": 3, "FG3_PCT": 0.333, "FTM": 0, "FTA": 0, "FT_PCT": 0.0, "OREB": 0, "DREB": 1, "REB": 1, "AST": 0, "STL": 0, "BLK": 0, "TOV": 0, "PF": 0, "PTS": 3, "PLUS_MINUS": -20, "VIDEO_AVAILABLE": 1}, {"SEASON_ID": "22018", "Player_ID": 1629013, "Game_ID": "0021800437", "GAME_DATE": "DEC 16, 2018", "MATCHUP": "PHI @ CLE", "WL": "W", "MIN": 15, "FGM": 6, "FGA": 7, "FG_PCT": 0.857, "FG3M": 4, "FG3A": 5, "FG3_PCT": 0.8, "FTM": 0, "FTA": 0, "FT_PCT": 0.0, "OREB": 0, "DREB": 2, "REB": 2, "AST": 0, "STL": 0, "BLK": 1, "TOV": 0, "PF": 3, "PTS": 16, "PLUS_MINUS": -6, "VIDEO_AVAILABLE": 1}, {"SEASON_ID": "22018", "Player_ID": 1629013, "Game_ID": "0021800424", "GAME_DATE": "DEC 14, 2018", "MATCHUP": "PHI vs. IND", "WL": "L", "MIN": 24, "FGM": 2, "FGA": 3, "FG_PCT": 0.667, "FG3M": 2, "FG3A": 2, "FG3_PCT": 1.0, "FTM": 1, "FTA": 1, "FT_PCT": 1.0, "OREB": 1, "DREB": 4, "REB": 5, "AST": 1, "STL": 0, "BLK": 0, "TOV": 0, "PF": 2, "PTS": 7, "PLUS_MINUS": 0, "VIDEO_AVAILABLE": 1}, {"SEASON_ID": "22018", "Player_ID": 1629013, "Game_ID": "0021800408", "GAME_DATE": "DEC 12, 2018", "MATCHUP": "PHI vs. BKN", "WL": "L", "MIN": 20, "FGM": 3, "FGA": 7, "FG_PCT": 0.429, "FG3M": 3, "FG3A": 5, "FG3_PCT": 0.6, "FTM": 1, "FTA": 3, "FT_PCT": 0.333, "OREB": 1, "DREB": 0, "REB": 1, "AST": 1, "STL": 2, "BLK": 0, "TOV": 1, "PF": 2, "PTS": 10, "PLUS_MINUS": -7, "VIDEO_AVAILABLE": 1}, {"SEASON_ID": "22018", "Player_ID": 1629013, "Game_ID": "0021800392", "GAME_DATE": "DEC 10, 2018", "MATCHUP": "PHI vs. DET", "WL": "W", "MIN": 22, "FGM": 3, "FGA": 9, "FG_PCT": 0.333, "FG3M": 3, "FG3A": 7, "FG3_PCT": 0.429, "FTM": 1, "FTA": 2, "FT_PCT": 0.5, "OREB": 2, "DREB": 1, "REB": 3, "AST": 1, "STL": 0, "BLK": 0, "TOV": 0, "PF": 2, "PTS": 10, "PLUS_MINUS": 3, "VIDEO_AVAILABLE": 1}, {"SEASON_ID": "22018", "Player_ID": 1629013, "Game_ID": "0021800369", "GAME_DATE": "DEC 07, 2018", "MATCHUP": "PHI @ DET", "WL": "W", "MIN": 16, "FGM": 1, "FGA": 3, "FG_PCT": 0.333, "FG3M": 0, "FG3A": 1, "FG3_PCT": 0.0, "FTM": 1, "FTA": 1, "FT_PCT": 1.0, "OREB": 0, "DREB": 1, "REB": 1, "AST": 0, "STL": 0, "BLK": 0, "TOV": 1, "PF": 3, "PTS": 3, "PLUS_MINUS": -1, "VIDEO_AVAILABLE": 1}, {"SEASON_ID": "22018", "Player_ID": 1629013, "Game_ID": "0021800359", "GAME_DATE": "DEC 05, 2018", "MATCHUP": "PHI @ TOR", "WL": "L", "MIN": 17, "FGM": 2, "FGA": 6, "FG_PCT": 0.333, "FG3M": 0, "FG3A": 4, "FG3_PCT": 0.0, "FTM": 2, "FTA": 3, "FT_PCT": 0.667, "OREB": 0, "DREB": 0, "REB": 0, "AST": 0, "STL": 0, "BLK": 0, "TOV": 0, "PF": 0, "PTS": 6, "PLUS_MINUS": 4, "VIDEO_AVAILABLE": 1}, {"SEASON_ID": "22018", "Player_ID": 1629013, "Game_ID": "0021800340", "GAME_DATE": "DEC 02, 2018", "MATCHUP": "PHI vs. MEM", "WL": "W", "MIN": 18, "FGM": 1, "FGA": 4, "FG_PCT": 0.25, "FG3M": 1, "FG3A": 4, "FG3_PCT": 0.25, "FTM": 1, "FTA": 1, "FT_PCT": 1.0, "OREB": 0, "DREB": 0, "REB": 0, "AST": 0, "STL": 0, "BLK": 0, "TOV": 3, "PF": 1, "PTS": 4, "PLUS_MINUS": -2, "VIDEO_AVAILABLE": 1}, {"SEASON_ID": "22018", "Player_ID": 1629013, "Game_ID": "0021800322", "GAME_DATE": "NOV 30, 2018", "MATCHUP": "PHI vs. WAS", "WL": "W", "MIN": 27, "FGM": 5, "FGA": 9, "FG_PCT": 0.556, "FG3M": 2, "FG3A": 4, "FG3_PCT": 0.5, "FTM": 0, "FTA": 0, "FT_PCT": 0.0, "OREB": 0, "DREB": 4, "REB": 4, "AST": 2, "STL": 1, "BLK": 0, "TOV": 0, "PF": 3, "PTS": 12, "PLUS_MINUS": 4, "VIDEO_AVAILABLE": 1}, {"SEASON_ID": "22018", "Player_ID": 1629013, "Game_ID": "0021800307", "GAME_DATE": "NOV 28, 2018", "MATCHUP": "PHI vs. NYK", "WL": "W", "MIN": 22, "FGM": 2, "FGA": 4, "FG_PCT": 0.5, "FG3M": 1, "FG3A": 2, "FG3_PCT": 0.5, "FTM": 0, "FTA": 0, "FT_PCT": 0.0, "OREB": 0, "DREB": 3, "REB": 3, "AST": 2, "STL": 0, "BLK": 0, "TOV": 2, "PF": 1, "PTS": 5, "PLUS_MINUS": 0, "VIDEO_AVAILABLE": 1}, {"SEASON_ID": "22018", "Player_ID": 1629013, "Game_ID": "0021800289", "GAME_DATE": "NOV 25, 2018", "MATCHUP": "PHI @ BKN", "WL": "W", "MIN": 19, "FGM": 5, "FGA": 7, "FG_PCT": 0.714, "FG3M": 4, "FG3A": 4, "FG3_PCT": 1.0, "FTM": 2, "FTA": 2, "FT_PCT": 1.0, "OREB": 0, "DREB": 2, "REB": 2, "AST": 1, "STL": 0, "BLK": 0, "TOV": 0, "PF": 2, "PTS": 16, "PLUS_MINUS": -3, "VIDEO_AVAILABLE": 1}, {"SEASON_ID": "22018", "Player_ID": 1629013, "Game_ID": "0021800270", "GAME_DATE": "NOV 23, 2018", "MATCHUP": "PHI vs. CLE", "WL": "L", "MIN": 29, "FGM": 4, "FGA": 9, "FG_PCT": 0.444, "FG3M": 2, "FG3A": 7, "FG3_PCT": 0.286, "FTM": 0, "FTA": 0, "FT_PCT": 0.0, "OREB": 0, "DREB": 2, "REB": 2, "AST": 1, "STL": 0, "BLK": 0, "TOV": 0, "PF": 1, "PTS": 10, "PLUS_MINUS": 2, "VIDEO_AVAILABLE": 1}, {"SEASON_ID": "22018", "Player_ID": 1629013, "Game_ID": "0021800253", "GAME_DATE": "NOV 21, 2018", "MATCHUP": "PHI vs. NOP", "WL": "W", "MIN": 20, "FGM": 4, "FGA": 6, "FG_PCT": 0.667, "FG3M": 4, "FG3A": 6, "FG3_PCT": 0.667, "FTM": 3, "FTA": 3, "FT_PCT": 1.0, "OREB": 0, "DREB": 3, "REB": 3, "AST": 1, "STL": 1, "BLK": 0, "TOV": 0, "PF": 5, "PTS": 15, "PLUS_MINUS": 14, "VIDEO_AVAILABLE": 1}, {"SEASON_ID": "22018", "Player_ID": 1629013, "Game_ID": "0021800242", "GAME_DATE": "NOV 19, 2018", "MATCHUP": "PHI vs. PHX", "WL": "W", "MIN": 21, "FGM": 3, "FGA": 4, "FG_PCT": 0.75, "FG3M": 2, "FG3A": 3, "FG3_PCT": 0.667, "FTM": 1, "FTA": 1, "FT_PCT": 1.0, "OREB": 0, "DREB": 0, "REB": 0, "AST": 1, "STL": 0, "BLK": 0, "TOV": 0, "PF": 2, "PTS": 9, "PLUS_MINUS": -6, "VIDEO_AVAILABLE": 1}, {"SEASON_ID": "22018", "Player_ID": 1629013, "Game_ID": "0021800225", "GAME_DATE": "NOV 17, 2018", "MATCHUP": "PHI @ CHA", "WL": "W", "MIN": 23, "FGM": 2, "FGA": 6, "FG_PCT": 0.333, "FG3M": 1, "FG3A": 4, "FG3_PCT": 0.25, "FTM": 0, "FTA": 0, "FT_PCT": 0.0, "OREB": 0, "DREB": 2, "REB": 2, "AST": 0, "STL": 1, "BLK": 0, "TOV": 0, "PF": 3, "PTS": 5, "PLUS_MINUS": -3, "VIDEO_AVAILABLE": 1}, {"SEASON_ID": "22018", "Player_ID": 1629013, "Game_ID": "0021800218", "GAME_DATE": "NOV 16, 2018", "MATCHUP": "PHI vs. UTA", "WL": "W", "MIN": 14, "FGM": 2, "FGA": 4, "FG_PCT": 0.5, "FG3M": 2, "FG3A": 4, "FG3_PCT": 0.5, "FTM": 0, "FTA": 0, "FT_PCT": 0.0, "OREB": 0, "DREB": 1, "REB": 1, "AST": 1, "STL": 0, "BLK": 0, "TOV": 1, "PF": 3, "PTS": 6, "PLUS_MINUS": -4, "VIDEO_AVAILABLE": 1}, {"SEASON_ID": "22018", "Player_ID": 1629013, "Game_ID": "0021800202", "GAME_DATE": "NOV 14, 2018", "MATCHUP": "PHI @ ORL", "WL": "L", "MIN": 15, "FGM": 3, "FGA": 7, "FG_PCT": 0.429, "FG3M": 1, "FG3A": 4, "FG3_PCT": 0.25, "FTM": 0, "FTA": 0, "FT_PCT": 0.0, "OREB": 1, "DREB": 0, "REB": 1, "AST": 1, "STL": 0, "BLK": 0, "TOV": 0, "PF": 1, "PTS": 7, "PLUS_MINUS": -15, "VIDEO_AVAILABLE": 1}, {"SEASON_ID": "22018", "Player_ID": 1629013, "Game_ID": "0021800191", "GAME_DATE": "NOV 12, 2018", "MATCHUP": "PHI @ MIA", "WL": "W", "MIN": 24, "FGM": 3, "FGA": 5, "FG_PCT": 0.6, "FG3M": 2, "FG3A": 4, "FG3_PCT": 0.5, "FTM": 2, "FTA": 2, "FT_PCT": 1.0, "OREB": 0, "DREB": 0, "REB": 0, "AST": 1, "STL": 0, "BLK": 0, "TOV": 0, "PF": 4, "PTS": 10, "PLUS_MINUS": 10, "VIDEO_AVAILABLE": 1}, {"SEASON_ID": "22018", "Player_ID": 1629013, "Game_ID": "0021800179", "GAME_DATE": "NOV 10, 2018", "MATCHUP": "PHI @ MEM", "WL": "L", "MIN": 43, "FGM": 2, "FGA": 13, "FG_PCT": 0.154, "FG3M": 1, "FG3A": 11, "FG3_PCT": 0.091, "FTM": 0, "FTA": 0, "FT_PCT": 0.0, "OREB": 1, "DREB": 1, "REB": 2, "AST": 5, "STL": 2, "BLK": 0, "TOV": 2, "PF": 3, "PTS": 5, "PLUS_MINUS": -13, "VIDEO_AVAILABLE": 1}, {"SEASON_ID": "22018", "Player_ID": 1629013, "Game_ID": "0021800168", "GAME_DATE": "NOV 09, 2018", "MATCHUP": "PHI vs. CHA", "WL": "W", "MIN": 19, "FGM": 1, "FGA": 6, "FG_PCT": 0.167, "FG3M": 1, "FG3A": 5, "FG3_PCT": 0.2, "FTM": 0, "FTA": 0, "FT_PCT": 0.0, "OREB": 0, "DREB": 0, "REB": 0, "AST": 1, "STL": 1, "BLK": 1, "TOV": 0, "PF": 3, "PTS": 3, "PLUS_MINUS": 1, "VIDEO_AVAILABLE": 1}, {"SEASON_ID": "22018", "Player_ID": 1629013, "Game_ID": "0021800157", "GAME_DATE": "NOV 07, 2018", "MATCHUP": "PHI @ IND", "WL": "W", "MIN": 23, "FGM": 4, "FGA": 8, "FG_PCT": 0.5, "FG3M": 3, "FG3A": 6, "FG3_PCT": 0.5, "FTM": 1, "FTA": 1, "FT_PCT": 1.0, "OREB": 0, "DREB": 1, "REB": 1, "AST": 1, "STL": 1, "BLK": 1, "TOV": 1, "PF": 3, "PTS": 12, "PLUS_MINUS": -11, "VIDEO_AVAILABLE": 1}, {"SEASON_ID": "22018", "Player_ID": 1629013, "Game_ID": "0021800134", "GAME_DATE": "NOV 04, 2018", "MATCHUP": "PHI @ BKN", "WL": "L", "MIN": 28, "FGM": 3, "FGA": 6, "FG_PCT": 0.5, "FG3M": 2, "FG3A": 5, "FG3_PCT": 0.4, "FTM": 4, "FTA": 5, "FT_PCT": 0.8, "OREB": 0, "DREB": 1, "REB": 1, "AST": 1, "STL": 0, "BLK": 0, "TOV": 1, "PF": 0, "PTS": 12, "PLUS_MINUS": -28, "VIDEO_AVAILABLE": 1}, {"SEASON_ID": "22018", "Player_ID": 1629013, "Game_ID": "0021800125", "GAME_DATE": "NOV 03, 2018", "MATCHUP": "PHI vs. DET", "WL": "W", "MIN": 19, "FGM": 4, "FGA": 7, "FG_PCT": 0.571, "FG3M": 2, "FG3A": 5, "FG3_PCT": 0.4, "FTM": 1, "FTA": 1, "FT_PCT": 1.0, "OREB": 0, "DREB": 1, "REB": 1, "AST": 1, "STL": 0, "BLK": 0, "TOV": 1, "PF": 0, "PTS": 11, "PLUS_MINUS": 13, "VIDEO_AVAILABLE": 1}, {"SEASON_ID": "22018", "Player_ID": 1629013, "Game_ID": "0021800113", "GAME_DATE": "NOV 01, 2018", "MATCHUP": "PHI vs. LAC", "WL": "W", "MIN": 23, "FGM": 5, "FGA": 8, "FG_PCT": 0.625, "FG3M": 3, "FG3A": 6, "FG3_PCT": 0.5, "FTM": 0, "FTA": 1, "FT_PCT": 0.0, "OREB": 0, "DREB": 1, "REB": 1, "AST": 0, "STL": 1, "BLK": 0, "TOV": 0, "PF": 3, "PTS": 13, "PLUS_MINUS": 0, "VIDEO_AVAILABLE": 1}, {"SEASON_ID": "22018", "Player_ID": 1629013, "Game_ID": "0021800100", "GAME_DATE": "OCT 30, 2018", "MATCHUP": "PHI @ TOR", "WL": "L", "MIN": 16, "FGM": 3, "FGA": 8, "FG_PCT": 0.375, "FG3M": 2, "FG3A": 6, "FG3_PCT": 0.333, "FTM": 0, "FTA": 0, "FT_PCT": 0.0, "OREB": 0, "DREB": 0, "REB": 0, "AST": 0, "STL": 0, "BLK": 0, "TOV": 0, "PF": 2, "PTS": 8, "PLUS_MINUS": -8, "VIDEO_AVAILABLE": 1}, {"SEASON_ID": "22018", "Player_ID": 1629013, "Game_ID": "0021800088", "GAME_DATE": "OCT 29, 2018", "MATCHUP": "PHI vs. ATL", "WL": "W", "MIN": 25, "FGM": 4, "FGA": 8, "FG_PCT": 0.5, "FG3M": 2, "FG3A": 5, "FG3_PCT": 0.4, "FTM": 3, "FTA": 3, "FT_PCT": 1.0, "OREB": 0, "DREB": 1, "REB": 1, "AST": 2, "STL": 1, "BLK": 0, "TOV": 1, "PF": 2, "PTS": 13, "PLUS_MINUS": 8, "VIDEO_AVAILABLE": 1}, {"SEASON_ID": "22018", "Player_ID": 1629013, "Game_ID": "0021800078", "GAME_DATE": "OCT 27, 2018", "MATCHUP": "PHI vs. CHA", "WL": "W", "MIN": 9, "FGM": 1, "FGA": 3, "FG_PCT": 0.333, "FG3M": 1, "FG3A": 2, "FG3_PCT": 0.5, "FTM": 1, "FTA": 1, "FT_PCT": 1.0, "OREB": 0, "DREB": 0, "REB": 0, "AST": 0, "STL": 0, "BLK": 0, "TOV": 0, "PF": 0, "PTS": 4, "PLUS_MINUS": -1, "VIDEO_AVAILABLE": 1}, {"SEASON_ID": "22018", "Player_ID": 1629013, "Game_ID": "0021800059", "GAME_DATE": "OCT 24, 2018", "MATCHUP": "PHI @ MIL", "WL": "L", "MIN": 8, "FGM": 1, "FGA": 4, "FG_PCT": 0.25, "FG3M": 1, "FG3A": 2, "FG3_PCT": 0.5, "FTM": 0, "FTA": 0, "FT_PCT": 0.0, "OREB": 0, "DREB": 0, "REB": 0, "AST": 0, "STL": 1, "BLK": 0, "TOV": 1, "PF": 1, "PTS": 3, "PLUS_MINUS": -4, "VIDEO_AVAILABLE": 1}, {"SEASON_ID": "22018", "Player_ID": 1629013, "Game_ID": "0021800049", "GAME_DATE": "OCT 23, 2018", "MATCHUP": "PHI @ DET", "WL": "L", "MIN": 24, "FGM": 2, "FGA": 5, "FG_PCT": 0.4, "FG3M": 1, "FG3A": 4, "FG3_PCT": 0.25, "FTM": 0, "FTA": 0, "FT_PCT": 0.0, "OREB": 0, "DREB": 0, "REB": 0, "AST": 2, "STL": 0, "BLK": 0, "TOV": 0, "PF": 2, "PTS": 5, "PLUS_MINUS": -5, "VIDEO_AVAILABLE": 1}, {"SEASON_ID": "22018", "Player_ID": 1629013, "Game_ID": "0021800029", "GAME_DATE": "OCT 20, 2018", "MATCHUP": "PHI vs. ORL", "WL": "W", "MIN": 21, "FGM": 0, "FGA": 4, "FG_PCT": 0.0, "FG3M": 0, "FG3A": 3, "FG3_PCT": 0.0, "FTM": 0, "FTA": 0, "FT_PCT": 0.0, "OREB": 2, "DREB": 2, "REB": 4, "AST": 2, "STL": 0, "BLK": 0, "TOV": 1, "PF": 0, "PTS": 0, "PLUS_MINUS": 12, "VIDEO_AVAILABLE": 1}, {"SEASON_ID": "22018", "Player_ID": 1629013, "Game_ID": "0021800014", "GAME_DATE": "OCT 18, 2018", "MATCHUP": "PHI vs. CHI", "WL": "W", "MIN": 29, "FGM": 4, "FGA": 7, "FG_PCT": 0.571, "FG3M": 4, "FG3A": 7, "FG3_PCT": 0.571, "FTM": 0, "FTA": 0, "FT_PCT": 0.0, "OREB": 0, "DREB": 4, "REB": 4, "AST": 1, "STL": 2, "BLK": 1, "TOV": 0, "PF": 1, "PTS": 12, "PLUS_MINUS": 1, "VIDEO_AVAILABLE": 1}, {"SEASON_ID": "22018", "Player_ID": 1629013, "Game_ID": "0021800001", "GAME_DATE": "OCT 16, 2018", "MATCHUP": "PHI @ BOS", "WL": "L", "MIN": 13, "FGM": 0, "FGA": 4, "FG_PCT": 0.0, "FG3M": 0, "FG3A": 2, "FG3_PCT": 0.0, "FTM": 1, "FTA": 2, "FT_PCT": 0.5, "OREB": 0, "DREB": 1, "REB": 1, "AST": 0, "STL": 0, "BLK": 0, "TOV": 0, "PF": 0, "PTS": 1, "PLUS_MINUS": -8, "VIDEO_AVAILABLE": 1}]