{"firstName": "Landry", "lastName": "Shamet", "temporaryDisplayName": "Shamet, Landry", "personId": "1629013", "teamId": "1610612746", "jersey": "20", "isActive": true, "pos": "G", "heightFeet": "6", "heightInches": "5", "heightMeters": "1.96", "weightPounds": "190", "weightKilograms": "86.2", "dateOfBirthUTC": "1997-03-13", "teamSitesOnly": {"playerCode": "landry_shamet", "posFull": "Guard", "displayAffiliation": "Wichita State/USA", "freeAgentCode": ""}, "teams": [{"teamId": "1610612755", "seasonStart": "2018", "seasonEnd": "2018"}, {"teamId": "1610612746", "seasonStart": "2018", "seasonEnd": "2019"}], "draft": {"teamId": "1610612755", "pickNum": "26", "roundNum": "1", "seasonYear": "2018"}, "nbaDebutYear": "2018", "yearsPro": "1", "collegeName": "Wichita State", "lastAffiliation": "Wichita State University/USA", "country": "USA"}