{"firstName": "Treveon", "lastName": "Graham", "temporaryDisplayName": "Graham, Treveon", "personId": "1626203", "teamId": "1610612750", "jersey": "12", "isActive": true, "pos": "G-F", "heightFeet": "6", "heightInches": "5", "heightMeters": "1.96", "weightPounds": "225", "weightKilograms": "102.1", "dateOfBirthUTC": "1993-10-28", "teamSitesOnly": {"playerCode": "treveon_graham", "posFull": "Guard-Forward", "displayAffiliation": "Virginia Commonwealth/USA", "freeAgentCode": ""}, "teams": [{"teamId": "1610612766", "seasonStart": "2016", "seasonEnd": "2017"}, {"teamId": "1610612751", "seasonStart": "2018", "seasonEnd": "2018"}, {"teamId": "1610612750", "seasonStart": "2019", "seasonEnd": "2019"}], "draft": {"teamId": "", "pickNum": "", "roundNum": "", "seasonYear": ""}, "nbaDebutYear": "2016", "yearsPro": "3", "collegeName": "Va Commonwealth", "lastAffiliation": "Virginia Commonwealth/USA", "country": "USA"}