{"firstName": "Keldon", "lastName": "Johnson", "temporaryDisplayName": "Johnson, Keldon", "personId": "1629640", "teamId": "1610612759", "jersey": "3", "isActive": true, "pos": "F", "heightFeet": "6", "heightInches": "6", "heightMeters": "1.98", "weightPounds": "211", "weightKilograms": "95.7", "dateOfBirthUTC": "1999-10-11", "teamSitesOnly": {"playerCode": "keldon_johnson", "posFull": "Forward", "displayAffiliation": "Kentucky/USA", "freeAgentCode": ""}, "teams": [{"teamId": "1610612759", "seasonStart": "2019", "seasonEnd": "2019"}], "draft": {"teamId": "1610612759", "pickNum": "29", "roundNum": "1", "seasonYear": "2019"}, "nbaDebutYear": "", "yearsPro": "0", "collegeName": "Kentucky", "lastAffiliation": "University of Kentucky/USA", "country": "USA"}