{"firstName": "Devin", "lastName": "Booker", "temporaryDisplayName": "Booker, Devin", "personId": "1626164", "teamId": "1610612756", "jersey": "1", "isActive": true, "pos": "G", "heightFeet": "6", "heightInches": "6", "heightMeters": "1.98", "weightPounds": "210", "weightKilograms": "95.3", "dateOfBirthUTC": "1996-10-30", "teamSitesOnly": {"playerCode": "devin_booker", "posFull": "Guard", "displayAffiliation": "Kentucky/USA", "freeAgentCode": ""}, "teams": [{"teamId": "1610612756", "seasonStart": "2015", "seasonEnd": "2019"}], "draft": {"teamId": "1610612756", "pickNum": "13", "roundNum": "1", "seasonYear": "2015"}, "nbaDebutYear": "2015", "yearsPro": "4", "collegeName": "Kentucky", "lastAffiliation": "Kentucky/USA", "country": "USA"}