[{"SEASON_ID": "22018", "Player_ID": 1628390, "Game_ID": "0021801226", "GAME_DATE": "APR 10, 2019", "MATCHUP": "OKC @ MIL", "WL": "W", "MIN": 33, "FGM": 4, "FGA": 10, "FG_PCT": 0.4, "FG3M": 3, "FG3A": 9, "FG3_PCT": 0.333, "FTM": 0, "FTA": 0, "FT_PCT": 0.0, "OREB": 0, "DREB": 6, "REB": 6, "AST": 5, "STL": 0, "BLK": 0, "TOV": 3, "PF": 4, "PTS": 11, "PLUS_MINUS": 4, "VIDEO_AVAILABLE": 1}, {"SEASON_ID": "22018", "Player_ID": 1628390, "Game_ID": "0021801218", "GAME_DATE": "APR 09, 2019", "MATCHUP": "OKC vs. HOU", "WL": "W", "MIN": 26, "FGM": 6, "FGA": 10, "FG_PCT": 0.6, "FG3M": 3, "FG3A": 6, "FG3_PCT": 0.5, "FTM": 1, "FTA": 1, "FT_PCT": 1.0, "OREB": 0, "DREB": 3, "REB": 3, "AST": 1, "STL": 0, "BLK": 0, "TOV": 2, "PF": 3, "PTS": 16, "PLUS_MINUS": -8, "VIDEO_AVAILABLE": 1}, {"SEASON_ID": "22018", "Player_ID": 1628390, "Game_ID": "0021801197", "GAME_DATE": "APR 07, 2019", "MATCHUP": "OKC @ MIN", "WL": "W", "MIN": 26, "FGM": 4, "FGA": 5, "FG_PCT": 0.8, "FG3M": 2, "FG3A": 3, "FG3_PCT": 0.667, "FTM": 1, "FTA": 2, "FT_PCT": 0.5, "OREB": 2, "DREB": 2, "REB": 4, "AST": 2, "STL": 0, "BLK": 0, "TOV": 0, "PF": 3, "PTS": 11, "PLUS_MINUS": 0, "VIDEO_AVAILABLE": 1}, {"SEASON_ID": "22018", "Player_ID": 1628390, "Game_ID": "0021801186", "GAME_DATE": "APR 05, 2019", "MATCHUP": "OKC vs. DET", "WL": "W", "MIN": 28, "FGM": 1, "FGA": 1, "FG_PCT": 1.0, "FG3M": 0, "FG3A": 0, "FG3_PCT": 0.0, "FTM": 0, "FTA": 0, "FT_PCT": 0.0, "OREB": 1, "DREB": 3, "REB": 4, "AST": 0, "STL": 0, "BLK": 0, "TOV": 1, "PF": 3, "PTS": 2, "PLUS_MINUS": -2, "VIDEO_AVAILABLE": 1}, {"SEASON_ID": "22018", "Player_ID": 1628390, "Game_ID": "0021801161", "GAME_DATE": "APR 02, 2019", "MATCHUP": "OKC vs. LAL", "WL": "W", "MIN": 22, "FGM": 5, "FGA": 9, "FG_PCT": 0.556, "FG3M": 3, "FG3A": 7, "FG3_PCT": 0.429, "FTM": 2, "FTA": 2, "FT_PCT": 1.0, "OREB": 1, "DREB": 1, "REB": 2, "AST": 0, "STL": 1, "BLK": 0, "TOV": 1, "PF": 2, "PTS": 15, "PLUS_MINUS": 5, "VIDEO_AVAILABLE": 1}, {"SEASON_ID": "22018", "Player_ID": 1628390, "Game_ID": "0021801146", "GAME_DATE": "MAR 31, 2019", "MATCHUP": "OKC vs. DAL", "WL": "L", "MIN": 20, "FGM": 0, "FGA": 2, "FG_PCT": 0.0, "FG3M": 0, "FG3A": 2, "FG3_PCT": 0.0, "FTM": 3, "FTA": 4, "FT_PCT": 0.75, "OREB": 0, "DREB": 1, "REB": 1, "AST": 0, "STL": 0, "BLK": 0, "TOV": 0, "PF": 2, "PTS": 3, "PLUS_MINUS": -22, "VIDEO_AVAILABLE": 1}, {"SEASON_ID": "22018", "Player_ID": 1628390, "Game_ID": "0021801133", "GAME_DATE": "MAR 29, 2019", "MATCHUP": "OKC vs. DEN", "WL": "L", "MIN": 31, "FGM": 0, "FGA": 1, "FG_PCT": 0.0, "FG3M": 0, "FG3A": 1, "FG3_PCT": 0.0, "FTM": 2, "FTA": 2, "FT_PCT": 1.0, "OREB": 0, "DREB": 0, "REB": 0, "AST": 1, "STL": 1, "BLK": 0, "TOV": 1, "PF": 2, "PTS": 2, "PLUS_MINUS": -12, "VIDEO_AVAILABLE": 1}, {"SEASON_ID": "22018", "Player_ID": 1628390, "Game_ID": "0021801119", "GAME_DATE": "MAR 27, 2019", "MATCHUP": "OKC vs. IND", "WL": "W", "MIN": 38, "FGM": 2, "FGA": 9, "FG_PCT": 0.222, "FG3M": 1, "FG3A": 5, "FG3_PCT": 0.2, "FTM": 0, "FTA": 0, "FT_PCT": 0.0, "OREB": 0, "DREB": 3, "REB": 3, "AST": 2, "STL": 0, "BLK": 1, "TOV": 0, "PF": 3, "PTS": 5, "PLUS_MINUS": 18, "VIDEO_AVAILABLE": 1}, {"SEASON_ID": "22018", "Player_ID": 1628390, "Game_ID": "0021801104", "GAME_DATE": "MAR 25, 2019", "MATCHUP": "OKC @ MEM", "WL": "L", "MIN": 36, "FGM": 4, "FGA": 4, "FG_PCT": 1.0, "FG3M": 3, "FG3A": 3, "FG3_PCT": 1.0, "FTM": 2, "FTA": 2, "FT_PCT": 1.0, "OREB": 1, "DREB": 2, "REB": 3, "AST": 3, "STL": 2, "BLK": 0, "TOV": 0, "PF": 2, "PTS": 13, "PLUS_MINUS": -18, "VIDEO_AVAILABLE": 1}, {"SEASON_ID": "22018", "Player_ID": 1628390, "Game_ID": "0021801083", "GAME_DATE": "MAR 22, 2019", "MATCHUP": "OKC @ TOR", "WL": "W", "MIN": 33, "FGM": 4, "FGA": 10, "FG_PCT": 0.4, "FG3M": 3, "FG3A": 7, "FG3_PCT": 0.429, "FTM": 0, "FTA": 0, "FT_PCT": 0.0, "OREB": 0, "DREB": 1, "REB": 1, "AST": 2, "STL": 0, "BLK": 0, "TOV": 0, "PF": 1, "PTS": 11, "PLUS_MINUS": 8, "VIDEO_AVAILABLE": 1}, {"SEASON_ID": "22018", "Player_ID": 1628390, "Game_ID": "0021801072", "GAME_DATE": "MAR 20, 2019", "MATCHUP": "OKC vs. TOR", "WL": "L", "MIN": 33, "FGM": 3, "FGA": 10, "FG_PCT": 0.3, "FG3M": 2, "FG3A": 8, "FG3_PCT": 0.25, "FTM": 0, "FTA": 0, "FT_PCT": 0.0, "OREB": 0, "DREB": 1, "REB": 1, "AST": 0, "STL": 1, "BLK": 0, "TOV": 0, "PF": 3, "PTS": 8, "PLUS_MINUS": -14, "VIDEO_AVAILABLE": 1}, {"SEASON_ID": "22018", "Player_ID": 1628390, "Game_ID": "0021801054", "GAME_DATE": "MAR 18, 2019", "MATCHUP": "OKC vs. MIA", "WL": "L", "MIN": 37, "FGM": 3, "FGA": 9, "FG_PCT": 0.333, "FG3M": 3, "FG3A": 9, "FG3_PCT": 0.333, "FTM": 0, "FTA": 0, "FT_PCT": 0.0, "OREB": 1, "DREB": 3, "REB": 4, "AST": 2, "STL": 1, "BLK": 0, "TOV": 3, "PF": 2, "PTS": 9, "PLUS_MINUS": 10, "VIDEO_AVAILABLE": 1}, {"SEASON_ID": "22018", "Player_ID": 1628390, "Game_ID": "0021801038", "GAME_DATE": "MAR 16, 2019", "MATCHUP": "OKC vs. GSW", "WL": "L", "MIN": 27, "FGM": 1, "FGA": 5, "FG_PCT": 0.2, "FG3M": 0, "FG3A": 3, "FG3_PCT": 0.0, "FTM": 0, "FTA": 0, "FT_PCT": 0.0, "OREB": 1, "DREB": 1, "REB": 2, "AST": 0, "STL": 0, "BLK": 0, "TOV": 2, "PF": 2, "PTS": 2, "PLUS_MINUS": -19, "VIDEO_AVAILABLE": 1}, {"SEASON_ID": "22018", "Player_ID": 1628390, "Game_ID": "0021801020", "GAME_DATE": "MAR 14, 2019", "MATCHUP": "OKC @ IND", "WL": "L", "MIN": 21, "FGM": 2, "FGA": 4, "FG_PCT": 0.5, "FG3M": 2, "FG3A": 3, "FG3_PCT": 0.667, "FTM": 0, "FTA": 0, "FT_PCT": 0.0, "OREB": 0, "DREB": 1, "REB": 1, "AST": 0, "STL": 1, "BLK": 1, "TOV": 0, "PF": 5, "PTS": 6, "PLUS_MINUS": 9, "VIDEO_AVAILABLE": 1}, {"SEASON_ID": "22018", "Player_ID": 1628390, "Game_ID": "0021801017", "GAME_DATE": "MAR 13, 2019", "MATCHUP": "OKC vs. BKN", "WL": "W", "MIN": 29, "FGM": 0, "FGA": 3, "FG_PCT": 0.0, "FG3M": 0, "FG3A": 1, "FG3_PCT": 0.0, "FTM": 2, "FTA": 2, "FT_PCT": 1.0, "OREB": 1, "DREB": 3, "REB": 4, "AST": 3, "STL": 1, "BLK": 0, "TOV": 0, "PF": 5, "PTS": 2, "PLUS_MINUS": 15, "VIDEO_AVAILABLE": 1}, {"SEASON_ID": "22018", "Player_ID": 1628390, "Game_ID": "0021801005", "GAME_DATE": "MAR 11, 2019", "MATCHUP": "OKC @ UTA", "WL": "W", "MIN": 27, "FGM": 2, "FGA": 5, "FG_PCT": 0.4, "FG3M": 1, "FG3A": 4, "FG3_PCT": 0.25, "FTM": 0, "FTA": 0, "FT_PCT": 0.0, "OREB": 0, "DREB": 2, "REB": 2, "AST": 0, "STL": 0, "BLK": 0, "TOV": 2, "PF": 1, "PTS": 5, "PLUS_MINUS": 12, "VIDEO_AVAILABLE": 1}, {"SEASON_ID": "22018", "Player_ID": 1628390, "Game_ID": "0021800985", "GAME_DATE": "MAR 08, 2019", "MATCHUP": "OKC @ LAC", "WL": "L", "MIN": 34, "FGM": 2, "FGA": 9, "FG_PCT": 0.222, "FG3M": 2, "FG3A": 8, "FG3_PCT": 0.25, "FTM": 0, "FTA": 0, "FT_PCT": 0.0, "OREB": 0, "DREB": 2, "REB": 2, "AST": 1, "STL": 0, "BLK": 1, "TOV": 1, "PF": 2, "PTS": 6, "PLUS_MINUS": -8, "VIDEO_AVAILABLE": 1}, {"SEASON_ID": "22018", "Player_ID": 1628390, "Game_ID": "0021800976", "GAME_DATE": "MAR 07, 2019", "MATCHUP": "OKC @ POR", "WL": "W", "MIN": 29, "FGM": 2, "FGA": 3, "FG_PCT": 0.667, "FG3M": 1, "FG3A": 2, "FG3_PCT": 0.5, "FTM": 1, "FTA": 2, "FT_PCT": 0.5, "OREB": 1, "DREB": 4, "REB": 5, "AST": 0, "STL": 0, "BLK": 1, "TOV": 1, "PF": 5, "PTS": 6, "PLUS_MINUS": 11, "VIDEO_AVAILABLE": 1}, {"SEASON_ID": "22018", "Player_ID": 1628390, "Game_ID": "0021800963", "GAME_DATE": "MAR 05, 2019", "MATCHUP": "OKC @ MIN", "WL": "L", "MIN": 16, "FGM": 1, "FGA": 4, "FG_PCT": 0.25, "FG3M": 1, "FG3A": 4, "FG3_PCT": 0.25, "FTM": 2, "FTA": 2, "FT_PCT": 1.0, "OREB": 0, "DREB": 1, "REB": 1, "AST": 0, "STL": 1, "BLK": 0, "TOV": 1, "PF": 5, "PTS": 5, "PLUS_MINUS": -6, "VIDEO_AVAILABLE": 1}, {"SEASON_ID": "22018", "Player_ID": 1628390, "Game_ID": "0021800951", "GAME_DATE": "MAR 03, 2019", "MATCHUP": "OKC vs. MEM", "WL": "W", "MIN": 36, "FGM": 1, "FGA": 5, "FG_PCT": 0.2, "FG3M": 0, "FG3A": 3, "FG3_PCT": 0.0, "FTM": 2, "FTA": 2, "FT_PCT": 1.0, "OREB": 0, "DREB": 0, "REB": 0, "AST": 2, "STL": 1, "BLK": 0, "TOV": 0, "PF": 2, "PTS": 4, "PLUS_MINUS": 6, "VIDEO_AVAILABLE": 1}, {"SEASON_ID": "22018", "Player_ID": 1628390, "Game_ID": "0021800940", "GAME_DATE": "MAR 02, 2019", "MATCHUP": "OKC @ SAS", "WL": "L", "MIN": 37, "FGM": 3, "FGA": 6, "FG_PCT": 0.5, "FG3M": 1, "FG3A": 4, "FG3_PCT": 0.25, "FTM": 0, "FTA": 0, "FT_PCT": 0.0, "OREB": 0, "DREB": 1, "REB": 1, "AST": 0, "STL": 0, "BLK": 0, "TOV": 1, "PF": 4, "PTS": 7, "PLUS_MINUS": -21, "VIDEO_AVAILABLE": 1}, {"SEASON_ID": "22018", "Player_ID": 1628390, "Game_ID": "0021800927", "GAME_DATE": "FEB 28, 2019", "MATCHUP": "OKC vs. PHI", "WL": "L", "MIN": 38, "FGM": 3, "FGA": 5, "FG_PCT": 0.6, "FG3M": 1, "FG3A": 3, "FG3_PCT": 0.333, "FTM": 0, "FTA": 0, "FT_PCT": 0.0, "OREB": 0, "DREB": 1, "REB": 1, "AST": 6, "STL": 0, "BLK": 0, "TOV": 1, "PF": 3, "PTS": 7, "PLUS_MINUS": -7, "VIDEO_AVAILABLE": 1}, {"SEASON_ID": "22018", "Player_ID": 1628390, "Game_ID": "0021800910", "GAME_DATE": "FEB 26, 2019", "MATCHUP": "OKC @ DEN", "WL": "L", "MIN": 21, "FGM": 1, "FGA": 3, "FG_PCT": 0.333, "FG3M": 0, "FG3A": 2, "FG3_PCT": 0.0, "FTM": 1, "FTA": 2, "FT_PCT": 0.5, "OREB": 0, "DREB": 0, "REB": 0, "AST": 1, "STL": 1, "BLK": 0, "TOV": 0, "PF": 3, "PTS": 3, "PLUS_MINUS": -7, "VIDEO_AVAILABLE": 1}, {"SEASON_ID": "22018", "Player_ID": 1628390, "Game_ID": "0021800890", "GAME_DATE": "FEB 23, 2019", "MATCHUP": "OKC vs. SAC", "WL": "L", "MIN": 30, "FGM": 3, "FGA": 9, "FG_PCT": 0.333, "FG3M": 3, "FG3A": 8, "FG3_PCT": 0.375, "FTM": 1, "FTA": 2, "FT_PCT": 0.5, "OREB": 1, "DREB": 0, "REB": 1, "AST": 1, "STL": 0, "BLK": 0, "TOV": 1, "PF": 4, "PTS": 10, "PLUS_MINUS": 4, "VIDEO_AVAILABLE": 1}, {"SEASON_ID": "22018", "Player_ID": 1628390, "Game_ID": "0021800881", "GAME_DATE": "FEB 22, 2019", "MATCHUP": "OKC vs. UTA", "WL": "W", "MIN": 27, "FGM": 5, "FGA": 8, "FG_PCT": 0.625, "FG3M": 2, "FG3A": 5, "FG3_PCT": 0.4, "FTM": 0, "FTA": 0, "FT_PCT": 0.0, "OREB": 0, "DREB": 0, "REB": 0, "AST": 1, "STL": 0, "BLK": 0, "TOV": 0, "PF": 6, "PTS": 12, "PLUS_MINUS": 4, "VIDEO_AVAILABLE": 1}, {"SEASON_ID": "22018", "Player_ID": 1628390, "Game_ID": "0021800866", "GAME_DATE": "FEB 14, 2019", "MATCHUP": "OKC @ NOP", "WL": "L", "MIN": 36, "FGM": 2, "FGA": 9, "FG_PCT": 0.222, "FG3M": 2, "FG3A": 7, "FG3_PCT": 0.286, "FTM": 0, "FTA": 0, "FT_PCT": 0.0, "OREB": 1, "DREB": 1, "REB": 2, "AST": 1, "STL": 1, "BLK": 1, "TOV": 0, "PF": 5, "PTS": 6, "PLUS_MINUS": -18, "VIDEO_AVAILABLE": 1}, {"SEASON_ID": "22018", "Player_ID": 1628390, "Game_ID": "0021800846", "GAME_DATE": "FEB 11, 2019", "MATCHUP": "OKC vs. POR", "WL": "W", "MIN": 29, "FGM": 3, "FGA": 4, "FG_PCT": 0.75, "FG3M": 1, "FG3A": 2, "FG3_PCT": 0.5, "FTM": 1, "FTA": 1, "FT_PCT": 1.0, "OREB": 0, "DREB": 0, "REB": 0, "AST": 0, "STL": 1, "BLK": 0, "TOV": 0, "PF": 4, "PTS": 8, "PLUS_MINUS": -7, "VIDEO_AVAILABLE": 1}, {"SEASON_ID": "22018", "Player_ID": 1628390, "Game_ID": "0021800832", "GAME_DATE": "FEB 09, 2019", "MATCHUP": "OKC @ HOU", "WL": "W", "MIN": 35, "FGM": 6, "FGA": 9, "FG_PCT": 0.667, "FG3M": 3, "FG3A": 5, "FG3_PCT": 0.6, "FTM": 0, "FTA": 0, "FT_PCT": 0.0, "OREB": 0, "DREB": 4, "REB": 4, "AST": 3, "STL": 0, "BLK": 0, "TOV": 0, "PF": 5, "PTS": 15, "PLUS_MINUS": 16, "VIDEO_AVAILABLE": 1}, {"SEASON_ID": "22018", "Player_ID": 1628390, "Game_ID": "0021800815", "GAME_DATE": "FEB 07, 2019", "MATCHUP": "OKC vs. MEM", "WL": "W", "MIN": 28, "FGM": 4, "FGA": 12, "FG_PCT": 0.333, "FG3M": 2, "FG3A": 9, "FG3_PCT": 0.222, "FTM": 0, "FTA": 0, "FT_PCT": 0.0, "OREB": 1, "DREB": 0, "REB": 1, "AST": 1, "STL": 1, "BLK": 0, "TOV": 1, "PF": 5, "PTS": 10, "PLUS_MINUS": 28, "VIDEO_AVAILABLE": 1}, {"SEASON_ID": "22018", "Player_ID": 1628390, "Game_ID": "0021800802", "GAME_DATE": "FEB 05, 2019", "MATCHUP": "OKC vs. ORL", "WL": "W", "MIN": 30, "FGM": 4, "FGA": 9, "FG_PCT": 0.444, "FG3M": 2, "FG3A": 5, "FG3_PCT": 0.4, "FTM": 0, "FTA": 0, "FT_PCT": 0.0, "OREB": 0, "DREB": 1, "REB": 1, "AST": 2, "STL": 1, "BLK": 0, "TOV": 0, "PF": 6, "PTS": 10, "PLUS_MINUS": 5, "VIDEO_AVAILABLE": 1}, {"SEASON_ID": "22018", "Player_ID": 1628390, "Game_ID": "0021800788", "GAME_DATE": "FEB 03, 2019", "MATCHUP": "OKC @ BOS", "WL": "L", "MIN": 34, "FGM": 4, "FGA": 9, "FG_PCT": 0.444, "FG3M": 3, "FG3A": 8, "FG3_PCT": 0.375, "FTM": 0, "FTA": 0, "FT_PCT": 0.0, "OREB": 0, "DREB": 2, "REB": 2, "AST": 1, "STL": 1, "BLK": 0, "TOV": 1, "PF": 2, "PTS": 11, "PLUS_MINUS": -12, "VIDEO_AVAILABLE": 1}, {"SEASON_ID": "22018", "Player_ID": 1628390, "Game_ID": "0021800772", "GAME_DATE": "FEB 01, 2019", "MATCHUP": "OKC @ MIA", "WL": "W", "MIN": 23, "FGM": 0, "FGA": 1, "FG_PCT": 0.0, "FG3M": 0, "FG3A": 0, "FG3_PCT": 0.0, "FTM": 0, "FTA": 0, "FT_PCT": 0.0, "OREB": 0, "DREB": 0, "REB": 0, "AST": 0, "STL": 1, "BLK": 0, "TOV": 0, "PF": 3, "PTS": 0, "PLUS_MINUS": 15, "VIDEO_AVAILABLE": 1}, {"SEASON_ID": "22018", "Player_ID": 1628390, "Game_ID": "0021800738", "GAME_DATE": "JAN 27, 2019", "MATCHUP": "OKC vs. MIL", "WL": "W", "MIN": 27, "FGM": 6, "FGA": 10, "FG_PCT": 0.6, "FG3M": 3, "FG3A": 5, "FG3_PCT": 0.6, "FTM": 0, "FTA": 2, "FT_PCT": 0.0, "OREB": 1, "DREB": 2, "REB": 3, "AST": 1, "STL": 0, "BLK": 1, "TOV": 1, "PF": 4, "PTS": 15, "PLUS_MINUS": -2, "VIDEO_AVAILABLE": 1}, {"SEASON_ID": "22018", "Player_ID": 1628390, "Game_ID": "0021800717", "GAME_DATE": "JAN 24, 2019", "MATCHUP": "OKC vs. NOP", "WL": "W", "MIN": 35, "FGM": 6, "FGA": 14, "FG_PCT": 0.429, "FG3M": 2, "FG3A": 8, "FG3_PCT": 0.25, "FTM": 0, "FTA": 0, "FT_PCT": 0.0, "OREB": 0, "DREB": 3, "REB": 3, "AST": 2, "STL": 1, "BLK": 0, "TOV": 0, "PF": 2, "PTS": 14, "PLUS_MINUS": 15, "VIDEO_AVAILABLE": 1}, {"SEASON_ID": "22018", "Player_ID": 1628390, "Game_ID": "0021800703", "GAME_DATE": "JAN 22, 2019", "MATCHUP": "OKC vs. POR", "WL": "W", "MIN": 37, "FGM": 6, "FGA": 8, "FG_PCT": 0.75, "FG3M": 2, "FG3A": 4, "FG3_PCT": 0.5, "FTM": 0, "FTA": 0, "FT_PCT": 0.0, "OREB": 0, "DREB": 2, "REB": 2, "AST": 1, "STL": 4, "BLK": 0, "TOV": 1, "PF": 4, "PTS": 14, "PLUS_MINUS": 2, "VIDEO_AVAILABLE": 1}, {"SEASON_ID": "22018", "Player_ID": 1628390, "Game_ID": "0021800691", "GAME_DATE": "JAN 21, 2019", "MATCHUP": "OKC @ NYK", "WL": "W", "MIN": 20, "FGM": 3, "FGA": 5, "FG_PCT": 0.6, "FG3M": 3, "FG3A": 5, "FG3_PCT": 0.6, "FTM": 0, "FTA": 0, "FT_PCT": 0.0, "OREB": 0, "DREB": 1, "REB": 1, "AST": 1, "STL": 0, "BLK": 0, "TOV": 1, "PF": 4, "PTS": 9, "PLUS_MINUS": 0, "VIDEO_AVAILABLE": 1}, {"SEASON_ID": "22018", "Player_ID": 1628390, "Game_ID": "0021800678", "GAME_DATE": "JAN 19, 2019", "MATCHUP": "OKC @ PHI", "WL": "W", "MIN": 29, "FGM": 4, "FGA": 8, "FG_PCT": 0.5, "FG3M": 3, "FG3A": 6, "FG3_PCT": 0.5, "FTM": 0, "FTA": 0, "FT_PCT": 0.0, "OREB": 0, "DREB": 3, "REB": 3, "AST": 2, "STL": 1, "BLK": 0, "TOV": 0, "PF": 3, "PTS": 11, "PLUS_MINUS": 2, "VIDEO_AVAILABLE": 1}, {"SEASON_ID": "22018", "Player_ID": 1628390, "Game_ID": "0021800670", "GAME_DATE": "JAN 17, 2019", "MATCHUP": "OKC vs. LAL", "WL": "L", "MIN": 37, "FGM": 6, "FGA": 13, "FG_PCT": 0.462, "FG3M": 6, "FG3A": 12, "FG3_PCT": 0.5, "FTM": 3, "FTA": 5, "FT_PCT": 0.6, "OREB": 1, "DREB": 2, "REB": 3, "AST": 2, "STL": 1, "BLK": 0, "TOV": 2, "PF": 4, "PTS": 21, "PLUS_MINUS": 0, "VIDEO_AVAILABLE": 1}, {"SEASON_ID": "22018", "Player_ID": 1628390, "Game_ID": "0021800653", "GAME_DATE": "JAN 15, 2019", "MATCHUP": "OKC @ ATL", "WL": "L", "MIN": 23, "FGM": 2, "FGA": 7, "FG_PCT": 0.286, "FG3M": 0, "FG3A": 5, "FG3_PCT": 0.0, "FTM": 0, "FTA": 0, "FT_PCT": 0.0, "OREB": 1, "DREB": 2, "REB": 3, "AST": 1, "STL": 0, "BLK": 0, "TOV": 1, "PF": 4, "PTS": 4, "PLUS_MINUS": -12, "VIDEO_AVAILABLE": 1}, {"SEASON_ID": "22018", "Player_ID": 1628390, "Game_ID": "0021800634", "GAME_DATE": "JAN 12, 2019", "MATCHUP": "OKC vs. SAS", "WL": "W", "MIN": 30, "FGM": 3, "FGA": 5, "FG_PCT": 0.6, "FG3M": 2, "FG3A": 3, "FG3_PCT": 0.667, "FTM": 0, "FTA": 0, "FT_PCT": 0.0, "OREB": 1, "DREB": 3, "REB": 4, "AST": 1, "STL": 0, "BLK": 1, "TOV": 0, "PF": 1, "PTS": 8, "PLUS_MINUS": 8, "VIDEO_AVAILABLE": 1}, {"SEASON_ID": "22018", "Player_ID": 1628390, "Game_ID": "0021800619", "GAME_DATE": "JAN 10, 2019", "MATCHUP": "OKC @ SAS", "WL": "L", "MIN": 41, "FGM": 7, "FGA": 12, "FG_PCT": 0.583, "FG3M": 7, "FG3A": 10, "FG3_PCT": 0.7, "FTM": 0, "FTA": 0, "FT_PCT": 0.0, "OREB": 0, "DREB": 1, "REB": 1, "AST": 0, "STL": 0, "BLK": 0, "TOV": 1, "PF": 4, "PTS": 21, "PLUS_MINUS": -2, "VIDEO_AVAILABLE": 1}, {"SEASON_ID": "22018", "Player_ID": 1628390, "Game_ID": "0021800603", "GAME_DATE": "JAN 08, 2019", "MATCHUP": "OKC vs. MIN", "WL": "L", "MIN": 25, "FGM": 5, "FGA": 8, "FG_PCT": 0.625, "FG3M": 4, "FG3A": 4, "FG3_PCT": 1.0, "FTM": 0, "FTA": 0, "FT_PCT": 0.0, "OREB": 2, "DREB": 2, "REB": 4, "AST": 0, "STL": 0, "BLK": 1, "TOV": 0, "PF": 3, "PTS": 14, "PLUS_MINUS": 12, "VIDEO_AVAILABLE": 1}, {"SEASON_ID": "22018", "Player_ID": 1628390, "Game_ID": "0021800588", "GAME_DATE": "JAN 06, 2019", "MATCHUP": "OKC vs. WAS", "WL": "L", "MIN": 34, "FGM": 1, "FGA": 4, "FG_PCT": 0.25, "FG3M": 1, "FG3A": 4, "FG3_PCT": 0.25, "FTM": 2, "FTA": 2, "FT_PCT": 1.0, "OREB": 0, "DREB": 3, "REB": 3, "AST": 1, "STL": 2, "BLK": 0, "TOV": 0, "PF": 3, "PTS": 5, "PLUS_MINUS": 7, "VIDEO_AVAILABLE": 1}, {"SEASON_ID": "22018", "Player_ID": 1628390, "Game_ID": "0021800575", "GAME_DATE": "JAN 04, 2019", "MATCHUP": "OKC @ POR", "WL": "W", "MIN": 27, "FGM": 1, "FGA": 2, "FG_PCT": 0.5, "FG3M": 1, "FG3A": 2, "FG3_PCT": 0.5, "FTM": 0, "FTA": 0, "FT_PCT": 0.0, "OREB": 0, "DREB": 1, "REB": 1, "AST": 0, "STL": 0, "BLK": 2, "TOV": 1, "PF": 6, "PTS": 3, "PLUS_MINUS": 5, "VIDEO_AVAILABLE": 1}, {"SEASON_ID": "22018", "Player_ID": 1628390, "Game_ID": "0021800562", "GAME_DATE": "JAN 02, 2019", "MATCHUP": "OKC @ LAL", "WL": "W", "MIN": 19, "FGM": 1, "FGA": 7, "FG_PCT": 0.143, "FG3M": 0, "FG3A": 3, "FG3_PCT": 0.0, "FTM": 0, "FTA": 0, "FT_PCT": 0.0, "OREB": 0, "DREB": 1, "REB": 1, "AST": 0, "STL": 0, "BLK": 0, "TOV": 0, "PF": 2, "PTS": 2, "PLUS_MINUS": 7, "VIDEO_AVAILABLE": 1}, {"SEASON_ID": "22018", "Player_ID": 1628390, "Game_ID": "0021800547", "GAME_DATE": "DEC 31, 2018", "MATCHUP": "OKC vs. DAL", "WL": "W", "MIN": 25, "FGM": 2, "FGA": 6, "FG_PCT": 0.333, "FG3M": 0, "FG3A": 2, "FG3_PCT": 0.0, "FTM": 1, "FTA": 2, "FT_PCT": 0.5, "OREB": 0, "DREB": 1, "REB": 1, "AST": 1, "STL": 1, "BLK": 1, "TOV": 1, "PF": 5, "PTS": 5, "PLUS_MINUS": 21, "VIDEO_AVAILABLE": 1}, {"SEASON_ID": "22018", "Player_ID": 1628390, "Game_ID": "0021800525", "GAME_DATE": "DEC 28, 2018", "MATCHUP": "OKC @ PHX", "WL": "W", "MIN": 7, "FGM": 2, "FGA": 2, "FG_PCT": 1.0, "FG3M": 0, "FG3A": 0, "FG3_PCT": 0.0, "FTM": 0, "FTA": 0, "FT_PCT": 0.0, "OREB": 0, "DREB": 0, "REB": 0, "AST": 0, "STL": 0, "BLK": 0, "TOV": 0, "PF": 1, "PTS": 4, "PLUS_MINUS": 3, "VIDEO_AVAILABLE": 1}, {"SEASON_ID": "22018", "Player_ID": 1628390, "Game_ID": "0021800498", "GAME_DATE": "DEC 25, 2018", "MATCHUP": "OKC @ HOU", "WL": "L", "MIN": 24, "FGM": 3, "FGA": 9, "FG_PCT": 0.333, "FG3M": 2, "FG3A": 6, "FG3_PCT": 0.333, "FTM": 0, "FTA": 0, "FT_PCT": 0.0, "OREB": 0, "DREB": 1, "REB": 1, "AST": 0, "STL": 0, "BLK": 1, "TOV": 0, "PF": 4, "PTS": 8, "PLUS_MINUS": -11, "VIDEO_AVAILABLE": 1}, {"SEASON_ID": "22018", "Player_ID": 1628390, "Game_ID": "0021800493", "GAME_DATE": "DEC 23, 2018", "MATCHUP": "OKC vs. MIN", "WL": "L", "MIN": 8, "FGM": 0, "FGA": 1, "FG_PCT": 0.0, "FG3M": 0, "FG3A": 1, "FG3_PCT": 0.0, "FTM": 2, "FTA": 2, "FT_PCT": 1.0, "OREB": 0, "DREB": 0, "REB": 0, "AST": 0, "STL": 1, "BLK": 0, "TOV": 0, "PF": 2, "PTS": 2, "PLUS_MINUS": 2, "VIDEO_AVAILABLE": 1}, {"SEASON_ID": "22018", "Player_ID": 1628390, "Game_ID": "0021800485", "GAME_DATE": "DEC 22, 2018", "MATCHUP": "OKC @ UTA", "WL": "W", "MIN": 19, "FGM": 1, "FGA": 2, "FG_PCT": 0.5, "FG3M": 0, "FG3A": 0, "FG3_PCT": 0.0, "FTM": 0, "FTA": 0, "FT_PCT": 0.0, "OREB": 0, "DREB": 0, "REB": 0, "AST": 1, "STL": 0, "BLK": 0, "TOV": 0, "PF": 4, "PTS": 2, "PLUS_MINUS": -6, "VIDEO_AVAILABLE": 1}, {"SEASON_ID": "22018", "Player_ID": 1628390, "Game_ID": "0021800466", "GAME_DATE": "DEC 19, 2018", "MATCHUP": "OKC @ SAC", "WL": "W", "MIN": 29, "FGM": 6, "FGA": 14, "FG_PCT": 0.429, "FG3M": 2, "FG3A": 6, "FG3_PCT": 0.333, "FTM": 0, "FTA": 0, "FT_PCT": 0.0, "OREB": 3, "DREB": 0, "REB": 3, "AST": 0, "STL": 0, "BLK": 0, "TOV": 0, "PF": 4, "PTS": 14, "PLUS_MINUS": 5, "VIDEO_AVAILABLE": 1}, {"SEASON_ID": "22018", "Player_ID": 1628390, "Game_ID": "0021800447", "GAME_DATE": "DEC 17, 2018", "MATCHUP": "OKC vs. CHI", "WL": "W", "MIN": 14, "FGM": 1, "FGA": 5, "FG_PCT": 0.2, "FG3M": 1, "FG3A": 2, "FG3_PCT": 0.5, "FTM": 2, "FTA": 2, "FT_PCT": 1.0, "OREB": 1, "DREB": 0, "REB": 1, "AST": 0, "STL": 1, "BLK": 0, "TOV": 0, "PF": 1, "PTS": 5, "PLUS_MINUS": -3, "VIDEO_AVAILABLE": 1}, {"SEASON_ID": "22018", "Player_ID": 1628390, "Game_ID": "0021800434", "GAME_DATE": "DEC 15, 2018", "MATCHUP": "OKC vs. LAC", "WL": "W", "MIN": 15, "FGM": 1, "FGA": 2, "FG_PCT": 0.5, "FG3M": 0, "FG3A": 1, "FG3_PCT": 0.0, "FTM": 0, "FTA": 0, "FT_PCT": 0.0, "OREB": 0, "DREB": 2, "REB": 2, "AST": 0, "STL": 0, "BLK": 0, "TOV": 0, "PF": 3, "PTS": 2, "PLUS_MINUS": 10, "VIDEO_AVAILABLE": 1}, {"SEASON_ID": "22018", "Player_ID": 1628390, "Game_ID": "0021800426", "GAME_DATE": "DEC 14, 2018", "MATCHUP": "OKC @ DEN", "WL": "L", "MIN": 24, "FGM": 0, "FGA": 1, "FG_PCT": 0.0, "FG3M": 0, "FG3A": 1, "FG3_PCT": 0.0, "FTM": 0, "FTA": 2, "FT_PCT": 0.0, "OREB": 0, "DREB": 0, "REB": 0, "AST": 0, "STL": 1, "BLK": 0, "TOV": 0, "PF": 3, "PTS": 0, "PLUS_MINUS": 1, "VIDEO_AVAILABLE": 1}, {"SEASON_ID": "22018", "Player_ID": 1628390, "Game_ID": "0021800411", "GAME_DATE": "DEC 12, 2018", "MATCHUP": "OKC @ NOP", "WL": "L", "MIN": 21, "FGM": 2, "FGA": 4, "FG_PCT": 0.5, "FG3M": 2, "FG3A": 4, "FG3_PCT": 0.5, "FTM": 0, "FTA": 0, "FT_PCT": 0.0, "OREB": 0, "DREB": 1, "REB": 1, "AST": 0, "STL": 0, "BLK": 0, "TOV": 1, "PF": 3, "PTS": 6, "PLUS_MINUS": -11, "VIDEO_AVAILABLE": 1}, {"SEASON_ID": "22018", "Player_ID": 1628390, "Game_ID": "0021800396", "GAME_DATE": "DEC 10, 2018", "MATCHUP": "OKC vs. UTA", "WL": "W", "MIN": 16, "FGM": 1, "FGA": 1, "FG_PCT": 1.0, "FG3M": 1, "FG3A": 1, "FG3_PCT": 1.0, "FTM": 1, "FTA": 2, "FT_PCT": 0.5, "OREB": 0, "DREB": 2, "REB": 2, "AST": 3, "STL": 1, "BLK": 0, "TOV": 0, "PF": 2, "PTS": 4, "PLUS_MINUS": 4, "VIDEO_AVAILABLE": 1}, {"SEASON_ID": "22018", "Player_ID": 1628390, "Game_ID": "0021800373", "GAME_DATE": "DEC 07, 2018", "MATCHUP": "OKC @ CHI", "WL": "L", "MIN": 26, "FGM": 3, "FGA": 5, "FG_PCT": 0.6, "FG3M": 1, "FG3A": 1, "FG3_PCT": 1.0, "FTM": 0, "FTA": 0, "FT_PCT": 0.0, "OREB": 0, "DREB": 2, "REB": 2, "AST": 0, "STL": 0, "BLK": 0, "TOV": 0, "PF": 1, "PTS": 7, "PLUS_MINUS": 12, "VIDEO_AVAILABLE": 1}, {"SEASON_ID": "22018", "Player_ID": 1628390, "Game_ID": "0021800358", "GAME_DATE": "DEC 05, 2018", "MATCHUP": "OKC @ BKN", "WL": "W", "MIN": 26, "FGM": 3, "FGA": 7, "FG_PCT": 0.429, "FG3M": 2, "FG3A": 4, "FG3_PCT": 0.5, "FTM": 0, "FTA": 0, "FT_PCT": 0.0, "OREB": 0, "DREB": 1, "REB": 1, "AST": 0, "STL": 0, "BLK": 0, "TOV": 0, "PF": 3, "PTS": 8, "PLUS_MINUS": 0, "VIDEO_AVAILABLE": 1}, {"SEASON_ID": "22018", "Player_ID": 1628390, "Game_ID": "0021800343", "GAME_DATE": "DEC 03, 2018", "MATCHUP": "OKC @ DET", "WL": "W", "MIN": 27, "FGM": 0, "FGA": 1, "FG_PCT": 0.0, "FG3M": 0, "FG3A": 1, "FG3_PCT": 0.0, "FTM": 2, "FTA": 2, "FT_PCT": 1.0, "OREB": 0, "DREB": 3, "REB": 3, "AST": 4, "STL": 1, "BLK": 1, "TOV": 0, "PF": 5, "PTS": 2, "PLUS_MINUS": 16, "VIDEO_AVAILABLE": 1}, {"SEASON_ID": "22018", "Player_ID": 1628390, "Game_ID": "0021800264", "GAME_DATE": "NOV 21, 2018", "MATCHUP": "OKC @ GSW", "WL": "W", "MIN": 6, "FGM": 0, "FGA": 0, "FG_PCT": 0.0, "FG3M": 0, "FG3A": 0, "FG3_PCT": 0.0, "FTM": 0, "FTA": 0, "FT_PCT": 0.0, "OREB": 0, "DREB": 0, "REB": 0, "AST": 0, "STL": 0, "BLK": 0, "TOV": 1, "PF": 1, "PTS": 0, "PLUS_MINUS": 4, "VIDEO_AVAILABLE": 1}, {"SEASON_ID": "22018", "Player_ID": 1628390, "Game_ID": "0021800209", "GAME_DATE": "NOV 14, 2018", "MATCHUP": "OKC vs. NYK", "WL": "W", "MIN": 32, "FGM": 3, "FGA": 7, "FG_PCT": 0.429, "FG3M": 1, "FG3A": 4, "FG3_PCT": 0.25, "FTM": 0, "FTA": 0, "FT_PCT": 0.0, "OREB": 1, "DREB": 5, "REB": 6, "AST": 3, "STL": 0, "BLK": 0, "TOV": 1, "PF": 3, "PTS": 7, "PLUS_MINUS": 16, "VIDEO_AVAILABLE": 1}, {"SEASON_ID": "22018", "Player_ID": 1628390, "Game_ID": "0021800196", "GAME_DATE": "NOV 12, 2018", "MATCHUP": "OKC vs. PHX", "WL": "W", "MIN": 26, "FGM": 2, "FGA": 7, "FG_PCT": 0.286, "FG3M": 1, "FG3A": 3, "FG3_PCT": 0.333, "FTM": 0, "FTA": 0, "FT_PCT": 0.0, "OREB": 1, "DREB": 2, "REB": 3, "AST": 0, "STL": 0, "BLK": 1, "TOV": 0, "PF": 2, "PTS": 5, "PLUS_MINUS": 30, "VIDEO_AVAILABLE": 1}, {"SEASON_ID": "22018", "Player_ID": 1628390, "Game_ID": "0021800181", "GAME_DATE": "NOV 10, 2018", "MATCHUP": "OKC @ DAL", "WL": "L", "MIN": 25, "FGM": 1, "FGA": 7, "FG_PCT": 0.143, "FG3M": 0, "FG3A": 5, "FG3_PCT": 0.0, "FTM": 0, "FTA": 0, "FT_PCT": 0.0, "OREB": 3, "DREB": 1, "REB": 4, "AST": 0, "STL": 1, "BLK": 0, "TOV": 0, "PF": 1, "PTS": 2, "PLUS_MINUS": -8, "VIDEO_AVAILABLE": 1}, {"SEASON_ID": "22018", "Player_ID": 1628390, "Game_ID": "0021800163", "GAME_DATE": "NOV 08, 2018", "MATCHUP": "OKC vs. HOU", "WL": "W", "MIN": 30, "FGM": 5, "FGA": 10, "FG_PCT": 0.5, "FG3M": 4, "FG3A": 9, "FG3_PCT": 0.444, "FTM": 0, "FTA": 0, "FT_PCT": 0.0, "OREB": 1, "DREB": 3, "REB": 4, "AST": 0, "STL": 1, "BLK": 1, "TOV": 2, "PF": 4, "PTS": 14, "PLUS_MINUS": 24, "VIDEO_AVAILABLE": 1}, {"SEASON_ID": "22018", "Player_ID": 1628390, "Game_ID": "0021800153", "GAME_DATE": "NOV 07, 2018", "MATCHUP": "OKC @ CLE", "WL": "W", "MIN": 22, "FGM": 1, "FGA": 3, "FG_PCT": 0.333, "FG3M": 0, "FG3A": 1, "FG3_PCT": 0.0, "FTM": 2, "FTA": 2, "FT_PCT": 1.0, "OREB": 0, "DREB": 1, "REB": 1, "AST": 2, "STL": 0, "BLK": 0, "TOV": 1, "PF": 3, "PTS": 4, "PLUS_MINUS": -2, "VIDEO_AVAILABLE": 1}, {"SEASON_ID": "22018", "Player_ID": 1628390, "Game_ID": "0021800144", "GAME_DATE": "NOV 05, 2018", "MATCHUP": "OKC vs. NOP", "WL": "W", "MIN": 14, "FGM": 2, "FGA": 3, "FG_PCT": 0.667, "FG3M": 1, "FG3A": 2, "FG3_PCT": 0.5, "FTM": 0, "FTA": 0, "FT_PCT": 0.0, "OREB": 0, "DREB": 0, "REB": 0, "AST": 0, "STL": 2, "BLK": 0, "TOV": 0, "PF": 2, "PTS": 5, "PLUS_MINUS": 2, "VIDEO_AVAILABLE": 1}, {"SEASON_ID": "22018", "Player_ID": 1628390, "Game_ID": "0021800119", "GAME_DATE": "NOV 02, 2018", "MATCHUP": "OKC @ WAS", "WL": "W", "MIN": 17, "FGM": 3, "FGA": 5, "FG_PCT": 0.6, "FG3M": 3, "FG3A": 5, "FG3_PCT": 0.6, "FTM": 0, "FTA": 0, "FT_PCT": 0.0, "OREB": 0, "DREB": 1, "REB": 1, "AST": 2, "STL": 0, "BLK": 0, "TOV": 2, "PF": 4, "PTS": 9, "PLUS_MINUS": -3, "VIDEO_AVAILABLE": 1}, {"SEASON_ID": "22018", "Player_ID": 1628390, "Game_ID": "0021800111", "GAME_DATE": "NOV 01, 2018", "MATCHUP": "OKC @ CHA", "WL": "W", "MIN": 18, "FGM": 0, "FGA": 1, "FG_PCT": 0.0, "FG3M": 0, "FG3A": 1, "FG3_PCT": 0.0, "FTM": 0, "FTA": 0, "FT_PCT": 0.0, "OREB": 0, "DREB": 1, "REB": 1, "AST": 1, "STL": 0, "BLK": 0, "TOV": 1, "PF": 5, "PTS": 0, "PLUS_MINUS": -7, "VIDEO_AVAILABLE": 1}, {"SEASON_ID": "22018", "Player_ID": 1628390, "Game_ID": "0021800103", "GAME_DATE": "OCT 30, 2018", "MATCHUP": "OKC vs. LAC", "WL": "W", "MIN": 26, "FGM": 1, "FGA": 1, "FG_PCT": 1.0, "FG3M": 0, "FG3A": 0, "FG3_PCT": 0.0, "FTM": 0, "FTA": 0, "FT_PCT": 0.0, "OREB": 0, "DREB": 0, "REB": 0, "AST": 1, "STL": 1, "BLK": 1, "TOV": 0, "PF": 4, "PTS": 2, "PLUS_MINUS": 34, "VIDEO_AVAILABLE": 1}, {"SEASON_ID": "22018", "Player_ID": 1628390, "Game_ID": "0021800085", "GAME_DATE": "OCT 28, 2018", "MATCHUP": "OKC vs. PHX", "WL": "W", "MIN": 27, "FGM": 3, "FGA": 6, "FG_PCT": 0.5, "FG3M": 0, "FG3A": 2, "FG3_PCT": 0.0, "FTM": 0, "FTA": 0, "FT_PCT": 0.0, "OREB": 0, "DREB": 2, "REB": 2, "AST": 0, "STL": 2, "BLK": 0, "TOV": 3, "PF": 1, "PTS": 6, "PLUS_MINUS": -8, "VIDEO_AVAILABLE": 1}, {"SEASON_ID": "22018", "Player_ID": 1628390, "Game_ID": "0021800065", "GAME_DATE": "OCT 25, 2018", "MATCHUP": "OKC vs. BOS", "WL": "L", "MIN": 14, "FGM": 1, "FGA": 1, "FG_PCT": 1.0, "FG3M": 0, "FG3A": 0, "FG3_PCT": 0.0, "FTM": 0, "FTA": 0, "FT_PCT": 0.0, "OREB": 2, "DREB": 0, "REB": 2, "AST": 0, "STL": 0, "BLK": 0, "TOV": 1, "PF": 1, "PTS": 2, "PLUS_MINUS": 6, "VIDEO_AVAILABLE": 1}, {"SEASON_ID": "22018", "Player_ID": 1628390, "Game_ID": "0021800037", "GAME_DATE": "OCT 21, 2018", "MATCHUP": "OKC vs. SAC", "WL": "L", "MIN": 19, "FGM": 1, "FGA": 7, "FG_PCT": 0.143, "FG3M": 0, "FG3A": 3, "FG3_PCT": 0.0, "FTM": 0, "FTA": 0, "FT_PCT": 0.0, "OREB": 1, "DREB": 1, "REB": 2, "AST": 0, "STL": 1, "BLK": 0, "TOV": 1, "PF": 2, "PTS": 2, "PLUS_MINUS": -11, "VIDEO_AVAILABLE": 1}, {"SEASON_ID": "22018", "Player_ID": 1628390, "Game_ID": "0021800025", "GAME_DATE": "OCT 19, 2018", "MATCHUP": "OKC @ LAC", "WL": "L", "MIN": 17, "FGM": 1, "FGA": 6, "FG_PCT": 0.167, "FG3M": 1, "FG3A": 6, "FG3_PCT": 0.167, "FTM": 1, "FTA": 2, "FT_PCT": 0.5, "OREB": 0, "DREB": 0, "REB": 0, "AST": 0, "STL": 0, "BLK": 0, "TOV": 0, "PF": 3, "PTS": 4, "PLUS_MINUS": -11, "VIDEO_AVAILABLE": 1}, {"SEASON_ID": "22018", "Player_ID": 1628390, "Game_ID": "0021800002", "GAME_DATE": "OCT 16, 2018", "MATCHUP": "OKC @ GSW", "WL": "L", "MIN": 27, "FGM": 0, "FGA": 2, "FG_PCT": 0.0, "FG3M": 0, "FG3A": 2, "FG3_PCT": 0.0, "FTM": 0, "FTA": 0, "FT_PCT": 0.0, "OREB": 2, "DREB": 2, "REB": 4, "AST": 1, "STL": 0, "BLK": 0, "TOV": 1, "PF": 3, "PTS": 0, "PLUS_MINUS": 0, "VIDEO_AVAILABLE": 1}, {"SEASON_ID": "22017", "Player_ID": 1628390, "Game_ID": "0021701227", "GAME_DATE": "APR 11, 2018", "MATCHUP": "OKC vs. MEM", "WL": "W", "MIN": 26, "FGM": 4, "FGA": 8, "FG_PCT": 0.5, "FG3M": 4, "FG3A": 8, "FG3_PCT": 0.5, "FTM": 0, "FTA": 0, "FT_PCT": 0.0, "OREB": 0, "DREB": 2, "REB": 2, "AST": 2, "STL": 1, "BLK": 0, "TOV": 0, "PF": 3, "PTS": 12, "PLUS_MINUS": 9, "VIDEO_AVAILABLE": 1}, {"SEASON_ID": "22017", "Player_ID": 1628390, "Game_ID": "0021701206", "GAME_DATE": "APR 09, 2018", "MATCHUP": "OKC @ MIA", "WL": "W", "MIN": 10, "FGM": 1, "FGA": 2, "FG_PCT": 0.5, "FG3M": 1, "FG3A": 2, "FG3_PCT": 0.5, "FTM": 0, "FTA": 0, "FT_PCT": 0.0, "OREB": 0, "DREB": 1, "REB": 1, "AST": 0, "STL": 0, "BLK": 0, "TOV": 0, "PF": 1, "PTS": 3, "PLUS_MINUS": 8, "VIDEO_AVAILABLE": 1}, {"SEASON_ID": "22017", "Player_ID": 1628390, "Game_ID": "0021701133", "GAME_DATE": "MAR 30, 2018", "MATCHUP": "OKC vs. DEN", "WL": "L", "MIN": 6, "FGM": 1, "FGA": 2, "FG_PCT": 0.5, "FG3M": 1, "FG3A": 2, "FG3_PCT": 0.5, "FTM": 0, "FTA": 0, "FT_PCT": 0.0, "OREB": 0, "DREB": 1, "REB": 1, "AST": 0, "STL": 0, "BLK": 0, "TOV": 1, "PF": 0, "PTS": 3, "PLUS_MINUS": -8, "VIDEO_AVAILABLE": 1}, {"SEASON_ID": "22017", "Player_ID": 1628390, "Game_ID": "0021701126", "GAME_DATE": "MAR 29, 2018", "MATCHUP": "OKC @ SAS", "WL": "L", "MIN": 14, "FGM": 1, "FGA": 4, "FG_PCT": 0.25, "FG3M": 1, "FG3A": 4, "FG3_PCT": 0.25, "FTM": 0, "FTA": 0, "FT_PCT": 0.0, "OREB": 0, "DREB": 0, "REB": 0, "AST": 1, "STL": 0, "BLK": 0, "TOV": 0, "PF": 2, "PTS": 3, "PLUS_MINUS": -5, "VIDEO_AVAILABLE": 1}, {"SEASON_ID": "22017", "Player_ID": 1628390, "Game_ID": "0021701100", "GAME_DATE": "MAR 25, 2018", "MATCHUP": "OKC vs. POR", "WL": "L", "MIN": 16, "FGM": 0, "FGA": 2, "FG_PCT": 0.0, "FG3M": 0, "FG3A": 2, "FG3_PCT": 0.0, "FTM": 2, "FTA": 2, "FT_PCT": 1.0, "OREB": 0, "DREB": 1, "REB": 1, "AST": 0, "STL": 1, "BLK": 0, "TOV": 0, "PF": 0, "PTS": 2, "PLUS_MINUS": 4, "VIDEO_AVAILABLE": 1}, {"SEASON_ID": "22017", "Player_ID": 1628390, "Game_ID": "0021701084", "GAME_DATE": "MAR 23, 2018", "MATCHUP": "OKC vs. MIA", "WL": "W", "MIN": 17, "FGM": 1, "FGA": 2, "FG_PCT": 0.5, "FG3M": 1, "FG3A": 2, "FG3_PCT": 0.5, "FTM": 0, "FTA": 0, "FT_PCT": 0.0, "OREB": 1, "DREB": 0, "REB": 1, "AST": 1, "STL": 0, "BLK": 0, "TOV": 0, "PF": 1, "PTS": 3, "PLUS_MINUS": 10, "VIDEO_AVAILABLE": 1}, {"SEASON_ID": "22017", "Player_ID": 1628390, "Game_ID": "0021701059", "GAME_DATE": "MAR 20, 2018", "MATCHUP": "OKC @ BOS", "WL": "L", "MIN": 12, "FGM": 0, "FGA": 2, "FG_PCT": 0.0, "FG3M": 0, "FG3A": 1, "FG3_PCT": 0.0, "FTM": 0, "FTA": 0, "FT_PCT": 0.0, "OREB": 0, "DREB": 0, "REB": 0, "AST": 0, "STL": 0, "BLK": 0, "TOV": 0, "PF": 0, "PTS": 0, "PLUS_MINUS": 2, "VIDEO_AVAILABLE": 1}, {"SEASON_ID": "22017", "Player_ID": 1628390, "Game_ID": "0021701046", "GAME_DATE": "MAR 18, 2018", "MATCHUP": "OKC @ TOR", "WL": "W", "MIN": 13, "FGM": 0, "FGA": 0, "FG_PCT": 0.0, "FG3M": 0, "FG3A": 0, "FG3_PCT": 0.0, "FTM": 0, "FTA": 0, "FT_PCT": 0.0, "OREB": 0, "DREB": 1, "REB": 1, "AST": 0, "STL": 0, "BLK": 0, "TOV": 0, "PF": 1, "PTS": 0, "PLUS_MINUS": -16, "VIDEO_AVAILABLE": 1}, {"SEASON_ID": "22017", "Player_ID": 1628390, "Game_ID": "0021701032", "GAME_DATE": "MAR 16, 2018", "MATCHUP": "OKC vs. LAC", "WL": "W", "MIN": 17, "FGM": 4, "FGA": 6, "FG_PCT": 0.667, "FG3M": 2, "FG3A": 4, "FG3_PCT": 0.5, "FTM": 2, "FTA": 2, "FT_PCT": 1.0, "OREB": 0, "DREB": 0, "REB": 0, "AST": 0, "STL": 3, "BLK": 0, "TOV": 0, "PF": 2, "PTS": 12, "PLUS_MINUS": 12, "VIDEO_AVAILABLE": 1}, {"SEASON_ID": "22017", "Player_ID": 1628390, "Game_ID": "0021701007", "GAME_DATE": "MAR 13, 2018", "MATCHUP": "OKC @ ATL", "WL": "W", "MIN": 16, "FGM": 0, "FGA": 2, "FG_PCT": 0.0, "FG3M": 0, "FG3A": 0, "FG3_PCT": 0.0, "FTM": 0, "FTA": 0, "FT_PCT": 0.0, "OREB": 1, "DREB": 2, "REB": 3, "AST": 1, "STL": 0, "BLK": 1, "TOV": 0, "PF": 0, "PTS": 0, "PLUS_MINUS": -17, "VIDEO_AVAILABLE": 1}, {"SEASON_ID": "22017", "Player_ID": 1628390, "Game_ID": "0021701003", "GAME_DATE": "MAR 12, 2018", "MATCHUP": "OKC vs. SAC", "WL": "W", "MIN": 11, "FGM": 1, "FGA": 2, "FG_PCT": 0.5, "FG3M": 1, "FG3A": 2, "FG3_PCT": 0.5, "FTM": 0, "FTA": 0, "FT_PCT": 0.0, "OREB": 0, "DREB": 0, "REB": 0, "AST": 0, "STL": 0, "BLK": 1, "TOV": 1, "PF": 0, "PTS": 3, "PLUS_MINUS": 5, "VIDEO_AVAILABLE": 1}, {"SEASON_ID": "22017", "Player_ID": 1628390, "Game_ID": "0021700975", "GAME_DATE": "MAR 08, 2018", "MATCHUP": "OKC vs. PHX", "WL": "W", "MIN": 11, "FGM": 1, "FGA": 2, "FG_PCT": 0.5, "FG3M": 0, "FG3A": 1, "FG3_PCT": 0.0, "FTM": 0, "FTA": 0, "FT_PCT": 0.0, "OREB": 0, "DREB": 0, "REB": 0, "AST": 0, "STL": 1, "BLK": 0, "TOV": 0, "PF": 0, "PTS": 2, "PLUS_MINUS": -5, "VIDEO_AVAILABLE": 1}, {"SEASON_ID": "22017", "Player_ID": 1628390, "Game_ID": "0021700960", "GAME_DATE": "MAR 06, 2018", "MATCHUP": "OKC vs. HOU", "WL": "L", "MIN": 8, "FGM": 0, "FGA": 0, "FG_PCT": 0.0, "FG3M": 0, "FG3A": 0, "FG3_PCT": 0.0, "FTM": 0, "FTA": 0, "FT_PCT": 0.0, "OREB": 0, "DREB": 1, "REB": 1, "AST": 0, "STL": 0, "BLK": 0, "TOV": 0, "PF": 1, "PTS": 0, "PLUS_MINUS": -7, "VIDEO_AVAILABLE": 1}, {"SEASON_ID": "22017", "Player_ID": 1628390, "Game_ID": "0021700933", "GAME_DATE": "MAR 02, 2018", "MATCHUP": "OKC @ PHX", "WL": "W", "MIN": 9, "FGM": 3, "FGA": 3, "FG_PCT": 1.0, "FG3M": 2, "FG3A": 2, "FG3_PCT": 1.0, "FTM": 0, "FTA": 0, "FT_PCT": 0.0, "OREB": 0, "DREB": 0, "REB": 0, "AST": 1, "STL": 0, "BLK": 1, "TOV": 0, "PF": 3, "PTS": 8, "PLUS_MINUS": 7, "VIDEO_AVAILABLE": 1}, {"SEASON_ID": "22017", "Player_ID": 1628390, "Game_ID": "0021700919", "GAME_DATE": "FEB 28, 2018", "MATCHUP": "OKC @ DAL", "WL": "W", "MIN": 10, "FGM": 1, "FGA": 2, "FG_PCT": 0.5, "FG3M": 0, "FG3A": 1, "FG3_PCT": 0.0, "FTM": 0, "FTA": 0, "FT_PCT": 0.0, "OREB": 0, "DREB": 0, "REB": 0, "AST": 1, "STL": 1, "BLK": 0, "TOV": 0, "PF": 0, "PTS": 2, "PLUS_MINUS": 3, "VIDEO_AVAILABLE": 2}, {"SEASON_ID": "22017", "Player_ID": 1628390, "Game_ID": "0021700903", "GAME_DATE": "FEB 26, 2018", "MATCHUP": "OKC vs. ORL", "WL": "W", "MIN": 13, "FGM": 1, "FGA": 2, "FG_PCT": 0.5, "FG3M": 0, "FG3A": 1, "FG3_PCT": 0.0, "FTM": 0, "FTA": 0, "FT_PCT": 0.0, "OREB": 0, "DREB": 0, "REB": 0, "AST": 0, "STL": 0, "BLK": 2, "TOV": 0, "PF": 1, "PTS": 2, "PLUS_MINUS": 3, "VIDEO_AVAILABLE": 1}, {"SEASON_ID": "22017", "Player_ID": 1628390, "Game_ID": "0021700887", "GAME_DATE": "FEB 24, 2018", "MATCHUP": "OKC @ GSW", "WL": "L", "MIN": 4, "FGM": 2, "FGA": 4, "FG_PCT": 0.5, "FG3M": 1, "FG3A": 2, "FG3_PCT": 0.5, "FTM": 0, "FTA": 0, "FT_PCT": 0.0, "OREB": 0, "DREB": 0, "REB": 0, "AST": 0, "STL": 0, "BLK": 0, "TOV": 0, "PF": 0, "PTS": 5, "PLUS_MINUS": -4, "VIDEO_AVAILABLE": 1}, {"SEASON_ID": "22017", "Player_ID": 1628390, "Game_ID": "0021700871", "GAME_DATE": "FEB 22, 2018", "MATCHUP": "OKC @ SAC", "WL": "W", "MIN": 13, "FGM": 2, "FGA": 3, "FG_PCT": 0.667, "FG3M": 2, "FG3A": 2, "FG3_PCT": 1.0, "FTM": 0, "FTA": 0, "FT_PCT": 0.0, "OREB": 0, "DREB": 0, "REB": 0, "AST": 1, "STL": 0, "BLK": 0, "TOV": 0, "PF": 3, "PTS": 6, "PLUS_MINUS": -30, "VIDEO_AVAILABLE": 1}, {"SEASON_ID": "22017", "Player_ID": 1628390, "Game_ID": "0021700861", "GAME_DATE": "FEB 14, 2018", "MATCHUP": "OKC @ MEM", "WL": "W", "MIN": 10, "FGM": 3, "FGA": 3, "FG_PCT": 1.0, "FG3M": 2, "FG3A": 2, "FG3_PCT": 1.0, "FTM": 0, "FTA": 0, "FT_PCT": 0.0, "OREB": 1, "DREB": 0, "REB": 1, "AST": 0, "STL": 0, "BLK": 0, "TOV": 0, "PF": 1, "PTS": 8, "PLUS_MINUS": 0, "VIDEO_AVAILABLE": 1}, {"SEASON_ID": "22017", "Player_ID": 1628390, "Game_ID": "0021700839", "GAME_DATE": "FEB 11, 2018", "MATCHUP": "OKC vs. MEM", "WL": "W", "MIN": 15, "FGM": 2, "FGA": 4, "FG_PCT": 0.5, "FG3M": 1, "FG3A": 3, "FG3_PCT": 0.333, "FTM": 0, "FTA": 0, "FT_PCT": 0.0, "OREB": 1, "DREB": 0, "REB": 1, "AST": 0, "STL": 0, "BLK": 0, "TOV": 0, "PF": 2, "PTS": 5, "PLUS_MINUS": 4, "VIDEO_AVAILABLE": 1}, {"SEASON_ID": "22017", "Player_ID": 1628390, "Game_ID": "0021700816", "GAME_DATE": "FEB 08, 2018", "MATCHUP": "OKC @ LAL", "WL": "L", "MIN": 13, "FGM": 0, "FGA": 5, "FG_PCT": 0.0, "FG3M": 0, "FG3A": 4, "FG3_PCT": 0.0, "FTM": 0, "FTA": 0, "FT_PCT": 0.0, "OREB": 0, "DREB": 0, "REB": 0, "AST": 1, "STL": 0, "BLK": 0, "TOV": 0, "PF": 0, "PTS": 0, "PLUS_MINUS": -8, "VIDEO_AVAILABLE": 1}, {"SEASON_ID": "22017", "Player_ID": 1628390, "Game_ID": "0021700803", "GAME_DATE": "FEB 06, 2018", "MATCHUP": "OKC @ GSW", "WL": "W", "MIN": 3, "FGM": 0, "FGA": 0, "FG_PCT": 0.0, "FG3M": 0, "FG3A": 0, "FG3_PCT": 0.0, "FTM": 0, "FTA": 0, "FT_PCT": 0.0, "OREB": 0, "DREB": 0, "REB": 0, "AST": 0, "STL": 0, "BLK": 0, "TOV": 0, "PF": 0, "PTS": 0, "PLUS_MINUS": -2, "VIDEO_AVAILABLE": 1}, {"SEASON_ID": "22017", "Player_ID": 1628390, "Game_ID": "0021700788", "GAME_DATE": "FEB 04, 2018", "MATCHUP": "OKC vs. LAL", "WL": "L", "MIN": 11, "FGM": 0, "FGA": 1, "FG_PCT": 0.0, "FG3M": 0, "FG3A": 1, "FG3_PCT": 0.0, "FTM": 0, "FTA": 0, "FT_PCT": 0.0, "OREB": 0, "DREB": 0, "REB": 0, "AST": 0, "STL": 1, "BLK": 0, "TOV": 1, "PF": 2, "PTS": 0, "PLUS_MINUS": -10, "VIDEO_AVAILABLE": 1}, {"SEASON_ID": "22017", "Player_ID": 1628390, "Game_ID": "0021700772", "GAME_DATE": "FEB 02, 2018", "MATCHUP": "OKC vs. NOP", "WL": "L", "MIN": 11, "FGM": 0, "FGA": 1, "FG_PCT": 0.0, "FG3M": 0, "FG3A": 1, "FG3_PCT": 0.0, "FTM": 2, "FTA": 2, "FT_PCT": 1.0, "OREB": 0, "DREB": 0, "REB": 0, "AST": 0, "STL": 0, "BLK": 0, "TOV": 0, "PF": 0, "PTS": 2, "PLUS_MINUS": -7, "VIDEO_AVAILABLE": 1}, {"SEASON_ID": "22017", "Player_ID": 1628390, "Game_ID": "0021700765", "GAME_DATE": "FEB 01, 2018", "MATCHUP": "OKC @ DEN", "WL": "L", "MIN": 4, "FGM": 0, "FGA": 0, "FG_PCT": 0.0, "FG3M": 0, "FG3A": 0, "FG3_PCT": 0.0, "FTM": 0, "FTA": 0, "FT_PCT": 0.0, "OREB": 0, "DREB": 0, "REB": 0, "AST": 0, "STL": 0, "BLK": 0, "TOV": 0, "PF": 0, "PTS": 0, "PLUS_MINUS": -3, "VIDEO_AVAILABLE": 1}, {"SEASON_ID": "22017", "Player_ID": 1628390, "Game_ID": "0021700744", "GAME_DATE": "JAN 30, 2018", "MATCHUP": "OKC @ WAS", "WL": "L", "MIN": 19, "FGM": 0, "FGA": 1, "FG_PCT": 0.0, "FG3M": 0, "FG3A": 1, "FG3_PCT": 0.0, "FTM": 0, "FTA": 0, "FT_PCT": 0.0, "OREB": 2, "DREB": 2, "REB": 4, "AST": 1, "STL": 0, "BLK": 0, "TOV": 0, "PF": 4, "PTS": 0, "PLUS_MINUS": -11, "VIDEO_AVAILABLE": 1}, {"SEASON_ID": "22017", "Player_ID": 1628390, "Game_ID": "0021700736", "GAME_DATE": "JAN 28, 2018", "MATCHUP": "OKC vs. PHI", "WL": "W", "MIN": 23, "FGM": 0, "FGA": 1, "FG_PCT": 0.0, "FG3M": 0, "FG3A": 1, "FG3_PCT": 0.0, "FTM": 0, "FTA": 0, "FT_PCT": 0.0, "OREB": 0, "DREB": 5, "REB": 5, "AST": 0, "STL": 0, "BLK": 0, "TOV": 0, "PF": 4, "PTS": 0, "PLUS_MINUS": -10, "VIDEO_AVAILABLE": 1}, {"SEASON_ID": "22017", "Player_ID": 1628390, "Game_ID": "0021700724", "GAME_DATE": "JAN 27, 2018", "MATCHUP": "OKC @ DET", "WL": "W", "MIN": 23, "FGM": 2, "FGA": 6, "FG_PCT": 0.333, "FG3M": 2, "FG3A": 5, "FG3_PCT": 0.4, "FTM": 0, "FTA": 0, "FT_PCT": 0.0, "OREB": 2, "DREB": 1, "REB": 3, "AST": 0, "STL": 0, "BLK": 0, "TOV": 0, "PF": 3, "PTS": 6, "PLUS_MINUS": -11, "VIDEO_AVAILABLE": 1}, {"SEASON_ID": "22017", "Player_ID": 1628390, "Game_ID": "0021700711", "GAME_DATE": "JAN 25, 2018", "MATCHUP": "OKC vs. WAS", "WL": "W", "MIN": 25, "FGM": 4, "FGA": 8, "FG_PCT": 0.5, "FG3M": 3, "FG3A": 6, "FG3_PCT": 0.5, "FTM": 0, "FTA": 0, "FT_PCT": 0.0, "OREB": 2, "DREB": 0, "REB": 2, "AST": 0, "STL": 0, "BLK": 0, "TOV": 0, "PF": 1, "PTS": 11, "PLUS_MINUS": 15, "VIDEO_AVAILABLE": 1}, {"SEASON_ID": "22017", "Player_ID": 1628390, "Game_ID": "0021700697", "GAME_DATE": "JAN 23, 2018", "MATCHUP": "OKC vs. BKN", "WL": "W", "MIN": 14, "FGM": 1, "FGA": 5, "FG_PCT": 0.2, "FG3M": 1, "FG3A": 5, "FG3_PCT": 0.2, "FTM": 2, "FTA": 2, "FT_PCT": 1.0, "OREB": 0, "DREB": 0, "REB": 0, "AST": 1, "STL": 0, "BLK": 2, "TOV": 0, "PF": 1, "PTS": 5, "PLUS_MINUS": 1, "VIDEO_AVAILABLE": 1}, {"SEASON_ID": "22017", "Player_ID": 1628390, "Game_ID": "0021700674", "GAME_DATE": "JAN 20, 2018", "MATCHUP": "OKC @ CLE", "WL": "W", "MIN": 11, "FGM": 4, "FGA": 5, "FG_PCT": 0.8, "FG3M": 1, "FG3A": 2, "FG3_PCT": 0.5, "FTM": 0, "FTA": 0, "FT_PCT": 0.0, "OREB": 0, "DREB": 0, "REB": 0, "AST": 0, "STL": 2, "BLK": 0, "TOV": 1, "PF": 2, "PTS": 9, "PLUS_MINUS": -8, "VIDEO_AVAILABLE": 1}, {"SEASON_ID": "22017", "Player_ID": 1628390, "Game_ID": "0021700660", "GAME_DATE": "JAN 17, 2018", "MATCHUP": "OKC vs. LAL", "WL": "W", "MIN": 27, "FGM": 1, "FGA": 5, "FG_PCT": 0.2, "FG3M": 1, "FG3A": 4, "FG3_PCT": 0.25, "FTM": 0, "FTA": 0, "FT_PCT": 0.0, "OREB": 2, "DREB": 1, "REB": 3, "AST": 1, "STL": 2, "BLK": 0, "TOV": 1, "PF": 2, "PTS": 3, "PLUS_MINUS": 6, "VIDEO_AVAILABLE": 1}, {"SEASON_ID": "22017", "Player_ID": 1628390, "Game_ID": "0021700643", "GAME_DATE": "JAN 15, 2018", "MATCHUP": "OKC vs. SAC", "WL": "W", "MIN": 18, "FGM": 1, "FGA": 2, "FG_PCT": 0.5, "FG3M": 0, "FG3A": 1, "FG3_PCT": 0.0, "FTM": 0, "FTA": 0, "FT_PCT": 0.0, "OREB": 1, "DREB": 0, "REB": 1, "AST": 0, "STL": 0, "BLK": 1, "TOV": 0, "PF": 1, "PTS": 2, "PLUS_MINUS": 4, "VIDEO_AVAILABLE": 1}, {"SEASON_ID": "22017", "Player_ID": 1628390, "Game_ID": "0021700629", "GAME_DATE": "JAN 13, 2018", "MATCHUP": "OKC @ CHA", "WL": "W", "MIN": 18, "FGM": 1, "FGA": 3, "FG_PCT": 0.333, "FG3M": 1, "FG3A": 3, "FG3_PCT": 0.333, "FTM": 0, "FTA": 0, "FT_PCT": 0.0, "OREB": 1, "DREB": 0, "REB": 1, "AST": 1, "STL": 0, "BLK": 1, "TOV": 1, "PF": 3, "PTS": 3, "PLUS_MINUS": 9, "VIDEO_AVAILABLE": 1}, {"SEASON_ID": "22017", "Player_ID": 1628390, "Game_ID": "0021700611", "GAME_DATE": "JAN 10, 2018", "MATCHUP": "OKC @ MIN", "WL": "L", "MIN": 23, "FGM": 1, "FGA": 7, "FG_PCT": 0.143, "FG3M": 1, "FG3A": 6, "FG3_PCT": 0.167, "FTM": 0, "FTA": 0, "FT_PCT": 0.0, "OREB": 1, "DREB": 0, "REB": 1, "AST": 1, "STL": 1, "BLK": 0, "TOV": 0, "PF": 3, "PTS": 3, "PLUS_MINUS": -17, "VIDEO_AVAILABLE": 1}, {"SEASON_ID": "22017", "Player_ID": 1628390, "Game_ID": "0021700600", "GAME_DATE": "JAN 09, 2018", "MATCHUP": "OKC vs. POR", "WL": "L", "MIN": 30, "FGM": 0, "FGA": 2, "FG_PCT": 0.0, "FG3M": 0, "FG3A": 1, "FG3_PCT": 0.0, "FTM": 0, "FTA": 0, "FT_PCT": 0.0, "OREB": 1, "DREB": 1, "REB": 2, "AST": 0, "STL": 0, "BLK": 0, "TOV": 0, "PF": 3, "PTS": 0, "PLUS_MINUS": -10, "VIDEO_AVAILABLE": 1}, {"SEASON_ID": "22017", "Player_ID": 1628390, "Game_ID": "0021700588", "GAME_DATE": "JAN 07, 2018", "MATCHUP": "OKC @ PHX", "WL": "L", "MIN": 18, "FGM": 1, "FGA": 5, "FG_PCT": 0.2, "FG3M": 0, "FG3A": 3, "FG3_PCT": 0.0, "FTM": 0, "FTA": 0, "FT_PCT": 0.0, "OREB": 0, "DREB": 1, "REB": 1, "AST": 1, "STL": 3, "BLK": 0, "TOV": 0, "PF": 6, "PTS": 2, "PLUS_MINUS": -7, "VIDEO_AVAILABLE": 1}, {"SEASON_ID": "22017", "Player_ID": 1628390, "Game_ID": "0021700567", "GAME_DATE": "JAN 04, 2018", "MATCHUP": "OKC @ LAC", "WL": "W", "MIN": 31, "FGM": 4, "FGA": 12, "FG_PCT": 0.333, "FG3M": 3, "FG3A": 10, "FG3_PCT": 0.3, "FTM": 0, "FTA": 0, "FT_PCT": 0.0, "OREB": 0, "DREB": 1, "REB": 1, "AST": 2, "STL": 0, "BLK": 0, "TOV": 0, "PF": 2, "PTS": 11, "PLUS_MINUS": 9, "VIDEO_AVAILABLE": 1}, {"SEASON_ID": "22017", "Player_ID": 1628390, "Game_ID": "0021700565", "GAME_DATE": "JAN 03, 2018", "MATCHUP": "OKC @ LAL", "WL": "W", "MIN": 33, "FGM": 9, "FGA": 12, "FG_PCT": 0.75, "FG3M": 6, "FG3A": 9, "FG3_PCT": 0.667, "FTM": 0, "FTA": 0, "FT_PCT": 0.0, "OREB": 0, "DREB": 1, "REB": 1, "AST": 1, "STL": 3, "BLK": 0, "TOV": 0, "PF": 5, "PTS": 24, "PLUS_MINUS": 12, "VIDEO_AVAILABLE": 1}, {"SEASON_ID": "22017", "Player_ID": 1628390, "Game_ID": "0021700541", "GAME_DATE": "DEC 31, 2017", "MATCHUP": "OKC vs. DAL", "WL": "L", "MIN": 14, "FGM": 1, "FGA": 2, "FG_PCT": 0.5, "FG3M": 0, "FG3A": 1, "FG3_PCT": 0.0, "FTM": 0, "FTA": 0, "FT_PCT": 0.0, "OREB": 0, "DREB": 2, "REB": 2, "AST": 0, "STL": 0, "BLK": 0, "TOV": 1, "PF": 2, "PTS": 2, "PLUS_MINUS": 2, "VIDEO_AVAILABLE": 1}, {"SEASON_ID": "22017", "Player_ID": 1628390, "Game_ID": "0021700512", "GAME_DATE": "DEC 27, 2017", "MATCHUP": "OKC vs. TOR", "WL": "W", "MIN": 0, "FGM": 0, "FGA": 0, "FG_PCT": 0.0, "FG3M": 0, "FG3A": 0, "FG3_PCT": 0.0, "FTM": 0, "FTA": 0, "FT_PCT": 0.0, "OREB": 0, "DREB": 0, "REB": 0, "AST": 0, "STL": 0, "BLK": 0, "TOV": 0, "PF": 0, "PTS": 0, "PLUS_MINUS": 0, "VIDEO_AVAILABLE": 1}, {"SEASON_ID": "22017", "Player_ID": 1628390, "Game_ID": "0021700460", "GAME_DATE": "DEC 20, 2017", "MATCHUP": "OKC vs. UTA", "WL": "W", "MIN": 6, "FGM": 1, "FGA": 3, "FG_PCT": 0.333, "FG3M": 0, "FG3A": 0, "FG3_PCT": 0.0, "FTM": 0, "FTA": 0, "FT_PCT": 0.0, "OREB": 0, "DREB": 0, "REB": 0, "AST": 0, "STL": 1, "BLK": 0, "TOV": 1, "PF": 2, "PTS": 2, "PLUS_MINUS": 0, "VIDEO_AVAILABLE": 2}, {"SEASON_ID": "22017", "Player_ID": 1628390, "Game_ID": "0021700431", "GAME_DATE": "DEC 16, 2017", "MATCHUP": "OKC @ NYK", "WL": "L", "MIN": 7, "FGM": 0, "FGA": 1, "FG_PCT": 0.0, "FG3M": 0, "FG3A": 1, "FG3_PCT": 0.0, "FTM": 0, "FTA": 0, "FT_PCT": 0.0, "OREB": 0, "DREB": 0, "REB": 0, "AST": 0, "STL": 0, "BLK": 0, "TOV": 0, "PF": 1, "PTS": 0, "PLUS_MINUS": -1, "VIDEO_AVAILABLE": 1}, {"SEASON_ID": "22017", "Player_ID": 1628390, "Game_ID": "0021700421", "GAME_DATE": "DEC 15, 2017", "MATCHUP": "OKC @ PHI", "WL": "W", "MIN": 3, "FGM": 1, "FGA": 1, "FG_PCT": 1.0, "FG3M": 0, "FG3A": 0, "FG3_PCT": 0.0, "FTM": 0, "FTA": 0, "FT_PCT": 0.0, "OREB": 0, "DREB": 1, "REB": 1, "AST": 0, "STL": 0, "BLK": 0, "TOV": 0, "PF": 0, "PTS": 2, "PLUS_MINUS": 10, "VIDEO_AVAILABLE": 1}, {"SEASON_ID": "22017", "Player_ID": 1628390, "Game_ID": "0021700404", "GAME_DATE": "DEC 13, 2017", "MATCHUP": "OKC @ IND", "WL": "W", "MIN": 10, "FGM": 1, "FGA": 2, "FG_PCT": 0.5, "FG3M": 1, "FG3A": 2, "FG3_PCT": 0.5, "FTM": 0, "FTA": 0, "FT_PCT": 0.0, "OREB": 0, "DREB": 0, "REB": 0, "AST": 0, "STL": 1, "BLK": 0, "TOV": 0, "PF": 0, "PTS": 3, "PLUS_MINUS": 9, "VIDEO_AVAILABLE": 1}, {"SEASON_ID": "22017", "Player_ID": 1628390, "Game_ID": "0021700394", "GAME_DATE": "DEC 11, 2017", "MATCHUP": "OKC vs. CHA", "WL": "L", "MIN": 13, "FGM": 2, "FGA": 3, "FG_PCT": 0.667, "FG3M": 0, "FG3A": 1, "FG3_PCT": 0.0, "FTM": 0, "FTA": 0, "FT_PCT": 0.0, "OREB": 1, "DREB": 0, "REB": 1, "AST": 0, "STL": 0, "BLK": 0, "TOV": 0, "PF": 0, "PTS": 4, "PLUS_MINUS": 8, "VIDEO_AVAILABLE": 1}, {"SEASON_ID": "22017", "Player_ID": 1628390, "Game_ID": "0021700365", "GAME_DATE": "DEC 07, 2017", "MATCHUP": "OKC @ BKN", "WL": "L", "MIN": 14, "FGM": 1, "FGA": 3, "FG_PCT": 0.333, "FG3M": 0, "FG3A": 2, "FG3_PCT": 0.0, "FTM": 0, "FTA": 0, "FT_PCT": 0.0, "OREB": 0, "DREB": 0, "REB": 0, "AST": 0, "STL": 1, "BLK": 0, "TOV": 1, "PF": 2, "PTS": 2, "PLUS_MINUS": 1, "VIDEO_AVAILABLE": 1}, {"SEASON_ID": "22017", "Player_ID": 1628390, "Game_ID": "0021700324", "GAME_DATE": "DEC 01, 2017", "MATCHUP": "OKC vs. MIN", "WL": "W", "MIN": 3, "FGM": 0, "FGA": 1, "FG_PCT": 0.0, "FG3M": 0, "FG3A": 0, "FG3_PCT": 0.0, "FTM": 0, "FTA": 0, "FT_PCT": 0.0, "OREB": 0, "DREB": 0, "REB": 0, "AST": 0, "STL": 0, "BLK": 0, "TOV": 0, "PF": 0, "PTS": 0, "PLUS_MINUS": 3, "VIDEO_AVAILABLE": 2}, {"SEASON_ID": "22017", "Player_ID": 1628390, "Game_ID": "0021700304", "GAME_DATE": "NOV 29, 2017", "MATCHUP": "OKC @ ORL", "WL": "L", "MIN": 20, "FGM": 0, "FGA": 3, "FG_PCT": 0.0, "FG3M": 0, "FG3A": 2, "FG3_PCT": 0.0, "FTM": 0, "FTA": 0, "FT_PCT": 0.0, "OREB": 1, "DREB": 1, "REB": 2, "AST": 0, "STL": 0, "BLK": 0, "TOV": 0, "PF": 2, "PTS": 0, "PLUS_MINUS": -14, "VIDEO_AVAILABLE": 1}, {"SEASON_ID": "22017", "Player_ID": 1628390, "Game_ID": "0021700283", "GAME_DATE": "NOV 25, 2017", "MATCHUP": "OKC @ DAL", "WL": "L", "MIN": 21, "FGM": 3, "FGA": 5, "FG_PCT": 0.6, "FG3M": 1, "FG3A": 3, "FG3_PCT": 0.333, "FTM": 0, "FTA": 0, "FT_PCT": 0.0, "OREB": 0, "DREB": 1, "REB": 1, "AST": 1, "STL": 1, "BLK": 0, "TOV": 0, "PF": 1, "PTS": 7, "PLUS_MINUS": -20, "VIDEO_AVAILABLE": 1}, {"SEASON_ID": "22017", "Player_ID": 1628390, "Game_ID": "0021700263", "GAME_DATE": "NOV 22, 2017", "MATCHUP": "OKC vs. GSW", "WL": "W", "MIN": 2, "FGM": 0, "FGA": 0, "FG_PCT": 0.0, "FG3M": 0, "FG3A": 0, "FG3_PCT": 0.0, "FTM": 0, "FTA": 0, "FT_PCT": 0.0, "OREB": 0, "DREB": 0, "REB": 0, "AST": 0, "STL": 0, "BLK": 0, "TOV": 0, "PF": 0, "PTS": 0, "PLUS_MINUS": 0, "VIDEO_AVAILABLE": 2}, {"SEASON_ID": "22017", "Player_ID": 1628390, "Game_ID": "0021700212", "GAME_DATE": "NOV 15, 2017", "MATCHUP": "OKC vs. CHI", "WL": "W", "MIN": 4, "FGM": 0, "FGA": 0, "FG_PCT": 0.0, "FG3M": 0, "FG3A": 0, "FG3_PCT": 0.0, "FTM": 0, "FTA": 0, "FT_PCT": 0.0, "OREB": 0, "DREB": 0, "REB": 0, "AST": 0, "STL": 0, "BLK": 0, "TOV": 0, "PF": 0, "PTS": 0, "PLUS_MINUS": -6, "VIDEO_AVAILABLE": 1}, {"SEASON_ID": "22017", "Player_ID": 1628390, "Game_ID": "0021700191", "GAME_DATE": "NOV 12, 2017", "MATCHUP": "OKC vs. DAL", "WL": "W", "MIN": 2, "FGM": 1, "FGA": 1, "FG_PCT": 1.0, "FG3M": 0, "FG3A": 0, "FG3_PCT": 0.0, "FTM": 1, "FTA": 2, "FT_PCT": 0.5, "OREB": 0, "DREB": 0, "REB": 0, "AST": 0, "STL": 0, "BLK": 0, "TOV": 1, "PF": 0, "PTS": 3, "PLUS_MINUS": -5, "VIDEO_AVAILABLE": 1}, {"SEASON_ID": "22017", "Player_ID": 1628390, "Game_ID": "0021700158", "GAME_DATE": "NOV 07, 2017", "MATCHUP": "OKC @ SAC", "WL": "L", "MIN": 5, "FGM": 0, "FGA": 1, "FG_PCT": 0.0, "FG3M": 0, "FG3A": 1, "FG3_PCT": 0.0, "FTM": 0, "FTA": 0, "FT_PCT": 0.0, "OREB": 0, "DREB": 0, "REB": 0, "AST": 0, "STL": 0, "BLK": 0, "TOV": 0, "PF": 0, "PTS": 0, "PLUS_MINUS": -6, "VIDEO_AVAILABLE": 1}, {"SEASON_ID": "22017", "Player_ID": 1628390, "Game_ID": "0021700129", "GAME_DATE": "NOV 03, 2017", "MATCHUP": "OKC vs. BOS", "WL": "L", "MIN": 2, "FGM": 0, "FGA": 0, "FG_PCT": 0.0, "FG3M": 0, "FG3A": 0, "FG3_PCT": 0.0, "FTM": 0, "FTA": 0, "FT_PCT": 0.0, "OREB": 0, "DREB": 0, "REB": 0, "AST": 0, "STL": 0, "BLK": 0, "TOV": 0, "PF": 1, "PTS": 0, "PLUS_MINUS": 2, "VIDEO_AVAILABLE": 1}, {"SEASON_ID": "22017", "Player_ID": 1628390, "Game_ID": "0021700103", "GAME_DATE": "OCT 31, 2017", "MATCHUP": "OKC @ MIL", "WL": "W", "MIN": 2, "FGM": 0, "FGA": 0, "FG_PCT": 0.0, "FG3M": 0, "FG3A": 0, "FG3_PCT": 0.0, "FTM": 0, "FTA": 0, "FT_PCT": 0.0, "OREB": 0, "DREB": 0, "REB": 0, "AST": 0, "STL": 0, "BLK": 0, "TOV": 0, "PF": 1, "PTS": 0, "PLUS_MINUS": -4, "VIDEO_AVAILABLE": 2}, {"SEASON_ID": "22017", "Player_ID": 1628390, "Game_ID": "0021700079", "GAME_DATE": "OCT 28, 2017", "MATCHUP": "OKC @ CHI", "WL": "W", "MIN": 5, "FGM": 1, "FGA": 1, "FG_PCT": 1.0, "FG3M": 0, "FG3A": 0, "FG3_PCT": 0.0, "FTM": 0, "FTA": 0, "FT_PCT": 0.0, "OREB": 0, "DREB": 1, "REB": 1, "AST": 0, "STL": 0, "BLK": 0, "TOV": 0, "PF": 2, "PTS": 2, "PLUS_MINUS": 7, "VIDEO_AVAILABLE": 1}, {"SEASON_ID": "22017", "Player_ID": 1628390, "Game_ID": "0021700074", "GAME_DATE": "OCT 27, 2017", "MATCHUP": "OKC @ MIN", "WL": "L", "MIN": 3, "FGM": 0, "FGA": 1, "FG_PCT": 0.0, "FG3M": 0, "FG3A": 1, "FG3_PCT": 0.0, "FTM": 0, "FTA": 0, "FT_PCT": 0.0, "OREB": 0, "DREB": 0, "REB": 0, "AST": 0, "STL": 1, "BLK": 0, "TOV": 0, "PF": 3, "PTS": 0, "PLUS_MINUS": 2, "VIDEO_AVAILABLE": 1}, {"SEASON_ID": "22017", "Player_ID": 1628390, "Game_ID": "0021700060", "GAME_DATE": "OCT 25, 2017", "MATCHUP": "OKC vs. IND", "WL": "W", "MIN": 2, "FGM": 0, "FGA": 0, "FG_PCT": 0.0, "FG3M": 0, "FG3A": 0, "FG3_PCT": 0.0, "FTM": 0, "FTA": 0, "FT_PCT": 0.0, "OREB": 0, "DREB": 0, "REB": 0, "AST": 0, "STL": 0, "BLK": 1, "TOV": 0, "PF": 0, "PTS": 0, "PLUS_MINUS": 0, "VIDEO_AVAILABLE": 1}, {"SEASON_ID": "22017", "Player_ID": 1628390, "Game_ID": "0021700036", "GAME_DATE": "OCT 21, 2017", "MATCHUP": "OKC @ UTA", "WL": "L", "MIN": 10, "FGM": 0, "FGA": 0, "FG_PCT": 0.0, "FG3M": 0, "FG3A": 0, "FG3_PCT": 0.0, "FTM": 0, "FTA": 0, "FT_PCT": 0.0, "OREB": 1, "DREB": 0, "REB": 1, "AST": 0, "STL": 0, "BLK": 0, "TOV": 0, "PF": 2, "PTS": 0, "PLUS_MINUS": 2, "VIDEO_AVAILABLE": 1}, {"SEASON_ID": "22017", "Player_ID": 1628390, "Game_ID": "0021700015", "GAME_DATE": "OCT 19, 2017", "MATCHUP": "OKC vs. NYK", "WL": "W", "MIN": 11, "FGM": 1, "FGA": 5, "FG_PCT": 0.2, "FG3M": 0, "FG3A": 2, "FG3_PCT": 0.0, "FTM": 0, "FTA": 0, "FT_PCT": 0.0, "OREB": 0, "DREB": 0, "REB": 0, "AST": 0, "STL": 0, "BLK": 0, "TOV": 1, "PF": 1, "PTS": 2, "PLUS_MINUS": -1, "VIDEO_AVAILABLE": 1}]