{"firstName": "Terrance", "lastName": "Ferguson", "temporaryDisplayName": "Ferguson, Terrance", "personId": "1628390", "teamId": "1610612760", "jersey": "23", "isActive": true, "pos": "G", "heightFeet": "6", "heightInches": "7", "heightMeters": "2.01", "weightPounds": "190", "weightKilograms": "86.2", "dateOfBirthUTC": "1998-05-17", "teamSitesOnly": {"playerCode": "terrance_ferguson", "posFull": "Guard", "displayAffiliation": "USA", "freeAgentCode": ""}, "teams": [{"teamId": "1610612760", "seasonStart": "2017", "seasonEnd": "2019"}], "draft": {"teamId": "1610612760", "pickNum": "21", "roundNum": "1", "seasonYear": "2017"}, "nbaDebutYear": "2017", "yearsPro": "2", "collegeName": " ", "lastAffiliation": "USA/USA", "country": "USA"}