[{"SEASON_ID": "22018", "Player_ID": 1627790, "Game_ID": "0021801209", "GAME_DATE": "APR 09, 2019", "MATCHUP": "CLE vs. CHA", "WL": "L", "MIN": 21, "FGM": 3, "FGA": 6, "FG_PCT": 0.5, "FG3M": 0, "FG3A": 0, "FG3_PCT": 0.0, "FTM": 0, "FTA": 0, "FT_PCT": 0.0, "OREB": 2, "DREB": 2, "REB": 4, "AST": 1, "STL": 0, "BLK": 0, "TOV": 0, "PF": 2, "PTS": 6, "PLUS_MINUS": -11, "VIDEO_AVAILABLE": 1}, {"SEASON_ID": "22018", "Player_ID": 1627790, "Game_ID": "0021801196", "GAME_DATE": "APR 07, 2019", "MATCHUP": "CLE vs. SAS", "WL": "L", "MIN": 17, "FGM": 5, "FGA": 6, "FG_PCT": 0.833, "FG3M": 0, "FG3A": 0, "FG3_PCT": 0.0, "FTM": 4, "FTA": 5, "FT_PCT": 0.8, "OREB": 4, "DREB": 2, "REB": 6, "AST": 2, "STL": 0, "BLK": 0, "TOV": 3, "PF": 0, "PTS": 14, "PLUS_MINUS": -11, "VIDEO_AVAILABLE": 1}, {"SEASON_ID": "22018", "Player_ID": 1627790, "Game_ID": "0021801191", "GAME_DATE": "APR 05, 2019", "MATCHUP": "CLE @ GSW", "WL": "L", "MIN": 17, "FGM": 4, "FGA": 8, "FG_PCT": 0.5, "FG3M": 0, "FG3A": 0, "FG3_PCT": 0.0, "FTM": 4, "FTA": 4, "FT_PCT": 1.0, "OREB": 3, "DREB": 3, "REB": 6, "AST": 0, "STL": 0, "BLK": 0, "TOV": 0, "PF": 1, "PTS": 12, "PLUS_MINUS": -4, "VIDEO_AVAILABLE": 1}, {"SEASON_ID": "22018", "Player_ID": 1627790, "Game_ID": "0021801178", "GAME_DATE": "APR 04, 2019", "MATCHUP": "CLE @ SAC", "WL": "L", "MIN": 31, "FGM": 7, "FGA": 9, "FG_PCT": 0.778, "FG3M": 0, "FG3A": 0, "FG3_PCT": 0.0, "FTM": 0, "FTA": 2, "FT_PCT": 0.0, "OREB": 2, "DREB": 8, "REB": 10, "AST": 4, "STL": 0, "BLK": 1, "TOV": 5, "PF": 1, "PTS": 14, "PLUS_MINUS": -9, "VIDEO_AVAILABLE": 1}, {"SEASON_ID": "22018", "Player_ID": 1627790, "Game_ID": "0021801160", "GAME_DATE": "APR 01, 2019", "MATCHUP": "CLE @ PHX", "WL": "L", "MIN": 14, "FGM": 5, "FGA": 6, "FG_PCT": 0.833, "FG3M": 0, "FG3A": 0, "FG3_PCT": 0.0, "FTM": 5, "FTA": 9, "FT_PCT": 0.556, "OREB": 5, "DREB": 2, "REB": 7, "AST": 2, "STL": 0, "BLK": 1, "TOV": 0, "PF": 3, "PTS": 15, "PLUS_MINUS": 11, "VIDEO_AVAILABLE": 1}, {"SEASON_ID": "22018", "Player_ID": 1627790, "Game_ID": "0021801136", "GAME_DATE": "MAR 30, 2019", "MATCHUP": "CLE @ LAC", "WL": "L", "MIN": 7, "FGM": 2, "FGA": 3, "FG_PCT": 0.667, "FG3M": 0, "FG3A": 0, "FG3_PCT": 0.0, "FTM": 0, "FTA": 0, "FT_PCT": 0.0, "OREB": 0, "DREB": 2, "REB": 2, "AST": 0, "STL": 0, "BLK": 0, "TOV": 0, "PF": 2, "PTS": 4, "PLUS_MINUS": -2, "VIDEO_AVAILABLE": 1}, {"SEASON_ID": "22018", "Player_ID": 1627790, "Game_ID": "0021801081", "GAME_DATE": "MAR 22, 2019", "MATCHUP": "CLE vs. LAC", "WL": "L", "MIN": 14, "FGM": 0, "FGA": 2, "FG_PCT": 0.0, "FG3M": 0, "FG3A": 0, "FG3_PCT": 0.0, "FTM": 0, "FTA": 0, "FT_PCT": 0.0, "OREB": 0, "DREB": 3, "REB": 3, "AST": 2, "STL": 0, "BLK": 1, "TOV": 2, "PF": 2, "PTS": 0, "PLUS_MINUS": 1, "VIDEO_AVAILABLE": 1}, {"SEASON_ID": "22018", "Player_ID": 1627790, "Game_ID": "0021801065", "GAME_DATE": "MAR 20, 2019", "MATCHUP": "CLE vs. MIL", "WL": "W", "MIN": 25, "FGM": 3, "FGA": 6, "FG_PCT": 0.5, "FG3M": 0, "FG3A": 0, "FG3_PCT": 0.0, "FTM": 2, "FTA": 4, "FT_PCT": 0.5, "OREB": 6, "DREB": 4, "REB": 10, "AST": 2, "STL": 0, "BLK": 2, "TOV": 0, "PF": 3, "PTS": 8, "PLUS_MINUS": -3, "VIDEO_AVAILABLE": 1}, {"SEASON_ID": "22018", "Player_ID": 1627790, "Game_ID": "0021801050", "GAME_DATE": "MAR 18, 2019", "MATCHUP": "CLE vs. DET", "WL": "W", "MIN": 25, "FGM": 2, "FGA": 5, "FG_PCT": 0.4, "FG3M": 0, "FG3A": 0, "FG3_PCT": 0.0, "FTM": 4, "FTA": 6, "FT_PCT": 0.667, "OREB": 0, "DREB": 6, "REB": 6, "AST": 1, "STL": 1, "BLK": 0, "TOV": 1, "PF": 4, "PTS": 8, "PLUS_MINUS": 23, "VIDEO_AVAILABLE": 1}, {"SEASON_ID": "22018", "Player_ID": 1627790, "Game_ID": "0021801037", "GAME_DATE": "MAR 16, 2019", "MATCHUP": "CLE @ DAL", "WL": "L", "MIN": 31, "FGM": 4, "FGA": 5, "FG_PCT": 0.8, "FG3M": 0, "FG3A": 0, "FG3_PCT": 0.0, "FTM": 3, "FTA": 3, "FT_PCT": 1.0, "OREB": 2, "DREB": 3, "REB": 5, "AST": 3, "STL": 0, "BLK": 0, "TOV": 2, "PF": 4, "PTS": 11, "PLUS_MINUS": 14, "VIDEO_AVAILABLE": 1}, {"SEASON_ID": "22018", "Player_ID": 1627790, "Game_ID": "0021801021", "GAME_DATE": "MAR 14, 2019", "MATCHUP": "CLE @ ORL", "WL": "L", "MIN": 30, "FGM": 5, "FGA": 11, "FG_PCT": 0.455, "FG3M": 0, "FG3A": 0, "FG3_PCT": 0.0, "FTM": 1, "FTA": 1, "FT_PCT": 1.0, "OREB": 2, "DREB": 6, "REB": 8, "AST": 1, "STL": 0, "BLK": 0, "TOV": 0, "PF": 2, "PTS": 11, "PLUS_MINUS": -21, "VIDEO_AVAILABLE": 1}, {"SEASON_ID": "22018", "Player_ID": 1627790, "Game_ID": "0021801008", "GAME_DATE": "MAR 12, 2019", "MATCHUP": "CLE @ PHI", "WL": "L", "MIN": 34, "FGM": 6, "FGA": 12, "FG_PCT": 0.5, "FG3M": 0, "FG3A": 0, "FG3_PCT": 0.0, "FTM": 0, "FTA": 1, "FT_PCT": 0.0, "OREB": 3, "DREB": 2, "REB": 5, "AST": 2, "STL": 0, "BLK": 0, "TOV": 2, "PF": 2, "PTS": 12, "PLUS_MINUS": -9, "VIDEO_AVAILABLE": 1}, {"SEASON_ID": "22018", "Player_ID": 1627790, "Game_ID": "0021801001", "GAME_DATE": "MAR 11, 2019", "MATCHUP": "CLE vs. TOR", "WL": "W", "MIN": 27, "FGM": 8, "FGA": 12, "FG_PCT": 0.667, "FG3M": 0, "FG3A": 0, "FG3_PCT": 0.0, "FTM": 1, "FTA": 1, "FT_PCT": 1.0, "OREB": 3, "DREB": 4, "REB": 7, "AST": 0, "STL": 0, "BLK": 0, "TOV": 3, "PF": 1, "PTS": 17, "PLUS_MINUS": 17, "VIDEO_AVAILABLE": 1}, {"SEASON_ID": "22018", "Player_ID": 1627790, "Game_ID": "0021800979", "GAME_DATE": "MAR 08, 2019", "MATCHUP": "CLE @ MIA", "WL": "L", "MIN": 15, "FGM": 2, "FGA": 3, "FG_PCT": 0.667, "FG3M": 0, "FG3A": 0, "FG3_PCT": 0.0, "FTM": 2, "FTA": 4, "FT_PCT": 0.5, "OREB": 0, "DREB": 6, "REB": 6, "AST": 1, "STL": 1, "BLK": 0, "TOV": 1, "PF": 1, "PTS": 6, "PLUS_MINUS": 0, "VIDEO_AVAILABLE": 1}, {"SEASON_ID": "22018", "Player_ID": 1627790, "Game_ID": "0021800924", "GAME_DATE": "FEB 28, 2019", "MATCHUP": "CLE @ NYK", "WL": "W", "MIN": 26, "FGM": 3, "FGA": 6, "FG_PCT": 0.5, "FG3M": 0, "FG3A": 0, "FG3_PCT": 0.0, "FTM": 2, "FTA": 4, "FT_PCT": 0.5, "OREB": 3, "DREB": 2, "REB": 5, "AST": 2, "STL": 0, "BLK": 0, "TOV": 2, "PF": 2, "PTS": 8, "PLUS_MINUS": 13, "VIDEO_AVAILABLE": 1}, {"SEASON_ID": "22018", "Player_ID": 1627790, "Game_ID": "0021800898", "GAME_DATE": "FEB 25, 2019", "MATCHUP": "CLE vs. POR", "WL": "L", "MIN": 22, "FGM": 2, "FGA": 5, "FG_PCT": 0.4, "FG3M": 0, "FG3A": 0, "FG3_PCT": 0.0, "FTM": 0, "FTA": 0, "FT_PCT": 0.0, "OREB": 1, "DREB": 3, "REB": 4, "AST": 1, "STL": 0, "BLK": 0, "TOV": 1, "PF": 1, "PTS": 4, "PLUS_MINUS": -4, "VIDEO_AVAILABLE": 1}, {"SEASON_ID": "22018", "Player_ID": 1627790, "Game_ID": "0021800885", "GAME_DATE": "FEB 23, 2019", "MATCHUP": "CLE vs. MEM", "WL": "W", "MIN": 30, "FGM": 6, "FGA": 7, "FG_PCT": 0.857, "FG3M": 0, "FG3A": 0, "FG3_PCT": 0.0, "FTM": 6, "FTA": 7, "FT_PCT": 0.857, "OREB": 2, "DREB": 5, "REB": 7, "AST": 1, "STL": 0, "BLK": 0, "TOV": 3, "PF": 4, "PTS": 18, "PLUS_MINUS": 10, "VIDEO_AVAILABLE": 1}, {"SEASON_ID": "22018", "Player_ID": 1627790, "Game_ID": "0021800867", "GAME_DATE": "FEB 21, 2019", "MATCHUP": "CLE vs. PHX", "WL": "W", "MIN": 26, "FGM": 7, "FGA": 9, "FG_PCT": 0.778, "FG3M": 0, "FG3A": 0, "FG3_PCT": 0.0, "FTM": 1, "FTA": 2, "FT_PCT": 0.5, "OREB": 4, "DREB": 8, "REB": 12, "AST": 1, "STL": 1, "BLK": 2, "TOV": 2, "PF": 3, "PTS": 15, "PLUS_MINUS": 3, "VIDEO_AVAILABLE": 1}, {"SEASON_ID": "22018", "Player_ID": 1627790, "Game_ID": "0021800853", "GAME_DATE": "FEB 13, 2019", "MATCHUP": "CLE vs. BKN", "WL": "L", "MIN": 30, "FGM": 2, "FGA": 5, "FG_PCT": 0.4, "FG3M": 0, "FG3A": 0, "FG3_PCT": 0.0, "FTM": 2, "FTA": 2, "FT_PCT": 1.0, "OREB": 2, "DREB": 4, "REB": 6, "AST": 1, "STL": 1, "BLK": 0, "TOV": 1, "PF": 6, "PTS": 6, "PLUS_MINUS": -10, "VIDEO_AVAILABLE": 1}, {"SEASON_ID": "22018", "Player_ID": 1627790, "Game_ID": "0021800826", "GAME_DATE": "FEB 09, 2019", "MATCHUP": "CLE @ IND", "WL": "L", "MIN": 17, "FGM": 1, "FGA": 4, "FG_PCT": 0.25, "FG3M": 0, "FG3A": 0, "FG3_PCT": 0.0, "FTM": 1, "FTA": 2, "FT_PCT": 0.5, "OREB": 1, "DREB": 2, "REB": 3, "AST": 1, "STL": 0, "BLK": 0, "TOV": 1, "PF": 2, "PTS": 3, "PLUS_MINUS": -6, "VIDEO_AVAILABLE": 1}, {"SEASON_ID": "22018", "Player_ID": 1627790, "Game_ID": "0021800819", "GAME_DATE": "FEB 08, 2019", "MATCHUP": "CLE @ WAS", "WL": "L", "MIN": 16, "FGM": 3, "FGA": 4, "FG_PCT": 0.75, "FG3M": 0, "FG3A": 0, "FG3_PCT": 0.0, "FTM": 0, "FTA": 0, "FT_PCT": 0.0, "OREB": 0, "DREB": 1, "REB": 1, "AST": 0, "STL": 0, "BLK": 1, "TOV": 0, "PF": 1, "PTS": 6, "PLUS_MINUS": -3, "VIDEO_AVAILABLE": 1}, {"SEASON_ID": "22018", "Player_ID": 1627790, "Game_ID": "0021800797", "GAME_DATE": "FEB 05, 2019", "MATCHUP": "CLE vs. BOS", "WL": "L", "MIN": 23, "FGM": 3, "FGA": 7, "FG_PCT": 0.429, "FG3M": 0, "FG3A": 0, "FG3_PCT": 0.0, "FTM": 2, "FTA": 2, "FT_PCT": 1.0, "OREB": 3, "DREB": 9, "REB": 12, "AST": 1, "STL": 0, "BLK": 0, "TOV": 0, "PF": 2, "PTS": 8, "PLUS_MINUS": 10, "VIDEO_AVAILABLE": 1}, {"SEASON_ID": "22018", "Player_ID": 1627790, "Game_ID": "0021800780", "GAME_DATE": "FEB 02, 2019", "MATCHUP": "CLE vs. DAL", "WL": "L", "MIN": 20, "FGM": 4, "FGA": 9, "FG_PCT": 0.444, "FG3M": 0, "FG3A": 0, "FG3_PCT": 0.0, "FTM": 0, "FTA": 0, "FT_PCT": 0.0, "OREB": 3, "DREB": 3, "REB": 6, "AST": 0, "STL": 1, "BLK": 0, "TOV": 2, "PF": 4, "PTS": 8, "PLUS_MINUS": -3, "VIDEO_AVAILABLE": 1}, {"SEASON_ID": "22018", "Player_ID": 1627790, "Game_ID": "0021800749", "GAME_DATE": "JAN 29, 2019", "MATCHUP": "CLE vs. WAS", "WL": "W", "MIN": 23, "FGM": 6, "FGA": 10, "FG_PCT": 0.6, "FG3M": 0, "FG3A": 0, "FG3_PCT": 0.0, "FTM": 0, "FTA": 0, "FT_PCT": 0.0, "OREB": 3, "DREB": 9, "REB": 12, "AST": 1, "STL": 0, "BLK": 0, "TOV": 2, "PF": 1, "PTS": 12, "PLUS_MINUS": -4, "VIDEO_AVAILABLE": 1}, {"SEASON_ID": "22018", "Player_ID": 1627790, "Game_ID": "0021800735", "GAME_DATE": "JAN 27, 2019", "MATCHUP": "CLE @ CHI", "WL": "W", "MIN": 36, "FGM": 4, "FGA": 11, "FG_PCT": 0.364, "FG3M": 0, "FG3A": 0, "FG3_PCT": 0.0, "FTM": 0, "FTA": 0, "FT_PCT": 0.0, "OREB": 3, "DREB": 11, "REB": 14, "AST": 3, "STL": 1, "BLK": 1, "TOV": 0, "PF": 3, "PTS": 8, "PLUS_MINUS": 2, "VIDEO_AVAILABLE": 1}, {"SEASON_ID": "22018", "Player_ID": 1627790, "Game_ID": "0021800722", "GAME_DATE": "JAN 25, 2019", "MATCHUP": "CLE vs. MIA", "WL": "L", "MIN": 27, "FGM": 4, "FGA": 7, "FG_PCT": 0.571, "FG3M": 0, "FG3A": 0, "FG3_PCT": 0.0, "FTM": 3, "FTA": 4, "FT_PCT": 0.75, "OREB": 2, "DREB": 7, "REB": 9, "AST": 1, "STL": 1, "BLK": 1, "TOV": 1, "PF": 3, "PTS": 11, "PLUS_MINUS": 7, "VIDEO_AVAILABLE": 1}, {"SEASON_ID": "22018", "Player_ID": 1627790, "Game_ID": "0021800707", "GAME_DATE": "JAN 23, 2019", "MATCHUP": "CLE @ BOS", "WL": "L", "MIN": 33, "FGM": 9, "FGA": 17, "FG_PCT": 0.529, "FG3M": 0, "FG3A": 0, "FG3_PCT": 0.0, "FTM": 1, "FTA": 3, "FT_PCT": 0.333, "OREB": 6, "DREB": 2, "REB": 8, "AST": 0, "STL": 0, "BLK": 0, "TOV": 5, "PF": 2, "PTS": 19, "PLUS_MINUS": -22, "VIDEO_AVAILABLE": 1}, {"SEASON_ID": "22018", "Player_ID": 1627790, "Game_ID": "0021800692", "GAME_DATE": "JAN 21, 2019", "MATCHUP": "CLE vs. CHI", "WL": "L", "MIN": 28, "FGM": 4, "FGA": 7, "FG_PCT": 0.571, "FG3M": 0, "FG3A": 0, "FG3_PCT": 0.0, "FTM": 5, "FTA": 6, "FT_PCT": 0.833, "OREB": 1, "DREB": 8, "REB": 9, "AST": 2, "STL": 1, "BLK": 1, "TOV": 1, "PF": 5, "PTS": 13, "PLUS_MINUS": -7, "VIDEO_AVAILABLE": 1}, {"SEASON_ID": "22018", "Player_ID": 1627790, "Game_ID": "0021800687", "GAME_DATE": "JAN 19, 2019", "MATCHUP": "CLE @ DEN", "WL": "L", "MIN": 31, "FGM": 9, "FGA": 12, "FG_PCT": 0.75, "FG3M": 0, "FG3A": 0, "FG3_PCT": 0.0, "FTM": 5, "FTA": 6, "FT_PCT": 0.833, "OREB": 0, "DREB": 6, "REB": 6, "AST": 0, "STL": 0, "BLK": 0, "TOV": 0, "PF": 2, "PTS": 23, "PLUS_MINUS": -16, "VIDEO_AVAILABLE": 1}, {"SEASON_ID": "22018", "Player_ID": 1627790, "Game_ID": "0021800675", "GAME_DATE": "JAN 18, 2019", "MATCHUP": "CLE @ UTA", "WL": "L", "MIN": 34, "FGM": 7, "FGA": 12, "FG_PCT": 0.583, "FG3M": 0, "FG3A": 0, "FG3_PCT": 0.0, "FTM": 1, "FTA": 2, "FT_PCT": 0.5, "OREB": 2, "DREB": 8, "REB": 10, "AST": 0, "STL": 1, "BLK": 1, "TOV": 0, "PF": 3, "PTS": 15, "PLUS_MINUS": -5, "VIDEO_AVAILABLE": 1}, {"SEASON_ID": "22018", "Player_ID": 1627790, "Game_ID": "0021800662", "GAME_DATE": "JAN 16, 2019", "MATCHUP": "CLE @ POR", "WL": "L", "MIN": 27, "FGM": 5, "FGA": 8, "FG_PCT": 0.625, "FG3M": 0, "FG3A": 0, "FG3_PCT": 0.0, "FTM": 6, "FTA": 7, "FT_PCT": 0.857, "OREB": 3, "DREB": 5, "REB": 8, "AST": 1, "STL": 0, "BLK": 2, "TOV": 0, "PF": 2, "PTS": 16, "PLUS_MINUS": 3, "VIDEO_AVAILABLE": 1}, {"SEASON_ID": "22018", "Player_ID": 1627790, "Game_ID": "0021800644", "GAME_DATE": "JAN 13, 2019", "MATCHUP": "CLE @ LAL", "WL": "W", "MIN": 10, "FGM": 0, "FGA": 1, "FG_PCT": 0.0, "FG3M": 0, "FG3A": 0, "FG3_PCT": 0.0, "FTM": 0, "FTA": 0, "FT_PCT": 0.0, "OREB": 1, "DREB": 3, "REB": 4, "AST": 1, "STL": 0, "BLK": 0, "TOV": 0, "PF": 2, "PTS": 0, "PLUS_MINUS": -7, "VIDEO_AVAILABLE": 1}, {"SEASON_ID": "22018", "Player_ID": 1627790, "Game_ID": "0021800625", "GAME_DATE": "JAN 11, 2019", "MATCHUP": "CLE @ HOU", "WL": "L", "MIN": 24, "FGM": 6, "FGA": 8, "FG_PCT": 0.75, "FG3M": 0, "FG3A": 0, "FG3_PCT": 0.0, "FTM": 6, "FTA": 6, "FT_PCT": 1.0, "OREB": 3, "DREB": 5, "REB": 8, "AST": 0, "STL": 2, "BLK": 0, "TOV": 0, "PF": 1, "PTS": 18, "PLUS_MINUS": -7, "VIDEO_AVAILABLE": 1}, {"SEASON_ID": "22018", "Player_ID": 1627790, "Game_ID": "0021800612", "GAME_DATE": "JAN 09, 2019", "MATCHUP": "CLE @ NOP", "WL": "L", "MIN": 20, "FGM": 5, "FGA": 9, "FG_PCT": 0.556, "FG3M": 0, "FG3A": 0, "FG3_PCT": 0.0, "FTM": 0, "FTA": 0, "FT_PCT": 0.0, "OREB": 1, "DREB": 3, "REB": 4, "AST": 2, "STL": 0, "BLK": 1, "TOV": 0, "PF": 4, "PTS": 10, "PLUS_MINUS": 12, "VIDEO_AVAILABLE": 1}, {"SEASON_ID": "22018", "Player_ID": 1627790, "Game_ID": "0021800599", "GAME_DATE": "JAN 08, 2019", "MATCHUP": "CLE vs. IND", "WL": "L", "MIN": 13, "FGM": 0, "FGA": 1, "FG_PCT": 0.0, "FG3M": 0, "FG3A": 0, "FG3_PCT": 0.0, "FTM": 6, "FTA": 6, "FT_PCT": 1.0, "OREB": 4, "DREB": 2, "REB": 6, "AST": 0, "STL": 0, "BLK": 0, "TOV": 0, "PF": 0, "PTS": 6, "PLUS_MINUS": -4, "VIDEO_AVAILABLE": 1}, {"SEASON_ID": "22018", "Player_ID": 1627790, "Game_ID": "0021800508", "GAME_DATE": "DEC 26, 2018", "MATCHUP": "CLE @ MEM", "WL": "L", "MIN": 22, "FGM": 2, "FGA": 8, "FG_PCT": 0.25, "FG3M": 0, "FG3A": 0, "FG3_PCT": 0.0, "FTM": 2, "FTA": 2, "FT_PCT": 1.0, "OREB": 4, "DREB": 7, "REB": 11, "AST": 2, "STL": 0, "BLK": 0, "TOV": 1, "PF": 2, "PTS": 6, "PLUS_MINUS": 1, "VIDEO_AVAILABLE": 1}, {"SEASON_ID": "22018", "Player_ID": 1627790, "Game_ID": "0021800490", "GAME_DATE": "DEC 23, 2018", "MATCHUP": "CLE vs. CHI", "WL": "L", "MIN": 13, "FGM": 0, "FGA": 3, "FG_PCT": 0.0, "FG3M": 0, "FG3A": 0, "FG3_PCT": 0.0, "FTM": 0, "FTA": 0, "FT_PCT": 0.0, "OREB": 1, "DREB": 1, "REB": 2, "AST": 1, "STL": 0, "BLK": 2, "TOV": 0, "PF": 2, "PTS": 0, "PLUS_MINUS": -7, "VIDEO_AVAILABLE": 1}, {"SEASON_ID": "22018", "Player_ID": 1627790, "Game_ID": "0021800470", "GAME_DATE": "DEC 21, 2018", "MATCHUP": "CLE @ TOR", "WL": "L", "MIN": 18, "FGM": 5, "FGA": 10, "FG_PCT": 0.5, "FG3M": 0, "FG3A": 0, "FG3_PCT": 0.0, "FTM": 1, "FTA": 2, "FT_PCT": 0.5, "OREB": 3, "DREB": 3, "REB": 6, "AST": 1, "STL": 0, "BLK": 0, "TOV": 1, "PF": 4, "PTS": 11, "PLUS_MINUS": -3, "VIDEO_AVAILABLE": 1}, {"SEASON_ID": "22018", "Player_ID": 1627790, "Game_ID": "0021800455", "GAME_DATE": "DEC 19, 2018", "MATCHUP": "CLE @ CHA", "WL": "L", "MIN": 16, "FGM": 3, "FGA": 4, "FG_PCT": 0.75, "FG3M": 0, "FG3A": 0, "FG3_PCT": 0.0, "FTM": 1, "FTA": 3, "FT_PCT": 0.333, "OREB": 0, "DREB": 4, "REB": 4, "AST": 0, "STL": 0, "BLK": 2, "TOV": 0, "PF": 1, "PTS": 7, "PLUS_MINUS": -7, "VIDEO_AVAILABLE": 1}, {"SEASON_ID": "22018", "Player_ID": 1627790, "Game_ID": "0021800451", "GAME_DATE": "DEC 18, 2018", "MATCHUP": "CLE @ IND", "WL": "W", "MIN": 14, "FGM": 1, "FGA": 3, "FG_PCT": 0.333, "FG3M": 0, "FG3A": 0, "FG3_PCT": 0.0, "FTM": 0, "FTA": 0, "FT_PCT": 0.0, "OREB": 1, "DREB": 3, "REB": 4, "AST": 2, "STL": 0, "BLK": 1, "TOV": 1, "PF": 0, "PTS": 2, "PLUS_MINUS": 16, "VIDEO_AVAILABLE": 1}, {"SEASON_ID": "22018", "Player_ID": 1627790, "Game_ID": "0021800437", "GAME_DATE": "DEC 16, 2018", "MATCHUP": "CLE vs. PHI", "WL": "L", "MIN": 17, "FGM": 3, "FGA": 4, "FG_PCT": 0.75, "FG3M": 0, "FG3A": 0, "FG3_PCT": 0.0, "FTM": 1, "FTA": 2, "FT_PCT": 0.5, "OREB": 0, "DREB": 2, "REB": 2, "AST": 1, "STL": 1, "BLK": 0, "TOV": 1, "PF": 2, "PTS": 7, "PLUS_MINUS": -16, "VIDEO_AVAILABLE": 1}, {"SEASON_ID": "22018", "Player_ID": 1627790, "Game_ID": "0021800372", "GAME_DATE": "DEC 07, 2018", "MATCHUP": "CLE vs. SAC", "WL": "L", "MIN": 5, "FGM": 1, "FGA": 2, "FG_PCT": 0.5, "FG3M": 0, "FG3A": 0, "FG3_PCT": 0.0, "FTM": 0, "FTA": 0, "FT_PCT": 0.0, "OREB": 1, "DREB": 2, "REB": 3, "AST": 0, "STL": 0, "BLK": 0, "TOV": 0, "PF": 0, "PTS": 2, "PLUS_MINUS": 2, "VIDEO_AVAILABLE": 1}, {"SEASON_ID": "22018", "Player_ID": 1627790, "Game_ID": "0021800319", "GAME_DATE": "NOV 30, 2018", "MATCHUP": "CLE @ BOS", "WL": "L", "MIN": 20, "FGM": 2, "FGA": 5, "FG_PCT": 0.4, "FG3M": 0, "FG3A": 0, "FG3_PCT": 0.0, "FTM": 1, "FTA": 2, "FT_PCT": 0.5, "OREB": 1, "DREB": 1, "REB": 2, "AST": 0, "STL": 0, "BLK": 0, "TOV": 1, "PF": 2, "PTS": 5, "PLUS_MINUS": -7, "VIDEO_AVAILABLE": 1}, {"SEASON_ID": "22018", "Player_ID": 1627790, "Game_ID": "0021800313", "GAME_DATE": "NOV 28, 2018", "MATCHUP": "CLE @ OKC", "WL": "L", "MIN": 13, "FGM": 0, "FGA": 4, "FG_PCT": 0.0, "FG3M": 0, "FG3A": 0, "FG3_PCT": 0.0, "FTM": 0, "FTA": 2, "FT_PCT": 0.0, "OREB": 2, "DREB": 3, "REB": 5, "AST": 1, "STL": 0, "BLK": 1, "TOV": 2, "PF": 1, "PTS": 0, "PLUS_MINUS": -15, "VIDEO_AVAILABLE": 1}, {"SEASON_ID": "22018", "Player_ID": 1627790, "Game_ID": "0021800295", "GAME_DATE": "NOV 26, 2018", "MATCHUP": "CLE vs. MIN", "WL": "L", "MIN": 5, "FGM": 0, "FGA": 1, "FG_PCT": 0.0, "FG3M": 0, "FG3A": 0, "FG3_PCT": 0.0, "FTM": 0, "FTA": 0, "FT_PCT": 0.0, "OREB": 1, "DREB": 1, "REB": 2, "AST": 0, "STL": 0, "BLK": 0, "TOV": 0, "PF": 0, "PTS": 0, "PLUS_MINUS": -8, "VIDEO_AVAILABLE": 1}, {"SEASON_ID": "22018", "Player_ID": 1627790, "Game_ID": "0021800270", "GAME_DATE": "NOV 23, 2018", "MATCHUP": "CLE @ PHI", "WL": "W", "MIN": 1, "FGM": 0, "FGA": 0, "FG_PCT": 0.0, "FG3M": 0, "FG3A": 0, "FG3_PCT": 0.0, "FTM": 0, "FTA": 0, "FT_PCT": 0.0, "OREB": 0, "DREB": 0, "REB": 0, "AST": 0, "STL": 0, "BLK": 0, "TOV": 0, "PF": 0, "PTS": 0, "PLUS_MINUS": 2, "VIDEO_AVAILABLE": 1}, {"SEASON_ID": "22018", "Player_ID": 1627790, "Game_ID": "0021800240", "GAME_DATE": "NOV 19, 2018", "MATCHUP": "CLE @ DET", "WL": "L", "MIN": 18, "FGM": 5, "FGA": 7, "FG_PCT": 0.714, "FG3M": 0, "FG3A": 0, "FG3_PCT": 0.0, "FTM": 2, "FTA": 2, "FT_PCT": 1.0, "OREB": 2, "DREB": 4, "REB": 6, "AST": 0, "STL": 0, "BLK": 0, "TOV": 1, "PF": 2, "PTS": 12, "PLUS_MINUS": 8, "VIDEO_AVAILABLE": 1}, {"SEASON_ID": "22018", "Player_ID": 1627790, "Game_ID": "0021800203", "GAME_DATE": "NOV 14, 2018", "MATCHUP": "CLE @ WAS", "WL": "L", "MIN": 15, "FGM": 1, "FGA": 1, "FG_PCT": 1.0, "FG3M": 0, "FG3A": 0, "FG3_PCT": 0.0, "FTM": 0, "FTA": 2, "FT_PCT": 0.0, "OREB": 1, "DREB": 2, "REB": 3, "AST": 1, "STL": 0, "BLK": 0, "TOV": 0, "PF": 5, "PTS": 2, "PLUS_MINUS": -10, "VIDEO_AVAILABLE": 1}, {"SEASON_ID": "22018", "Player_ID": 1627790, "Game_ID": "0021800199", "GAME_DATE": "NOV 13, 2018", "MATCHUP": "CLE vs. CHA", "WL": "W", "MIN": 6, "FGM": 0, "FGA": 1, "FG_PCT": 0.0, "FG3M": 0, "FG3A": 0, "FG3_PCT": 0.0, "FTM": 0, "FTA": 0, "FT_PCT": 0.0, "OREB": 0, "DREB": 3, "REB": 3, "AST": 0, "STL": 0, "BLK": 0, "TOV": 3, "PF": 0, "PTS": 0, "PLUS_MINUS": -1, "VIDEO_AVAILABLE": 1}, {"SEASON_ID": "22018", "Player_ID": 1627790, "Game_ID": "0021800178", "GAME_DATE": "NOV 10, 2018", "MATCHUP": "CLE @ CHI", "WL": "L", "MIN": 14, "FGM": 2, "FGA": 4, "FG_PCT": 0.5, "FG3M": 0, "FG3A": 0, "FG3_PCT": 0.0, "FTM": 0, "FTA": 0, "FT_PCT": 0.0, "OREB": 2, "DREB": 2, "REB": 4, "AST": 0, "STL": 0, "BLK": 1, "TOV": 4, "PF": 1, "PTS": 4, "PLUS_MINUS": -13, "VIDEO_AVAILABLE": 1}, {"SEASON_ID": "22018", "Player_ID": 1627790, "Game_ID": "0021800153", "GAME_DATE": "NOV 07, 2018", "MATCHUP": "CLE vs. OKC", "WL": "L", "MIN": 17, "FGM": 3, "FGA": 5, "FG_PCT": 0.6, "FG3M": 0, "FG3A": 0, "FG3_PCT": 0.0, "FTM": 4, "FTA": 4, "FT_PCT": 1.0, "OREB": 3, "DREB": 6, "REB": 9, "AST": 0, "STL": 0, "BLK": 0, "TOV": 3, "PF": 3, "PTS": 10, "PLUS_MINUS": 9, "VIDEO_AVAILABLE": 1}, {"SEASON_ID": "22018", "Player_ID": 1627790, "Game_ID": "0021800126", "GAME_DATE": "NOV 03, 2018", "MATCHUP": "CLE @ CHA", "WL": "L", "MIN": 4, "FGM": 1, "FGA": 2, "FG_PCT": 0.5, "FG3M": 0, "FG3A": 0, "FG3_PCT": 0.0, "FTM": 0, "FTA": 0, "FT_PCT": 0.0, "OREB": 0, "DREB": 2, "REB": 2, "AST": 0, "STL": 0, "BLK": 0, "TOV": 0, "PF": 1, "PTS": 2, "PLUS_MINUS": -3, "VIDEO_AVAILABLE": 1}, {"SEASON_ID": "22018", "Player_ID": 1627790, "Game_ID": "0021800112", "GAME_DATE": "NOV 01, 2018", "MATCHUP": "CLE vs. DEN", "WL": "L", "MIN": 5, "FGM": 1, "FGA": 3, "FG_PCT": 0.333, "FG3M": 0, "FG3A": 0, "FG3_PCT": 0.0, "FTM": 1, "FTA": 2, "FT_PCT": 0.5, "OREB": 1, "DREB": 1, "REB": 2, "AST": 0, "STL": 0, "BLK": 0, "TOV": 0, "PF": 1, "PTS": 3, "PLUS_MINUS": 7, "VIDEO_AVAILABLE": 1}, {"SEASON_ID": "22018", "Player_ID": 1627790, "Game_ID": "0021800097", "GAME_DATE": "OCT 30, 2018", "MATCHUP": "CLE vs. ATL", "WL": "W", "MIN": 2, "FGM": 1, "FGA": 2, "FG_PCT": 0.5, "FG3M": 0, "FG3A": 0, "FG3_PCT": 0.0, "FTM": 2, "FTA": 2, "FT_PCT": 1.0, "OREB": 1, "DREB": 0, "REB": 1, "AST": 0, "STL": 0, "BLK": 0, "TOV": 0, "PF": 0, "PTS": 4, "PLUS_MINUS": -3, "VIDEO_AVAILABLE": 1}, {"SEASON_ID": "22018", "Player_ID": 1627790, "Game_ID": "0021800077", "GAME_DATE": "OCT 27, 2018", "MATCHUP": "CLE vs. IND", "WL": "L", "MIN": 3, "FGM": 0, "FGA": 0, "FG_PCT": 0.0, "FG3M": 0, "FG3A": 0, "FG3_PCT": 0.0, "FTM": 1, "FTA": 2, "FT_PCT": 0.5, "OREB": 1, "DREB": 0, "REB": 1, "AST": 0, "STL": 0, "BLK": 0, "TOV": 0, "PF": 1, "PTS": 1, "PLUS_MINUS": 3, "VIDEO_AVAILABLE": 1}, {"SEASON_ID": "22018", "Player_ID": 1627790, "Game_ID": "0021800053", "GAME_DATE": "OCT 24, 2018", "MATCHUP": "CLE vs. BKN", "WL": "L", "MIN": 4, "FGM": 0, "FGA": 0, "FG_PCT": 0.0, "FG3M": 0, "FG3A": 0, "FG3_PCT": 0.0, "FTM": 0, "FTA": 0, "FT_PCT": 0.0, "OREB": 0, "DREB": 2, "REB": 2, "AST": 0, "STL": 0, "BLK": 0, "TOV": 1, "PF": 0, "PTS": 0, "PLUS_MINUS": 7, "VIDEO_AVAILABLE": 1}, {"SEASON_ID": "22018", "Player_ID": 1627790, "Game_ID": "0021800036", "GAME_DATE": "OCT 21, 2018", "MATCHUP": "CLE vs. ATL", "WL": "L", "MIN": 3, "FGM": 2, "FGA": 4, "FG_PCT": 0.5, "FG3M": 0, "FG3A": 0, "FG3_PCT": 0.0, "FTM": 0, "FTA": 0, "FT_PCT": 0.0, "OREB": 2, "DREB": 1, "REB": 3, "AST": 0, "STL": 0, "BLK": 0, "TOV": 2, "PF": 1, "PTS": 4, "PLUS_MINUS": -4, "VIDEO_AVAILABLE": 1}, {"SEASON_ID": "22018", "Player_ID": 1627790, "Game_ID": "0021800021", "GAME_DATE": "OCT 19, 2018", "MATCHUP": "CLE @ MIN", "WL": "L", "MIN": 11, "FGM": 2, "FGA": 3, "FG_PCT": 0.667, "FG3M": 0, "FG3A": 0, "FG3_PCT": 0.0, "FTM": 3, "FTA": 4, "FT_PCT": 0.75, "OREB": 1, "DREB": 0, "REB": 1, "AST": 2, "STL": 1, "BLK": 0, "TOV": 0, "PF": 1, "PTS": 7, "PLUS_MINUS": -7, "VIDEO_AVAILABLE": 1}, {"SEASON_ID": "22018", "Player_ID": 1627790, "Game_ID": "0021800008", "GAME_DATE": "OCT 17, 2018", "MATCHUP": "CLE @ TOR", "WL": "L", "MIN": 14, "FGM": 2, "FGA": 2, "FG_PCT": 1.0, "FG3M": 0, "FG3A": 0, "FG3_PCT": 0.0, "FTM": 1, "FTA": 2, "FT_PCT": 0.5, "OREB": 0, "DREB": 3, "REB": 3, "AST": 2, "STL": 0, "BLK": 0, "TOV": 0, "PF": 2, "PTS": 5, "PLUS_MINUS": 11, "VIDEO_AVAILABLE": 1}, {"SEASON_ID": "22017", "Player_ID": 1627790, "Game_ID": "0021701220", "GAME_DATE": "APR 11, 2018", "MATCHUP": "CLE vs. NYK", "WL": "L", "MIN": 27, "FGM": 7, "FGA": 9, "FG_PCT": 0.778, "FG3M": 0, "FG3A": 0, "FG3_PCT": 0.0, "FTM": 6, "FTA": 9, "FT_PCT": 0.667, "OREB": 2, "DREB": 5, "REB": 7, "AST": 0, "STL": 1, "BLK": 0, "TOV": 1, "PF": 3, "PTS": 20, "PLUS_MINUS": -5, "VIDEO_AVAILABLE": 1}, {"SEASON_ID": "22017", "Player_ID": 1627790, "Game_ID": "0021701207", "GAME_DATE": "APR 09, 2018", "MATCHUP": "CLE @ NYK", "WL": "W", "MIN": 1, "FGM": 1, "FGA": 1, "FG_PCT": 1.0, "FG3M": 0, "FG3A": 0, "FG3_PCT": 0.0, "FTM": 0, "FTA": 0, "FT_PCT": 0.0, "OREB": 0, "DREB": 0, "REB": 0, "AST": 0, "STL": 0, "BLK": 0, "TOV": 0, "PF": 0, "PTS": 2, "PLUS_MINUS": 1, "VIDEO_AVAILABLE": 1}, {"SEASON_ID": "22017", "Player_ID": 1627790, "Game_ID": "0021701156", "GAME_DATE": "APR 03, 2018", "MATCHUP": "CLE vs. TOR", "WL": "W", "MIN": 1, "FGM": 0, "FGA": 0, "FG_PCT": 0.0, "FG3M": 0, "FG3A": 0, "FG3_PCT": 0.0, "FTM": 0, "FTA": 0, "FT_PCT": 0.0, "OREB": 0, "DREB": 0, "REB": 0, "AST": 0, "STL": 0, "BLK": 0, "TOV": 0, "PF": 0, "PTS": 0, "PLUS_MINUS": -8, "VIDEO_AVAILABLE": 1}, {"SEASON_ID": "22017", "Player_ID": 1627790, "Game_ID": "0021701149", "GAME_DATE": "APR 01, 2018", "MATCHUP": "CLE vs. DAL", "WL": "W", "MIN": 1, "FGM": 0, "FGA": 0, "FG_PCT": 0.0, "FG3M": 0, "FG3A": 0, "FG3_PCT": 0.0, "FTM": 0, "FTA": 0, "FT_PCT": 0.0, "OREB": 0, "DREB": 0, "REB": 0, "AST": 0, "STL": 0, "BLK": 0, "TOV": 0, "PF": 1, "PTS": 0, "PLUS_MINUS": -2, "VIDEO_AVAILABLE": 1}, {"SEASON_ID": "22017", "Player_ID": 1627790, "Game_ID": "0021701116", "GAME_DATE": "MAR 28, 2018", "MATCHUP": "CLE @ CHA", "WL": "W", "MIN": 2, "FGM": 0, "FGA": 0, "FG_PCT": 0.0, "FG3M": 0, "FG3A": 0, "FG3_PCT": 0.0, "FTM": 0, "FTA": 0, "FT_PCT": 0.0, "OREB": 0, "DREB": 0, "REB": 0, "AST": 1, "STL": 0, "BLK": 0, "TOV": 0, "PF": 1, "PTS": 0, "PLUS_MINUS": -4, "VIDEO_AVAILABLE": 1}, {"SEASON_ID": "22017", "Player_ID": 1627790, "Game_ID": "0021701110", "GAME_DATE": "MAR 27, 2018", "MATCHUP": "CLE @ MIA", "WL": "L", "MIN": 3, "FGM": 1, "FGA": 1, "FG_PCT": 1.0, "FG3M": 0, "FG3A": 0, "FG3_PCT": 0.0, "FTM": 0, "FTA": 0, "FT_PCT": 0.0, "OREB": 0, "DREB": 0, "REB": 0, "AST": 0, "STL": 0, "BLK": 0, "TOV": 0, "PF": 0, "PTS": 2, "PLUS_MINUS": 2, "VIDEO_AVAILABLE": 1}, {"SEASON_ID": "22017", "Player_ID": 1627790, "Game_ID": "0021701080", "GAME_DATE": "MAR 23, 2018", "MATCHUP": "CLE vs. PHX", "WL": "W", "MIN": 5, "FGM": 2, "FGA": 2, "FG_PCT": 1.0, "FG3M": 0, "FG3A": 0, "FG3_PCT": 0.0, "FTM": 0, "FTA": 0, "FT_PCT": 0.0, "OREB": 1, "DREB": 1, "REB": 2, "AST": 0, "STL": 0, "BLK": 0, "TOV": 0, "PF": 1, "PTS": 4, "PLUS_MINUS": -1, "VIDEO_AVAILABLE": 1}, {"SEASON_ID": "22017", "Player_ID": 1627790, "Game_ID": "0021701065", "GAME_DATE": "MAR 21, 2018", "MATCHUP": "CLE vs. TOR", "WL": "W", "MIN": 16, "FGM": 2, "FGA": 3, "FG_PCT": 0.667, "FG3M": 0, "FG3A": 0, "FG3_PCT": 0.0, "FTM": 2, "FTA": 2, "FT_PCT": 1.0, "OREB": 0, "DREB": 1, "REB": 1, "AST": 0, "STL": 0, "BLK": 0, "TOV": 1, "PF": 0, "PTS": 6, "PLUS_MINUS": 2, "VIDEO_AVAILABLE": 1}, {"SEASON_ID": "22017", "Player_ID": 1627790, "Game_ID": "0021701050", "GAME_DATE": "MAR 19, 2018", "MATCHUP": "CLE vs. MIL", "WL": "W", "MIN": 17, "FGM": 4, "FGA": 6, "FG_PCT": 0.667, "FG3M": 0, "FG3A": 0, "FG3_PCT": 0.0, "FTM": 5, "FTA": 5, "FT_PCT": 1.0, "OREB": 4, "DREB": 2, "REB": 6, "AST": 0, "STL": 0, "BLK": 1, "TOV": 0, "PF": 4, "PTS": 13, "PLUS_MINUS": 7, "VIDEO_AVAILABLE": 1}, {"SEASON_ID": "22017", "Player_ID": 1627790, "Game_ID": "0021701039", "GAME_DATE": "MAR 17, 2018", "MATCHUP": "CLE @ CHI", "WL": "W", "MIN": 20, "FGM": 7, "FGA": 9, "FG_PCT": 0.778, "FG3M": 0, "FG3A": 0, "FG3_PCT": 0.0, "FTM": 0, "FTA": 1, "FT_PCT": 0.0, "OREB": 4, "DREB": 2, "REB": 6, "AST": 0, "STL": 0, "BLK": 1, "TOV": 2, "PF": 2, "PTS": 14, "PLUS_MINUS": -6, "VIDEO_AVAILABLE": 1}, {"SEASON_ID": "22017", "Player_ID": 1627790, "Game_ID": "0021701028", "GAME_DATE": "MAR 15, 2018", "MATCHUP": "CLE @ POR", "WL": "L", "MIN": 6, "FGM": 0, "FGA": 1, "FG_PCT": 0.0, "FG3M": 0, "FG3A": 0, "FG3_PCT": 0.0, "FTM": 0, "FTA": 0, "FT_PCT": 0.0, "OREB": 0, "DREB": 0, "REB": 0, "AST": 0, "STL": 0, "BLK": 2, "TOV": 0, "PF": 0, "PTS": 0, "PLUS_MINUS": -4, "VIDEO_AVAILABLE": 1}, {"SEASON_ID": "22017", "Player_ID": 1627790, "Game_ID": "0021701014", "GAME_DATE": "MAR 13, 2018", "MATCHUP": "CLE @ PHX", "WL": "W", "MIN": 15, "FGM": 5, "FGA": 5, "FG_PCT": 1.0, "FG3M": 0, "FG3A": 0, "FG3_PCT": 0.0, "FTM": 1, "FTA": 2, "FT_PCT": 0.5, "OREB": 1, "DREB": 3, "REB": 4, "AST": 1, "STL": 0, "BLK": 1, "TOV": 3, "PF": 3, "PTS": 11, "PLUS_MINUS": 3, "VIDEO_AVAILABLE": 1}, {"SEASON_ID": "22017", "Player_ID": 1627790, "Game_ID": "0021701000", "GAME_DATE": "MAR 11, 2018", "MATCHUP": "CLE @ LAL", "WL": "L", "MIN": 20, "FGM": 7, "FGA": 9, "FG_PCT": 0.778, "FG3M": 0, "FG3A": 0, "FG3_PCT": 0.0, "FTM": 1, "FTA": 2, "FT_PCT": 0.5, "OREB": 2, "DREB": 5, "REB": 7, "AST": 0, "STL": 0, "BLK": 2, "TOV": 1, "PF": 1, "PTS": 15, "PLUS_MINUS": -6, "VIDEO_AVAILABLE": 1}, {"SEASON_ID": "22017", "Player_ID": 1627790, "Game_ID": "0021700986", "GAME_DATE": "MAR 09, 2018", "MATCHUP": "CLE @ LAC", "WL": "L", "MIN": 8, "FGM": 2, "FGA": 2, "FG_PCT": 1.0, "FG3M": 0, "FG3A": 0, "FG3_PCT": 0.0, "FTM": 0, "FTA": 0, "FT_PCT": 0.0, "OREB": 2, "DREB": 0, "REB": 2, "AST": 0, "STL": 0, "BLK": 0, "TOV": 0, "PF": 2, "PTS": 4, "PLUS_MINUS": 1, "VIDEO_AVAILABLE": 1}, {"SEASON_ID": "22017", "Player_ID": 1627790, "Game_ID": "0021700970", "GAME_DATE": "MAR 07, 2018", "MATCHUP": "CLE @ DEN", "WL": "W", "MIN": 9, "FGM": 2, "FGA": 3, "FG_PCT": 0.667, "FG3M": 0, "FG3A": 0, "FG3_PCT": 0.0, "FTM": 1, "FTA": 1, "FT_PCT": 1.0, "OREB": 1, "DREB": 1, "REB": 2, "AST": 0, "STL": 0, "BLK": 0, "TOV": 0, "PF": 4, "PTS": 5, "PLUS_MINUS": -2, "VIDEO_AVAILABLE": 1}, {"SEASON_ID": "22017", "Player_ID": 1627790, "Game_ID": "0021700950", "GAME_DATE": "MAR 05, 2018", "MATCHUP": "CLE vs. DET", "WL": "W", "MIN": 16, "FGM": 3, "FGA": 3, "FG_PCT": 1.0, "FG3M": 0, "FG3A": 0, "FG3_PCT": 0.0, "FTM": 0, "FTA": 0, "FT_PCT": 0.0, "OREB": 1, "DREB": 5, "REB": 6, "AST": 2, "STL": 1, "BLK": 1, "TOV": 0, "PF": 3, "PTS": 6, "PLUS_MINUS": 7, "VIDEO_AVAILABLE": 1}, {"SEASON_ID": "22017", "Player_ID": 1627790, "Game_ID": "0021700894", "GAME_DATE": "FEB 25, 2018", "MATCHUP": "CLE vs. SAS", "WL": "L", "MIN": 1, "FGM": 0, "FGA": 0, "FG_PCT": 0.0, "FG3M": 0, "FG3A": 0, "FG3_PCT": 0.0, "FTM": 0, "FTA": 0, "FT_PCT": 0.0, "OREB": 0, "DREB": 1, "REB": 1, "AST": 0, "STL": 0, "BLK": 0, "TOV": 0, "PF": 0, "PTS": 0, "PLUS_MINUS": 0, "VIDEO_AVAILABLE": 1}, {"SEASON_ID": "22017", "Player_ID": 1627790, "Game_ID": "0021700878", "GAME_DATE": "FEB 23, 2018", "MATCHUP": "CLE @ MEM", "WL": "W", "MIN": 2, "FGM": 1, "FGA": 1, "FG_PCT": 1.0, "FG3M": 0, "FG3A": 0, "FG3_PCT": 0.0, "FTM": 0, "FTA": 0, "FT_PCT": 0.0, "OREB": 0, "DREB": 0, "REB": 0, "AST": 0, "STL": 0, "BLK": 1, "TOV": 1, "PF": 0, "PTS": 2, "PLUS_MINUS": 1, "VIDEO_AVAILABLE": 1}, {"SEASON_ID": "22017", "Player_ID": 1627790, "Game_ID": "0021700835", "GAME_DATE": "FEB 11, 2018", "MATCHUP": "CLE @ BOS", "WL": "W", "MIN": 3, "FGM": 1, "FGA": 1, "FG_PCT": 1.0, "FG3M": 0, "FG3A": 0, "FG3_PCT": 0.0, "FTM": 0, "FTA": 0, "FT_PCT": 0.0, "OREB": 0, "DREB": 0, "REB": 0, "AST": 0, "STL": 0, "BLK": 0, "TOV": 0, "PF": 0, "PTS": 2, "PLUS_MINUS": -3, "VIDEO_AVAILABLE": 1}, {"SEASON_ID": "22017", "Player_ID": 1627790, "Game_ID": "0021700819", "GAME_DATE": "FEB 09, 2018", "MATCHUP": "CLE @ ATL", "WL": "W", "MIN": 1, "FGM": 0, "FGA": 0, "FG_PCT": 0.0, "FG3M": 0, "FG3A": 0, "FG3_PCT": 0.0, "FTM": 0, "FTA": 0, "FT_PCT": 0.0, "OREB": 1, "DREB": 0, "REB": 1, "AST": 0, "STL": 0, "BLK": 0, "TOV": 0, "PF": 1, "PTS": 0, "PLUS_MINUS": -4, "VIDEO_AVAILABLE": 1}, {"SEASON_ID": "22017", "Player_ID": 1627790, "Game_ID": "0021700646", "GAME_DATE": "JAN 15, 2018", "MATCHUP": "CLE vs. GSW", "WL": "L", "MIN": 1, "FGM": 0, "FGA": 0, "FG_PCT": 0.0, "FG3M": 0, "FG3A": 0, "FG3_PCT": 0.0, "FTM": 0, "FTA": 0, "FT_PCT": 0.0, "OREB": 0, "DREB": 2, "REB": 2, "AST": 0, "STL": 0, "BLK": 0, "TOV": 0, "PF": 0, "PTS": 0, "PLUS_MINUS": 4, "VIDEO_AVAILABLE": 1}, {"SEASON_ID": "22017", "Player_ID": 1627790, "Game_ID": "0021700397", "GAME_DATE": "DEC 12, 2017", "MATCHUP": "CLE vs. ATL", "WL": "W", "MIN": 3, "FGM": 1, "FGA": 2, "FG_PCT": 0.5, "FG3M": 0, "FG3A": 0, "FG3_PCT": 0.0, "FTM": 0, "FTA": 0, "FT_PCT": 0.0, "OREB": 1, "DREB": 1, "REB": 2, "AST": 0, "STL": 0, "BLK": 0, "TOV": 0, "PF": 0, "PTS": 2, "PLUS_MINUS": -7, "VIDEO_AVAILABLE": 1}, {"SEASON_ID": "22017", "Player_ID": 1627790, "Game_ID": "0021700379", "GAME_DATE": "DEC 09, 2017", "MATCHUP": "CLE vs. PHI", "WL": "W", "MIN": 5, "FGM": 0, "FGA": 1, "FG_PCT": 0.0, "FG3M": 0, "FG3A": 0, "FG3_PCT": 0.0, "FTM": 0, "FTA": 0, "FT_PCT": 0.0, "OREB": 0, "DREB": 1, "REB": 1, "AST": 1, "STL": 0, "BLK": 0, "TOV": 0, "PF": 0, "PTS": 0, "PLUS_MINUS": -10, "VIDEO_AVAILABLE": 1}, {"SEASON_ID": "22017", "Player_ID": 1627790, "Game_ID": "0021700344", "GAME_DATE": "DEC 04, 2017", "MATCHUP": "CLE @ CHI", "WL": "W", "MIN": 4, "FGM": 0, "FGA": 1, "FG_PCT": 0.0, "FG3M": 0, "FG3A": 0, "FG3_PCT": 0.0, "FTM": 2, "FTA": 2, "FT_PCT": 1.0, "OREB": 1, "DREB": 2, "REB": 3, "AST": 0, "STL": 0, "BLK": 0, "TOV": 0, "PF": 0, "PTS": 2, "PLUS_MINUS": -3, "VIDEO_AVAILABLE": 1}, {"SEASON_ID": "22017", "Player_ID": 1627790, "Game_ID": "0021700298", "GAME_DATE": "NOV 28, 2017", "MATCHUP": "CLE vs. MIA", "WL": "W", "MIN": 2, "FGM": 0, "FGA": 1, "FG_PCT": 0.0, "FG3M": 0, "FG3A": 0, "FG3_PCT": 0.0, "FTM": 0, "FTA": 0, "FT_PCT": 0.0, "OREB": 0, "DREB": 0, "REB": 0, "AST": 0, "STL": 0, "BLK": 0, "TOV": 0, "PF": 0, "PTS": 0, "PLUS_MINUS": -4, "VIDEO_AVAILABLE": 1}, {"SEASON_ID": "22017", "Player_ID": 1627790, "Game_ID": "0021700291", "GAME_DATE": "NOV 27, 2017", "MATCHUP": "CLE @ PHI", "WL": "W", "MIN": 5, "FGM": 1, "FGA": 1, "FG_PCT": 1.0, "FG3M": 0, "FG3A": 0, "FG3_PCT": 0.0, "FTM": 0, "FTA": 0, "FT_PCT": 0.0, "OREB": 0, "DREB": 0, "REB": 0, "AST": 0, "STL": 0, "BLK": 0, "TOV": 1, "PF": 1, "PTS": 2, "PLUS_MINUS": -1, "VIDEO_AVAILABLE": 1}, {"SEASON_ID": "22017", "Player_ID": 1627790, "Game_ID": "0021700254", "GAME_DATE": "NOV 22, 2017", "MATCHUP": "CLE vs. BKN", "WL": "W", "MIN": 0, "FGM": 0, "FGA": 0, "FG_PCT": 0.0, "FG3M": 0, "FG3A": 0, "FG3_PCT": 0.0, "FTM": 0, "FTA": 0, "FT_PCT": 0.0, "OREB": 0, "DREB": 0, "REB": 0, "AST": 0, "STL": 0, "BLK": 0, "TOV": 0, "PF": 0, "PTS": 0, "PLUS_MINUS": 0, "VIDEO_AVAILABLE": 1}, {"SEASON_ID": "22017", "Player_ID": 1627790, "Game_ID": "0021700136", "GAME_DATE": "NOV 05, 2017", "MATCHUP": "CLE vs. ATL", "WL": "L", "MIN": 2, "FGM": 0, "FGA": 1, "FG_PCT": 0.0, "FG3M": 0, "FG3A": 0, "FG3_PCT": 0.0, "FTM": 0, "FTA": 0, "FT_PCT": 0.0, "OREB": 1, "DREB": 0, "REB": 1, "AST": 0, "STL": 0, "BLK": 0, "TOV": 0, "PF": 1, "PTS": 0, "PLUS_MINUS": -4, "VIDEO_AVAILABLE": 1}, {"SEASON_ID": "22017", "Player_ID": 1627790, "Game_ID": "0021700122", "GAME_DATE": "NOV 03, 2017", "MATCHUP": "CLE @ WAS", "WL": "W", "MIN": 7, "FGM": 1, "FGA": 1, "FG_PCT": 1.0, "FG3M": 0, "FG3A": 0, "FG3_PCT": 0.0, "FTM": 0, "FTA": 0, "FT_PCT": 0.0, "OREB": 0, "DREB": 0, "REB": 0, "AST": 0, "STL": 0, "BLK": 1, "TOV": 0, "PF": 1, "PTS": 2, "PLUS_MINUS": 3, "VIDEO_AVAILABLE": 1}, {"SEASON_ID": "22017", "Player_ID": 1627790, "Game_ID": "0021700106", "GAME_DATE": "NOV 01, 2017", "MATCHUP": "CLE vs. IND", "WL": "L", "MIN": 1, "FGM": 0, "FGA": 0, "FG_PCT": 0.0, "FG3M": 0, "FG3A": 0, "FG3_PCT": 0.0, "FTM": 0, "FTA": 0, "FT_PCT": 0.0, "OREB": 0, "DREB": 0, "REB": 0, "AST": 0, "STL": 0, "BLK": 0, "TOV": 0, "PF": 0, "PTS": 0, "PLUS_MINUS": -3, "VIDEO_AVAILABLE": 2}, {"SEASON_ID": "22017", "Player_ID": 1627790, "Game_ID": "0021700077", "GAME_DATE": "OCT 28, 2017", "MATCHUP": "CLE @ NOP", "WL": "L", "MIN": 6, "FGM": 0, "FGA": 2, "FG_PCT": 0.0, "FG3M": 0, "FG3A": 0, "FG3_PCT": 0.0, "FTM": 1, "FTA": 2, "FT_PCT": 0.5, "OREB": 0, "DREB": 2, "REB": 2, "AST": 0, "STL": 0, "BLK": 1, "TOV": 1, "PF": 1, "PTS": 1, "PLUS_MINUS": -6, "VIDEO_AVAILABLE": 1}, {"SEASON_ID": "22017", "Player_ID": 1627790, "Game_ID": "0021700028", "GAME_DATE": "OCT 21, 2017", "MATCHUP": "CLE vs. ORL", "WL": "L", "MIN": 7, "FGM": 1, "FGA": 1, "FG_PCT": 1.0, "FG3M": 0, "FG3A": 0, "FG3_PCT": 0.0, "FTM": 2, "FTA": 3, "FT_PCT": 0.667, "OREB": 2, "DREB": 2, "REB": 4, "AST": 0, "STL": 0, "BLK": 2, "TOV": 0, "PF": 0, "PTS": 4, "PLUS_MINUS": 13, "VIDEO_AVAILABLE": 1}]