{"firstName": "Ante", "lastName": "Zizic", "temporaryDisplayName": "Zizic, Ante", "personId": "1627790", "teamId": "1610612739", "jersey": "41", "isActive": true, "pos": "C", "heightFeet": "6", "heightInches": "11", "heightMeters": "2.11", "weightPounds": "254", "weightKilograms": "115.2", "dateOfBirthUTC": "1997-01-04", "teamSitesOnly": {"playerCode": "ante_zizic", "posFull": "Center", "displayAffiliation": "Croatia", "freeAgentCode": ""}, "teams": [{"teamId": "1610612739", "seasonStart": "2017", "seasonEnd": "2019"}], "draft": {"teamId": "1610612738", "pickNum": "23", "roundNum": "1", "seasonYear": "2016"}, "nbaDebutYear": "2017", "yearsPro": "2", "collegeName": " ", "lastAffiliation": "Croatia/Croatia", "country": "Croatia"}