{"firstName": "Troy", "lastName": "Daniels", "temporaryDisplayName": "Daniels, Troy", "personId": "203584", "teamId": "1610612747", "jersey": "30", "isActive": true, "pos": "F", "heightFeet": "6", "heightInches": "4", "heightMeters": "1.93", "weightPounds": "205", "weightKilograms": "93.0", "dateOfBirthUTC": "1991-07-15", "teamSitesOnly": {"playerCode": "troy_daniels", "posFull": "Forward", "displayAffiliation": "Virginia Commonwealth/USA", "freeAgentCode": ""}, "teams": [{"teamId": "1610612745", "seasonStart": "2013", "seasonEnd": "2014"}, {"teamId": "1610612750", "seasonStart": "2014", "seasonEnd": "2014"}, {"teamId": "1610612766", "seasonStart": "2014", "seasonEnd": "2015"}, {"teamId": "1610612763", "seasonStart": "2016", "seasonEnd": "2016"}, {"teamId": "1610612756", "seasonStart": "2017", "seasonEnd": "2018"}, {"teamId": "1610612747", "seasonStart": "2019", "seasonEnd": "2019"}], "draft": {"teamId": "", "pickNum": "", "roundNum": "", "seasonYear": ""}, "nbaDebutYear": "2013", "yearsPro": "6", "collegeName": "Va Commonwealth", "lastAffiliation": "Virginia Commonwealth/USA", "country": "USA"}