{"firstName": "D.J.", "lastName": "Wilson", "temporaryDisplayName": "Wilson, D.J.", "personId": "1628391", "teamId": "1610612749", "jersey": "5", "isActive": true, "pos": "F", "heightFeet": "6", "heightInches": "10", "heightMeters": "2.08", "weightPounds": "231", "weightKilograms": "104.8", "dateOfBirthUTC": "1996-02-19", "teamSitesOnly": {"playerCode": "d.j._wilson", "posFull": "Forward", "displayAffiliation": "Michigan/USA", "freeAgentCode": ""}, "teams": [{"teamId": "1610612749", "seasonStart": "2017", "seasonEnd": "2019"}], "draft": {"teamId": "1610612749", "pickNum": "17", "roundNum": "1", "seasonYear": "2017"}, "nbaDebutYear": "2017", "yearsPro": "2", "collegeName": "Michigan", "lastAffiliation": "Michigan/USA", "country": "USA"}