{"firstName": "Tristan", "lastName": "Thompson", "temporaryDisplayName": "Thompson, Tristan", "personId": "202684", "teamId": "1610612739", "jersey": "13", "isActive": true, "pos": "C-F", "heightFeet": "6", "heightInches": "10", "heightMeters": "2.08", "weightPounds": "238", "weightKilograms": "108.0", "dateOfBirthUTC": "1991-03-13", "teamSitesOnly": {"playerCode": "tristan_thompson", "posFull": "Center-Forward", "displayAffiliation": "Texas/Canada", "freeAgentCode": ""}, "teams": [{"teamId": "1610612739", "seasonStart": "2011", "seasonEnd": "2019"}], "draft": {"teamId": "1610612739", "pickNum": "4", "roundNum": "1", "seasonYear": "2011"}, "nbaDebutYear": "2011", "yearsPro": "8", "collegeName": "Texas", "lastAffiliation": "Texas/Canada", "country": "Canada"}