{"firstName": "Josh", "lastName": "Okogie", "temporaryDisplayName": "Okogie, Josh", "personId": "1629006", "teamId": "1610612750", "jersey": "20", "isActive": true, "pos": "G", "heightFeet": "6", "heightInches": "4", "heightMeters": "1.93", "weightPounds": "212", "weightKilograms": "96.2", "dateOfBirthUTC": "1998-09-01", "teamSitesOnly": {"playerCode": "josh_okogie", "posFull": "Guard", "displayAffiliation": "Georgia Tech/Nigeria", "freeAgentCode": ""}, "teams": [{"teamId": "1610612750", "seasonStart": "2018", "seasonEnd": "2019"}], "draft": {"teamId": "1610612750", "pickNum": "20", "roundNum": "1", "seasonYear": "2018"}, "nbaDebutYear": "2018", "yearsPro": "1", "collegeName": "Georgia Institute of Technology", "lastAffiliation": "Georgia Institute of Technology/Nigeria", "country": "Nigeria"}