{"firstName": "Josh", "lastName": "Reaves", "temporaryDisplayName": "Reaves, Josh", "personId": "1629729", "teamId": "1610612742", "jersey": "23", "isActive": true, "pos": "G", "heightFeet": "6", "heightInches": "5", "heightMeters": "1.96", "weightPounds": "214", "weightKilograms": "97.1", "dateOfBirthUTC": "1997-06-04", "teamSitesOnly": {"playerCode": "josh_reaves", "posFull": "Guard", "displayAffiliation": "Penn State/USA", "freeAgentCode": ""}, "teams": [{"teamId": "1610612742", "seasonStart": "2019", "seasonEnd": "2019"}], "draft": {"teamId": "", "pickNum": "", "roundNum": "", "seasonYear": ""}, "nbaDebutYear": "", "yearsPro": "0", "collegeName": "Penn State", "lastAffiliation": "Penn State/USA", "country": "USA"}