{"firstName": "Jarrett", "lastName": "Culver", "temporaryDisplayName": "Culver, Jarrett", "personId": "1629633", "teamId": "1610612750", "jersey": "23", "isActive": true, "pos": "G", "heightFeet": "6", "heightInches": "7", "heightMeters": "2.01", "weightPounds": "195", "weightKilograms": "88.5", "dateOfBirthUTC": "1999-02-20", "teamSitesOnly": {"playerCode": "jarrett_culver", "posFull": "Guard", "displayAffiliation": "Texas Tech", "freeAgentCode": ""}, "teams": [{"teamId": "1610612750", "seasonStart": "2019", "seasonEnd": "2019"}], "draft": {"teamId": "1610612756", "pickNum": "6", "roundNum": "1", "seasonYear": "2019"}, "nbaDebutYear": "", "yearsPro": "0", "collegeName": "Texas Tech", "lastAffiliation": "Texas Tech University/USA", "country": "USA"}