{"firstName": "J.P.", "lastName": "Macura", "temporaryDisplayName": "Macura, J.P.", "personId": "1629122", "teamId": "1610612739", "jersey": "55", "isActive": true, "pos": "G", "heightFeet": "6", "heightInches": "5", "heightMeters": "1.96", "weightPounds": "205", "weightKilograms": "93.0", "dateOfBirthUTC": "1995-06-05", "teamSitesOnly": {"playerCode": "jp_macura", "posFull": "Guard", "displayAffiliation": "Xavier/USA", "freeAgentCode": ""}, "teams": [{"teamId": "1610612766", "seasonStart": "2018", "seasonEnd": "2018"}, {"teamId": "1610612739", "seasonStart": "2019", "seasonEnd": "2019"}], "draft": {"teamId": "", "pickNum": "", "roundNum": "", "seasonYear": ""}, "nbaDebutYear": "2018", "yearsPro": "1", "collegeName": "Xavier", "lastAffiliation": "Xavier (Ohio)/USA", "country": "USA"}