{"firstName": "Kyle", "lastName": "Alexander", "temporaryDisplayName": "Alexander, Kyle", "personId": "1629734", "teamId": "1610612748", "jersey": "17", "isActive": true, "pos": "F", "heightFeet": "6", "heightInches": "10", "heightMeters": "2.08", "weightPounds": "225", "weightKilograms": "102.1", "dateOfBirthUTC": "1996-10-21", "teamSitesOnly": {"playerCode": "kyle_alexander", "posFull": "Forward", "displayAffiliation": "Tennessee/Canada", "freeAgentCode": ""}, "teams": [{"teamId": "1610612748", "seasonStart": "2019", "seasonEnd": "2019"}], "draft": {"teamId": "", "pickNum": "", "roundNum": "", "seasonYear": ""}, "nbaDebutYear": "", "yearsPro": "0", "collegeName": "Tennessee", "lastAffiliation": "Tennessee/Canada", "country": "Canada"}