{"firstName": "Donte", "lastName": "Grantham", "temporaryDisplayName": "Grantham, Donte", "personId": "1629055", "teamId": "1610612746", "jersey": "0", "isActive": true, "pos": "F", "heightFeet": "6", "heightInches": "8", "heightMeters": "2.03", "weightPounds": "215", "weightKilograms": "97.5", "dateOfBirthUTC": "1995-03-19", "teamSitesOnly": {"playerCode": "donte_grantham", "posFull": "Forward", "displayAffiliation": "Clemson/USA", "freeAgentCode": ""}, "teams": [{"teamId": "1610612760", "seasonStart": "2018", "seasonEnd": "2018"}, {"teamId": "1610612746", "seasonStart": "2019", "seasonEnd": "2019"}], "draft": {"teamId": "", "pickNum": "", "roundNum": "", "seasonYear": ""}, "nbaDebutYear": "2018", "yearsPro": "1", "collegeName": "Clemson", "lastAffiliation": "Clemson/USA", "country": "USA"}