{"firstName": "Kyle", "lastName": "Lowry", "temporaryDisplayName": "Lowry, Kyle", "personId": "200768", "teamId": "1610612761", "jersey": "7", "isActive": true, "pos": "G", "heightFeet": "6", "heightInches": "1", "heightMeters": "1.85", "weightPounds": "196", "weightKilograms": "88.9", "dateOfBirthUTC": "1986-03-25", "teamSitesOnly": {"playerCode": "kyle_lowry", "posFull": "Guard", "displayAffiliation": "Villanova/USA", "freeAgentCode": ""}, "teams": [{"teamId": "1610612763", "seasonStart": "2006", "seasonEnd": "2008"}, {"teamId": "1610612745", "seasonStart": "2008", "seasonEnd": "2011"}, {"teamId": "1610612761", "seasonStart": "2012", "seasonEnd": "2019"}], "draft": {"teamId": "1610612763", "pickNum": "24", "roundNum": "1", "seasonYear": "2006"}, "nbaDebutYear": "2006", "yearsPro": "13", "collegeName": "Villanova", "lastAffiliation": "Villanova/USA", "country": "USA"}