{"firstName": "Justin", "lastName": "James", "temporaryDisplayName": "James, Justin", "personId": "1629713", "teamId": "1610612758", "jersey": "10", "isActive": true, "pos": "G-F", "heightFeet": "6", "heightInches": "7", "heightMeters": "2.01", "weightPounds": "190", "weightKilograms": "86.2", "dateOfBirthUTC": "1997-01-24", "teamSitesOnly": {"playerCode": "justin_james", "posFull": "Guard-Forward", "displayAffiliation": "Wyoming", "freeAgentCode": ""}, "teams": [{"teamId": "1610612758", "seasonStart": "2019", "seasonEnd": "2019"}], "draft": {"teamId": "1610612758", "pickNum": "40", "roundNum": "2", "seasonYear": "2019"}, "nbaDebutYear": "", "yearsPro": "0", "collegeName": "Wyoming", "lastAffiliation": " USA/USA", "country": "USA"}