{"firstName": "Kyle", "lastName": "Anderson", "temporaryDisplayName": "Anderson, Kyle", "personId": "203937", "teamId": "1610612763", "jersey": "1", "isActive": true, "pos": "F", "heightFeet": "6", "heightInches": "9", "heightMeters": "2.06", "weightPounds": "230", "weightKilograms": "104.3", "dateOfBirthUTC": "1993-09-20", "teamSitesOnly": {"playerCode": "kyle_anderson", "posFull": "Forward", "displayAffiliation": "UCLA/USA", "freeAgentCode": ""}, "teams": [{"teamId": "1610612759", "seasonStart": "2014", "seasonEnd": "2017"}, {"teamId": "1610612763", "seasonStart": "2018", "seasonEnd": "2019"}], "draft": {"teamId": "1610612759", "pickNum": "30", "roundNum": "1", "seasonYear": "2014"}, "nbaDebutYear": "2014", "yearsPro": "5", "collegeName": "UCLA", "lastAffiliation": "UCLA/USA", "country": "USA"}