[{"SEASON_ID": "22018", "Player_ID": 1628470, "Game_ID": "0021801228", "GAME_DATE": "APR 10, 2019", "MATCHUP": "DEN vs. MIN", "WL": "W", "MIN": 13, "FGM": 1, "FGA": 1, "FG_PCT": 1.0, "FG3M": 1, "FG3A": 1, "FG3_PCT": 1.0, "FTM": 1, "FTA": 2, "FT_PCT": 0.5, "OREB": 1, "DREB": 0, "REB": 1, "AST": 1, "STL": 0, "BLK": 0, "TOV": 0, "PF": 2, "PTS": 4, "PLUS_MINUS": -10, "VIDEO_AVAILABLE": 1}, {"SEASON_ID": "22018", "Player_ID": 1628470, "Game_ID": "0021801217", "GAME_DATE": "APR 09, 2019", "MATCHUP": "DEN @ UTA", "WL": "L", "MIN": 21, "FGM": 1, "FGA": 2, "FG_PCT": 0.5, "FG3M": 1, "FG3A": 2, "FG3_PCT": 0.5, "FTM": 0, "FTA": 0, "FT_PCT": 0.0, "OREB": 0, "DREB": 2, "REB": 2, "AST": 2, "STL": 0, "BLK": 0, "TOV": 1, "PF": 5, "PTS": 3, "PLUS_MINUS": 12, "VIDEO_AVAILABLE": 1}, {"SEASON_ID": "22018", "Player_ID": 1628470, "Game_ID": "0021801206", "GAME_DATE": "APR 07, 2019", "MATCHUP": "DEN @ POR", "WL": "L", "MIN": 23, "FGM": 4, "FGA": 7, "FG_PCT": 0.571, "FG3M": 3, "FG3A": 4, "FG3_PCT": 0.75, "FTM": 2, "FTA": 2, "FT_PCT": 1.0, "OREB": 1, "DREB": 3, "REB": 4, "AST": 2, "STL": 0, "BLK": 1, "TOV": 0, "PF": 1, "PTS": 13, "PLUS_MINUS": -7, "VIDEO_AVAILABLE": 1}, {"SEASON_ID": "22018", "Player_ID": 1628470, "Game_ID": "0021801190", "GAME_DATE": "APR 05, 2019", "MATCHUP": "DEN vs. POR", "WL": "W", "MIN": 27, "FGM": 6, "FGA": 9, "FG_PCT": 0.667, "FG3M": 2, "FG3A": 5, "FG3_PCT": 0.4, "FTM": 4, "FTA": 4, "FT_PCT": 1.0, "OREB": 4, "DREB": 3, "REB": 7, "AST": 1, "STL": 0, "BLK": 0, "TOV": 0, "PF": 4, "PTS": 18, "PLUS_MINUS": 10, "VIDEO_AVAILABLE": 1}, {"SEASON_ID": "22018", "Player_ID": 1628470, "Game_ID": "0021801173", "GAME_DATE": "APR 03, 2019", "MATCHUP": "DEN vs. SAS", "WL": "W", "MIN": 22, "FGM": 0, "FGA": 1, "FG_PCT": 0.0, "FG3M": 0, "FG3A": 1, "FG3_PCT": 0.0, "FTM": 0, "FTA": 0, "FT_PCT": 0.0, "OREB": 1, "DREB": 6, "REB": 7, "AST": 2, "STL": 0, "BLK": 2, "TOV": 0, "PF": 3, "PTS": 0, "PLUS_MINUS": 15, "VIDEO_AVAILABLE": 1}, {"SEASON_ID": "22018", "Player_ID": 1628470, "Game_ID": "0021801164", "GAME_DATE": "APR 02, 2019", "MATCHUP": "DEN @ GSW", "WL": "L", "MIN": 18, "FGM": 2, "FGA": 5, "FG_PCT": 0.4, "FG3M": 0, "FG3A": 2, "FG3_PCT": 0.0, "FTM": 1, "FTA": 2, "FT_PCT": 0.5, "OREB": 1, "DREB": 1, "REB": 2, "AST": 2, "STL": 2, "BLK": 2, "TOV": 0, "PF": 3, "PTS": 5, "PLUS_MINUS": 6, "VIDEO_AVAILABLE": 1}, {"SEASON_ID": "22018", "Player_ID": 1628470, "Game_ID": "0021801148", "GAME_DATE": "MAR 31, 2019", "MATCHUP": "DEN vs. WAS", "WL": "L", "MIN": 14, "FGM": 0, "FGA": 0, "FG_PCT": 0.0, "FG3M": 0, "FG3A": 0, "FG3_PCT": 0.0, "FTM": 0, "FTA": 0, "FT_PCT": 0.0, "OREB": 0, "DREB": 2, "REB": 2, "AST": 0, "STL": 0, "BLK": 0, "TOV": 0, "PF": 1, "PTS": 0, "PLUS_MINUS": -3, "VIDEO_AVAILABLE": 1}, {"SEASON_ID": "22018", "Player_ID": 1628470, "Game_ID": "0021801133", "GAME_DATE": "MAR 29, 2019", "MATCHUP": "DEN @ OKC", "WL": "W", "MIN": 22, "FGM": 2, "FGA": 4, "FG_PCT": 0.5, "FG3M": 2, "FG3A": 3, "FG3_PCT": 0.667, "FTM": 0, "FTA": 0, "FT_PCT": 0.0, "OREB": 1, "DREB": 1, "REB": 2, "AST": 0, "STL": 0, "BLK": 1, "TOV": 0, "PF": 2, "PTS": 6, "PLUS_MINUS": 9, "VIDEO_AVAILABLE": 1}, {"SEASON_ID": "22018", "Player_ID": 1628470, "Game_ID": "0021801126", "GAME_DATE": "MAR 28, 2019", "MATCHUP": "DEN @ HOU", "WL": "L", "MIN": 4, "FGM": 0, "FGA": 2, "FG_PCT": 0.0, "FG3M": 0, "FG3A": 1, "FG3_PCT": 0.0, "FTM": 2, "FTA": 2, "FT_PCT": 1.0, "OREB": 0, "DREB": 0, "REB": 0, "AST": 0, "STL": 1, "BLK": 0, "TOV": 0, "PF": 1, "PTS": 2, "PLUS_MINUS": -12, "VIDEO_AVAILABLE": 1}, {"SEASON_ID": "22018", "Player_ID": 1628470, "Game_ID": "0021801115", "GAME_DATE": "MAR 26, 2019", "MATCHUP": "DEN vs. DET", "WL": "W", "MIN": 14, "FGM": 0, "FGA": 2, "FG_PCT": 0.0, "FG3M": 0, "FG3A": 2, "FG3_PCT": 0.0, "FTM": 0, "FTA": 0, "FT_PCT": 0.0, "OREB": 0, "DREB": 2, "REB": 2, "AST": 0, "STL": 0, "BLK": 0, "TOV": 0, "PF": 2, "PTS": 0, "PLUS_MINUS": 3, "VIDEO_AVAILABLE": 1}, {"SEASON_ID": "22018", "Player_ID": 1628470, "Game_ID": "0021801097", "GAME_DATE": "MAR 24, 2019", "MATCHUP": "DEN @ IND", "WL": "L", "MIN": 21, "FGM": 1, "FGA": 4, "FG_PCT": 0.25, "FG3M": 1, "FG3A": 3, "FG3_PCT": 0.333, "FTM": 2, "FTA": 2, "FT_PCT": 1.0, "OREB": 1, "DREB": 3, "REB": 4, "AST": 0, "STL": 0, "BLK": 1, "TOV": 1, "PF": 2, "PTS": 5, "PLUS_MINUS": -16, "VIDEO_AVAILABLE": 1}, {"SEASON_ID": "22018", "Player_ID": 1628470, "Game_ID": "0021801082", "GAME_DATE": "MAR 22, 2019", "MATCHUP": "DEN @ NYK", "WL": "W", "MIN": 12, "FGM": 2, "FGA": 4, "FG_PCT": 0.5, "FG3M": 2, "FG3A": 3, "FG3_PCT": 0.667, "FTM": 0, "FTA": 0, "FT_PCT": 0.0, "OREB": 0, "DREB": 2, "REB": 2, "AST": 1, "STL": 0, "BLK": 0, "TOV": 0, "PF": 1, "PTS": 6, "PLUS_MINUS": -4, "VIDEO_AVAILABLE": 1}, {"SEASON_ID": "22018", "Player_ID": 1628470, "Game_ID": "0021801075", "GAME_DATE": "MAR 21, 2019", "MATCHUP": "DEN @ WAS", "WL": "W", "MIN": 25, "FGM": 6, "FGA": 11, "FG_PCT": 0.545, "FG3M": 3, "FG3A": 6, "FG3_PCT": 0.5, "FTM": 0, "FTA": 0, "FT_PCT": 0.0, "OREB": 0, "DREB": 1, "REB": 1, "AST": 4, "STL": 1, "BLK": 1, "TOV": 0, "PF": 4, "PTS": 15, "PLUS_MINUS": 19, "VIDEO_AVAILABLE": 1}, {"SEASON_ID": "22018", "Player_ID": 1628470, "Game_ID": "0021801052", "GAME_DATE": "MAR 18, 2019", "MATCHUP": "DEN @ BOS", "WL": "W", "MIN": 21, "FGM": 5, "FGA": 7, "FG_PCT": 0.714, "FG3M": 1, "FG3A": 2, "FG3_PCT": 0.5, "FTM": 2, "FTA": 3, "FT_PCT": 0.667, "OREB": 1, "DREB": 7, "REB": 8, "AST": 2, "STL": 0, "BLK": 0, "TOV": 1, "PF": 5, "PTS": 13, "PLUS_MINUS": 12, "VIDEO_AVAILABLE": 1}, {"SEASON_ID": "22018", "Player_ID": 1628470, "Game_ID": "0021801040", "GAME_DATE": "MAR 16, 2019", "MATCHUP": "DEN vs. IND", "WL": "W", "MIN": 0, "FGM": 0, "FGA": 0, "FG_PCT": 0.0, "FG3M": 0, "FG3A": 0, "FG3_PCT": 0.0, "FTM": 0, "FTA": 0, "FT_PCT": 0.0, "OREB": 0, "DREB": 0, "REB": 0, "AST": 0, "STL": 0, "BLK": 0, "TOV": 0, "PF": 0, "PTS": 0, "PLUS_MINUS": 0, "VIDEO_AVAILABLE": 1}, {"SEASON_ID": "22018", "Player_ID": 1628470, "Game_ID": "0021801012", "GAME_DATE": "MAR 12, 2019", "MATCHUP": "DEN vs. MIN", "WL": "W", "MIN": 12, "FGM": 2, "FGA": 4, "FG_PCT": 0.5, "FG3M": 2, "FG3A": 3, "FG3_PCT": 0.667, "FTM": 0, "FTA": 0, "FT_PCT": 0.0, "OREB": 0, "DREB": 0, "REB": 0, "AST": 3, "STL": 0, "BLK": 1, "TOV": 0, "PF": 1, "PTS": 6, "PLUS_MINUS": -1, "VIDEO_AVAILABLE": 1}, {"SEASON_ID": "22018", "Player_ID": 1628470, "Game_ID": "0021800984", "GAME_DATE": "MAR 08, 2019", "MATCHUP": "DEN @ GSW", "WL": "L", "MIN": 26, "FGM": 4, "FGA": 9, "FG_PCT": 0.444, "FG3M": 1, "FG3A": 4, "FG3_PCT": 0.25, "FTM": 2, "FTA": 2, "FT_PCT": 1.0, "OREB": 4, "DREB": 6, "REB": 10, "AST": 1, "STL": 0, "BLK": 1, "TOV": 2, "PF": 2, "PTS": 11, "PLUS_MINUS": -1, "VIDEO_AVAILABLE": 1}, {"SEASON_ID": "22018", "Player_ID": 1628470, "Game_ID": "0021800974", "GAME_DATE": "MAR 06, 2019", "MATCHUP": "DEN @ LAL", "WL": "W", "MIN": 4, "FGM": 0, "FGA": 3, "FG_PCT": 0.0, "FG3M": 0, "FG3A": 2, "FG3_PCT": 0.0, "FTM": 0, "FTA": 0, "FT_PCT": 0.0, "OREB": 0, "DREB": 0, "REB": 0, "AST": 0, "STL": 1, "BLK": 0, "TOV": 0, "PF": 2, "PTS": 0, "PLUS_MINUS": -5, "VIDEO_AVAILABLE": 1}, {"SEASON_ID": "22018", "Player_ID": 1628470, "Game_ID": "0021800954", "GAME_DATE": "MAR 04, 2019", "MATCHUP": "DEN @ SAS", "WL": "L", "MIN": 13, "FGM": 2, "FGA": 4, "FG_PCT": 0.5, "FG3M": 1, "FG3A": 3, "FG3_PCT": 0.333, "FTM": 0, "FTA": 0, "FT_PCT": 0.0, "OREB": 1, "DREB": 1, "REB": 2, "AST": 0, "STL": 0, "BLK": 1, "TOV": 0, "PF": 1, "PTS": 5, "PLUS_MINUS": 6, "VIDEO_AVAILABLE": 1}, {"SEASON_ID": "22018", "Player_ID": 1628470, "Game_ID": "0021800941", "GAME_DATE": "MAR 02, 2019", "MATCHUP": "DEN vs. NOP", "WL": "L", "MIN": 2, "FGM": 0, "FGA": 0, "FG_PCT": 0.0, "FG3M": 0, "FG3A": 0, "FG3_PCT": 0.0, "FTM": 0, "FTA": 0, "FT_PCT": 0.0, "OREB": 0, "DREB": 0, "REB": 0, "AST": 0, "STL": 0, "BLK": 0, "TOV": 0, "PF": 0, "PTS": 0, "PLUS_MINUS": 3, "VIDEO_AVAILABLE": 1}, {"SEASON_ID": "22018", "Player_ID": 1628470, "Game_ID": "0021800926", "GAME_DATE": "FEB 28, 2019", "MATCHUP": "DEN vs. UTA", "WL": "L", "MIN": 2, "FGM": 0, "FGA": 1, "FG_PCT": 0.0, "FG3M": 0, "FG3A": 1, "FG3_PCT": 0.0, "FTM": 0, "FTA": 0, "FT_PCT": 0.0, "OREB": 0, "DREB": 0, "REB": 0, "AST": 0, "STL": 1, "BLK": 0, "TOV": 0, "PF": 0, "PTS": 0, "PLUS_MINUS": -3, "VIDEO_AVAILABLE": 1}, {"SEASON_ID": "22018", "Player_ID": 1628470, "Game_ID": "0021800910", "GAME_DATE": "FEB 26, 2019", "MATCHUP": "DEN vs. OKC", "WL": "W", "MIN": 12, "FGM": 0, "FGA": 3, "FG_PCT": 0.0, "FG3M": 0, "FG3A": 0, "FG3_PCT": 0.0, "FTM": 0, "FTA": 0, "FT_PCT": 0.0, "OREB": 0, "DREB": 3, "REB": 3, "AST": 2, "STL": 2, "BLK": 2, "TOV": 1, "PF": 5, "PTS": 0, "PLUS_MINUS": -4, "VIDEO_AVAILABLE": 1}, {"SEASON_ID": "22018", "Player_ID": 1628470, "Game_ID": "0021800895", "GAME_DATE": "FEB 24, 2019", "MATCHUP": "DEN vs. LAC", "WL": "W", "MIN": 8, "FGM": 2, "FGA": 3, "FG_PCT": 0.667, "FG3M": 0, "FG3A": 1, "FG3_PCT": 0.0, "FTM": 1, "FTA": 1, "FT_PCT": 1.0, "OREB": 0, "DREB": 1, "REB": 1, "AST": 0, "STL": 1, "BLK": 0, "TOV": 0, "PF": 1, "PTS": 5, "PLUS_MINUS": 2, "VIDEO_AVAILABLE": 1}, {"SEASON_ID": "22018", "Player_ID": 1628470, "Game_ID": "0021800860", "GAME_DATE": "FEB 13, 2019", "MATCHUP": "DEN vs. SAC", "WL": "W", "MIN": 13, "FGM": 1, "FGA": 4, "FG_PCT": 0.25, "FG3M": 0, "FG3A": 2, "FG3_PCT": 0.0, "FTM": 0, "FTA": 0, "FT_PCT": 0.0, "OREB": 0, "DREB": 2, "REB": 2, "AST": 0, "STL": 1, "BLK": 0, "TOV": 0, "PF": 2, "PTS": 2, "PLUS_MINUS": 2, "VIDEO_AVAILABLE": 1}, {"SEASON_ID": "22018", "Player_ID": 1628470, "Game_ID": "0021800847", "GAME_DATE": "FEB 11, 2019", "MATCHUP": "DEN vs. MIA", "WL": "W", "MIN": 21, "FGM": 1, "FGA": 3, "FG_PCT": 0.333, "FG3M": 0, "FG3A": 1, "FG3_PCT": 0.0, "FTM": 0, "FTA": 0, "FT_PCT": 0.0, "OREB": 2, "DREB": 1, "REB": 3, "AST": 0, "STL": 0, "BLK": 0, "TOV": 0, "PF": 0, "PTS": 2, "PLUS_MINUS": -4, "VIDEO_AVAILABLE": 1}, {"SEASON_ID": "22018", "Player_ID": 1628470, "Game_ID": "0021800818", "GAME_DATE": "FEB 08, 2019", "MATCHUP": "DEN @ PHI", "WL": "L", "MIN": 10, "FGM": 0, "FGA": 1, "FG_PCT": 0.0, "FG3M": 0, "FG3A": 1, "FG3_PCT": 0.0, "FTM": 0, "FTA": 0, "FT_PCT": 0.0, "OREB": 0, "DREB": 0, "REB": 0, "AST": 0, "STL": 0, "BLK": 0, "TOV": 0, "PF": 2, "PTS": 0, "PLUS_MINUS": -2, "VIDEO_AVAILABLE": 1}, {"SEASON_ID": "22018", "Player_ID": 1628470, "Game_ID": "0021800804", "GAME_DATE": "FEB 06, 2019", "MATCHUP": "DEN @ BKN", "WL": "L", "MIN": 23, "FGM": 3, "FGA": 5, "FG_PCT": 0.6, "FG3M": 3, "FG3A": 5, "FG3_PCT": 0.6, "FTM": 0, "FTA": 0, "FT_PCT": 0.0, "OREB": 1, "DREB": 1, "REB": 2, "AST": 1, "STL": 0, "BLK": 2, "TOV": 0, "PF": 2, "PTS": 9, "PLUS_MINUS": -6, "VIDEO_AVAILABLE": 1}, {"SEASON_ID": "22018", "Player_ID": 1628470, "Game_ID": "0021800790", "GAME_DATE": "FEB 04, 2019", "MATCHUP": "DEN @ DET", "WL": "L", "MIN": 21, "FGM": 0, "FGA": 4, "FG_PCT": 0.0, "FG3M": 0, "FG3A": 1, "FG3_PCT": 0.0, "FTM": 0, "FTA": 0, "FT_PCT": 0.0, "OREB": 0, "DREB": 0, "REB": 0, "AST": 0, "STL": 0, "BLK": 1, "TOV": 0, "PF": 4, "PTS": 0, "PLUS_MINUS": -9, "VIDEO_AVAILABLE": 1}, {"SEASON_ID": "22018", "Player_ID": 1628470, "Game_ID": "0021800783", "GAME_DATE": "FEB 02, 2019", "MATCHUP": "DEN @ MIN", "WL": "W", "MIN": 28, "FGM": 2, "FGA": 5, "FG_PCT": 0.4, "FG3M": 0, "FG3A": 2, "FG3_PCT": 0.0, "FTM": 0, "FTA": 0, "FT_PCT": 0.0, "OREB": 1, "DREB": 4, "REB": 5, "AST": 1, "STL": 0, "BLK": 2, "TOV": 0, "PF": 2, "PTS": 4, "PLUS_MINUS": -1, "VIDEO_AVAILABLE": 1}, {"SEASON_ID": "22018", "Player_ID": 1628470, "Game_ID": "0021800774", "GAME_DATE": "FEB 01, 2019", "MATCHUP": "DEN vs. HOU", "WL": "W", "MIN": 34, "FGM": 8, "FGA": 11, "FG_PCT": 0.727, "FG3M": 2, "FG3A": 4, "FG3_PCT": 0.5, "FTM": 4, "FTA": 4, "FT_PCT": 1.0, "OREB": 2, "DREB": 2, "REB": 4, "AST": 2, "STL": 1, "BLK": 1, "TOV": 0, "PF": 1, "PTS": 22, "PLUS_MINUS": 20, "VIDEO_AVAILABLE": 1}, {"SEASON_ID": "22018", "Player_ID": 1628470, "Game_ID": "0021800761", "GAME_DATE": "JAN 30, 2019", "MATCHUP": "DEN @ NOP", "WL": "W", "MIN": 8, "FGM": 0, "FGA": 1, "FG_PCT": 0.0, "FG3M": 0, "FG3A": 1, "FG3_PCT": 0.0, "FTM": 0, "FTA": 0, "FT_PCT": 0.0, "OREB": 0, "DREB": 1, "REB": 1, "AST": 1, "STL": 0, "BLK": 1, "TOV": 1, "PF": 1, "PTS": 0, "PLUS_MINUS": 0, "VIDEO_AVAILABLE": 1}, {"SEASON_ID": "22018", "Player_ID": 1628470, "Game_ID": "0021800747", "GAME_DATE": "JAN 28, 2019", "MATCHUP": "DEN @ MEM", "WL": "W", "MIN": 21, "FGM": 2, "FGA": 4, "FG_PCT": 0.5, "FG3M": 1, "FG3A": 2, "FG3_PCT": 0.5, "FTM": 0, "FTA": 0, "FT_PCT": 0.0, "OREB": 2, "DREB": 2, "REB": 4, "AST": 2, "STL": 3, "BLK": 1, "TOV": 0, "PF": 2, "PTS": 5, "PLUS_MINUS": -17, "VIDEO_AVAILABLE": 1}, {"SEASON_ID": "22018", "Player_ID": 1628470, "Game_ID": "0021800733", "GAME_DATE": "JAN 26, 2019", "MATCHUP": "DEN vs. PHI", "WL": "W", "MIN": 35, "FGM": 6, "FGA": 13, "FG_PCT": 0.462, "FG3M": 1, "FG3A": 6, "FG3_PCT": 0.167, "FTM": 2, "FTA": 2, "FT_PCT": 1.0, "OREB": 2, "DREB": 4, "REB": 6, "AST": 1, "STL": 1, "BLK": 0, "TOV": 3, "PF": 3, "PTS": 15, "PLUS_MINUS": 12, "VIDEO_AVAILABLE": 1}, {"SEASON_ID": "22018", "Player_ID": 1628470, "Game_ID": "0021800728", "GAME_DATE": "JAN 25, 2019", "MATCHUP": "DEN vs. PHX", "WL": "W", "MIN": 22, "FGM": 3, "FGA": 5, "FG_PCT": 0.6, "FG3M": 0, "FG3A": 1, "FG3_PCT": 0.0, "FTM": 2, "FTA": 4, "FT_PCT": 0.5, "OREB": 2, "DREB": 4, "REB": 6, "AST": 1, "STL": 1, "BLK": 0, "TOV": 0, "PF": 3, "PTS": 8, "PLUS_MINUS": 11, "VIDEO_AVAILABLE": 1}, {"SEASON_ID": "22018", "Player_ID": 1628470, "Game_ID": "0021800715", "GAME_DATE": "JAN 23, 2019", "MATCHUP": "DEN @ UTA", "WL": "L", "MIN": 38, "FGM": 3, "FGA": 8, "FG_PCT": 0.375, "FG3M": 0, "FG3A": 2, "FG3_PCT": 0.0, "FTM": 1, "FTA": 4, "FT_PCT": 0.25, "OREB": 3, "DREB": 5, "REB": 8, "AST": 2, "STL": 2, "BLK": 4, "TOV": 0, "PF": 3, "PTS": 7, "PLUS_MINUS": -13, "VIDEO_AVAILABLE": 1}, {"SEASON_ID": "22018", "Player_ID": 1628470, "Game_ID": "0021800687", "GAME_DATE": "JAN 19, 2019", "MATCHUP": "DEN vs. CLE", "WL": "W", "MIN": 27, "FGM": 2, "FGA": 5, "FG_PCT": 0.4, "FG3M": 1, "FG3A": 3, "FG3_PCT": 0.333, "FTM": 0, "FTA": 0, "FT_PCT": 0.0, "OREB": 0, "DREB": 2, "REB": 2, "AST": 0, "STL": 0, "BLK": 0, "TOV": 1, "PF": 4, "PTS": 5, "PLUS_MINUS": 16, "VIDEO_AVAILABLE": 1}, {"SEASON_ID": "22018", "Player_ID": 1628470, "Game_ID": "0021800669", "GAME_DATE": "JAN 17, 2019", "MATCHUP": "DEN vs. CHI", "WL": "W", "MIN": 23, "FGM": 4, "FGA": 7, "FG_PCT": 0.571, "FG3M": 4, "FG3A": 6, "FG3_PCT": 0.667, "FTM": 1, "FTA": 1, "FT_PCT": 1.0, "OREB": 0, "DREB": 5, "REB": 5, "AST": 0, "STL": 0, "BLK": 1, "TOV": 1, "PF": 2, "PTS": 13, "PLUS_MINUS": 23, "VIDEO_AVAILABLE": 1}, {"SEASON_ID": "22018", "Player_ID": 1628470, "Game_ID": "0021800655", "GAME_DATE": "JAN 15, 2019", "MATCHUP": "DEN vs. GSW", "WL": "L", "MIN": 23, "FGM": 2, "FGA": 3, "FG_PCT": 0.667, "FG3M": 0, "FG3A": 1, "FG3_PCT": 0.0, "FTM": 0, "FTA": 0, "FT_PCT": 0.0, "OREB": 1, "DREB": 1, "REB": 2, "AST": 0, "STL": 2, "BLK": 1, "TOV": 1, "PF": 0, "PTS": 4, "PLUS_MINUS": -13, "VIDEO_AVAILABLE": 1}, {"SEASON_ID": "22018", "Player_ID": 1628470, "Game_ID": "0021800643", "GAME_DATE": "JAN 13, 2019", "MATCHUP": "DEN vs. POR", "WL": "W", "MIN": 25, "FGM": 1, "FGA": 4, "FG_PCT": 0.25, "FG3M": 0, "FG3A": 2, "FG3_PCT": 0.0, "FTM": 1, "FTA": 1, "FT_PCT": 1.0, "OREB": 0, "DREB": 4, "REB": 4, "AST": 2, "STL": 0, "BLK": 0, "TOV": 1, "PF": 3, "PTS": 3, "PLUS_MINUS": 9, "VIDEO_AVAILABLE": 1}, {"SEASON_ID": "22018", "Player_ID": 1628470, "Game_ID": "0021800635", "GAME_DATE": "JAN 12, 2019", "MATCHUP": "DEN @ PHX", "WL": "L", "MIN": 24, "FGM": 1, "FGA": 3, "FG_PCT": 0.333, "FG3M": 0, "FG3A": 2, "FG3_PCT": 0.0, "FTM": 0, "FTA": 0, "FT_PCT": 0.0, "OREB": 1, "DREB": 4, "REB": 5, "AST": 2, "STL": 1, "BLK": 1, "TOV": 3, "PF": 5, "PTS": 2, "PLUS_MINUS": -3, "VIDEO_AVAILABLE": 1}, {"SEASON_ID": "22018", "Player_ID": 1628470, "Game_ID": "0021800618", "GAME_DATE": "JAN 10, 2019", "MATCHUP": "DEN vs. LAC", "WL": "W", "MIN": 30, "FGM": 6, "FGA": 8, "FG_PCT": 0.75, "FG3M": 2, "FG3A": 2, "FG3_PCT": 1.0, "FTM": 0, "FTA": 0, "FT_PCT": 0.0, "OREB": 0, "DREB": 4, "REB": 4, "AST": 0, "STL": 3, "BLK": 1, "TOV": 1, "PF": 3, "PTS": 14, "PLUS_MINUS": 25, "VIDEO_AVAILABLE": 1}, {"SEASON_ID": "22018", "Player_ID": 1628470, "Game_ID": "0021800601", "GAME_DATE": "JAN 08, 2019", "MATCHUP": "DEN @ MIA", "WL": "W", "MIN": 39, "FGM": 4, "FGA": 9, "FG_PCT": 0.444, "FG3M": 3, "FG3A": 7, "FG3_PCT": 0.429, "FTM": 0, "FTA": 0, "FT_PCT": 0.0, "OREB": 6, "DREB": 10, "REB": 16, "AST": 4, "STL": 0, "BLK": 0, "TOV": 1, "PF": 2, "PTS": 11, "PLUS_MINUS": 3, "VIDEO_AVAILABLE": 1}, {"SEASON_ID": "22018", "Player_ID": 1628470, "Game_ID": "0021800593", "GAME_DATE": "JAN 07, 2019", "MATCHUP": "DEN @ HOU", "WL": "L", "MIN": 26, "FGM": 1, "FGA": 6, "FG_PCT": 0.167, "FG3M": 0, "FG3A": 3, "FG3_PCT": 0.0, "FTM": 3, "FTA": 4, "FT_PCT": 0.75, "OREB": 5, "DREB": 1, "REB": 6, "AST": 0, "STL": 0, "BLK": 0, "TOV": 0, "PF": 2, "PTS": 5, "PLUS_MINUS": -17, "VIDEO_AVAILABLE": 1}, {"SEASON_ID": "22018", "Player_ID": 1628470, "Game_ID": "0021800576", "GAME_DATE": "JAN 05, 2019", "MATCHUP": "DEN vs. CHA", "WL": "W", "MIN": 29, "FGM": 4, "FGA": 7, "FG_PCT": 0.571, "FG3M": 2, "FG3A": 4, "FG3_PCT": 0.5, "FTM": 2, "FTA": 4, "FT_PCT": 0.5, "OREB": 1, "DREB": 2, "REB": 3, "AST": 1, "STL": 0, "BLK": 1, "TOV": 0, "PF": 4, "PTS": 12, "PLUS_MINUS": 10, "VIDEO_AVAILABLE": 1}, {"SEASON_ID": "22018", "Player_ID": 1628470, "Game_ID": "0021800564", "GAME_DATE": "JAN 03, 2019", "MATCHUP": "DEN @ SAC", "WL": "W", "MIN": 28, "FGM": 1, "FGA": 5, "FG_PCT": 0.2, "FG3M": 0, "FG3A": 3, "FG3_PCT": 0.0, "FTM": 0, "FTA": 0, "FT_PCT": 0.0, "OREB": 3, "DREB": 1, "REB": 4, "AST": 4, "STL": 0, "BLK": 0, "TOV": 1, "PF": 2, "PTS": 2, "PLUS_MINUS": 7, "VIDEO_AVAILABLE": 1}, {"SEASON_ID": "22018", "Player_ID": 1628470, "Game_ID": "0021800551", "GAME_DATE": "JAN 01, 2019", "MATCHUP": "DEN vs. NYK", "WL": "W", "MIN": 25, "FGM": 5, "FGA": 10, "FG_PCT": 0.5, "FG3M": 2, "FG3A": 5, "FG3_PCT": 0.4, "FTM": 1, "FTA": 2, "FT_PCT": 0.5, "OREB": 2, "DREB": 2, "REB": 4, "AST": 1, "STL": 0, "BLK": 1, "TOV": 0, "PF": 0, "PTS": 13, "PLUS_MINUS": 3, "VIDEO_AVAILABLE": 1}, {"SEASON_ID": "22018", "Player_ID": 1628470, "Game_ID": "0021800533", "GAME_DATE": "DEC 29, 2018", "MATCHUP": "DEN @ PHX", "WL": "W", "MIN": 26, "FGM": 2, "FGA": 5, "FG_PCT": 0.4, "FG3M": 1, "FG3A": 4, "FG3_PCT": 0.25, "FTM": 3, "FTA": 4, "FT_PCT": 0.75, "OREB": 1, "DREB": 2, "REB": 3, "AST": 2, "STL": 1, "BLK": 0, "TOV": 1, "PF": 6, "PTS": 8, "PLUS_MINUS": 22, "VIDEO_AVAILABLE": 1}, {"SEASON_ID": "22018", "Player_ID": 1628470, "Game_ID": "0021800524", "GAME_DATE": "DEC 28, 2018", "MATCHUP": "DEN vs. SAS", "WL": "W", "MIN": 30, "FGM": 4, "FGA": 8, "FG_PCT": 0.5, "FG3M": 2, "FG3A": 6, "FG3_PCT": 0.333, "FTM": 0, "FTA": 0, "FT_PCT": 0.0, "OREB": 0, "DREB": 6, "REB": 6, "AST": 1, "STL": 1, "BLK": 1, "TOV": 3, "PF": 6, "PTS": 10, "PLUS_MINUS": -11, "VIDEO_AVAILABLE": 1}, {"SEASON_ID": "22018", "Player_ID": 1628470, "Game_ID": "0021800510", "GAME_DATE": "DEC 26, 2018", "MATCHUP": "DEN @ SAS", "WL": "L", "MIN": 34, "FGM": 3, "FGA": 6, "FG_PCT": 0.5, "FG3M": 2, "FG3A": 3, "FG3_PCT": 0.667, "FTM": 2, "FTA": 4, "FT_PCT": 0.5, "OREB": 3, "DREB": 5, "REB": 8, "AST": 2, "STL": 0, "BLK": 2, "TOV": 0, "PF": 3, "PTS": 10, "PLUS_MINUS": -4, "VIDEO_AVAILABLE": 1}, {"SEASON_ID": "22018", "Player_ID": 1628470, "Game_ID": "0021800479", "GAME_DATE": "DEC 22, 2018", "MATCHUP": "DEN @ LAC", "WL": "L", "MIN": 26, "FGM": 2, "FGA": 5, "FG_PCT": 0.4, "FG3M": 0, "FG3A": 1, "FG3_PCT": 0.0, "FTM": 2, "FTA": 2, "FT_PCT": 1.0, "OREB": 3, "DREB": 2, "REB": 5, "AST": 0, "STL": 0, "BLK": 1, "TOV": 0, "PF": 0, "PTS": 6, "PLUS_MINUS": -11, "VIDEO_AVAILABLE": 1}, {"SEASON_ID": "22018", "Player_ID": 1628470, "Game_ID": "0021800454", "GAME_DATE": "DEC 18, 2018", "MATCHUP": "DEN vs. DAL", "WL": "W", "MIN": 20, "FGM": 2, "FGA": 5, "FG_PCT": 0.4, "FG3M": 1, "FG3A": 3, "FG3_PCT": 0.333, "FTM": 0, "FTA": 0, "FT_PCT": 0.0, "OREB": 0, "DREB": 1, "REB": 1, "AST": 1, "STL": 0, "BLK": 0, "TOV": 2, "PF": 5, "PTS": 5, "PLUS_MINUS": -5, "VIDEO_AVAILABLE": 1}, {"SEASON_ID": "22018", "Player_ID": 1628470, "Game_ID": "0021800442", "GAME_DATE": "DEC 16, 2018", "MATCHUP": "DEN vs. TOR", "WL": "W", "MIN": 39, "FGM": 5, "FGA": 14, "FG_PCT": 0.357, "FG3M": 3, "FG3A": 8, "FG3_PCT": 0.375, "FTM": 0, "FTA": 0, "FT_PCT": 0.0, "OREB": 0, "DREB": 3, "REB": 3, "AST": 1, "STL": 0, "BLK": 1, "TOV": 1, "PF": 5, "PTS": 13, "PLUS_MINUS": -6, "VIDEO_AVAILABLE": 1}, {"SEASON_ID": "22018", "Player_ID": 1628470, "Game_ID": "0021800426", "GAME_DATE": "DEC 14, 2018", "MATCHUP": "DEN vs. OKC", "WL": "W", "MIN": 35, "FGM": 6, "FGA": 7, "FG_PCT": 0.857, "FG3M": 3, "FG3A": 4, "FG3_PCT": 0.75, "FTM": 0, "FTA": 0, "FT_PCT": 0.0, "OREB": 2, "DREB": 3, "REB": 5, "AST": 3, "STL": 0, "BLK": 1, "TOV": 1, "PF": 2, "PTS": 15, "PLUS_MINUS": 9, "VIDEO_AVAILABLE": 1}, {"SEASON_ID": "22018", "Player_ID": 1628470, "Game_ID": "0021800398", "GAME_DATE": "DEC 10, 2018", "MATCHUP": "DEN vs. MEM", "WL": "W", "MIN": 25, "FGM": 3, "FGA": 9, "FG_PCT": 0.333, "FG3M": 1, "FG3A": 5, "FG3_PCT": 0.2, "FTM": 0, "FTA": 0, "FT_PCT": 0.0, "OREB": 0, "DREB": 0, "REB": 0, "AST": 1, "STL": 1, "BLK": 0, "TOV": 0, "PF": 3, "PTS": 7, "PLUS_MINUS": -5, "VIDEO_AVAILABLE": 1}, {"SEASON_ID": "22018", "Player_ID": 1628470, "Game_ID": "0021800380", "GAME_DATE": "DEC 08, 2018", "MATCHUP": "DEN @ ATL", "WL": "L", "MIN": 32, "FGM": 4, "FGA": 11, "FG_PCT": 0.364, "FG3M": 0, "FG3A": 3, "FG3_PCT": 0.0, "FTM": 1, "FTA": 3, "FT_PCT": 0.333, "OREB": 0, "DREB": 5, "REB": 5, "AST": 3, "STL": 0, "BLK": 2, "TOV": 3, "PF": 4, "PTS": 9, "PLUS_MINUS": -2, "VIDEO_AVAILABLE": 1}, {"SEASON_ID": "22018", "Player_ID": 1628470, "Game_ID": "0021800368", "GAME_DATE": "DEC 07, 2018", "MATCHUP": "DEN @ CHA", "WL": "L", "MIN": 19, "FGM": 0, "FGA": 5, "FG_PCT": 0.0, "FG3M": 0, "FG3A": 2, "FG3_PCT": 0.0, "FTM": 0, "FTA": 0, "FT_PCT": 0.0, "OREB": 2, "DREB": 2, "REB": 4, "AST": 0, "STL": 0, "BLK": 0, "TOV": 0, "PF": 6, "PTS": 0, "PLUS_MINUS": -7, "VIDEO_AVAILABLE": 1}, {"SEASON_ID": "22018", "Player_ID": 1628470, "Game_ID": "0021800356", "GAME_DATE": "DEC 05, 2018", "MATCHUP": "DEN @ ORL", "WL": "W", "MIN": 25, "FGM": 2, "FGA": 2, "FG_PCT": 1.0, "FG3M": 0, "FG3A": 0, "FG3_PCT": 0.0, "FTM": 1, "FTA": 2, "FT_PCT": 0.5, "OREB": 1, "DREB": 3, "REB": 4, "AST": 1, "STL": 2, "BLK": 0, "TOV": 1, "PF": 1, "PTS": 5, "PLUS_MINUS": 0, "VIDEO_AVAILABLE": 1}, {"SEASON_ID": "22018", "Player_ID": 1628470, "Game_ID": "0021800347", "GAME_DATE": "DEC 03, 2018", "MATCHUP": "DEN @ TOR", "WL": "W", "MIN": 17, "FGM": 3, "FGA": 4, "FG_PCT": 0.75, "FG3M": 2, "FG3A": 3, "FG3_PCT": 0.667, "FTM": 0, "FTA": 0, "FT_PCT": 0.0, "OREB": 3, "DREB": 1, "REB": 4, "AST": 1, "STL": 1, "BLK": 0, "TOV": 1, "PF": 2, "PTS": 8, "PLUS_MINUS": 4, "VIDEO_AVAILABLE": 1}, {"SEASON_ID": "22018", "Player_ID": 1628470, "Game_ID": "0021800329", "GAME_DATE": "NOV 30, 2018", "MATCHUP": "DEN @ POR", "WL": "W", "MIN": 1, "FGM": 0, "FGA": 1, "FG_PCT": 0.0, "FG3M": 0, "FG3A": 1, "FG3_PCT": 0.0, "FTM": 0, "FTA": 0, "FT_PCT": 0.0, "OREB": 0, "DREB": 0, "REB": 0, "AST": 0, "STL": 0, "BLK": 0, "TOV": 0, "PF": 0, "PTS": 0, "PLUS_MINUS": -2, "VIDEO_AVAILABLE": 1}, {"SEASON_ID": "22018", "Player_ID": 1628470, "Game_ID": "0021800304", "GAME_DATE": "NOV 27, 2018", "MATCHUP": "DEN vs. LAL", "WL": "W", "MIN": 20, "FGM": 0, "FGA": 2, "FG_PCT": 0.0, "FG3M": 0, "FG3A": 1, "FG3_PCT": 0.0, "FTM": 2, "FTA": 2, "FT_PCT": 1.0, "OREB": 2, "DREB": 6, "REB": 8, "AST": 1, "STL": 0, "BLK": 0, "TOV": 0, "PF": 3, "PTS": 2, "PLUS_MINUS": 19, "VIDEO_AVAILABLE": 1}, {"SEASON_ID": "22018", "Player_ID": 1628470, "Game_ID": "0021800282", "GAME_DATE": "NOV 24, 2018", "MATCHUP": "DEN @ OKC", "WL": "W", "MIN": 36, "FGM": 4, "FGA": 8, "FG_PCT": 0.5, "FG3M": 0, "FG3A": 2, "FG3_PCT": 0.0, "FTM": 0, "FTA": 1, "FT_PCT": 0.0, "OREB": 6, "DREB": 4, "REB": 10, "AST": 1, "STL": 1, "BLK": 2, "TOV": 2, "PF": 2, "PTS": 8, "PLUS_MINUS": -2, "VIDEO_AVAILABLE": 1}, {"SEASON_ID": "22018", "Player_ID": 1628470, "Game_ID": "0021800276", "GAME_DATE": "NOV 23, 2018", "MATCHUP": "DEN vs. ORL", "WL": "W", "MIN": 5, "FGM": 0, "FGA": 4, "FG_PCT": 0.0, "FG3M": 0, "FG3A": 1, "FG3_PCT": 0.0, "FTM": 0, "FTA": 0, "FT_PCT": 0.0, "OREB": 1, "DREB": 3, "REB": 4, "AST": 0, "STL": 0, "BLK": 0, "TOV": 0, "PF": 1, "PTS": 0, "PLUS_MINUS": -3, "VIDEO_AVAILABLE": 1}, {"SEASON_ID": "22018", "Player_ID": 1628470, "Game_ID": "0021800214", "GAME_DATE": "NOV 15, 2018", "MATCHUP": "DEN vs. ATL", "WL": "W", "MIN": 4, "FGM": 0, "FGA": 0, "FG_PCT": 0.0, "FG3M": 0, "FG3A": 0, "FG3_PCT": 0.0, "FTM": 0, "FTA": 0, "FT_PCT": 0.0, "OREB": 0, "DREB": 1, "REB": 1, "AST": 0, "STL": 0, "BLK": 0, "TOV": 0, "PF": 2, "PTS": 0, "PLUS_MINUS": -4, "VIDEO_AVAILABLE": 1}, {"SEASON_ID": "22018", "Player_ID": 1628470, "Game_ID": "0021800200", "GAME_DATE": "NOV 13, 2018", "MATCHUP": "DEN vs. HOU", "WL": "L", "MIN": 7, "FGM": 2, "FGA": 2, "FG_PCT": 1.0, "FG3M": 1, "FG3A": 1, "FG3_PCT": 1.0, "FTM": 0, "FTA": 0, "FT_PCT": 0.0, "OREB": 0, "DREB": 1, "REB": 1, "AST": 0, "STL": 0, "BLK": 1, "TOV": 2, "PF": 1, "PTS": 5, "PLUS_MINUS": 2, "VIDEO_AVAILABLE": 1}, {"SEASON_ID": "22018", "Player_ID": 1628470, "Game_ID": "0021800171", "GAME_DATE": "NOV 09, 2018", "MATCHUP": "DEN vs. BKN", "WL": "L", "MIN": 9, "FGM": 1, "FGA": 5, "FG_PCT": 0.2, "FG3M": 1, "FG3A": 4, "FG3_PCT": 0.25, "FTM": 0, "FTA": 0, "FT_PCT": 0.0, "OREB": 0, "DREB": 1, "REB": 1, "AST": 1, "STL": 0, "BLK": 0, "TOV": 0, "PF": 2, "PTS": 3, "PLUS_MINUS": -11, "VIDEO_AVAILABLE": 1}, {"SEASON_ID": "22018", "Player_ID": 1628470, "Game_ID": "0021800158", "GAME_DATE": "NOV 07, 2018", "MATCHUP": "DEN @ MEM", "WL": "L", "MIN": 20, "FGM": 2, "FGA": 5, "FG_PCT": 0.4, "FG3M": 0, "FG3A": 2, "FG3_PCT": 0.0, "FTM": 1, "FTA": 2, "FT_PCT": 0.5, "OREB": 2, "DREB": 1, "REB": 3, "AST": 0, "STL": 0, "BLK": 1, "TOV": 0, "PF": 2, "PTS": 5, "PLUS_MINUS": -4, "VIDEO_AVAILABLE": 1}, {"SEASON_ID": "22018", "Player_ID": 1628470, "Game_ID": "0021800145", "GAME_DATE": "NOV 05, 2018", "MATCHUP": "DEN vs. BOS", "WL": "W", "MIN": 3, "FGM": 0, "FGA": 1, "FG_PCT": 0.0, "FG3M": 0, "FG3A": 0, "FG3_PCT": 0.0, "FTM": 0, "FTA": 0, "FT_PCT": 0.0, "OREB": 0, "DREB": 0, "REB": 0, "AST": 0, "STL": 0, "BLK": 0, "TOV": 0, "PF": 0, "PTS": 0, "PLUS_MINUS": -8, "VIDEO_AVAILABLE": 1}, {"SEASON_ID": "22018", "Player_ID": 1628470, "Game_ID": "0021800131", "GAME_DATE": "NOV 03, 2018", "MATCHUP": "DEN vs. UTA", "WL": "W", "MIN": 21, "FGM": 2, "FGA": 5, "FG_PCT": 0.4, "FG3M": 0, "FG3A": 2, "FG3_PCT": 0.0, "FTM": 0, "FTA": 0, "FT_PCT": 0.0, "OREB": 1, "DREB": 5, "REB": 6, "AST": 0, "STL": 2, "BLK": 0, "TOV": 1, "PF": 1, "PTS": 4, "PLUS_MINUS": -6, "VIDEO_AVAILABLE": 1}, {"SEASON_ID": "22018", "Player_ID": 1628470, "Game_ID": "0021800112", "GAME_DATE": "NOV 01, 2018", "MATCHUP": "DEN @ CLE", "WL": "W", "MIN": 18, "FGM": 3, "FGA": 5, "FG_PCT": 0.6, "FG3M": 1, "FG3A": 2, "FG3_PCT": 0.5, "FTM": 0, "FTA": 0, "FT_PCT": 0.0, "OREB": 4, "DREB": 2, "REB": 6, "AST": 1, "STL": 0, "BLK": 0, "TOV": 1, "PF": 2, "PTS": 7, "PLUS_MINUS": 1, "VIDEO_AVAILABLE": 1}, {"SEASON_ID": "22018", "Player_ID": 1628470, "Game_ID": "0021800106", "GAME_DATE": "OCT 31, 2018", "MATCHUP": "DEN @ CHI", "WL": "W", "MIN": 22, "FGM": 2, "FGA": 4, "FG_PCT": 0.5, "FG3M": 0, "FG3A": 1, "FG3_PCT": 0.0, "FTM": 3, "FTA": 4, "FT_PCT": 0.75, "OREB": 3, "DREB": 1, "REB": 4, "AST": 0, "STL": 1, "BLK": 0, "TOV": 0, "PF": 1, "PTS": 7, "PLUS_MINUS": -1, "VIDEO_AVAILABLE": 1}, {"SEASON_ID": "22018", "Player_ID": 1628470, "Game_ID": "0021800095", "GAME_DATE": "OCT 29, 2018", "MATCHUP": "DEN vs. NOP", "WL": "W", "MIN": 9, "FGM": 1, "FGA": 4, "FG_PCT": 0.25, "FG3M": 0, "FG3A": 3, "FG3_PCT": 0.0, "FTM": 0, "FTA": 0, "FT_PCT": 0.0, "OREB": 0, "DREB": 1, "REB": 1, "AST": 0, "STL": 0, "BLK": 0, "TOV": 0, "PF": 0, "PTS": 2, "PLUS_MINUS": -11, "VIDEO_AVAILABLE": 1}, {"SEASON_ID": "22018", "Player_ID": 1628470, "Game_ID": "0021800066", "GAME_DATE": "OCT 25, 2018", "MATCHUP": "DEN @ LAL", "WL": "L", "MIN": 26, "FGM": 1, "FGA": 5, "FG_PCT": 0.2, "FG3M": 0, "FG3A": 2, "FG3_PCT": 0.0, "FTM": 0, "FTA": 0, "FT_PCT": 0.0, "OREB": 1, "DREB": 2, "REB": 3, "AST": 0, "STL": 1, "BLK": 1, "TOV": 3, "PF": 4, "PTS": 2, "PLUS_MINUS": -5, "VIDEO_AVAILABLE": 1}, {"SEASON_ID": "22018", "Player_ID": 1628470, "Game_ID": "0021800051", "GAME_DATE": "OCT 23, 2018", "MATCHUP": "DEN vs. SAC", "WL": "W", "MIN": 23, "FGM": 3, "FGA": 5, "FG_PCT": 0.6, "FG3M": 1, "FG3A": 3, "FG3_PCT": 0.333, "FTM": 0, "FTA": 0, "FT_PCT": 0.0, "OREB": 0, "DREB": 1, "REB": 1, "AST": 1, "STL": 1, "BLK": 0, "TOV": 1, "PF": 1, "PTS": 7, "PLUS_MINUS": 13, "VIDEO_AVAILABLE": 1}, {"SEASON_ID": "22018", "Player_ID": 1628470, "Game_ID": "0021800038", "GAME_DATE": "OCT 21, 2018", "MATCHUP": "DEN vs. GSW", "WL": "W", "MIN": 27, "FGM": 2, "FGA": 5, "FG_PCT": 0.4, "FG3M": 1, "FG3A": 4, "FG3_PCT": 0.25, "FTM": 0, "FTA": 0, "FT_PCT": 0.0, "OREB": 4, "DREB": 5, "REB": 9, "AST": 2, "STL": 1, "BLK": 1, "TOV": 0, "PF": 4, "PTS": 5, "PLUS_MINUS": -5, "VIDEO_AVAILABLE": 1}, {"SEASON_ID": "22018", "Player_ID": 1628470, "Game_ID": "0021800033", "GAME_DATE": "OCT 20, 2018", "MATCHUP": "DEN vs. PHX", "WL": "W", "MIN": 15, "FGM": 1, "FGA": 3, "FG_PCT": 0.333, "FG3M": 0, "FG3A": 2, "FG3_PCT": 0.0, "FTM": 0, "FTA": 0, "FT_PCT": 0.0, "OREB": 0, "DREB": 1, "REB": 1, "AST": 1, "STL": 0, "BLK": 1, "TOV": 1, "PF": 6, "PTS": 2, "PLUS_MINUS": 22, "VIDEO_AVAILABLE": 1}, {"SEASON_ID": "22017", "Player_ID": 1628470, "Game_ID": "0021701225", "GAME_DATE": "APR 11, 2018", "MATCHUP": "DEN @ MIN", "WL": "L", "MIN": 5, "FGM": 0, "FGA": 0, "FG_PCT": 0.0, "FG3M": 0, "FG3A": 0, "FG3_PCT": 0.0, "FTM": 0, "FTA": 0, "FT_PCT": 0.0, "OREB": 0, "DREB": 0, "REB": 0, "AST": 0, "STL": 0, "BLK": 0, "TOV": 0, "PF": 0, "PTS": 0, "PLUS_MINUS": 0, "VIDEO_AVAILABLE": 1}, {"SEASON_ID": "22017", "Player_ID": 1628470, "Game_ID": "0021701211", "GAME_DATE": "APR 09, 2018", "MATCHUP": "DEN vs. POR", "WL": "W", "MIN": 6, "FGM": 0, "FGA": 0, "FG_PCT": 0.0, "FG3M": 0, "FG3A": 0, "FG3_PCT": 0.0, "FTM": 0, "FTA": 0, "FT_PCT": 0.0, "OREB": 0, "DREB": 1, "REB": 1, "AST": 0, "STL": 0, "BLK": 0, "TOV": 0, "PF": 1, "PTS": 0, "PLUS_MINUS": -5, "VIDEO_AVAILABLE": 2}, {"SEASON_ID": "22017", "Player_ID": 1628470, "Game_ID": "0021701191", "GAME_DATE": "APR 07, 2018", "MATCHUP": "DEN @ LAC", "WL": "W", "MIN": 15, "FGM": 0, "FGA": 2, "FG_PCT": 0.0, "FG3M": 0, "FG3A": 2, "FG3_PCT": 0.0, "FTM": 0, "FTA": 0, "FT_PCT": 0.0, "OREB": 1, "DREB": 1, "REB": 2, "AST": 1, "STL": 1, "BLK": 3, "TOV": 1, "PF": 3, "PTS": 0, "PLUS_MINUS": 0, "VIDEO_AVAILABLE": 1}, {"SEASON_ID": "22017", "Player_ID": 1628470, "Game_ID": "0021701180", "GAME_DATE": "APR 05, 2018", "MATCHUP": "DEN vs. MIN", "WL": "W", "MIN": 16, "FGM": 0, "FGA": 2, "FG_PCT": 0.0, "FG3M": 0, "FG3A": 2, "FG3_PCT": 0.0, "FTM": 0, "FTA": 0, "FT_PCT": 0.0, "OREB": 0, "DREB": 3, "REB": 3, "AST": 1, "STL": 1, "BLK": 1, "TOV": 0, "PF": 0, "PTS": 0, "PLUS_MINUS": 2, "VIDEO_AVAILABLE": 1}, {"SEASON_ID": "22017", "Player_ID": 1628470, "Game_ID": "0021701165", "GAME_DATE": "APR 03, 2018", "MATCHUP": "DEN vs. IND", "WL": "W", "MIN": 18, "FGM": 1, "FGA": 4, "FG_PCT": 0.25, "FG3M": 0, "FG3A": 2, "FG3_PCT": 0.0, "FTM": 0, "FTA": 0, "FT_PCT": 0.0, "OREB": 2, "DREB": 2, "REB": 4, "AST": 1, "STL": 1, "BLK": 1, "TOV": 3, "PF": 4, "PTS": 2, "PLUS_MINUS": -10, "VIDEO_AVAILABLE": 1}, {"SEASON_ID": "22017", "Player_ID": 1628470, "Game_ID": "0021701152", "GAME_DATE": "APR 01, 2018", "MATCHUP": "DEN vs. MIL", "WL": "W", "MIN": 36, "FGM": 3, "FGA": 7, "FG_PCT": 0.429, "FG3M": 1, "FG3A": 4, "FG3_PCT": 0.25, "FTM": 0, "FTA": 0, "FT_PCT": 0.0, "OREB": 4, "DREB": 4, "REB": 8, "AST": 1, "STL": 0, "BLK": 2, "TOV": 2, "PF": 3, "PTS": 7, "PLUS_MINUS": 2, "VIDEO_AVAILABLE": 1}, {"SEASON_ID": "22017", "Player_ID": 1628470, "Game_ID": "0021701133", "GAME_DATE": "MAR 30, 2018", "MATCHUP": "DEN @ OKC", "WL": "W", "MIN": 16, "FGM": 2, "FGA": 5, "FG_PCT": 0.4, "FG3M": 1, "FG3A": 3, "FG3_PCT": 0.333, "FTM": 0, "FTA": 0, "FT_PCT": 0.0, "OREB": 2, "DREB": 3, "REB": 5, "AST": 0, "STL": 0, "BLK": 0, "TOV": 1, "PF": 2, "PTS": 5, "PLUS_MINUS": -4, "VIDEO_AVAILABLE": 1}, {"SEASON_ID": "22017", "Player_ID": 1628470, "Game_ID": "0021701109", "GAME_DATE": "MAR 27, 2018", "MATCHUP": "DEN @ TOR", "WL": "L", "MIN": 15, "FGM": 1, "FGA": 1, "FG_PCT": 1.0, "FG3M": 1, "FG3A": 1, "FG3_PCT": 1.0, "FTM": 0, "FTA": 0, "FT_PCT": 0.0, "OREB": 0, "DREB": 2, "REB": 2, "AST": 1, "STL": 0, "BLK": 1, "TOV": 0, "PF": 1, "PTS": 3, "PLUS_MINUS": 4, "VIDEO_AVAILABLE": 1}, {"SEASON_ID": "22017", "Player_ID": 1628470, "Game_ID": "0021701105", "GAME_DATE": "MAR 26, 2018", "MATCHUP": "DEN @ PHI", "WL": "L", "MIN": 17, "FGM": 1, "FGA": 3, "FG_PCT": 0.333, "FG3M": 0, "FG3A": 0, "FG3_PCT": 0.0, "FTM": 0, "FTA": 2, "FT_PCT": 0.0, "OREB": 2, "DREB": 4, "REB": 6, "AST": 1, "STL": 1, "BLK": 0, "TOV": 0, "PF": 3, "PTS": 2, "PLUS_MINUS": -15, "VIDEO_AVAILABLE": 1}, {"SEASON_ID": "22017", "Player_ID": 1628470, "Game_ID": "0021701079", "GAME_DATE": "MAR 23, 2018", "MATCHUP": "DEN @ WAS", "WL": "W", "MIN": 19, "FGM": 4, "FGA": 5, "FG_PCT": 0.8, "FG3M": 1, "FG3A": 1, "FG3_PCT": 1.0, "FTM": 2, "FTA": 2, "FT_PCT": 1.0, "OREB": 0, "DREB": 5, "REB": 5, "AST": 1, "STL": 0, "BLK": 0, "TOV": 0, "PF": 2, "PTS": 11, "PLUS_MINUS": -1, "VIDEO_AVAILABLE": 1}, {"SEASON_ID": "22017", "Player_ID": 1628470, "Game_ID": "0021701069", "GAME_DATE": "MAR 21, 2018", "MATCHUP": "DEN @ CHI", "WL": "W", "MIN": 19, "FGM": 3, "FGA": 6, "FG_PCT": 0.5, "FG3M": 0, "FG3A": 1, "FG3_PCT": 0.0, "FTM": 1, "FTA": 2, "FT_PCT": 0.5, "OREB": 1, "DREB": 3, "REB": 4, "AST": 1, "STL": 0, "BLK": 0, "TOV": 1, "PF": 1, "PTS": 7, "PLUS_MINUS": -4, "VIDEO_AVAILABLE": 1}, {"SEASON_ID": "22017", "Player_ID": 1628470, "Game_ID": "0021701054", "GAME_DATE": "MAR 19, 2018", "MATCHUP": "DEN @ MIA", "WL": "L", "MIN": 11, "FGM": 2, "FGA": 4, "FG_PCT": 0.5, "FG3M": 2, "FG3A": 2, "FG3_PCT": 1.0, "FTM": 0, "FTA": 0, "FT_PCT": 0.0, "OREB": 1, "DREB": 2, "REB": 3, "AST": 0, "STL": 0, "BLK": 0, "TOV": 1, "PF": 1, "PTS": 6, "PLUS_MINUS": 6, "VIDEO_AVAILABLE": 1}, {"SEASON_ID": "22017", "Player_ID": 1628470, "Game_ID": "0021701040", "GAME_DATE": "MAR 17, 2018", "MATCHUP": "DEN @ MEM", "WL": "L", "MIN": 16, "FGM": 4, "FGA": 7, "FG_PCT": 0.571, "FG3M": 1, "FG3A": 2, "FG3_PCT": 0.5, "FTM": 0, "FTA": 0, "FT_PCT": 0.0, "OREB": 2, "DREB": 4, "REB": 6, "AST": 0, "STL": 0, "BLK": 1, "TOV": 0, "PF": 1, "PTS": 9, "PLUS_MINUS": 3, "VIDEO_AVAILABLE": 1}, {"SEASON_ID": "22017", "Player_ID": 1628470, "Game_ID": "0021700832", "GAME_DATE": "FEB 10, 2018", "MATCHUP": "DEN @ PHX", "WL": "W", "MIN": 16, "FGM": 1, "FGA": 4, "FG_PCT": 0.25, "FG3M": 0, "FG3A": 2, "FG3_PCT": 0.0, "FTM": 2, "FTA": 2, "FT_PCT": 1.0, "OREB": 1, "DREB": 3, "REB": 4, "AST": 0, "STL": 0, "BLK": 0, "TOV": 0, "PF": 1, "PTS": 4, "PLUS_MINUS": 3, "VIDEO_AVAILABLE": 1}, {"SEASON_ID": "22017", "Player_ID": 1628470, "Game_ID": "0021700823", "GAME_DATE": "FEB 09, 2018", "MATCHUP": "DEN @ HOU", "WL": "L", "MIN": 28, "FGM": 4, "FGA": 9, "FG_PCT": 0.444, "FG3M": 0, "FG3A": 0, "FG3_PCT": 0.0, "FTM": 0, "FTA": 0, "FT_PCT": 0.0, "OREB": 2, "DREB": 2, "REB": 4, "AST": 0, "STL": 0, "BLK": 0, "TOV": 1, "PF": 3, "PTS": 8, "PLUS_MINUS": -5, "VIDEO_AVAILABLE": 1}, {"SEASON_ID": "22017", "Player_ID": 1628470, "Game_ID": "0021700794", "GAME_DATE": "FEB 05, 2018", "MATCHUP": "DEN vs. CHA", "WL": "W", "MIN": 27, "FGM": 3, "FGA": 6, "FG_PCT": 0.5, "FG3M": 0, "FG3A": 2, "FG3_PCT": 0.0, "FTM": 0, "FTA": 0, "FT_PCT": 0.0, "OREB": 1, "DREB": 6, "REB": 7, "AST": 2, "STL": 0, "BLK": 0, "TOV": 0, "PF": 1, "PTS": 6, "PLUS_MINUS": 6, "VIDEO_AVAILABLE": 1}, {"SEASON_ID": "22017", "Player_ID": 1628470, "Game_ID": "0021700782", "GAME_DATE": "FEB 03, 2018", "MATCHUP": "DEN vs. GSW", "WL": "W", "MIN": 21, "FGM": 3, "FGA": 6, "FG_PCT": 0.5, "FG3M": 1, "FG3A": 1, "FG3_PCT": 1.0, "FTM": 1, "FTA": 2, "FT_PCT": 0.5, "OREB": 3, "DREB": 2, "REB": 5, "AST": 1, "STL": 0, "BLK": 0, "TOV": 1, "PF": 1, "PTS": 8, "PLUS_MINUS": -5, "VIDEO_AVAILABLE": 1}, {"SEASON_ID": "22017", "Player_ID": 1628470, "Game_ID": "0021700765", "GAME_DATE": "FEB 01, 2018", "MATCHUP": "DEN vs. OKC", "WL": "W", "MIN": 22, "FGM": 3, "FGA": 5, "FG_PCT": 0.6, "FG3M": 0, "FG3A": 1, "FG3_PCT": 0.0, "FTM": 1, "FTA": 2, "FT_PCT": 0.5, "OREB": 2, "DREB": 1, "REB": 3, "AST": 1, "STL": 0, "BLK": 1, "TOV": 0, "PF": 4, "PTS": 7, "PLUS_MINUS": -5, "VIDEO_AVAILABLE": 1}, {"SEASON_ID": "22017", "Player_ID": 1628470, "Game_ID": "0021700750", "GAME_DATE": "JAN 30, 2018", "MATCHUP": "DEN @ SAS", "WL": "L", "MIN": 22, "FGM": 4, "FGA": 9, "FG_PCT": 0.444, "FG3M": 0, "FG3A": 1, "FG3_PCT": 0.0, "FTM": 0, "FTA": 0, "FT_PCT": 0.0, "OREB": 5, "DREB": 1, "REB": 6, "AST": 1, "STL": 1, "BLK": 1, "TOV": 0, "PF": 1, "PTS": 8, "PLUS_MINUS": -6, "VIDEO_AVAILABLE": 1}, {"SEASON_ID": "22017", "Player_ID": 1628470, "Game_ID": "0021700743", "GAME_DATE": "JAN 29, 2018", "MATCHUP": "DEN vs. BOS", "WL": "L", "MIN": 14, "FGM": 0, "FGA": 1, "FG_PCT": 0.0, "FG3M": 0, "FG3A": 1, "FG3_PCT": 0.0, "FTM": 0, "FTA": 0, "FT_PCT": 0.0, "OREB": 2, "DREB": 2, "REB": 4, "AST": 0, "STL": 0, "BLK": 0, "TOV": 1, "PF": 1, "PTS": 0, "PLUS_MINUS": -14, "VIDEO_AVAILABLE": 1}, {"SEASON_ID": "22017", "Player_ID": 1628470, "Game_ID": "0021700730", "GAME_DATE": "JAN 27, 2018", "MATCHUP": "DEN vs. DAL", "WL": "W", "MIN": 26, "FGM": 3, "FGA": 5, "FG_PCT": 0.6, "FG3M": 1, "FG3A": 3, "FG3_PCT": 0.333, "FTM": 2, "FTA": 4, "FT_PCT": 0.5, "OREB": 1, "DREB": 3, "REB": 4, "AST": 0, "STL": 0, "BLK": 0, "TOV": 0, "PF": 3, "PTS": 9, "PLUS_MINUS": -4, "VIDEO_AVAILABLE": 1}, {"SEASON_ID": "22017", "Player_ID": 1628470, "Game_ID": "0021700712", "GAME_DATE": "JAN 25, 2018", "MATCHUP": "DEN vs. NYK", "WL": "W", "MIN": 9, "FGM": 2, "FGA": 3, "FG_PCT": 0.667, "FG3M": 1, "FG3A": 1, "FG3_PCT": 1.0, "FTM": 0, "FTA": 0, "FT_PCT": 0.0, "OREB": 0, "DREB": 1, "REB": 1, "AST": 0, "STL": 0, "BLK": 1, "TOV": 0, "PF": 0, "PTS": 5, "PLUS_MINUS": 4, "VIDEO_AVAILABLE": 1}, {"SEASON_ID": "22017", "Player_ID": 1628470, "Game_ID": "0021700694", "GAME_DATE": "JAN 22, 2018", "MATCHUP": "DEN vs. POR", "WL": "W", "MIN": 8, "FGM": 1, "FGA": 3, "FG_PCT": 0.333, "FG3M": 1, "FG3A": 2, "FG3_PCT": 0.5, "FTM": 0, "FTA": 0, "FT_PCT": 0.0, "OREB": 1, "DREB": 2, "REB": 3, "AST": 0, "STL": 0, "BLK": 0, "TOV": 0, "PF": 0, "PTS": 3, "PLUS_MINUS": -2, "VIDEO_AVAILABLE": 1}, {"SEASON_ID": "22017", "Player_ID": 1628470, "Game_ID": "0021700671", "GAME_DATE": "JAN 19, 2018", "MATCHUP": "DEN vs. PHX", "WL": "L", "MIN": 2, "FGM": 0, "FGA": 0, "FG_PCT": 0.0, "FG3M": 0, "FG3A": 0, "FG3_PCT": 0.0, "FTM": 0, "FTA": 0, "FT_PCT": 0.0, "OREB": 0, "DREB": 0, "REB": 0, "AST": 0, "STL": 0, "BLK": 0, "TOV": 0, "PF": 0, "PTS": 0, "PLUS_MINUS": 0, "VIDEO_AVAILABLE": 1}, {"SEASON_ID": "22017", "Player_ID": 1628470, "Game_ID": "0021700651", "GAME_DATE": "JAN 16, 2018", "MATCHUP": "DEN vs. DAL", "WL": "W", "MIN": 14, "FGM": 2, "FGA": 3, "FG_PCT": 0.667, "FG3M": 0, "FG3A": 1, "FG3_PCT": 0.0, "FTM": 1, "FTA": 2, "FT_PCT": 0.5, "OREB": 1, "DREB": 3, "REB": 4, "AST": 0, "STL": 1, "BLK": 0, "TOV": 1, "PF": 5, "PTS": 5, "PLUS_MINUS": -2, "VIDEO_AVAILABLE": 2}, {"SEASON_ID": "22017", "Player_ID": 1628470, "Game_ID": "0021700612", "GAME_DATE": "JAN 10, 2018", "MATCHUP": "DEN vs. ATL", "WL": "L", "MIN": 9, "FGM": 0, "FGA": 2, "FG_PCT": 0.0, "FG3M": 0, "FG3A": 1, "FG3_PCT": 0.0, "FTM": 1, "FTA": 2, "FT_PCT": 0.5, "OREB": 1, "DREB": 0, "REB": 1, "AST": 1, "STL": 2, "BLK": 0, "TOV": 1, "PF": 0, "PTS": 1, "PLUS_MINUS": -6, "VIDEO_AVAILABLE": 1}, {"SEASON_ID": "22017", "Player_ID": 1628470, "Game_ID": "0021700597", "GAME_DATE": "JAN 08, 2018", "MATCHUP": "DEN @ GSW", "WL": "L", "MIN": 13, "FGM": 3, "FGA": 4, "FG_PCT": 0.75, "FG3M": 0, "FG3A": 1, "FG3_PCT": 0.0, "FTM": 0, "FTA": 0, "FT_PCT": 0.0, "OREB": 0, "DREB": 0, "REB": 0, "AST": 0, "STL": 1, "BLK": 0, "TOV": 0, "PF": 2, "PTS": 6, "PLUS_MINUS": -9, "VIDEO_AVAILABLE": 1}, {"SEASON_ID": "22017", "Player_ID": 1628470, "Game_ID": "0021700585", "GAME_DATE": "JAN 06, 2018", "MATCHUP": "DEN @ SAC", "WL": "L", "MIN": 10, "FGM": 0, "FGA": 2, "FG_PCT": 0.0, "FG3M": 0, "FG3A": 2, "FG3_PCT": 0.0, "FTM": 0, "FTA": 0, "FT_PCT": 0.0, "OREB": 0, "DREB": 1, "REB": 1, "AST": 0, "STL": 0, "BLK": 0, "TOV": 0, "PF": 0, "PTS": 0, "PLUS_MINUS": -2, "VIDEO_AVAILABLE": 1}, {"SEASON_ID": "22017", "Player_ID": 1628470, "Game_ID": "0021700574", "GAME_DATE": "JAN 05, 2018", "MATCHUP": "DEN vs. UTA", "WL": "W", "MIN": 10, "FGM": 0, "FGA": 1, "FG_PCT": 0.0, "FG3M": 0, "FG3A": 1, "FG3_PCT": 0.0, "FTM": 0, "FTA": 2, "FT_PCT": 0.0, "OREB": 0, "DREB": 1, "REB": 1, "AST": 0, "STL": 0, "BLK": 0, "TOV": 0, "PF": 0, "PTS": 0, "PLUS_MINUS": 2, "VIDEO_AVAILABLE": 1}, {"SEASON_ID": "22017", "Player_ID": 1628470, "Game_ID": "0021700563", "GAME_DATE": "JAN 03, 2018", "MATCHUP": "DEN vs. PHX", "WL": "W", "MIN": 13, "FGM": 0, "FGA": 1, "FG_PCT": 0.0, "FG3M": 0, "FG3A": 0, "FG3_PCT": 0.0, "FTM": 0, "FTA": 0, "FT_PCT": 0.0, "OREB": 1, "DREB": 1, "REB": 2, "AST": 1, "STL": 0, "BLK": 0, "TOV": 0, "PF": 2, "PTS": 0, "PLUS_MINUS": 10, "VIDEO_AVAILABLE": 1}, {"SEASON_ID": "22017", "Player_ID": 1628470, "Game_ID": "0021700536", "GAME_DATE": "DEC 30, 2017", "MATCHUP": "DEN vs. PHI", "WL": "L", "MIN": 6, "FGM": 0, "FGA": 0, "FG_PCT": 0.0, "FG3M": 0, "FG3A": 0, "FG3_PCT": 0.0, "FTM": 2, "FTA": 2, "FT_PCT": 1.0, "OREB": 0, "DREB": 1, "REB": 1, "AST": 0, "STL": 0, "BLK": 0, "TOV": 0, "PF": 1, "PTS": 2, "PLUS_MINUS": -6, "VIDEO_AVAILABLE": 1}, {"SEASON_ID": "22017", "Player_ID": 1628470, "Game_ID": "0021700510", "GAME_DATE": "DEC 27, 2017", "MATCHUP": "DEN @ MIN", "WL": "L", "MIN": 11, "FGM": 1, "FGA": 3, "FG_PCT": 0.333, "FG3M": 0, "FG3A": 1, "FG3_PCT": 0.0, "FTM": 0, "FTA": 0, "FT_PCT": 0.0, "OREB": 1, "DREB": 1, "REB": 2, "AST": 1, "STL": 0, "BLK": 0, "TOV": 0, "PF": 2, "PTS": 2, "PLUS_MINUS": -5, "VIDEO_AVAILABLE": 1}, {"SEASON_ID": "22017", "Player_ID": 1628470, "Game_ID": "0021700503", "GAME_DATE": "DEC 26, 2017", "MATCHUP": "DEN vs. UTA", "WL": "W", "MIN": 21, "FGM": 0, "FGA": 3, "FG_PCT": 0.0, "FG3M": 0, "FG3A": 2, "FG3_PCT": 0.0, "FTM": 5, "FTA": 5, "FT_PCT": 1.0, "OREB": 1, "DREB": 6, "REB": 7, "AST": 2, "STL": 0, "BLK": 0, "TOV": 0, "PF": 4, "PTS": 5, "PLUS_MINUS": 11, "VIDEO_AVAILABLE": 1}, {"SEASON_ID": "22017", "Player_ID": 1628470, "Game_ID": "0021700489", "GAME_DATE": "DEC 23, 2017", "MATCHUP": "DEN @ GSW", "WL": "W", "MIN": 14, "FGM": 1, "FGA": 3, "FG_PCT": 0.333, "FG3M": 0, "FG3A": 2, "FG3_PCT": 0.0, "FTM": 0, "FTA": 0, "FT_PCT": 0.0, "OREB": 1, "DREB": 1, "REB": 2, "AST": 2, "STL": 1, "BLK": 0, "TOV": 1, "PF": 2, "PTS": 2, "PLUS_MINUS": 3, "VIDEO_AVAILABLE": 1}, {"SEASON_ID": "22017", "Player_ID": 1628470, "Game_ID": "0021700478", "GAME_DATE": "DEC 22, 2017", "MATCHUP": "DEN @ POR", "WL": "W", "MIN": 11, "FGM": 0, "FGA": 2, "FG_PCT": 0.0, "FG3M": 0, "FG3A": 2, "FG3_PCT": 0.0, "FTM": 0, "FTA": 0, "FT_PCT": 0.0, "OREB": 1, "DREB": 2, "REB": 3, "AST": 0, "STL": 0, "BLK": 0, "TOV": 0, "PF": 0, "PTS": 0, "PLUS_MINUS": -2, "VIDEO_AVAILABLE": 1}, {"SEASON_ID": "22017", "Player_ID": 1628470, "Game_ID": "0021700462", "GAME_DATE": "DEC 20, 2017", "MATCHUP": "DEN vs. MIN", "WL": "L", "MIN": 37, "FGM": 3, "FGA": 4, "FG_PCT": 0.75, "FG3M": 2, "FG3A": 3, "FG3_PCT": 0.667, "FTM": 2, "FTA": 2, "FT_PCT": 1.0, "OREB": 0, "DREB": 6, "REB": 6, "AST": 2, "STL": 0, "BLK": 0, "TOV": 3, "PF": 3, "PTS": 10, "PLUS_MINUS": 1, "VIDEO_AVAILABLE": 2}, {"SEASON_ID": "22017", "Player_ID": 1628470, "Game_ID": "0021700447", "GAME_DATE": "DEC 18, 2017", "MATCHUP": "DEN @ OKC", "WL": "L", "MIN": 30, "FGM": 5, "FGA": 5, "FG_PCT": 1.0, "FG3M": 3, "FG3A": 3, "FG3_PCT": 1.0, "FTM": 1, "FTA": 2, "FT_PCT": 0.5, "OREB": 0, "DREB": 2, "REB": 2, "AST": 1, "STL": 1, "BLK": 1, "TOV": 1, "PF": 3, "PTS": 14, "PLUS_MINUS": -3, "VIDEO_AVAILABLE": 1}, {"SEASON_ID": "22017", "Player_ID": 1628470, "Game_ID": "0021700427", "GAME_DATE": "DEC 15, 2017", "MATCHUP": "DEN vs. NOP", "WL": "W", "MIN": 19, "FGM": 2, "FGA": 6, "FG_PCT": 0.333, "FG3M": 1, "FG3A": 4, "FG3_PCT": 0.25, "FTM": 1, "FTA": 2, "FT_PCT": 0.5, "OREB": 0, "DREB": 4, "REB": 4, "AST": 2, "STL": 1, "BLK": 2, "TOV": 1, "PF": 2, "PTS": 6, "PLUS_MINUS": 2, "VIDEO_AVAILABLE": 2}, {"SEASON_ID": "22017", "Player_ID": 1628470, "Game_ID": "0021700301", "GAME_DATE": "NOV 28, 2017", "MATCHUP": "DEN @ UTA", "WL": "L", "MIN": 6, "FGM": 0, "FGA": 1, "FG_PCT": 0.0, "FG3M": 0, "FG3A": 1, "FG3_PCT": 0.0, "FTM": 0, "FTA": 0, "FT_PCT": 0.0, "OREB": 0, "DREB": 1, "REB": 1, "AST": 0, "STL": 0, "BLK": 0, "TOV": 0, "PF": 0, "PTS": 0, "PLUS_MINUS": -5, "VIDEO_AVAILABLE": 1}]