{"firstName": "Torrey", "lastName": "Craig", "temporaryDisplayName": "Craig, Torrey", "personId": "1628470", "teamId": "1610612743", "jersey": "3", "isActive": true, "pos": "F", "heightFeet": "6", "heightInches": "7", "heightMeters": "2.01", "weightPounds": "215", "weightKilograms": "97.5", "dateOfBirthUTC": "1990-12-19", "teamSitesOnly": {"playerCode": "torrey_craig", "posFull": "Forward", "displayAffiliation": "South Carolina Upstate/USA", "freeAgentCode": ""}, "teams": [{"teamId": "1610612743", "seasonStart": "2017", "seasonEnd": "2019"}], "draft": {"teamId": "", "pickNum": "", "roundNum": "", "seasonYear": ""}, "nbaDebutYear": "2017", "yearsPro": "2", "collegeName": "South Carolina Upstate", "lastAffiliation": "South Carolina Upstate/USA", "country": "USA"}