{"firstName": "Tyler", "lastName": "Johnson", "temporaryDisplayName": "Johnson, Tyler", "personId": "204020", "teamId": "1610612756", "jersey": "16", "isActive": true, "pos": "G", "heightFeet": "6", "heightInches": "4", "heightMeters": "1.93", "weightPounds": "190", "weightKilograms": "86.2", "dateOfBirthUTC": "1992-05-07", "teamSitesOnly": {"playerCode": "tyler_johnson", "posFull": "Guard", "displayAffiliation": "Fresno State/USA", "freeAgentCode": ""}, "teams": [{"teamId": "1610612748", "seasonStart": "2014", "seasonEnd": "2018"}, {"teamId": "1610612756", "seasonStart": "2018", "seasonEnd": "2019"}], "draft": {"teamId": "", "pickNum": "", "roundNum": "", "seasonYear": ""}, "nbaDebutYear": "2014", "yearsPro": "5", "collegeName": "Fresno State", "lastAffiliation": "Fresno State/USA", "country": "USA"}