[{"SEASON_ID": "22017", "Player_ID": 203121, "Game_ID": "0021701226", "GAME_DATE": "APR 11, 2018", "MATCHUP": "NOP vs. SAS", "WL": "W", "MIN": 21, "FGM": 2, "FGA": 3, "FG_PCT": 0.667, "FG3M": 0, "FG3A": 1, "FG3_PCT": 0.0, "FTM": 3, "FTA": 3, "FT_PCT": 1.0, "OREB": 0, "DREB": 4, "REB": 4, "AST": 1, "STL": 0, "BLK": 0, "TOV": 0, "PF": 2, "PTS": 7, "PLUS_MINUS": 5, "VIDEO_AVAILABLE": 1}, {"SEASON_ID": "22017", "Player_ID": 203121, "Game_ID": "0021701212", "GAME_DATE": "APR 09, 2018", "MATCHUP": "NOP @ LAC", "WL": "W", "MIN": 20, "FGM": 2, "FGA": 6, "FG_PCT": 0.333, "FG3M": 1, "FG3A": 3, "FG3_PCT": 0.333, "FTM": 1, "FTA": 2, "FT_PCT": 0.5, "OREB": 1, "DREB": 0, "REB": 1, "AST": 0, "STL": 0, "BLK": 1, "TOV": 0, "PF": 2, "PTS": 6, "PLUS_MINUS": -22, "VIDEO_AVAILABLE": 1}, {"SEASON_ID": "22017", "Player_ID": 203121, "Game_ID": "0021701195", "GAME_DATE": "APR 07, 2018", "MATCHUP": "NOP @ GSW", "WL": "W", "MIN": 25, "FGM": 3, "FGA": 6, "FG_PCT": 0.5, "FG3M": 1, "FG3A": 4, "FG3_PCT": 0.25, "FTM": 1, "FTA": 1, "FT_PCT": 1.0, "OREB": 0, "DREB": 0, "REB": 0, "AST": 0, "STL": 1, "BLK": 0, "TOV": 0, "PF": 0, "PTS": 8, "PLUS_MINUS": 5, "VIDEO_AVAILABLE": 1}, {"SEASON_ID": "22017", "Player_ID": 203121, "Game_ID": "0021701189", "GAME_DATE": "APR 06, 2018", "MATCHUP": "NOP @ PHX", "WL": "W", "MIN": 31, "FGM": 3, "FGA": 7, "FG_PCT": 0.429, "FG3M": 1, "FG3A": 3, "FG3_PCT": 0.333, "FTM": 0, "FTA": 0, "FT_PCT": 0.0, "OREB": 0, "DREB": 4, "REB": 4, "AST": 2, "STL": 2, "BLK": 0, "TOV": 3, "PF": 2, "PTS": 7, "PLUS_MINUS": 14, "VIDEO_AVAILABLE": 1}, {"SEASON_ID": "22017", "Player_ID": 203121, "Game_ID": "0021701173", "GAME_DATE": "APR 04, 2018", "MATCHUP": "NOP vs. MEM", "WL": "W", "MIN": 24, "FGM": 3, "FGA": 9, "FG_PCT": 0.333, "FG3M": 2, "FG3A": 7, "FG3_PCT": 0.286, "FTM": 0, "FTA": 0, "FT_PCT": 0.0, "OREB": 0, "DREB": 1, "REB": 1, "AST": 2, "STL": 1, "BLK": 0, "TOV": 1, "PF": 1, "PTS": 8, "PLUS_MINUS": 8, "VIDEO_AVAILABLE": 1}, {"SEASON_ID": "22017", "Player_ID": 203121, "Game_ID": "0021701150", "GAME_DATE": "APR 01, 2018", "MATCHUP": "NOP vs. OKC", "WL": "L", "MIN": 27, "FGM": 5, "FGA": 11, "FG_PCT": 0.455, "FG3M": 3, "FG3A": 7, "FG3_PCT": 0.429, "FTM": 1, "FTA": 2, "FT_PCT": 0.5, "OREB": 2, "DREB": 0, "REB": 2, "AST": 3, "STL": 1, "BLK": 0, "TOV": 0, "PF": 1, "PTS": 14, "PLUS_MINUS": -13, "VIDEO_AVAILABLE": 1}, {"SEASON_ID": "22017", "Player_ID": 203121, "Game_ID": "0021701131", "GAME_DATE": "MAR 30, 2018", "MATCHUP": "NOP @ CLE", "WL": "L", "MIN": 30, "FGM": 4, "FGA": 7, "FG_PCT": 0.571, "FG3M": 3, "FG3A": 4, "FG3_PCT": 0.75, "FTM": 0, "FTA": 0, "FT_PCT": 0.0, "OREB": 1, "DREB": 2, "REB": 3, "AST": 1, "STL": 1, "BLK": 0, "TOV": 1, "PF": 3, "PTS": 11, "PLUS_MINUS": 2, "VIDEO_AVAILABLE": 1}, {"SEASON_ID": "22017", "Player_ID": 203121, "Game_ID": "0021701112", "GAME_DATE": "MAR 27, 2018", "MATCHUP": "NOP vs. POR", "WL": "L", "MIN": 30, "FGM": 2, "FGA": 9, "FG_PCT": 0.222, "FG3M": 1, "FG3A": 8, "FG3_PCT": 0.125, "FTM": 0, "FTA": 0, "FT_PCT": 0.0, "OREB": 1, "DREB": 2, "REB": 3, "AST": 0, "STL": 0, "BLK": 0, "TOV": 2, "PF": 2, "PTS": 5, "PLUS_MINUS": -17, "VIDEO_AVAILABLE": 1}, {"SEASON_ID": "22017", "Player_ID": 203121, "Game_ID": "0021701091", "GAME_DATE": "MAR 24, 2018", "MATCHUP": "NOP @ HOU", "WL": "L", "MIN": 27, "FGM": 4, "FGA": 9, "FG_PCT": 0.444, "FG3M": 3, "FG3A": 6, "FG3_PCT": 0.5, "FTM": 0, "FTA": 0, "FT_PCT": 0.0, "OREB": 1, "DREB": 2, "REB": 3, "AST": 0, "STL": 0, "BLK": 0, "TOV": 2, "PF": 2, "PTS": 11, "PLUS_MINUS": -9, "VIDEO_AVAILABLE": 1}, {"SEASON_ID": "22017", "Player_ID": 203121, "Game_ID": "0021701075", "GAME_DATE": "MAR 22, 2018", "MATCHUP": "NOP vs. LAL", "WL": "W", "MIN": 16, "FGM": 3, "FGA": 6, "FG_PCT": 0.5, "FG3M": 1, "FG3A": 4, "FG3_PCT": 0.25, "FTM": 0, "FTA": 0, "FT_PCT": 0.0, "OREB": 0, "DREB": 1, "REB": 1, "AST": 5, "STL": 0, "BLK": 0, "TOV": 0, "PF": 0, "PTS": 7, "PLUS_MINUS": -2, "VIDEO_AVAILABLE": 1}, {"SEASON_ID": "22017", "Player_ID": 203121, "Game_ID": "0021700809", "GAME_DATE": "MAR 21, 2018", "MATCHUP": "NOP vs. IND", "WL": "W", "MIN": 21, "FGM": 1, "FGA": 3, "FG_PCT": 0.333, "FG3M": 1, "FG3A": 3, "FG3_PCT": 0.333, "FTM": 0, "FTA": 0, "FT_PCT": 0.0, "OREB": 0, "DREB": 4, "REB": 4, "AST": 1, "STL": 0, "BLK": 0, "TOV": 1, "PF": 0, "PTS": 3, "PLUS_MINUS": -1, "VIDEO_AVAILABLE": 1}, {"SEASON_ID": "22017", "Player_ID": 203121, "Game_ID": "0021701061", "GAME_DATE": "MAR 20, 2018", "MATCHUP": "NOP vs. DAL", "WL": "W", "MIN": 19, "FGM": 0, "FGA": 5, "FG_PCT": 0.0, "FG3M": 0, "FG3A": 3, "FG3_PCT": 0.0, "FTM": 0, "FTA": 0, "FT_PCT": 0.0, "OREB": 0, "DREB": 2, "REB": 2, "AST": 2, "STL": 0, "BLK": 0, "TOV": 0, "PF": 0, "PTS": 0, "PLUS_MINUS": -8, "VIDEO_AVAILABLE": 1}, {"SEASON_ID": "22017", "Player_ID": 203121, "Game_ID": "0021701047", "GAME_DATE": "MAR 18, 2018", "MATCHUP": "NOP vs. BOS", "WL": "W", "MIN": 9, "FGM": 1, "FGA": 1, "FG_PCT": 1.0, "FG3M": 1, "FG3A": 1, "FG3_PCT": 1.0, "FTM": 0, "FTA": 0, "FT_PCT": 0.0, "OREB": 0, "DREB": 1, "REB": 1, "AST": 1, "STL": 0, "BLK": 0, "TOV": 1, "PF": 1, "PTS": 3, "PLUS_MINUS": 3, "VIDEO_AVAILABLE": 1}, {"SEASON_ID": "22017", "Player_ID": 203121, "Game_ID": "0021701036", "GAME_DATE": "MAR 17, 2018", "MATCHUP": "NOP vs. HOU", "WL": "L", "MIN": 30, "FGM": 4, "FGA": 7, "FG_PCT": 0.571, "FG3M": 4, "FG3A": 6, "FG3_PCT": 0.667, "FTM": 1, "FTA": 1, "FT_PCT": 1.0, "OREB": 0, "DREB": 1, "REB": 1, "AST": 1, "STL": 0, "BLK": 0, "TOV": 0, "PF": 2, "PTS": 13, "PLUS_MINUS": -4, "VIDEO_AVAILABLE": 1}, {"SEASON_ID": "22017", "Player_ID": 203121, "Game_ID": "0021701025", "GAME_DATE": "MAR 15, 2018", "MATCHUP": "NOP @ SAS", "WL": "L", "MIN": 29, "FGM": 1, "FGA": 4, "FG_PCT": 0.25, "FG3M": 1, "FG3A": 1, "FG3_PCT": 1.0, "FTM": 0, "FTA": 0, "FT_PCT": 0.0, "OREB": 0, "DREB": 4, "REB": 4, "AST": 2, "STL": 0, "BLK": 0, "TOV": 0, "PF": 2, "PTS": 3, "PLUS_MINUS": -10, "VIDEO_AVAILABLE": 2}, {"SEASON_ID": "22017", "Player_ID": 203121, "Game_ID": "0021701011", "GAME_DATE": "MAR 13, 2018", "MATCHUP": "NOP vs. CHA", "WL": "W", "MIN": 10, "FGM": 0, "FGA": 1, "FG_PCT": 0.0, "FG3M": 0, "FG3A": 1, "FG3_PCT": 0.0, "FTM": 0, "FTA": 0, "FT_PCT": 0.0, "OREB": 0, "DREB": 0, "REB": 0, "AST": 0, "STL": 0, "BLK": 1, "TOV": 1, "PF": 2, "PTS": 0, "PLUS_MINUS": -7, "VIDEO_AVAILABLE": 1}, {"SEASON_ID": "22017", "Player_ID": 203121, "Game_ID": "0021700995", "GAME_DATE": "MAR 11, 2018", "MATCHUP": "NOP vs. UTA", "WL": "L", "MIN": 33, "FGM": 5, "FGA": 9, "FG_PCT": 0.556, "FG3M": 1, "FG3A": 4, "FG3_PCT": 0.25, "FTM": 0, "FTA": 0, "FT_PCT": 0.0, "OREB": 2, "DREB": 1, "REB": 3, "AST": 4, "STL": 1, "BLK": 1, "TOV": 1, "PF": 3, "PTS": 11, "PLUS_MINUS": -12, "VIDEO_AVAILABLE": 1}, {"SEASON_ID": "22017", "Player_ID": 203121, "Game_ID": "0021700982", "GAME_DATE": "MAR 09, 2018", "MATCHUP": "NOP vs. WAS", "WL": "L", "MIN": 33, "FGM": 6, "FGA": 11, "FG_PCT": 0.545, "FG3M": 4, "FG3A": 8, "FG3_PCT": 0.5, "FTM": 4, "FTA": 4, "FT_PCT": 1.0, "OREB": 0, "DREB": 0, "REB": 0, "AST": 1, "STL": 0, "BLK": 1, "TOV": 3, "PF": 4, "PTS": 20, "PLUS_MINUS": -10, "VIDEO_AVAILABLE": 1}, {"SEASON_ID": "22017", "Player_ID": 203121, "Game_ID": "0021700969", "GAME_DATE": "MAR 07, 2018", "MATCHUP": "NOP @ SAC", "WL": "W", "MIN": 29, "FGM": 1, "FGA": 4, "FG_PCT": 0.25, "FG3M": 1, "FG3A": 4, "FG3_PCT": 0.25, "FTM": 0, "FTA": 0, "FT_PCT": 0.0, "OREB": 0, "DREB": 1, "REB": 1, "AST": 3, "STL": 0, "BLK": 1, "TOV": 1, "PF": 2, "PTS": 3, "PLUS_MINUS": 16, "VIDEO_AVAILABLE": 1}, {"SEASON_ID": "22017", "Player_ID": 203121, "Game_ID": "0021700964", "GAME_DATE": "MAR 06, 2018", "MATCHUP": "NOP @ LAC", "WL": "W", "MIN": 25, "FGM": 2, "FGA": 5, "FG_PCT": 0.4, "FG3M": 1, "FG3A": 3, "FG3_PCT": 0.333, "FTM": 0, "FTA": 0, "FT_PCT": 0.0, "OREB": 0, "DREB": 3, "REB": 3, "AST": 1, "STL": 0, "BLK": 2, "TOV": 0, "PF": 2, "PTS": 5, "PLUS_MINUS": -16, "VIDEO_AVAILABLE": 1}, {"SEASON_ID": "22017", "Player_ID": 203121, "Game_ID": "0021700946", "GAME_DATE": "MAR 04, 2018", "MATCHUP": "NOP @ DAL", "WL": "W", "MIN": 23, "FGM": 0, "FGA": 2, "FG_PCT": 0.0, "FG3M": 0, "FG3A": 1, "FG3_PCT": 0.0, "FTM": 0, "FTA": 0, "FT_PCT": 0.0, "OREB": 0, "DREB": 0, "REB": 0, "AST": 1, "STL": 1, "BLK": 0, "TOV": 0, "PF": 1, "PTS": 0, "PLUS_MINUS": 5, "VIDEO_AVAILABLE": 1}, {"SEASON_ID": "22017", "Player_ID": 203121, "Game_ID": "0021700920", "GAME_DATE": "FEB 28, 2018", "MATCHUP": "NOP @ SAS", "WL": "W", "MIN": 33, "FGM": 4, "FGA": 8, "FG_PCT": 0.5, "FG3M": 3, "FG3A": 5, "FG3_PCT": 0.6, "FTM": 0, "FTA": 0, "FT_PCT": 0.0, "OREB": 0, "DREB": 3, "REB": 3, "AST": 3, "STL": 1, "BLK": 0, "TOV": 0, "PF": 1, "PTS": 11, "PLUS_MINUS": 12, "VIDEO_AVAILABLE": 2}, {"SEASON_ID": "22017", "Player_ID": 203121, "Game_ID": "0021700902", "GAME_DATE": "FEB 26, 2018", "MATCHUP": "NOP vs. PHX", "WL": "W", "MIN": 26, "FGM": 2, "FGA": 6, "FG_PCT": 0.333, "FG3M": 1, "FG3A": 5, "FG3_PCT": 0.2, "FTM": 0, "FTA": 1, "FT_PCT": 0.0, "OREB": 1, "DREB": 2, "REB": 3, "AST": 3, "STL": 1, "BLK": 0, "TOV": 1, "PF": 5, "PTS": 5, "PLUS_MINUS": 2, "VIDEO_AVAILABLE": 1}, {"SEASON_ID": "22017", "Player_ID": 203121, "Game_ID": "0021700893", "GAME_DATE": "FEB 25, 2018", "MATCHUP": "NOP @ MIL", "WL": "W", "MIN": 28, "FGM": 2, "FGA": 3, "FG_PCT": 0.667, "FG3M": 2, "FG3A": 3, "FG3_PCT": 0.667, "FTM": 0, "FTA": 0, "FT_PCT": 0.0, "OREB": 0, "DREB": 2, "REB": 2, "AST": 1, "STL": 0, "BLK": 0, "TOV": 0, "PF": 1, "PTS": 6, "PLUS_MINUS": -10, "VIDEO_AVAILABLE": 1}, {"SEASON_ID": "22017", "Player_ID": 203121, "Game_ID": "0021700879", "GAME_DATE": "FEB 23, 2018", "MATCHUP": "NOP vs. MIA", "WL": "W", "MIN": 25, "FGM": 0, "FGA": 5, "FG_PCT": 0.0, "FG3M": 0, "FG3A": 5, "FG3_PCT": 0.0, "FTM": 3, "FTA": 3, "FT_PCT": 1.0, "OREB": 0, "DREB": 2, "REB": 2, "AST": 1, "STL": 0, "BLK": 0, "TOV": 2, "PF": 3, "PTS": 3, "PLUS_MINUS": -2, "VIDEO_AVAILABLE": 1}, {"SEASON_ID": "22017", "Player_ID": 203121, "Game_ID": "0021700862", "GAME_DATE": "FEB 14, 2018", "MATCHUP": "NOP vs. LAL", "WL": "W", "MIN": 31, "FGM": 6, "FGA": 8, "FG_PCT": 0.75, "FG3M": 4, "FG3A": 6, "FG3_PCT": 0.667, "FTM": 3, "FTA": 3, "FT_PCT": 1.0, "OREB": 0, "DREB": 4, "REB": 4, "AST": 4, "STL": 0, "BLK": 0, "TOV": 0, "PF": 3, "PTS": 19, "PLUS_MINUS": 13, "VIDEO_AVAILABLE": 1}, {"SEASON_ID": "22017", "Player_ID": 203121, "Game_ID": "0021700841", "GAME_DATE": "FEB 12, 2018", "MATCHUP": "NOP @ DET", "WL": "W", "MIN": 30, "FGM": 4, "FGA": 8, "FG_PCT": 0.5, "FG3M": 4, "FG3A": 7, "FG3_PCT": 0.571, "FTM": 0, "FTA": 0, "FT_PCT": 0.0, "OREB": 0, "DREB": 1, "REB": 1, "AST": 1, "STL": 0, "BLK": 0, "TOV": 2, "PF": 1, "PTS": 12, "PLUS_MINUS": 9, "VIDEO_AVAILABLE": 1}, {"SEASON_ID": "22017", "Player_ID": 203121, "Game_ID": "0021700826", "GAME_DATE": "FEB 10, 2018", "MATCHUP": "NOP @ BKN", "WL": "W", "MIN": 24, "FGM": 1, "FGA": 4, "FG_PCT": 0.25, "FG3M": 1, "FG3A": 3, "FG3_PCT": 0.333, "FTM": 0, "FTA": 0, "FT_PCT": 0.0, "OREB": 1, "DREB": 1, "REB": 2, "AST": 1, "STL": 0, "BLK": 0, "TOV": 1, "PF": 3, "PTS": 3, "PLUS_MINUS": -2, "VIDEO_AVAILABLE": 1}, {"SEASON_ID": "22017", "Player_ID": 203121, "Game_ID": "0021700818", "GAME_DATE": "FEB 09, 2018", "MATCHUP": "NOP @ PHI", "WL": "L", "MIN": 32, "FGM": 5, "FGA": 12, "FG_PCT": 0.417, "FG3M": 3, "FG3A": 8, "FG3_PCT": 0.375, "FTM": 0, "FTA": 0, "FT_PCT": 0.0, "OREB": 0, "DREB": 6, "REB": 6, "AST": 1, "STL": 1, "BLK": 0, "TOV": 2, "PF": 2, "PTS": 13, "PLUS_MINUS": -1, "VIDEO_AVAILABLE": 1}, {"SEASON_ID": "22017", "Player_ID": 203121, "Game_ID": "0021700793", "GAME_DATE": "FEB 05, 2018", "MATCHUP": "NOP vs. UTA", "WL": "L", "MIN": 20, "FGM": 1, "FGA": 3, "FG_PCT": 0.333, "FG3M": 0, "FG3A": 0, "FG3_PCT": 0.0, "FTM": 0, "FTA": 0, "FT_PCT": 0.0, "OREB": 1, "DREB": 0, "REB": 1, "AST": 4, "STL": 1, "BLK": 0, "TOV": 0, "PF": 0, "PTS": 2, "PLUS_MINUS": 4, "VIDEO_AVAILABLE": 1}, {"SEASON_ID": "22017", "Player_ID": 203121, "Game_ID": "0021700780", "GAME_DATE": "FEB 03, 2018", "MATCHUP": "NOP @ MIN", "WL": "L", "MIN": 22, "FGM": 2, "FGA": 4, "FG_PCT": 0.5, "FG3M": 1, "FG3A": 3, "FG3_PCT": 0.333, "FTM": 0, "FTA": 0, "FT_PCT": 0.0, "OREB": 0, "DREB": 2, "REB": 2, "AST": 0, "STL": 0, "BLK": 2, "TOV": 1, "PF": 3, "PTS": 5, "PLUS_MINUS": 6, "VIDEO_AVAILABLE": 1}, {"SEASON_ID": "22017", "Player_ID": 203121, "Game_ID": "0021700772", "GAME_DATE": "FEB 02, 2018", "MATCHUP": "NOP @ OKC", "WL": "W", "MIN": 26, "FGM": 4, "FGA": 6, "FG_PCT": 0.667, "FG3M": 3, "FG3A": 5, "FG3_PCT": 0.6, "FTM": 0, "FTA": 0, "FT_PCT": 0.0, "OREB": 0, "DREB": 2, "REB": 2, "AST": 1, "STL": 0, "BLK": 0, "TOV": 0, "PF": 0, "PTS": 11, "PLUS_MINUS": -14, "VIDEO_AVAILABLE": 1}, {"SEASON_ID": "22017", "Player_ID": 203121, "Game_ID": "0021700749", "GAME_DATE": "JAN 30, 2018", "MATCHUP": "NOP vs. SAC", "WL": "L", "MIN": 29, "FGM": 3, "FGA": 6, "FG_PCT": 0.5, "FG3M": 2, "FG3A": 5, "FG3_PCT": 0.4, "FTM": 2, "FTA": 2, "FT_PCT": 1.0, "OREB": 0, "DREB": 3, "REB": 3, "AST": 0, "STL": 0, "BLK": 0, "TOV": 1, "PF": 1, "PTS": 10, "PLUS_MINUS": 4, "VIDEO_AVAILABLE": 1}, {"SEASON_ID": "22017", "Player_ID": 203121, "Game_ID": "0021700733", "GAME_DATE": "JAN 28, 2018", "MATCHUP": "NOP vs. LAC", "WL": "L", "MIN": 27, "FGM": 1, "FGA": 6, "FG_PCT": 0.167, "FG3M": 1, "FG3A": 6, "FG3_PCT": 0.167, "FTM": 0, "FTA": 0, "FT_PCT": 0.0, "OREB": 0, "DREB": 2, "REB": 2, "AST": 3, "STL": 0, "BLK": 1, "TOV": 1, "PF": 5, "PTS": 3, "PLUS_MINUS": 4, "VIDEO_AVAILABLE": 1}, {"SEASON_ID": "22017", "Player_ID": 203121, "Game_ID": "0021700720", "GAME_DATE": "JAN 26, 2018", "MATCHUP": "NOP vs. HOU", "WL": "W", "MIN": 29, "FGM": 6, "FGA": 11, "FG_PCT": 0.545, "FG3M": 6, "FG3A": 10, "FG3_PCT": 0.6, "FTM": 2, "FTA": 2, "FT_PCT": 1.0, "OREB": 0, "DREB": 3, "REB": 3, "AST": 1, "STL": 1, "BLK": 0, "TOV": 3, "PF": 3, "PTS": 20, "PLUS_MINUS": -1, "VIDEO_AVAILABLE": 1}, {"SEASON_ID": "22017", "Player_ID": 203121, "Game_ID": "0021700701", "GAME_DATE": "JAN 24, 2018", "MATCHUP": "NOP @ CHA", "WL": "W", "MIN": 31, "FGM": 3, "FGA": 7, "FG_PCT": 0.429, "FG3M": 2, "FG3A": 5, "FG3_PCT": 0.4, "FTM": 0, "FTA": 0, "FT_PCT": 0.0, "OREB": 1, "DREB": 2, "REB": 3, "AST": 2, "STL": 0, "BLK": 0, "TOV": 0, "PF": 2, "PTS": 8, "PLUS_MINUS": 6, "VIDEO_AVAILABLE": 1}, {"SEASON_ID": "22017", "Player_ID": 203121, "Game_ID": "0021700692", "GAME_DATE": "JAN 22, 2018", "MATCHUP": "NOP vs. CHI", "WL": "W", "MIN": 41, "FGM": 3, "FGA": 10, "FG_PCT": 0.3, "FG3M": 3, "FG3A": 9, "FG3_PCT": 0.333, "FTM": 1, "FTA": 1, "FT_PCT": 1.0, "OREB": 1, "DREB": 7, "REB": 8, "AST": 2, "STL": 1, "BLK": 0, "TOV": 1, "PF": 3, "PTS": 10, "PLUS_MINUS": 14, "VIDEO_AVAILABLE": 1}, {"SEASON_ID": "22017", "Player_ID": 203121, "Game_ID": "0021700677", "GAME_DATE": "JAN 20, 2018", "MATCHUP": "NOP vs. MEM", "WL": "W", "MIN": 31, "FGM": 4, "FGA": 9, "FG_PCT": 0.444, "FG3M": 2, "FG3A": 6, "FG3_PCT": 0.333, "FTM": 2, "FTA": 3, "FT_PCT": 0.667, "OREB": 0, "DREB": 6, "REB": 6, "AST": 0, "STL": 1, "BLK": 1, "TOV": 1, "PF": 2, "PTS": 12, "PLUS_MINUS": 2, "VIDEO_AVAILABLE": 1}, {"SEASON_ID": "22017", "Player_ID": 203121, "Game_ID": "0021700654", "GAME_DATE": "JAN 17, 2018", "MATCHUP": "NOP @ ATL", "WL": "L", "MIN": 30, "FGM": 7, "FGA": 9, "FG_PCT": 0.778, "FG3M": 3, "FG3A": 4, "FG3_PCT": 0.75, "FTM": 0, "FTA": 0, "FT_PCT": 0.0, "OREB": 0, "DREB": 3, "REB": 3, "AST": 1, "STL": 1, "BLK": 0, "TOV": 2, "PF": 3, "PTS": 17, "PLUS_MINUS": 6, "VIDEO_AVAILABLE": 1}, {"SEASON_ID": "22017", "Player_ID": 203121, "Game_ID": "0021700650", "GAME_DATE": "JAN 16, 2018", "MATCHUP": "NOP @ BOS", "WL": "W", "MIN": 18, "FGM": 1, "FGA": 5, "FG_PCT": 0.2, "FG3M": 1, "FG3A": 5, "FG3_PCT": 0.2, "FTM": 0, "FTA": 0, "FT_PCT": 0.0, "OREB": 0, "DREB": 2, "REB": 2, "AST": 0, "STL": 0, "BLK": 0, "TOV": 2, "PF": 3, "PTS": 3, "PLUS_MINUS": 6, "VIDEO_AVAILABLE": 1}, {"SEASON_ID": "22017", "Player_ID": 203121, "Game_ID": "0021700635", "GAME_DATE": "JAN 14, 2018", "MATCHUP": "NOP @ NYK", "WL": "W", "MIN": 20, "FGM": 2, "FGA": 4, "FG_PCT": 0.5, "FG3M": 0, "FG3A": 1, "FG3_PCT": 0.0, "FTM": 0, "FTA": 0, "FT_PCT": 0.0, "OREB": 0, "DREB": 0, "REB": 0, "AST": 0, "STL": 0, "BLK": 0, "TOV": 1, "PF": 3, "PTS": 4, "PLUS_MINUS": -7, "VIDEO_AVAILABLE": 1}, {"SEASON_ID": "22017", "Player_ID": 203121, "Game_ID": "0021700624", "GAME_DATE": "JAN 12, 2018", "MATCHUP": "NOP vs. POR", "WL": "W", "MIN": 26, "FGM": 4, "FGA": 6, "FG_PCT": 0.667, "FG3M": 2, "FG3A": 4, "FG3_PCT": 0.5, "FTM": 6, "FTA": 6, "FT_PCT": 1.0, "OREB": 0, "DREB": 0, "REB": 0, "AST": 2, "STL": 0, "BLK": 1, "TOV": 1, "PF": 1, "PTS": 16, "PLUS_MINUS": 27, "VIDEO_AVAILABLE": 1}, {"SEASON_ID": "22017", "Player_ID": 203121, "Game_ID": "0021700609", "GAME_DATE": "JAN 10, 2018", "MATCHUP": "NOP @ MEM", "WL": "L", "MIN": 27, "FGM": 2, "FGA": 7, "FG_PCT": 0.286, "FG3M": 1, "FG3A": 6, "FG3_PCT": 0.167, "FTM": 0, "FTA": 0, "FT_PCT": 0.0, "OREB": 0, "DREB": 1, "REB": 1, "AST": 2, "STL": 0, "BLK": 0, "TOV": 0, "PF": 2, "PTS": 5, "PLUS_MINUS": 4, "VIDEO_AVAILABLE": 1}, {"SEASON_ID": "22017", "Player_ID": 203121, "Game_ID": "0021700595", "GAME_DATE": "JAN 08, 2018", "MATCHUP": "NOP vs. DET", "WL": "W", "MIN": 16, "FGM": 1, "FGA": 3, "FG_PCT": 0.333, "FG3M": 0, "FG3A": 2, "FG3_PCT": 0.0, "FTM": 1, "FTA": 1, "FT_PCT": 1.0, "OREB": 0, "DREB": 1, "REB": 1, "AST": 3, "STL": 0, "BLK": 0, "TOV": 1, "PF": 4, "PTS": 3, "PLUS_MINUS": -13, "VIDEO_AVAILABLE": 1}, {"SEASON_ID": "22017", "Player_ID": 203121, "Game_ID": "0021700584", "GAME_DATE": "JAN 06, 2018", "MATCHUP": "NOP @ MIN", "WL": "L", "MIN": 26, "FGM": 3, "FGA": 9, "FG_PCT": 0.333, "FG3M": 3, "FG3A": 8, "FG3_PCT": 0.375, "FTM": 0, "FTA": 0, "FT_PCT": 0.0, "OREB": 0, "DREB": 1, "REB": 1, "AST": 2, "STL": 0, "BLK": 0, "TOV": 0, "PF": 3, "PTS": 9, "PLUS_MINUS": 9, "VIDEO_AVAILABLE": 1}, {"SEASON_ID": "22017", "Player_ID": 203121, "Game_ID": "0021700564", "GAME_DATE": "JAN 03, 2018", "MATCHUP": "NOP @ UTA", "WL": "W", "MIN": 34, "FGM": 3, "FGA": 6, "FG_PCT": 0.5, "FG3M": 3, "FG3A": 5, "FG3_PCT": 0.6, "FTM": 0, "FTA": 0, "FT_PCT": 0.0, "OREB": 0, "DREB": 1, "REB": 1, "AST": 0, "STL": 1, "BLK": 0, "TOV": 0, "PF": 4, "PTS": 9, "PLUS_MINUS": 9, "VIDEO_AVAILABLE": 1}, {"SEASON_ID": "22017", "Player_ID": 203121, "Game_ID": "0021700532", "GAME_DATE": "DEC 30, 2017", "MATCHUP": "NOP vs. NYK", "WL": "L", "MIN": 32, "FGM": 2, "FGA": 6, "FG_PCT": 0.333, "FG3M": 1, "FG3A": 5, "FG3_PCT": 0.2, "FTM": 3, "FTA": 3, "FT_PCT": 1.0, "OREB": 0, "DREB": 8, "REB": 8, "AST": 1, "STL": 0, "BLK": 0, "TOV": 0, "PF": 1, "PTS": 8, "PLUS_MINUS": -7, "VIDEO_AVAILABLE": 1}, {"SEASON_ID": "22017", "Player_ID": 203121, "Game_ID": "0021700525", "GAME_DATE": "DEC 29, 2017", "MATCHUP": "NOP vs. DAL", "WL": "L", "MIN": 14, "FGM": 0, "FGA": 2, "FG_PCT": 0.0, "FG3M": 0, "FG3A": 2, "FG3_PCT": 0.0, "FTM": 2, "FTA": 3, "FT_PCT": 0.667, "OREB": 0, "DREB": 0, "REB": 0, "AST": 0, "STL": 0, "BLK": 0, "TOV": 0, "PF": 2, "PTS": 2, "PLUS_MINUS": -12, "VIDEO_AVAILABLE": 1}, {"SEASON_ID": "22017", "Player_ID": 203121, "Game_ID": "0021700511", "GAME_DATE": "DEC 27, 2017", "MATCHUP": "NOP vs. BKN", "WL": "W", "MIN": 19, "FGM": 2, "FGA": 6, "FG_PCT": 0.333, "FG3M": 1, "FG3A": 3, "FG3_PCT": 0.333, "FTM": 3, "FTA": 3, "FT_PCT": 1.0, "OREB": 0, "DREB": 0, "REB": 0, "AST": 0, "STL": 0, "BLK": 0, "TOV": 1, "PF": 2, "PTS": 8, "PLUS_MINUS": -5, "VIDEO_AVAILABLE": 1}, {"SEASON_ID": "22017", "Player_ID": 203121, "Game_ID": "0021700486", "GAME_DATE": "DEC 23, 2017", "MATCHUP": "NOP @ MIA", "WL": "W", "MIN": 21, "FGM": 3, "FGA": 5, "FG_PCT": 0.6, "FG3M": 3, "FG3A": 5, "FG3_PCT": 0.6, "FTM": 3, "FTA": 3, "FT_PCT": 1.0, "OREB": 0, "DREB": 2, "REB": 2, "AST": 2, "STL": 1, "BLK": 0, "TOV": 0, "PF": 6, "PTS": 12, "PLUS_MINUS": 15, "VIDEO_AVAILABLE": 1}, {"SEASON_ID": "22017", "Player_ID": 203121, "Game_ID": "0021700472", "GAME_DATE": "DEC 22, 2017", "MATCHUP": "NOP @ ORL", "WL": "W", "MIN": 27, "FGM": 3, "FGA": 7, "FG_PCT": 0.429, "FG3M": 3, "FG3A": 7, "FG3_PCT": 0.429, "FTM": 0, "FTA": 0, "FT_PCT": 0.0, "OREB": 0, "DREB": 2, "REB": 2, "AST": 2, "STL": 0, "BLK": 0, "TOV": 2, "PF": 3, "PTS": 9, "PLUS_MINUS": 20, "VIDEO_AVAILABLE": 1}, {"SEASON_ID": "22017", "Player_ID": 203121, "Game_ID": "0021700452", "GAME_DATE": "DEC 19, 2017", "MATCHUP": "NOP @ WAS", "WL": "L", "MIN": 25, "FGM": 1, "FGA": 5, "FG_PCT": 0.2, "FG3M": 0, "FG3A": 1, "FG3_PCT": 0.0, "FTM": 0, "FTA": 0, "FT_PCT": 0.0, "OREB": 0, "DREB": 1, "REB": 1, "AST": 1, "STL": 0, "BLK": 0, "TOV": 0, "PF": 3, "PTS": 2, "PLUS_MINUS": 1, "VIDEO_AVAILABLE": 1}, {"SEASON_ID": "22017", "Player_ID": 203121, "Game_ID": "0021700427", "GAME_DATE": "DEC 15, 2017", "MATCHUP": "NOP @ DEN", "WL": "L", "MIN": 24, "FGM": 3, "FGA": 7, "FG_PCT": 0.429, "FG3M": 2, "FG3A": 5, "FG3_PCT": 0.4, "FTM": 0, "FTA": 0, "FT_PCT": 0.0, "OREB": 0, "DREB": 1, "REB": 1, "AST": 1, "STL": 0, "BLK": 0, "TOV": 1, "PF": 2, "PTS": 8, "PLUS_MINUS": 10, "VIDEO_AVAILABLE": 2}, {"SEASON_ID": "22017", "Player_ID": 203121, "Game_ID": "0021700410", "GAME_DATE": "DEC 13, 2017", "MATCHUP": "NOP vs. MIL", "WL": "W", "MIN": 23, "FGM": 3, "FGA": 6, "FG_PCT": 0.5, "FG3M": 3, "FG3A": 5, "FG3_PCT": 0.6, "FTM": 0, "FTA": 0, "FT_PCT": 0.0, "OREB": 0, "DREB": 1, "REB": 1, "AST": 4, "STL": 0, "BLK": 1, "TOV": 0, "PF": 0, "PTS": 9, "PLUS_MINUS": 4, "VIDEO_AVAILABLE": 1}, {"SEASON_ID": "22017", "Player_ID": 203121, "Game_ID": "0021700392", "GAME_DATE": "DEC 11, 2017", "MATCHUP": "NOP @ HOU", "WL": "L", "MIN": 39, "FGM": 4, "FGA": 10, "FG_PCT": 0.4, "FG3M": 2, "FG3A": 7, "FG3_PCT": 0.286, "FTM": 0, "FTA": 0, "FT_PCT": 0.0, "OREB": 1, "DREB": 2, "REB": 3, "AST": 4, "STL": 1, "BLK": 0, "TOV": 0, "PF": 3, "PTS": 10, "PLUS_MINUS": -5, "VIDEO_AVAILABLE": 1}, {"SEASON_ID": "22017", "Player_ID": 203121, "Game_ID": "0021700389", "GAME_DATE": "DEC 10, 2017", "MATCHUP": "NOP vs. PHI", "WL": "W", "MIN": 15, "FGM": 2, "FGA": 4, "FG_PCT": 0.5, "FG3M": 1, "FG3A": 2, "FG3_PCT": 0.5, "FTM": 0, "FTA": 0, "FT_PCT": 0.0, "OREB": 1, "DREB": 1, "REB": 2, "AST": 0, "STL": 0, "BLK": 0, "TOV": 0, "PF": 0, "PTS": 5, "PLUS_MINUS": -5, "VIDEO_AVAILABLE": 1}, {"SEASON_ID": "22017", "Player_ID": 203121, "Game_ID": "0021700373", "GAME_DATE": "DEC 08, 2017", "MATCHUP": "NOP vs. SAC", "WL": "L", "MIN": 23, "FGM": 3, "FGA": 6, "FG_PCT": 0.5, "FG3M": 1, "FG3A": 4, "FG3_PCT": 0.25, "FTM": 0, "FTA": 0, "FT_PCT": 0.0, "OREB": 0, "DREB": 1, "REB": 1, "AST": 0, "STL": 0, "BLK": 1, "TOV": 0, "PF": 0, "PTS": 7, "PLUS_MINUS": -5, "VIDEO_AVAILABLE": 1}, {"SEASON_ID": "22017", "Player_ID": 203121, "Game_ID": "0021700360", "GAME_DATE": "DEC 06, 2017", "MATCHUP": "NOP vs. DEN", "WL": "W", "MIN": 27, "FGM": 3, "FGA": 7, "FG_PCT": 0.429, "FG3M": 2, "FG3A": 5, "FG3_PCT": 0.4, "FTM": 1, "FTA": 3, "FT_PCT": 0.333, "OREB": 0, "DREB": 2, "REB": 2, "AST": 1, "STL": 1, "BLK": 0, "TOV": 0, "PF": 3, "PTS": 9, "PLUS_MINUS": 8, "VIDEO_AVAILABLE": 1}, {"SEASON_ID": "22017", "Player_ID": 203121, "Game_ID": "0021700346", "GAME_DATE": "DEC 04, 2017", "MATCHUP": "NOP vs. GSW", "WL": "L", "MIN": 34, "FGM": 3, "FGA": 8, "FG_PCT": 0.375, "FG3M": 2, "FG3A": 6, "FG3_PCT": 0.333, "FTM": 1, "FTA": 1, "FT_PCT": 1.0, "OREB": 0, "DREB": 2, "REB": 2, "AST": 1, "STL": 0, "BLK": 1, "TOV": 2, "PF": 3, "PTS": 9, "PLUS_MINUS": -7, "VIDEO_AVAILABLE": 1}, {"SEASON_ID": "22017", "Player_ID": 203121, "Game_ID": "0021700333", "GAME_DATE": "DEC 02, 2017", "MATCHUP": "NOP @ POR", "WL": "W", "MIN": 34, "FGM": 3, "FGA": 8, "FG_PCT": 0.375, "FG3M": 2, "FG3A": 6, "FG3_PCT": 0.333, "FTM": 2, "FTA": 2, "FT_PCT": 1.0, "OREB": 0, "DREB": 2, "REB": 2, "AST": 3, "STL": 1, "BLK": 0, "TOV": 1, "PF": 0, "PTS": 10, "PLUS_MINUS": 0, "VIDEO_AVAILABLE": 1}, {"SEASON_ID": "22017", "Player_ID": 203121, "Game_ID": "0021700325", "GAME_DATE": "DEC 01, 2017", "MATCHUP": "NOP @ UTA", "WL": "L", "MIN": 28, "FGM": 5, "FGA": 8, "FG_PCT": 0.625, "FG3M": 4, "FG3A": 7, "FG3_PCT": 0.571, "FTM": 1, "FTA": 1, "FT_PCT": 1.0, "OREB": 0, "DREB": 0, "REB": 0, "AST": 4, "STL": 0, "BLK": 0, "TOV": 0, "PF": 2, "PTS": 15, "PLUS_MINUS": -9, "VIDEO_AVAILABLE": 2}, {"SEASON_ID": "22017", "Player_ID": 203121, "Game_ID": "0021700309", "GAME_DATE": "NOV 29, 2017", "MATCHUP": "NOP vs. MIN", "WL": "L", "MIN": 25, "FGM": 4, "FGA": 10, "FG_PCT": 0.4, "FG3M": 4, "FG3A": 7, "FG3_PCT": 0.571, "FTM": 0, "FTA": 0, "FT_PCT": 0.0, "OREB": 0, "DREB": 0, "REB": 0, "AST": 1, "STL": 1, "BLK": 0, "TOV": 1, "PF": 2, "PTS": 12, "PLUS_MINUS": -13, "VIDEO_AVAILABLE": 1}, {"SEASON_ID": "22017", "Player_ID": 203121, "Game_ID": "0021700284", "GAME_DATE": "NOV 25, 2017", "MATCHUP": "NOP @ GSW", "WL": "L", "MIN": 22, "FGM": 2, "FGA": 3, "FG_PCT": 0.667, "FG3M": 2, "FG3A": 3, "FG3_PCT": 0.667, "FTM": 0, "FTA": 1, "FT_PCT": 0.0, "OREB": 0, "DREB": 2, "REB": 2, "AST": 1, "STL": 0, "BLK": 0, "TOV": 0, "PF": 2, "PTS": 6, "PLUS_MINUS": -14, "VIDEO_AVAILABLE": 1}, {"SEASON_ID": "22017", "Player_ID": 203121, "Game_ID": "0021700275", "GAME_DATE": "NOV 24, 2017", "MATCHUP": "NOP @ PHX", "WL": "W", "MIN": 28, "FGM": 3, "FGA": 10, "FG_PCT": 0.3, "FG3M": 3, "FG3A": 9, "FG3_PCT": 0.333, "FTM": 1, "FTA": 1, "FT_PCT": 1.0, "OREB": 1, "DREB": 8, "REB": 9, "AST": 3, "STL": 0, "BLK": 0, "TOV": 1, "PF": 2, "PTS": 10, "PLUS_MINUS": 19, "VIDEO_AVAILABLE": 2}, {"SEASON_ID": "22017", "Player_ID": 203121, "Game_ID": "0021700262", "GAME_DATE": "NOV 22, 2017", "MATCHUP": "NOP vs. SAS", "WL": "W", "MIN": 28, "FGM": 4, "FGA": 6, "FG_PCT": 0.667, "FG3M": 4, "FG3A": 6, "FG3_PCT": 0.667, "FTM": 0, "FTA": 0, "FT_PCT": 0.0, "OREB": 0, "DREB": 3, "REB": 3, "AST": 2, "STL": 1, "BLK": 0, "TOV": 0, "PF": 3, "PTS": 12, "PLUS_MINUS": 11, "VIDEO_AVAILABLE": 2}, {"SEASON_ID": "22017", "Player_ID": 203121, "Game_ID": "0021700248", "GAME_DATE": "NOV 20, 2017", "MATCHUP": "NOP vs. OKC", "WL": "W", "MIN": 22, "FGM": 4, "FGA": 5, "FG_PCT": 0.8, "FG3M": 3, "FG3A": 4, "FG3_PCT": 0.75, "FTM": 0, "FTA": 0, "FT_PCT": 0.0, "OREB": 1, "DREB": 6, "REB": 7, "AST": 4, "STL": 0, "BLK": 0, "TOV": 2, "PF": 2, "PTS": 11, "PLUS_MINUS": 24, "VIDEO_AVAILABLE": 1}, {"SEASON_ID": "22017", "Player_ID": 203121, "Game_ID": "0021700226", "GAME_DATE": "NOV 17, 2017", "MATCHUP": "NOP @ DEN", "WL": "L", "MIN": 28, "FGM": 2, "FGA": 6, "FG_PCT": 0.333, "FG3M": 2, "FG3A": 5, "FG3_PCT": 0.4, "FTM": 0, "FTA": 0, "FT_PCT": 0.0, "OREB": 0, "DREB": 0, "REB": 0, "AST": 1, "STL": 0, "BLK": 0, "TOV": 1, "PF": 2, "PTS": 6, "PLUS_MINUS": -5, "VIDEO_AVAILABLE": 1}, {"SEASON_ID": "22017", "Player_ID": 203121, "Game_ID": "0021700211", "GAME_DATE": "NOV 15, 2017", "MATCHUP": "NOP vs. TOR", "WL": "L", "MIN": 21, "FGM": 4, "FGA": 5, "FG_PCT": 0.8, "FG3M": 2, "FG3A": 2, "FG3_PCT": 1.0, "FTM": 3, "FTA": 3, "FT_PCT": 1.0, "OREB": 0, "DREB": 0, "REB": 0, "AST": 1, "STL": 1, "BLK": 0, "TOV": 1, "PF": 4, "PTS": 13, "PLUS_MINUS": -11, "VIDEO_AVAILABLE": 1}, {"SEASON_ID": "22017", "Player_ID": 203121, "Game_ID": "0021700195", "GAME_DATE": "NOV 13, 2017", "MATCHUP": "NOP vs. ATL", "WL": "W", "MIN": 22, "FGM": 8, "FGA": 11, "FG_PCT": 0.727, "FG3M": 5, "FG3A": 8, "FG3_PCT": 0.625, "FTM": 0, "FTA": 0, "FT_PCT": 0.0, "OREB": 1, "DREB": 0, "REB": 1, "AST": 1, "STL": 1, "BLK": 0, "TOV": 0, "PF": 2, "PTS": 21, "PLUS_MINUS": -6, "VIDEO_AVAILABLE": 2}, {"SEASON_ID": "22017", "Player_ID": 203121, "Game_ID": "0021700178", "GAME_DATE": "NOV 11, 2017", "MATCHUP": "NOP vs. LAC", "WL": "W", "MIN": 9, "FGM": 1, "FGA": 2, "FG_PCT": 0.5, "FG3M": 1, "FG3A": 1, "FG3_PCT": 1.0, "FTM": 0, "FTA": 0, "FT_PCT": 0.0, "OREB": 0, "DREB": 1, "REB": 1, "AST": 0, "STL": 0, "BLK": 1, "TOV": 0, "PF": 3, "PTS": 3, "PLUS_MINUS": -5, "VIDEO_AVAILABLE": 1}, {"SEASON_ID": "22017", "Player_ID": 203121, "Game_ID": "0021700165", "GAME_DATE": "NOV 09, 2017", "MATCHUP": "NOP @ TOR", "WL": "L", "MIN": 19, "FGM": 2, "FGA": 4, "FG_PCT": 0.5, "FG3M": 2, "FG3A": 4, "FG3_PCT": 0.5, "FTM": 3, "FTA": 4, "FT_PCT": 0.75, "OREB": 0, "DREB": 2, "REB": 2, "AST": 0, "STL": 1, "BLK": 0, "TOV": 0, "PF": 1, "PTS": 9, "PLUS_MINUS": 9, "VIDEO_AVAILABLE": 1}, {"SEASON_ID": "22017", "Player_ID": 203121, "Game_ID": "0021700150", "GAME_DATE": "NOV 07, 2017", "MATCHUP": "NOP @ IND", "WL": "W", "MIN": 19, "FGM": 4, "FGA": 6, "FG_PCT": 0.667, "FG3M": 3, "FG3A": 5, "FG3_PCT": 0.6, "FTM": 1, "FTA": 1, "FT_PCT": 1.0, "OREB": 0, "DREB": 1, "REB": 1, "AST": 1, "STL": 0, "BLK": 0, "TOV": 0, "PF": 1, "PTS": 12, "PLUS_MINUS": -1, "VIDEO_AVAILABLE": 1}, {"SEASON_ID": "22017", "Player_ID": 203121, "Game_ID": "0021700133", "GAME_DATE": "NOV 04, 2017", "MATCHUP": "NOP @ CHI", "WL": "W", "MIN": 28, "FGM": 4, "FGA": 8, "FG_PCT": 0.5, "FG3M": 3, "FG3A": 6, "FG3_PCT": 0.5, "FTM": 0, "FTA": 0, "FT_PCT": 0.0, "OREB": 0, "DREB": 2, "REB": 2, "AST": 1, "STL": 0, "BLK": 0, "TOV": 1, "PF": 1, "PTS": 11, "PLUS_MINUS": 16, "VIDEO_AVAILABLE": 1}, {"SEASON_ID": "22017", "Player_ID": 203121, "Game_ID": "0021700125", "GAME_DATE": "NOV 03, 2017", "MATCHUP": "NOP @ DAL", "WL": "W", "MIN": 13, "FGM": 3, "FGA": 6, "FG_PCT": 0.5, "FG3M": 3, "FG3A": 5, "FG3_PCT": 0.6, "FTM": 0, "FTA": 0, "FT_PCT": 0.0, "OREB": 0, "DREB": 2, "REB": 2, "AST": 0, "STL": 0, "BLK": 0, "TOV": 1, "PF": 2, "PTS": 9, "PLUS_MINUS": -4, "VIDEO_AVAILABLE": 1}, {"SEASON_ID": "22017", "Player_ID": 203121, "Game_ID": "0021700113", "GAME_DATE": "NOV 01, 2017", "MATCHUP": "NOP vs. MIN", "WL": "L", "MIN": 3, "FGM": 0, "FGA": 1, "FG_PCT": 0.0, "FG3M": 0, "FG3A": 1, "FG3_PCT": 0.0, "FTM": 0, "FTA": 0, "FT_PCT": 0.0, "OREB": 0, "DREB": 0, "REB": 0, "AST": 0, "STL": 0, "BLK": 0, "TOV": 0, "PF": 0, "PTS": 0, "PLUS_MINUS": -7, "VIDEO_AVAILABLE": 2}, {"SEASON_ID": "22017", "Player_ID": 203121, "Game_ID": "0021700097", "GAME_DATE": "OCT 30, 2017", "MATCHUP": "NOP vs. ORL", "WL": "L", "MIN": 1, "FGM": 0, "FGA": 1, "FG_PCT": 0.0, "FG3M": 0, "FG3A": 1, "FG3_PCT": 0.0, "FTM": 0, "FTA": 0, "FT_PCT": 0.0, "OREB": 0, "DREB": 0, "REB": 0, "AST": 0, "STL": 0, "BLK": 0, "TOV": 0, "PF": 0, "PTS": 0, "PLUS_MINUS": 0, "VIDEO_AVAILABLE": 2}, {"SEASON_ID": "22017", "Player_ID": 203121, "Game_ID": "0021700077", "GAME_DATE": "OCT 28, 2017", "MATCHUP": "NOP vs. CLE", "WL": "W", "MIN": 4, "FGM": 0, "FGA": 3, "FG_PCT": 0.0, "FG3M": 0, "FG3A": 2, "FG3_PCT": 0.0, "FTM": 0, "FTA": 0, "FT_PCT": 0.0, "OREB": 0, "DREB": 0, "REB": 0, "AST": 0, "STL": 1, "BLK": 0, "TOV": 0, "PF": 0, "PTS": 0, "PLUS_MINUS": -1, "VIDEO_AVAILABLE": 1}, {"SEASON_ID": "22017", "Player_ID": 203121, "Game_ID": "0021700069", "GAME_DATE": "OCT 26, 2017", "MATCHUP": "NOP @ SAC", "WL": "W", "MIN": 6, "FGM": 0, "FGA": 1, "FG_PCT": 0.0, "FG3M": 0, "FG3A": 1, "FG3_PCT": 0.0, "FTM": 0, "FTA": 0, "FT_PCT": 0.0, "OREB": 0, "DREB": 0, "REB": 0, "AST": 0, "STL": 0, "BLK": 0, "TOV": 0, "PF": 0, "PTS": 0, "PLUS_MINUS": -15, "VIDEO_AVAILABLE": 1}, {"SEASON_ID": "22017", "Player_ID": 203121, "Game_ID": "0021700053", "GAME_DATE": "OCT 24, 2017", "MATCHUP": "NOP @ POR", "WL": "L", "MIN": 20, "FGM": 1, "FGA": 2, "FG_PCT": 0.5, "FG3M": 0, "FG3A": 1, "FG3_PCT": 0.0, "FTM": 3, "FTA": 3, "FT_PCT": 1.0, "OREB": 0, "DREB": 2, "REB": 2, "AST": 0, "STL": 0, "BLK": 0, "TOV": 1, "PF": 3, "PTS": 5, "PLUS_MINUS": -7, "VIDEO_AVAILABLE": 1}, {"SEASON_ID": "22017", "Player_ID": 203121, "Game_ID": "0021700040", "GAME_DATE": "OCT 22, 2017", "MATCHUP": "NOP @ LAL", "WL": "W", "MIN": 13, "FGM": 2, "FGA": 6, "FG_PCT": 0.333, "FG3M": 2, "FG3A": 5, "FG3_PCT": 0.4, "FTM": 0, "FTA": 0, "FT_PCT": 0.0, "OREB": 0, "DREB": 0, "REB": 0, "AST": 0, "STL": 1, "BLK": 0, "TOV": 1, "PF": 0, "PTS": 6, "PLUS_MINUS": 3, "VIDEO_AVAILABLE": 1}, {"SEASON_ID": "22017", "Player_ID": 203121, "Game_ID": "0021700025", "GAME_DATE": "OCT 20, 2017", "MATCHUP": "NOP vs. GSW", "WL": "L", "MIN": 20, "FGM": 2, "FGA": 5, "FG_PCT": 0.4, "FG3M": 0, "FG3A": 3, "FG3_PCT": 0.0, "FTM": 0, "FTA": 0, "FT_PCT": 0.0, "OREB": 0, "DREB": 2, "REB": 2, "AST": 2, "STL": 0, "BLK": 0, "TOV": 1, "PF": 1, "PTS": 4, "PLUS_MINUS": -15, "VIDEO_AVAILABLE": 0}, {"SEASON_ID": "22017", "Player_ID": 203121, "Game_ID": "0021700008", "GAME_DATE": "OCT 18, 2017", "MATCHUP": "NOP @ MEM", "WL": "L", "MIN": 17, "FGM": 0, "FGA": 1, "FG_PCT": 0.0, "FG3M": 0, "FG3A": 1, "FG3_PCT": 0.0, "FTM": 0, "FTA": 0, "FT_PCT": 0.0, "OREB": 0, "DREB": 0, "REB": 0, "AST": 0, "STL": 0, "BLK": 1, "TOV": 0, "PF": 4, "PTS": 0, "PLUS_MINUS": -12, "VIDEO_AVAILABLE": 1}, {"SEASON_ID": "22013", "Player_ID": 203121, "Game_ID": "0021301219", "GAME_DATE": "APR 16, 2014", "MATCHUP": "NOP vs. HOU", "WL": "W", "MIN": 34, "FGM": 4, "FGA": 7, "FG_PCT": 0.571, "FG3M": 1, "FG3A": 1, "FG3_PCT": 1.0, "FTM": 0, "FTA": 0, "FT_PCT": 0.0, "OREB": 2, "DREB": 1, "REB": 3, "AST": 1, "STL": 2, "BLK": 0, "TOV": 0, "PF": 1, "PTS": 9, "PLUS_MINUS": 4, "VIDEO_AVAILABLE": 1}, {"SEASON_ID": "22013", "Player_ID": 203121, "Game_ID": "0021301210", "GAME_DATE": "APR 14, 2014", "MATCHUP": "NOP vs. OKC", "WL": "W", "MIN": 37, "FGM": 4, "FGA": 12, "FG_PCT": 0.333, "FG3M": 2, "FG3A": 7, "FG3_PCT": 0.286, "FTM": 0, "FTA": 0, "FT_PCT": 0.0, "OREB": 0, "DREB": 3, "REB": 3, "AST": 5, "STL": 4, "BLK": 0, "TOV": 3, "PF": 3, "PTS": 10, "PLUS_MINUS": 17, "VIDEO_AVAILABLE": 1}, {"SEASON_ID": "22013", "Player_ID": 203121, "Game_ID": "0021301194", "GAME_DATE": "APR 12, 2014", "MATCHUP": "NOP @ HOU", "WL": "L", "MIN": 30, "FGM": 3, "FGA": 8, "FG_PCT": 0.375, "FG3M": 0, "FG3A": 1, "FG3_PCT": 0.0, "FTM": 0, "FTA": 0, "FT_PCT": 0.0, "OREB": 0, "DREB": 0, "REB": 0, "AST": 4, "STL": 2, "BLK": 1, "TOV": 0, "PF": 5, "PTS": 6, "PLUS_MINUS": 0, "VIDEO_AVAILABLE": 1}, {"SEASON_ID": "22013", "Player_ID": 203121, "Game_ID": "0021301184", "GAME_DATE": "APR 11, 2014", "MATCHUP": "NOP @ OKC", "WL": "L", "MIN": 31, "FGM": 7, "FGA": 13, "FG_PCT": 0.538, "FG3M": 2, "FG3A": 5, "FG3_PCT": 0.4, "FTM": 2, "FTA": 2, "FT_PCT": 1.0, "OREB": 0, "DREB": 0, "REB": 0, "AST": 3, "STL": 1, "BLK": 0, "TOV": 1, "PF": 2, "PTS": 18, "PLUS_MINUS": -5, "VIDEO_AVAILABLE": 1}, {"SEASON_ID": "22013", "Player_ID": 203121, "Game_ID": "0021301170", "GAME_DATE": "APR 09, 2014", "MATCHUP": "NOP vs. PHX", "WL": "L", "MIN": 31, "FGM": 5, "FGA": 9, "FG_PCT": 0.556, "FG3M": 1, "FG3A": 4, "FG3_PCT": 0.25, "FTM": 3, "FTA": 3, "FT_PCT": 1.0, "OREB": 1, "DREB": 1, "REB": 2, "AST": 2, "STL": 2, "BLK": 0, "TOV": 1, "PF": 4, "PTS": 14, "PLUS_MINUS": 2, "VIDEO_AVAILABLE": 1}, {"SEASON_ID": "22013", "Player_ID": 203121, "Game_ID": "0021301157", "GAME_DATE": "APR 06, 2014", "MATCHUP": "NOP @ POR", "WL": "L", "MIN": 24, "FGM": 1, "FGA": 3, "FG_PCT": 0.333, "FG3M": 1, "FG3A": 1, "FG3_PCT": 1.0, "FTM": 0, "FTA": 0, "FT_PCT": 0.0, "OREB": 0, "DREB": 1, "REB": 1, "AST": 1, "STL": 1, "BLK": 0, "TOV": 1, "PF": 3, "PTS": 3, "PLUS_MINUS": -2, "VIDEO_AVAILABLE": 1}, {"SEASON_ID": "22013", "Player_ID": 203121, "Game_ID": "0021301138", "GAME_DATE": "APR 04, 2014", "MATCHUP": "NOP @ UTA", "WL": "L", "MIN": 20, "FGM": 2, "FGA": 8, "FG_PCT": 0.25, "FG3M": 2, "FG3A": 7, "FG3_PCT": 0.286, "FTM": 0, "FTA": 0, "FT_PCT": 0.0, "OREB": 0, "DREB": 1, "REB": 1, "AST": 1, "STL": 1, "BLK": 0, "TOV": 1, "PF": 4, "PTS": 6, "PLUS_MINUS": -1, "VIDEO_AVAILABLE": 1}, {"SEASON_ID": "22013", "Player_ID": 203121, "Game_ID": "0021301124", "GAME_DATE": "APR 02, 2014", "MATCHUP": "NOP @ DEN", "WL": "L", "MIN": 21, "FGM": 3, "FGA": 5, "FG_PCT": 0.6, "FG3M": 0, "FG3A": 1, "FG3_PCT": 0.0, "FTM": 3, "FTA": 4, "FT_PCT": 0.75, "OREB": 0, "DREB": 2, "REB": 2, "AST": 1, "STL": 0, "BLK": 1, "TOV": 0, "PF": 1, "PTS": 9, "PLUS_MINUS": -19, "VIDEO_AVAILABLE": 1}, {"SEASON_ID": "22013", "Player_ID": 203121, "Game_ID": "0021301108", "GAME_DATE": "MAR 31, 2014", "MATCHUP": "NOP vs. SAC", "WL": "L", "MIN": 29, "FGM": 3, "FGA": 4, "FG_PCT": 0.75, "FG3M": 0, "FG3A": 0, "FG3_PCT": 0.0, "FTM": 0, "FTA": 0, "FT_PCT": 0.0, "OREB": 0, "DREB": 3, "REB": 3, "AST": 1, "STL": 1, "BLK": 1, "TOV": 1, "PF": 2, "PTS": 6, "PLUS_MINUS": 12, "VIDEO_AVAILABLE": 1}, {"SEASON_ID": "22013", "Player_ID": 203121, "Game_ID": "0021301092", "GAME_DATE": "MAR 29, 2014", "MATCHUP": "NOP @ SAS", "WL": "L", "MIN": 25, "FGM": 1, "FGA": 5, "FG_PCT": 0.2, "FG3M": 0, "FG3A": 1, "FG3_PCT": 0.0, "FTM": 0, "FTA": 0, "FT_PCT": 0.0, "OREB": 0, "DREB": 2, "REB": 2, "AST": 1, "STL": 0, "BLK": 0, "TOV": 2, "PF": 4, "PTS": 2, "PLUS_MINUS": -4, "VIDEO_AVAILABLE": 1}, {"SEASON_ID": "22013", "Player_ID": 203121, "Game_ID": "0021301082", "GAME_DATE": "MAR 28, 2014", "MATCHUP": "NOP vs. UTA", "WL": "W", "MIN": 24, "FGM": 3, "FGA": 7, "FG_PCT": 0.429, "FG3M": 1, "FG3A": 3, "FG3_PCT": 0.333, "FTM": 5, "FTA": 6, "FT_PCT": 0.833, "OREB": 0, "DREB": 1, "REB": 1, "AST": 1, "STL": 1, "BLK": 1, "TOV": 0, "PF": 3, "PTS": 12, "PLUS_MINUS": 6, "VIDEO_AVAILABLE": 1}, {"SEASON_ID": "22013", "Player_ID": 203121, "Game_ID": "0021301066", "GAME_DATE": "MAR 26, 2014", "MATCHUP": "NOP vs. LAC", "WL": "W", "MIN": 29, "FGM": 7, "FGA": 9, "FG_PCT": 0.778, "FG3M": 1, "FG3A": 2, "FG3_PCT": 0.5, "FTM": 1, "FTA": 3, "FT_PCT": 0.333, "OREB": 0, "DREB": 1, "REB": 1, "AST": 1, "STL": 1, "BLK": 0, "TOV": 1, "PF": 2, "PTS": 16, "PLUS_MINUS": 3, "VIDEO_AVAILABLE": 1}, {"SEASON_ID": "22013", "Player_ID": 203121, "Game_ID": "0021301052", "GAME_DATE": "MAR 24, 2014", "MATCHUP": "NOP vs. BKN", "WL": "W", "MIN": 3, "FGM": 0, "FGA": 1, "FG_PCT": 0.0, "FG3M": 0, "FG3A": 1, "FG3_PCT": 0.0, "FTM": 0, "FTA": 0, "FT_PCT": 0.0, "OREB": 0, "DREB": 0, "REB": 0, "AST": 0, "STL": 0, "BLK": 0, "TOV": 0, "PF": 0, "PTS": 0, "PLUS_MINUS": -4, "VIDEO_AVAILABLE": 1}, {"SEASON_ID": "22013", "Player_ID": 203121, "Game_ID": "0021301025", "GAME_DATE": "MAR 21, 2014", "MATCHUP": "NOP @ ATL", "WL": "W", "MIN": 10, "FGM": 1, "FGA": 2, "FG_PCT": 0.5, "FG3M": 1, "FG3A": 1, "FG3_PCT": 1.0, "FTM": 0, "FTA": 0, "FT_PCT": 0.0, "OREB": 0, "DREB": 1, "REB": 1, "AST": 0, "STL": 1, "BLK": 0, "TOV": 1, "PF": 1, "PTS": 3, "PLUS_MINUS": 12, "VIDEO_AVAILABLE": 1}, {"SEASON_ID": "22013", "Player_ID": 203121, "Game_ID": "0021301012", "GAME_DATE": "MAR 19, 2014", "MATCHUP": "NOP vs. TOR", "WL": "L", "MIN": 12, "FGM": 0, "FGA": 2, "FG_PCT": 0.0, "FG3M": 0, "FG3A": 1, "FG3_PCT": 0.0, "FTM": 0, "FTA": 0, "FT_PCT": 0.0, "OREB": 0, "DREB": 0, "REB": 0, "AST": 0, "STL": 1, "BLK": 0, "TOV": 0, "PF": 2, "PTS": 0, "PLUS_MINUS": 1, "VIDEO_AVAILABLE": 1}, {"SEASON_ID": "22013", "Player_ID": 203121, "Game_ID": "0021300977", "GAME_DATE": "MAR 14, 2014", "MATCHUP": "NOP vs. POR", "WL": "L", "MIN": 6, "FGM": 0, "FGA": 1, "FG_PCT": 0.0, "FG3M": 0, "FG3A": 1, "FG3_PCT": 0.0, "FTM": 0, "FTA": 0, "FT_PCT": 0.0, "OREB": 0, "DREB": 0, "REB": 0, "AST": 0, "STL": 0, "BLK": 0, "TOV": 0, "PF": 0, "PTS": 0, "PLUS_MINUS": 2, "VIDEO_AVAILABLE": 1}, {"SEASON_ID": "22013", "Player_ID": 203121, "Game_ID": "0021300963", "GAME_DATE": "MAR 12, 2014", "MATCHUP": "NOP vs. MEM", "WL": "L", "MIN": 20, "FGM": 2, "FGA": 4, "FG_PCT": 0.5, "FG3M": 0, "FG3A": 2, "FG3_PCT": 0.0, "FTM": 3, "FTA": 3, "FT_PCT": 1.0, "OREB": 0, "DREB": 2, "REB": 2, "AST": 0, "STL": 0, "BLK": 0, "TOV": 0, "PF": 1, "PTS": 7, "PLUS_MINUS": -2, "VIDEO_AVAILABLE": 1}, {"SEASON_ID": "22013", "Player_ID": 203121, "Game_ID": "0021300923", "GAME_DATE": "MAR 07, 2014", "MATCHUP": "NOP vs. MIL", "WL": "W", "MIN": 3, "FGM": 0, "FGA": 0, "FG_PCT": 0.0, "FG3M": 0, "FG3A": 0, "FG3_PCT": 0.0, "FTM": 0, "FTA": 0, "FT_PCT": 0.0, "OREB": 0, "DREB": 0, "REB": 0, "AST": 0, "STL": 0, "BLK": 0, "TOV": 0, "PF": 1, "PTS": 0, "PLUS_MINUS": 1, "VIDEO_AVAILABLE": 1}, {"SEASON_ID": "22013", "Player_ID": 203121, "Game_ID": "0021300882", "GAME_DATE": "MAR 01, 2014", "MATCHUP": "NOP @ LAC", "WL": "L", "MIN": 16, "FGM": 0, "FGA": 4, "FG_PCT": 0.0, "FG3M": 0, "FG3A": 2, "FG3_PCT": 0.0, "FTM": 0, "FTA": 0, "FT_PCT": 0.0, "OREB": 0, "DREB": 0, "REB": 0, "AST": 0, "STL": 0, "BLK": 0, "TOV": 3, "PF": 1, "PTS": 0, "PLUS_MINUS": 2, "VIDEO_AVAILABLE": 2}, {"SEASON_ID": "22013", "Player_ID": 203121, "Game_ID": "0021300873", "GAME_DATE": "FEB 28, 2014", "MATCHUP": "NOP @ PHX", "WL": "L", "MIN": 5, "FGM": 1, "FGA": 3, "FG_PCT": 0.333, "FG3M": 0, "FG3A": 2, "FG3_PCT": 0.0, "FTM": 0, "FTA": 0, "FT_PCT": 0.0, "OREB": 0, "DREB": 0, "REB": 0, "AST": 0, "STL": 0, "BLK": 1, "TOV": 1, "PF": 2, "PTS": 2, "PLUS_MINUS": -3, "VIDEO_AVAILABLE": 1}, {"SEASON_ID": "22013", "Player_ID": 203121, "Game_ID": "0021300856", "GAME_DATE": "FEB 26, 2014", "MATCHUP": "NOP @ DAL", "WL": "L", "MIN": 11, "FGM": 3, "FGA": 3, "FG_PCT": 1.0, "FG3M": 0, "FG3A": 0, "FG3_PCT": 0.0, "FTM": 0, "FTA": 0, "FT_PCT": 0.0, "OREB": 0, "DREB": 0, "REB": 0, "AST": 1, "STL": 0, "BLK": 0, "TOV": 1, "PF": 2, "PTS": 6, "PLUS_MINUS": -14, "VIDEO_AVAILABLE": 1}, {"SEASON_ID": "22013", "Player_ID": 203121, "Game_ID": "0021300759", "GAME_DATE": "FEB 09, 2014", "MATCHUP": "NOP @ BKN", "WL": "L", "MIN": 16, "FGM": 0, "FGA": 2, "FG_PCT": 0.0, "FG3M": 0, "FG3A": 1, "FG3_PCT": 0.0, "FTM": 2, "FTA": 4, "FT_PCT": 0.5, "OREB": 2, "DREB": 0, "REB": 2, "AST": 2, "STL": 1, "BLK": 0, "TOV": 0, "PF": 2, "PTS": 2, "PLUS_MINUS": 0, "VIDEO_AVAILABLE": 1}, {"SEASON_ID": "22013", "Player_ID": 203121, "Game_ID": "0021300715", "GAME_DATE": "FEB 03, 2014", "MATCHUP": "NOP vs. SAS", "WL": "L", "MIN": 4, "FGM": 0, "FGA": 0, "FG_PCT": 0.0, "FG3M": 0, "FG3A": 0, "FG3_PCT": 0.0, "FTM": 0, "FTA": 0, "FT_PCT": 0.0, "OREB": 0, "DREB": 0, "REB": 0, "AST": 1, "STL": 0, "BLK": 0, "TOV": 0, "PF": 2, "PTS": 0, "PLUS_MINUS": -5, "VIDEO_AVAILABLE": 1}, {"SEASON_ID": "22013", "Player_ID": 203121, "Game_ID": "0021300680", "GAME_DATE": "JAN 29, 2014", "MATCHUP": "NOP @ MIN", "WL": "L", "MIN": 7, "FGM": 0, "FGA": 3, "FG_PCT": 0.0, "FG3M": 0, "FG3A": 1, "FG3_PCT": 0.0, "FTM": 0, "FTA": 0, "FT_PCT": 0.0, "OREB": 0, "DREB": 1, "REB": 1, "AST": 0, "STL": 0, "BLK": 0, "TOV": 0, "PF": 3, "PTS": 0, "PLUS_MINUS": 0, "VIDEO_AVAILABLE": 1}, {"SEASON_ID": "22013", "Player_ID": 203121, "Game_ID": "0021300668", "GAME_DATE": "JAN 28, 2014", "MATCHUP": "NOP @ CLE", "WL": "W", "MIN": 13, "FGM": 1, "FGA": 3, "FG_PCT": 0.333, "FG3M": 0, "FG3A": 2, "FG3_PCT": 0.0, "FTM": 3, "FTA": 3, "FT_PCT": 1.0, "OREB": 0, "DREB": 2, "REB": 2, "AST": 1, "STL": 0, "BLK": 0, "TOV": 0, "PF": 2, "PTS": 5, "PLUS_MINUS": -9, "VIDEO_AVAILABLE": 1}, {"SEASON_ID": "22013", "Player_ID": 203121, "Game_ID": "0021300656", "GAME_DATE": "JAN 26, 2014", "MATCHUP": "NOP vs. ORL", "WL": "W", "MIN": 10, "FGM": 3, "FGA": 4, "FG_PCT": 0.75, "FG3M": 3, "FG3A": 3, "FG3_PCT": 1.0, "FTM": 0, "FTA": 0, "FT_PCT": 0.0, "OREB": 0, "DREB": 1, "REB": 1, "AST": 1, "STL": 0, "BLK": 1, "TOV": 0, "PF": 4, "PTS": 9, "PLUS_MINUS": 19, "VIDEO_AVAILABLE": 1}, {"SEASON_ID": "22013", "Player_ID": 203121, "Game_ID": "0021300639", "GAME_DATE": "JAN 24, 2014", "MATCHUP": "NOP @ DET", "WL": "W", "MIN": 16, "FGM": 0, "FGA": 1, "FG_PCT": 0.0, "FG3M": 0, "FG3A": 1, "FG3_PCT": 0.0, "FTM": 3, "FTA": 3, "FT_PCT": 1.0, "OREB": 0, "DREB": 1, "REB": 1, "AST": 1, "STL": 0, "BLK": 0, "TOV": 0, "PF": 0, "PTS": 3, "PLUS_MINUS": -3, "VIDEO_AVAILABLE": 1}, {"SEASON_ID": "22013", "Player_ID": 203121, "Game_ID": "0021300618", "GAME_DATE": "JAN 21, 2014", "MATCHUP": "NOP vs. SAC", "WL": "L", "MIN": 17, "FGM": 1, "FGA": 2, "FG_PCT": 0.5, "FG3M": 1, "FG3A": 2, "FG3_PCT": 0.5, "FTM": 0, "FTA": 0, "FT_PCT": 0.0, "OREB": 0, "DREB": 4, "REB": 4, "AST": 0, "STL": 1, "BLK": 0, "TOV": 0, "PF": 3, "PTS": 3, "PLUS_MINUS": 19, "VIDEO_AVAILABLE": 1}, {"SEASON_ID": "22013", "Player_ID": 203121, "Game_ID": "0021300611", "GAME_DATE": "JAN 20, 2014", "MATCHUP": "NOP @ MEM", "WL": "W", "MIN": 11, "FGM": 1, "FGA": 3, "FG_PCT": 0.333, "FG3M": 0, "FG3A": 1, "FG3_PCT": 0.0, "FTM": 0, "FTA": 0, "FT_PCT": 0.0, "OREB": 1, "DREB": 1, "REB": 2, "AST": 0, "STL": 0, "BLK": 0, "TOV": 0, "PF": 1, "PTS": 2, "PLUS_MINUS": 10, "VIDEO_AVAILABLE": 1}, {"SEASON_ID": "22013", "Player_ID": 203121, "Game_ID": "0021300599", "GAME_DATE": "JAN 18, 2014", "MATCHUP": "NOP vs. GSW", "WL": "L", "MIN": 15, "FGM": 2, "FGA": 4, "FG_PCT": 0.5, "FG3M": 1, "FG3A": 3, "FG3_PCT": 0.333, "FTM": 1, "FTA": 1, "FT_PCT": 1.0, "OREB": 1, "DREB": 0, "REB": 1, "AST": 1, "STL": 1, "BLK": 0, "TOV": 0, "PF": 0, "PTS": 6, "PLUS_MINUS": 0, "VIDEO_AVAILABLE": 1}, {"SEASON_ID": "22013", "Player_ID": 203121, "Game_ID": "0021300572", "GAME_DATE": "JAN 15, 2014", "MATCHUP": "NOP vs. HOU", "WL": "L", "MIN": 30, "FGM": 1, "FGA": 6, "FG_PCT": 0.167, "FG3M": 0, "FG3A": 3, "FG3_PCT": 0.0, "FTM": 0, "FTA": 0, "FT_PCT": 0.0, "OREB": 1, "DREB": 4, "REB": 5, "AST": 3, "STL": 1, "BLK": 1, "TOV": 3, "PF": 4, "PTS": 2, "PLUS_MINUS": 1, "VIDEO_AVAILABLE": 1}, {"SEASON_ID": "22013", "Player_ID": 203121, "Game_ID": "0021300559", "GAME_DATE": "JAN 13, 2014", "MATCHUP": "NOP vs. SAS", "WL": "L", "MIN": 21, "FGM": 1, "FGA": 3, "FG_PCT": 0.333, "FG3M": 1, "FG3A": 2, "FG3_PCT": 0.5, "FTM": 0, "FTA": 0, "FT_PCT": 0.0, "OREB": 0, "DREB": 2, "REB": 2, "AST": 2, "STL": 1, "BLK": 0, "TOV": 0, "PF": 4, "PTS": 3, "PLUS_MINUS": 5, "VIDEO_AVAILABLE": 1}, {"SEASON_ID": "22013", "Player_ID": 203121, "Game_ID": "0021300549", "GAME_DATE": "JAN 11, 2014", "MATCHUP": "NOP @ DAL", "WL": "L", "MIN": 19, "FGM": 4, "FGA": 5, "FG_PCT": 0.8, "FG3M": 4, "FG3A": 5, "FG3_PCT": 0.8, "FTM": 0, "FTA": 0, "FT_PCT": 0.0, "OREB": 0, "DREB": 0, "REB": 0, "AST": 1, "STL": 1, "BLK": 0, "TOV": 1, "PF": 4, "PTS": 12, "PLUS_MINUS": 1, "VIDEO_AVAILABLE": 1}, {"SEASON_ID": "22013", "Player_ID": 203121, "Game_ID": "0021300536", "GAME_DATE": "JAN 10, 2014", "MATCHUP": "NOP vs. DAL", "WL": "L", "MIN": 19, "FGM": 2, "FGA": 4, "FG_PCT": 0.5, "FG3M": 0, "FG3A": 1, "FG3_PCT": 0.0, "FTM": 0, "FTA": 0, "FT_PCT": 0.0, "OREB": 0, "DREB": 0, "REB": 0, "AST": 0, "STL": 0, "BLK": 0, "TOV": 0, "PF": 2, "PTS": 4, "PLUS_MINUS": 2, "VIDEO_AVAILABLE": 1}, {"SEASON_ID": "22013", "Player_ID": 203121, "Game_ID": "0021300511", "GAME_DATE": "JAN 07, 2014", "MATCHUP": "NOP @ MIA", "WL": "L", "MIN": 4, "FGM": 1, "FGA": 1, "FG_PCT": 1.0, "FG3M": 0, "FG3A": 0, "FG3_PCT": 0.0, "FTM": 0, "FTA": 0, "FT_PCT": 0.0, "OREB": 0, "DREB": 0, "REB": 0, "AST": 0, "STL": 0, "BLK": 0, "TOV": 0, "PF": 0, "PTS": 2, "PLUS_MINUS": 3, "VIDEO_AVAILABLE": 1}, {"SEASON_ID": "22013", "Player_ID": 203121, "Game_ID": "0021300489", "GAME_DATE": "JAN 04, 2014", "MATCHUP": "NOP @ IND", "WL": "L", "MIN": 9, "FGM": 0, "FGA": 0, "FG_PCT": 0.0, "FG3M": 0, "FG3A": 0, "FG3_PCT": 0.0, "FTM": 0, "FTA": 0, "FT_PCT": 0.0, "OREB": 0, "DREB": 0, "REB": 0, "AST": 0, "STL": 0, "BLK": 0, "TOV": 0, "PF": 1, "PTS": 0, "PLUS_MINUS": -11, "VIDEO_AVAILABLE": 1}, {"SEASON_ID": "22013", "Player_ID": 203121, "Game_ID": "0021300484", "GAME_DATE": "JAN 03, 2014", "MATCHUP": "NOP @ BOS", "WL": "W", "MIN": 13, "FGM": 0, "FGA": 0, "FG_PCT": 0.0, "FG3M": 0, "FG3A": 0, "FG3_PCT": 0.0, "FTM": 0, "FTA": 0, "FT_PCT": 0.0, "OREB": 0, "DREB": 0, "REB": 0, "AST": 0, "STL": 0, "BLK": 0, "TOV": 0, "PF": 1, "PTS": 0, "PLUS_MINUS": 10, "VIDEO_AVAILABLE": 1}, {"SEASON_ID": "22013", "Player_ID": 203121, "Game_ID": "0021300470", "GAME_DATE": "JAN 01, 2014", "MATCHUP": "NOP @ MIN", "WL": "L", "MIN": 8, "FGM": 1, "FGA": 1, "FG_PCT": 1.0, "FG3M": 0, "FG3A": 0, "FG3_PCT": 0.0, "FTM": 1, "FTA": 1, "FT_PCT": 1.0, "OREB": 0, "DREB": 0, "REB": 0, "AST": 1, "STL": 0, "BLK": 0, "TOV": 0, "PF": 0, "PTS": 3, "PLUS_MINUS": 5, "VIDEO_AVAILABLE": 1}, {"SEASON_ID": "22013", "Player_ID": 203121, "Game_ID": "0021300442", "GAME_DATE": "DEC 28, 2013", "MATCHUP": "NOP @ HOU", "WL": "L", "MIN": 12, "FGM": 1, "FGA": 3, "FG_PCT": 0.333, "FG3M": 0, "FG3A": 1, "FG3_PCT": 0.0, "FTM": 0, "FTA": 0, "FT_PCT": 0.0, "OREB": 0, "DREB": 1, "REB": 1, "AST": 2, "STL": 0, "BLK": 0, "TOV": 0, "PF": 1, "PTS": 2, "PLUS_MINUS": -1, "VIDEO_AVAILABLE": 1}, {"SEASON_ID": "22013", "Player_ID": 203121, "Game_ID": "0021300432", "GAME_DATE": "DEC 27, 2013", "MATCHUP": "NOP vs. DEN", "WL": "W", "MIN": 19, "FGM": 3, "FGA": 4, "FG_PCT": 0.75, "FG3M": 3, "FG3A": 4, "FG3_PCT": 0.75, "FTM": 2, "FTA": 3, "FT_PCT": 0.667, "OREB": 0, "DREB": 4, "REB": 4, "AST": 1, "STL": 0, "BLK": 1, "TOV": 1, "PF": 4, "PTS": 11, "PLUS_MINUS": 7, "VIDEO_AVAILABLE": 1}, {"SEASON_ID": "22013", "Player_ID": 203121, "Game_ID": "0021300417", "GAME_DATE": "DEC 23, 2013", "MATCHUP": "NOP @ SAC", "WL": "W", "MIN": 6, "FGM": 0, "FGA": 0, "FG_PCT": 0.0, "FG3M": 0, "FG3A": 0, "FG3_PCT": 0.0, "FTM": 0, "FTA": 0, "FT_PCT": 0.0, "OREB": 1, "DREB": 0, "REB": 1, "AST": 0, "STL": 0, "BLK": 1, "TOV": 0, "PF": 2, "PTS": 0, "PLUS_MINUS": 1, "VIDEO_AVAILABLE": 1}, {"SEASON_ID": "22013", "Player_ID": 203121, "Game_ID": "0021300368", "GAME_DATE": "DEC 17, 2013", "MATCHUP": "NOP @ GSW", "WL": "L", "MIN": 23, "FGM": 1, "FGA": 5, "FG_PCT": 0.2, "FG3M": 0, "FG3A": 2, "FG3_PCT": 0.0, "FTM": 0, "FTA": 0, "FT_PCT": 0.0, "OREB": 0, "DREB": 2, "REB": 2, "AST": 3, "STL": 0, "BLK": 0, "TOV": 0, "PF": 3, "PTS": 2, "PLUS_MINUS": 6, "VIDEO_AVAILABLE": 1}, {"SEASON_ID": "22013", "Player_ID": 203121, "Game_ID": "0021300354", "GAME_DATE": "DEC 15, 2013", "MATCHUP": "NOP @ DEN", "WL": "L", "MIN": 7, "FGM": 0, "FGA": 0, "FG_PCT": 0.0, "FG3M": 0, "FG3A": 0, "FG3_PCT": 0.0, "FTM": 0, "FTA": 0, "FT_PCT": 0.0, "OREB": 0, "DREB": 0, "REB": 0, "AST": 0, "STL": 0, "BLK": 0, "TOV": 0, "PF": 0, "PTS": 0, "PLUS_MINUS": -15, "VIDEO_AVAILABLE": 1}, {"SEASON_ID": "22013", "Player_ID": 203121, "Game_ID": "0021300286", "GAME_DATE": "DEC 06, 2013", "MATCHUP": "NOP vs. OKC", "WL": "L", "MIN": 5, "FGM": 0, "FGA": 1, "FG_PCT": 0.0, "FG3M": 0, "FG3A": 1, "FG3_PCT": 0.0, "FTM": 0, "FTA": 0, "FT_PCT": 0.0, "OREB": 0, "DREB": 1, "REB": 1, "AST": 0, "STL": 0, "BLK": 0, "TOV": 0, "PF": 0, "PTS": 0, "PLUS_MINUS": -1, "VIDEO_AVAILABLE": 1}, {"SEASON_ID": "22013", "Player_ID": 203121, "Game_ID": "0021300273", "GAME_DATE": "DEC 04, 2013", "MATCHUP": "NOP vs. DAL", "WL": "L", "MIN": 1, "FGM": 0, "FGA": 1, "FG_PCT": 0.0, "FG3M": 0, "FG3A": 1, "FG3_PCT": 0.0, "FTM": 0, "FTA": 0, "FT_PCT": 0.0, "OREB": 0, "DREB": 0, "REB": 0, "AST": 0, "STL": 0, "BLK": 0, "TOV": 0, "PF": 1, "PTS": 0, "PLUS_MINUS": -1, "VIDEO_AVAILABLE": 1}, {"SEASON_ID": "22012", "Player_ID": 203121, "Game_ID": "0021201224", "GAME_DATE": "APR 17, 2013", "MATCHUP": "NOH @ DAL", "WL": "L", "MIN": 7, "FGM": 0, "FGA": 1, "FG_PCT": 0.0, "FG3M": 0, "FG3A": 0, "FG3_PCT": 0.0, "FTM": 0, "FTA": 0, "FT_PCT": 0.0, "OREB": 0, "DREB": 1, "REB": 1, "AST": 0, "STL": 0, "BLK": 0, "TOV": 1, "PF": 0, "PTS": 0, "PLUS_MINUS": 4, "VIDEO_AVAILABLE": 0}, {"SEASON_ID": "22012", "Player_ID": 203121, "Game_ID": "0021201199", "GAME_DATE": "APR 14, 2013", "MATCHUP": "NOH vs. DAL", "WL": "L", "MIN": 2, "FGM": 0, "FGA": 0, "FG_PCT": 0.0, "FG3M": 0, "FG3A": 0, "FG3_PCT": 0.0, "FTM": 0, "FTA": 0, "FT_PCT": 0.0, "OREB": 0, "DREB": 0, "REB": 0, "AST": 1, "STL": 0, "BLK": 0, "TOV": 0, "PF": 0, "PTS": 0, "PLUS_MINUS": 2, "VIDEO_AVAILABLE": 0}, {"SEASON_ID": "22012", "Player_ID": 203121, "Game_ID": "0021201183", "GAME_DATE": "APR 12, 2013", "MATCHUP": "NOH vs. LAC", "WL": "L", "MIN": 4, "FGM": 0, "FGA": 2, "FG_PCT": 0.0, "FG3M": 0, "FG3A": 1, "FG3_PCT": 0.0, "FTM": 0, "FTA": 0, "FT_PCT": 0.0, "OREB": 0, "DREB": 0, "REB": 0, "AST": 0, "STL": 0, "BLK": 0, "TOV": 0, "PF": 1, "PTS": 0, "PLUS_MINUS": -4, "VIDEO_AVAILABLE": 1}, {"SEASON_ID": "22012", "Player_ID": 203121, "Game_ID": "0021201170", "GAME_DATE": "APR 10, 2013", "MATCHUP": "NOH @ SAC", "WL": "L", "MIN": 6, "FGM": 0, "FGA": 1, "FG_PCT": 0.0, "FG3M": 0, "FG3A": 1, "FG3_PCT": 0.0, "FTM": 0, "FTA": 0, "FT_PCT": 0.0, "OREB": 0, "DREB": 0, "REB": 0, "AST": 0, "STL": 0, "BLK": 0, "TOV": 0, "PF": 0, "PTS": 0, "PLUS_MINUS": -4, "VIDEO_AVAILABLE": 1}, {"SEASON_ID": "22012", "Player_ID": 203121, "Game_ID": "0021201162", "GAME_DATE": "APR 09, 2013", "MATCHUP": "NOH @ LAL", "WL": "L", "MIN": 6, "FGM": 0, "FGA": 1, "FG_PCT": 0.0, "FG3M": 0, "FG3A": 1, "FG3_PCT": 0.0, "FTM": 0, "FTA": 0, "FT_PCT": 0.0, "OREB": 0, "DREB": 0, "REB": 0, "AST": 0, "STL": 0, "BLK": 0, "TOV": 1, "PF": 1, "PTS": 0, "PLUS_MINUS": -6, "VIDEO_AVAILABLE": 1}, {"SEASON_ID": "22012", "Player_ID": 203121, "Game_ID": "0021201152", "GAME_DATE": "APR 07, 2013", "MATCHUP": "NOH @ PHX", "WL": "W", "MIN": 14, "FGM": 0, "FGA": 1, "FG_PCT": 0.0, "FG3M": 0, "FG3A": 1, "FG3_PCT": 0.0, "FTM": 0, "FTA": 0, "FT_PCT": 0.0, "OREB": 0, "DREB": 3, "REB": 3, "AST": 1, "STL": 0, "BLK": 0, "TOV": 0, "PF": 3, "PTS": 0, "PLUS_MINUS": 4, "VIDEO_AVAILABLE": 1}, {"SEASON_ID": "22012", "Player_ID": 203121, "Game_ID": "0021201133", "GAME_DATE": "APR 05, 2013", "MATCHUP": "NOH @ UTA", "WL": "L", "MIN": 12, "FGM": 0, "FGA": 2, "FG_PCT": 0.0, "FG3M": 0, "FG3A": 2, "FG3_PCT": 0.0, "FTM": 0, "FTA": 0, "FT_PCT": 0.0, "OREB": 0, "DREB": 0, "REB": 0, "AST": 0, "STL": 0, "BLK": 0, "TOV": 0, "PF": 5, "PTS": 0, "PLUS_MINUS": -9, "VIDEO_AVAILABLE": 1}, {"SEASON_ID": "22012", "Player_ID": 203121, "Game_ID": "0021201122", "GAME_DATE": "APR 03, 2013", "MATCHUP": "NOH @ GSW", "WL": "L", "MIN": 14, "FGM": 2, "FGA": 4, "FG_PCT": 0.5, "FG3M": 1, "FG3A": 2, "FG3_PCT": 0.5, "FTM": 0, "FTA": 0, "FT_PCT": 0.0, "OREB": 0, "DREB": 3, "REB": 3, "AST": 0, "STL": 0, "BLK": 0, "TOV": 0, "PF": 2, "PTS": 5, "PLUS_MINUS": -10, "VIDEO_AVAILABLE": 1}, {"SEASON_ID": "22012", "Player_ID": 203121, "Game_ID": "0021201096", "GAME_DATE": "MAR 31, 2013", "MATCHUP": "NOH vs. CLE", "WL": "W", "MIN": 23, "FGM": 3, "FGA": 7, "FG_PCT": 0.429, "FG3M": 2, "FG3A": 4, "FG3_PCT": 0.5, "FTM": 0, "FTA": 0, "FT_PCT": 0.0, "OREB": 0, "DREB": 2, "REB": 2, "AST": 1, "STL": 0, "BLK": 0, "TOV": 1, "PF": 2, "PTS": 8, "PLUS_MINUS": 13, "VIDEO_AVAILABLE": 1}, {"SEASON_ID": "22012", "Player_ID": 203121, "Game_ID": "0021201080", "GAME_DATE": "MAR 29, 2013", "MATCHUP": "NOH vs. MIA", "WL": "L", "MIN": 20, "FGM": 3, "FGA": 4, "FG_PCT": 0.75, "FG3M": 1, "FG3A": 1, "FG3_PCT": 1.0, "FTM": 0, "FTA": 0, "FT_PCT": 0.0, "OREB": 0, "DREB": 1, "REB": 1, "AST": 2, "STL": 0, "BLK": 0, "TOV": 1, "PF": 2, "PTS": 7, "PLUS_MINUS": -19, "VIDEO_AVAILABLE": 1}, {"SEASON_ID": "22012", "Player_ID": 203121, "Game_ID": "0021201063", "GAME_DATE": "MAR 27, 2013", "MATCHUP": "NOH vs. LAC", "WL": "L", "MIN": 23, "FGM": 1, "FGA": 1, "FG_PCT": 1.0, "FG3M": 1, "FG3A": 1, "FG3_PCT": 1.0, "FTM": 0, "FTA": 0, "FT_PCT": 0.0, "OREB": 0, "DREB": 1, "REB": 1, "AST": 2, "STL": 1, "BLK": 0, "TOV": 0, "PF": 4, "PTS": 3, "PLUS_MINUS": 6, "VIDEO_AVAILABLE": 1}, {"SEASON_ID": "22012", "Player_ID": 203121, "Game_ID": "0021201051", "GAME_DATE": "MAR 25, 2013", "MATCHUP": "NOH vs. DEN", "WL": "W", "MIN": 26, "FGM": 6, "FGA": 7, "FG_PCT": 0.857, "FG3M": 4, "FG3A": 5, "FG3_PCT": 0.8, "FTM": 0, "FTA": 0, "FT_PCT": 0.0, "OREB": 1, "DREB": 2, "REB": 3, "AST": 1, "STL": 1, "BLK": 1, "TOV": 0, "PF": 3, "PTS": 16, "PLUS_MINUS": 15, "VIDEO_AVAILABLE": 1}, {"SEASON_ID": "22012", "Player_ID": 203121, "Game_ID": "0021201027", "GAME_DATE": "MAR 22, 2013", "MATCHUP": "NOH vs. MEM", "WL": "W", "MIN": 14, "FGM": 1, "FGA": 2, "FG_PCT": 0.5, "FG3M": 0, "FG3A": 1, "FG3_PCT": 0.0, "FTM": 0, "FTA": 0, "FT_PCT": 0.0, "OREB": 0, "DREB": 2, "REB": 2, "AST": 0, "STL": 0, "BLK": 1, "TOV": 2, "PF": 1, "PTS": 2, "PLUS_MINUS": 10, "VIDEO_AVAILABLE": 1}, {"SEASON_ID": "22012", "Player_ID": 203121, "Game_ID": "0021201013", "GAME_DATE": "MAR 20, 2013", "MATCHUP": "NOH vs. BOS", "WL": "W", "MIN": 17, "FGM": 1, "FGA": 4, "FG_PCT": 0.25, "FG3M": 0, "FG3A": 1, "FG3_PCT": 0.0, "FTM": 0, "FTA": 0, "FT_PCT": 0.0, "OREB": 0, "DREB": 4, "REB": 4, "AST": 1, "STL": 0, "BLK": 2, "TOV": 1, "PF": 1, "PTS": 2, "PLUS_MINUS": 0, "VIDEO_AVAILABLE": 1}, {"SEASON_ID": "22012", "Player_ID": 203121, "Game_ID": "0021201001", "GAME_DATE": "MAR 18, 2013", "MATCHUP": "NOH vs. GSW", "WL": "L", "MIN": 36, "FGM": 2, "FGA": 5, "FG_PCT": 0.4, "FG3M": 0, "FG3A": 0, "FG3_PCT": 0.0, "FTM": 0, "FTA": 0, "FT_PCT": 0.0, "OREB": 0, "DREB": 5, "REB": 5, "AST": 2, "STL": 0, "BLK": 1, "TOV": 2, "PF": 3, "PTS": 4, "PLUS_MINUS": -13, "VIDEO_AVAILABLE": 1}, {"SEASON_ID": "22012", "Player_ID": 203121, "Game_ID": "0021200951", "GAME_DATE": "MAR 12, 2013", "MATCHUP": "NOH @ BKN", "WL": "L", "MIN": 13, "FGM": 0, "FGA": 1, "FG_PCT": 0.0, "FG3M": 0, "FG3A": 0, "FG3_PCT": 0.0, "FTM": 0, "FTA": 0, "FT_PCT": 0.0, "OREB": 0, "DREB": 1, "REB": 1, "AST": 0, "STL": 1, "BLK": 1, "TOV": 1, "PF": 3, "PTS": 0, "PLUS_MINUS": 3, "VIDEO_AVAILABLE": 1}, {"SEASON_ID": "22012", "Player_ID": 203121, "Game_ID": "0021200939", "GAME_DATE": "MAR 10, 2013", "MATCHUP": "NOH vs. POR", "WL": "W", "MIN": 23, "FGM": 3, "FGA": 4, "FG_PCT": 0.75, "FG3M": 2, "FG3A": 2, "FG3_PCT": 1.0, "FTM": 0, "FTA": 0, "FT_PCT": 0.0, "OREB": 1, "DREB": 2, "REB": 3, "AST": 5, "STL": 0, "BLK": 0, "TOV": 0, "PF": 1, "PTS": 8, "PLUS_MINUS": 11, "VIDEO_AVAILABLE": 1}, {"SEASON_ID": "22012", "Player_ID": 203121, "Game_ID": "0021200930", "GAME_DATE": "MAR 09, 2013", "MATCHUP": "NOH @ MEM", "WL": "L", "MIN": 17, "FGM": 0, "FGA": 0, "FG_PCT": 0.0, "FG3M": 0, "FG3A": 0, "FG3_PCT": 0.0, "FTM": 0, "FTA": 0, "FT_PCT": 0.0, "OREB": 0, "DREB": 1, "REB": 1, "AST": 1, "STL": 0, "BLK": 0, "TOV": 0, "PF": 2, "PTS": 0, "PLUS_MINUS": 8, "VIDEO_AVAILABLE": 1}, {"SEASON_ID": "22012", "Player_ID": 203121, "Game_ID": "0021200906", "GAME_DATE": "MAR 06, 2013", "MATCHUP": "NOH vs. LAL", "WL": "L", "MIN": 1, "FGM": 0, "FGA": 0, "FG_PCT": 0.0, "FG3M": 0, "FG3A": 0, "FG3_PCT": 0.0, "FTM": 0, "FTA": 0, "FT_PCT": 0.0, "OREB": 0, "DREB": 0, "REB": 0, "AST": 0, "STL": 0, "BLK": 0, "TOV": 0, "PF": 0, "PTS": 0, "PLUS_MINUS": 1, "VIDEO_AVAILABLE": 1}, {"SEASON_ID": "22012", "Player_ID": 203121, "Game_ID": "0021200857", "GAME_DATE": "FEB 27, 2013", "MATCHUP": "NOH @ OKC", "WL": "L", "MIN": 16, "FGM": 2, "FGA": 6, "FG_PCT": 0.333, "FG3M": 1, "FG3A": 3, "FG3_PCT": 0.333, "FTM": 0, "FTA": 0, "FT_PCT": 0.0, "OREB": 0, "DREB": 4, "REB": 4, "AST": 1, "STL": 0, "BLK": 0, "TOV": 2, "PF": 0, "PTS": 5, "PLUS_MINUS": -15, "VIDEO_AVAILABLE": 1}, {"SEASON_ID": "22012", "Player_ID": 203121, "Game_ID": "0021200834", "GAME_DATE": "FEB 24, 2013", "MATCHUP": "NOH vs. SAC", "WL": "W", "MIN": 1, "FGM": 0, "FGA": 0, "FG_PCT": 0.0, "FG3M": 0, "FG3A": 0, "FG3_PCT": 0.0, "FTM": 0, "FTA": 0, "FT_PCT": 0.0, "OREB": 0, "DREB": 0, "REB": 0, "AST": 0, "STL": 0, "BLK": 0, "TOV": 0, "PF": 0, "PTS": 0, "PLUS_MINUS": -5, "VIDEO_AVAILABLE": 1}, {"SEASON_ID": "22012", "Player_ID": 203121, "Game_ID": "0021200793", "GAME_DATE": "FEB 19, 2013", "MATCHUP": "NOH vs. CHI", "WL": "L", "MIN": 4, "FGM": 0, "FGA": 0, "FG_PCT": 0.0, "FG3M": 0, "FG3A": 0, "FG3_PCT": 0.0, "FTM": 0, "FTA": 0, "FT_PCT": 0.0, "OREB": 0, "DREB": 0, "REB": 0, "AST": 0, "STL": 0, "BLK": 0, "TOV": 0, "PF": 1, "PTS": 0, "PLUS_MINUS": -3, "VIDEO_AVAILABLE": 1}, {"SEASON_ID": "22012", "Player_ID": 203121, "Game_ID": "0021200783", "GAME_DATE": "FEB 13, 2013", "MATCHUP": "NOH vs. POR", "WL": "W", "MIN": 19, "FGM": 1, "FGA": 4, "FG_PCT": 0.25, "FG3M": 1, "FG3A": 2, "FG3_PCT": 0.5, "FTM": 0, "FTA": 0, "FT_PCT": 0.0, "OREB": 0, "DREB": 1, "REB": 1, "AST": 0, "STL": 0, "BLK": 1, "TOV": 0, "PF": 1, "PTS": 3, "PLUS_MINUS": 21, "VIDEO_AVAILABLE": 1}, {"SEASON_ID": "22012", "Player_ID": 203121, "Game_ID": "0021200765", "GAME_DATE": "FEB 11, 2013", "MATCHUP": "NOH @ DET", "WL": "W", "MIN": 11, "FGM": 0, "FGA": 1, "FG_PCT": 0.0, "FG3M": 0, "FG3A": 1, "FG3_PCT": 0.0, "FTM": 0, "FTA": 0, "FT_PCT": 0.0, "OREB": 0, "DREB": 1, "REB": 1, "AST": 1, "STL": 0, "BLK": 0, "TOV": 0, "PF": 4, "PTS": 0, "PLUS_MINUS": -8, "VIDEO_AVAILABLE": 1}, {"SEASON_ID": "22012", "Player_ID": 203121, "Game_ID": "0021200755", "GAME_DATE": "FEB 10, 2013", "MATCHUP": "NOH @ TOR", "WL": "L", "MIN": 1, "FGM": 0, "FGA": 0, "FG_PCT": 0.0, "FG3M": 0, "FG3A": 0, "FG3_PCT": 0.0, "FTM": 0, "FTA": 0, "FT_PCT": 0.0, "OREB": 0, "DREB": 0, "REB": 0, "AST": 0, "STL": 0, "BLK": 0, "TOV": 0, "PF": 0, "PTS": 0, "PLUS_MINUS": 0, "VIDEO_AVAILABLE": 1}, {"SEASON_ID": "22012", "Player_ID": 203121, "Game_ID": "0021200700", "GAME_DATE": "FEB 02, 2013", "MATCHUP": "NOH @ MIN", "WL": "L", "MIN": 13, "FGM": 1, "FGA": 2, "FG_PCT": 0.5, "FG3M": 0, "FG3A": 1, "FG3_PCT": 0.0, "FTM": 0, "FTA": 0, "FT_PCT": 0.0, "OREB": 0, "DREB": 0, "REB": 0, "AST": 0, "STL": 0, "BLK": 1, "TOV": 0, "PF": 2, "PTS": 2, "PLUS_MINUS": -5, "VIDEO_AVAILABLE": 1}, {"SEASON_ID": "22012", "Player_ID": 203121, "Game_ID": "0021200692", "GAME_DATE": "FEB 01, 2013", "MATCHUP": "NOH @ DEN", "WL": "L", "MIN": 26, "FGM": 1, "FGA": 4, "FG_PCT": 0.25, "FG3M": 0, "FG3A": 1, "FG3_PCT": 0.0, "FTM": 1, "FTA": 1, "FT_PCT": 1.0, "OREB": 0, "DREB": 3, "REB": 3, "AST": 2, "STL": 3, "BLK": 1, "TOV": 0, "PF": 2, "PTS": 3, "PLUS_MINUS": -5, "VIDEO_AVAILABLE": 1}, {"SEASON_ID": "22012", "Player_ID": 203121, "Game_ID": "0021200680", "GAME_DATE": "JAN 30, 2013", "MATCHUP": "NOH @ UTA", "WL": "L", "MIN": 6, "FGM": 1, "FGA": 1, "FG_PCT": 1.0, "FG3M": 1, "FG3A": 1, "FG3_PCT": 1.0, "FTM": 0, "FTA": 0, "FT_PCT": 0.0, "OREB": 0, "DREB": 0, "REB": 0, "AST": 1, "STL": 0, "BLK": 0, "TOV": 0, "PF": 1, "PTS": 3, "PLUS_MINUS": -2, "VIDEO_AVAILABLE": 1}, {"SEASON_ID": "22012", "Player_ID": 203121, "Game_ID": "0021200669", "GAME_DATE": "JAN 29, 2013", "MATCHUP": "NOH @ LAL", "WL": "L", "MIN": 5, "FGM": 1, "FGA": 1, "FG_PCT": 1.0, "FG3M": 0, "FG3A": 0, "FG3_PCT": 0.0, "FTM": 0, "FTA": 0, "FT_PCT": 0.0, "OREB": 0, "DREB": 0, "REB": 0, "AST": 0, "STL": 0, "BLK": 0, "TOV": 0, "PF": 0, "PTS": 2, "PLUS_MINUS": 5, "VIDEO_AVAILABLE": 1}, {"SEASON_ID": "22012", "Player_ID": 203121, "Game_ID": "0021200387", "GAME_DATE": "DEC 21, 2012", "MATCHUP": "NOH @ SAS", "WL": "L", "MIN": 4, "FGM": 0, "FGA": 1, "FG_PCT": 0.0, "FG3M": 0, "FG3A": 1, "FG3_PCT": 0.0, "FTM": 0, "FTA": 0, "FT_PCT": 0.0, "OREB": 0, "DREB": 1, "REB": 1, "AST": 0, "STL": 0, "BLK": 0, "TOV": 0, "PF": 1, "PTS": 0, "PLUS_MINUS": -4, "VIDEO_AVAILABLE": 1}, {"SEASON_ID": "22012", "Player_ID": 203121, "Game_ID": "0021200376", "GAME_DATE": "DEC 19, 2012", "MATCHUP": "NOH @ LAC", "WL": "L", "MIN": 12, "FGM": 1, "FGA": 3, "FG_PCT": 0.333, "FG3M": 0, "FG3A": 1, "FG3_PCT": 0.0, "FTM": 2, "FTA": 2, "FT_PCT": 1.0, "OREB": 1, "DREB": 2, "REB": 3, "AST": 1, "STL": 0, "BLK": 0, "TOV": 3, "PF": 2, "PTS": 4, "PLUS_MINUS": 8, "VIDEO_AVAILABLE": 1}, {"SEASON_ID": "22012", "Player_ID": 203121, "Game_ID": "0021200331", "GAME_DATE": "DEC 14, 2012", "MATCHUP": "NOH vs. MIN", "WL": "L", "MIN": 10, "FGM": 0, "FGA": 0, "FG_PCT": 0.0, "FG3M": 0, "FG3A": 0, "FG3_PCT": 0.0, "FTM": 0, "FTA": 0, "FT_PCT": 0.0, "OREB": 0, "DREB": 0, "REB": 0, "AST": 0, "STL": 0, "BLK": 0, "TOV": 0, "PF": 1, "PTS": 0, "PLUS_MINUS": -5, "VIDEO_AVAILABLE": 1}, {"SEASON_ID": "22012", "Player_ID": 203121, "Game_ID": "0021200318", "GAME_DATE": "DEC 12, 2012", "MATCHUP": "NOH @ OKC", "WL": "L", "MIN": 11, "FGM": 1, "FGA": 1, "FG_PCT": 1.0, "FG3M": 0, "FG3A": 0, "FG3_PCT": 0.0, "FTM": 0, "FTA": 0, "FT_PCT": 0.0, "OREB": 1, "DREB": 2, "REB": 3, "AST": 0, "STL": 0, "BLK": 0, "TOV": 0, "PF": 4, "PTS": 2, "PLUS_MINUS": -17, "VIDEO_AVAILABLE": 1}, {"SEASON_ID": "22012", "Player_ID": 203121, "Game_ID": "0021200307", "GAME_DATE": "DEC 11, 2012", "MATCHUP": "NOH vs. WAS", "WL": "L", "MIN": 12, "FGM": 0, "FGA": 2, "FG_PCT": 0.0, "FG3M": 0, "FG3A": 0, "FG3_PCT": 0.0, "FTM": 0, "FTA": 0, "FT_PCT": 0.0, "OREB": 0, "DREB": 2, "REB": 2, "AST": 0, "STL": 2, "BLK": 1, "TOV": 2, "PF": 3, "PTS": 0, "PLUS_MINUS": 0, "VIDEO_AVAILABLE": 1}, {"SEASON_ID": "22012", "Player_ID": 203121, "Game_ID": "0021200286", "GAME_DATE": "DEC 08, 2012", "MATCHUP": "NOH @ MIA", "WL": "L", "MIN": 24, "FGM": 1, "FGA": 3, "FG_PCT": 0.333, "FG3M": 0, "FG3A": 1, "FG3_PCT": 0.0, "FTM": 0, "FTA": 0, "FT_PCT": 0.0, "OREB": 1, "DREB": 2, "REB": 3, "AST": 2, "STL": 0, "BLK": 0, "TOV": 1, "PF": 5, "PTS": 2, "PLUS_MINUS": -4, "VIDEO_AVAILABLE": 1}, {"SEASON_ID": "22012", "Player_ID": 203121, "Game_ID": "0021200275", "GAME_DATE": "DEC 07, 2012", "MATCHUP": "NOH vs. MEM", "WL": "L", "MIN": 27, "FGM": 1, "FGA": 3, "FG_PCT": 0.333, "FG3M": 0, "FG3A": 2, "FG3_PCT": 0.0, "FTM": 2, "FTA": 2, "FT_PCT": 1.0, "OREB": 0, "DREB": 1, "REB": 1, "AST": 3, "STL": 1, "BLK": 0, "TOV": 0, "PF": 2, "PTS": 4, "PLUS_MINUS": -5, "VIDEO_AVAILABLE": 1}, {"SEASON_ID": "22012", "Player_ID": 203121, "Game_ID": "0021200263", "GAME_DATE": "DEC 05, 2012", "MATCHUP": "NOH vs. LAL", "WL": "L", "MIN": 2, "FGM": 0, "FGA": 0, "FG_PCT": 0.0, "FG3M": 0, "FG3A": 0, "FG3_PCT": 0.0, "FTM": 0, "FTA": 0, "FT_PCT": 0.0, "OREB": 0, "DREB": 1, "REB": 1, "AST": 0, "STL": 0, "BLK": 0, "TOV": 0, "PF": 0, "PTS": 0, "PLUS_MINUS": 2, "VIDEO_AVAILABLE": 1}, {"SEASON_ID": "22012", "Player_ID": 203121, "Game_ID": "0021200247", "GAME_DATE": "DEC 03, 2012", "MATCHUP": "NOH vs. MIL", "WL": "W", "MIN": 2, "FGM": 0, "FGA": 1, "FG_PCT": 0.0, "FG3M": 0, "FG3A": 1, "FG3_PCT": 0.0, "FTM": 0, "FTA": 0, "FT_PCT": 0.0, "OREB": 0, "DREB": 0, "REB": 0, "AST": 0, "STL": 0, "BLK": 0, "TOV": 0, "PF": 0, "PTS": 0, "PLUS_MINUS": 1, "VIDEO_AVAILABLE": 1}, {"SEASON_ID": "22012", "Player_ID": 203121, "Game_ID": "0021200236", "GAME_DATE": "DEC 01, 2012", "MATCHUP": "NOH vs. OKC", "WL": "L", "MIN": 18, "FGM": 0, "FGA": 3, "FG_PCT": 0.0, "FG3M": 0, "FG3A": 2, "FG3_PCT": 0.0, "FTM": 0, "FTA": 0, "FT_PCT": 0.0, "OREB": 1, "DREB": 1, "REB": 2, "AST": 2, "STL": 0, "BLK": 0, "TOV": 0, "PF": 2, "PTS": 0, "PLUS_MINUS": -10, "VIDEO_AVAILABLE": 1}, {"SEASON_ID": "22012", "Player_ID": 203121, "Game_ID": "0021200217", "GAME_DATE": "NOV 28, 2012", "MATCHUP": "NOH vs. UTA", "WL": "L", "MIN": 18, "FGM": 2, "FGA": 3, "FG_PCT": 0.667, "FG3M": 1, "FG3A": 1, "FG3_PCT": 1.0, "FTM": 0, "FTA": 0, "FT_PCT": 0.0, "OREB": 0, "DREB": 2, "REB": 2, "AST": 1, "STL": 0, "BLK": 1, "TOV": 0, "PF": 5, "PTS": 5, "PLUS_MINUS": -7, "VIDEO_AVAILABLE": 1}, {"SEASON_ID": "22012", "Player_ID": 203121, "Game_ID": "0021200203", "GAME_DATE": "NOV 26, 2012", "MATCHUP": "NOH @ LAC", "WL": "W", "MIN": 13, "FGM": 0, "FGA": 0, "FG_PCT": 0.0, "FG3M": 0, "FG3A": 0, "FG3_PCT": 0.0, "FTM": 0, "FTA": 0, "FT_PCT": 0.0, "OREB": 0, "DREB": 1, "REB": 1, "AST": 1, "STL": 1, "BLK": 0, "TOV": 0, "PF": 1, "PTS": 0, "PLUS_MINUS": 15, "VIDEO_AVAILABLE": 1}, {"SEASON_ID": "22012", "Player_ID": 203121, "Game_ID": "0021200196", "GAME_DATE": "NOV 25, 2012", "MATCHUP": "NOH @ DEN", "WL": "L", "MIN": 26, "FGM": 2, "FGA": 4, "FG_PCT": 0.5, "FG3M": 1, "FG3A": 1, "FG3_PCT": 1.0, "FTM": 2, "FTA": 2, "FT_PCT": 1.0, "OREB": 2, "DREB": 6, "REB": 8, "AST": 2, "STL": 0, "BLK": 0, "TOV": 1, "PF": 4, "PTS": 7, "PLUS_MINUS": 1, "VIDEO_AVAILABLE": 1}, {"SEASON_ID": "22012", "Player_ID": 203121, "Game_ID": "0021200160", "GAME_DATE": "NOV 21, 2012", "MATCHUP": "NOH @ IND", "WL": "L", "MIN": 7, "FGM": 0, "FGA": 0, "FG_PCT": 0.0, "FG3M": 0, "FG3A": 0, "FG3_PCT": 0.0, "FTM": 0, "FTA": 0, "FT_PCT": 0.0, "OREB": 0, "DREB": 1, "REB": 1, "AST": 0, "STL": 0, "BLK": 0, "TOV": 0, "PF": 2, "PTS": 0, "PLUS_MINUS": -3, "VIDEO_AVAILABLE": 1}, {"SEASON_ID": "22012", "Player_ID": 203121, "Game_ID": "0021200155", "GAME_DATE": "NOV 20, 2012", "MATCHUP": "NOH vs. NYK", "WL": "L", "MIN": 2, "FGM": 0, "FGA": 0, "FG_PCT": 0.0, "FG3M": 0, "FG3A": 0, "FG3_PCT": 0.0, "FTM": 0, "FTA": 0, "FT_PCT": 0.0, "OREB": 0, "DREB": 0, "REB": 0, "AST": 0, "STL": 0, "BLK": 0, "TOV": 0, "PF": 1, "PTS": 0, "PLUS_MINUS": -8, "VIDEO_AVAILABLE": 1}, {"SEASON_ID": "22012", "Player_ID": 203121, "Game_ID": "0021200136", "GAME_DATE": "NOV 17, 2012", "MATCHUP": "NOH @ MIL", "WL": "L", "MIN": 17, "FGM": 1, "FGA": 2, "FG_PCT": 0.5, "FG3M": 1, "FG3A": 1, "FG3_PCT": 1.0, "FTM": 0, "FTA": 0, "FT_PCT": 0.0, "OREB": 0, "DREB": 3, "REB": 3, "AST": 2, "STL": 0, "BLK": 0, "TOV": 0, "PF": 1, "PTS": 3, "PLUS_MINUS": -8, "VIDEO_AVAILABLE": 1}, {"SEASON_ID": "22012", "Player_ID": 203121, "Game_ID": "0021200125", "GAME_DATE": "NOV 16, 2012", "MATCHUP": "NOH vs. OKC", "WL": "L", "MIN": 20, "FGM": 1, "FGA": 2, "FG_PCT": 0.5, "FG3M": 1, "FG3A": 1, "FG3_PCT": 1.0, "FTM": 1, "FTA": 1, "FT_PCT": 1.0, "OREB": 0, "DREB": 1, "REB": 1, "AST": 2, "STL": 1, "BLK": 0, "TOV": 0, "PF": 4, "PTS": 4, "PLUS_MINUS": 0, "VIDEO_AVAILABLE": 1}, {"SEASON_ID": "22012", "Player_ID": 203121, "Game_ID": "0021200112", "GAME_DATE": "NOV 14, 2012", "MATCHUP": "NOH @ HOU", "WL": "L", "MIN": 7, "FGM": 0, "FGA": 1, "FG_PCT": 0.0, "FG3M": 0, "FG3A": 1, "FG3_PCT": 0.0, "FTM": 0, "FTA": 0, "FT_PCT": 0.0, "OREB": 0, "DREB": 0, "REB": 0, "AST": 0, "STL": 0, "BLK": 1, "TOV": 0, "PF": 1, "PTS": 0, "PLUS_MINUS": -11, "VIDEO_AVAILABLE": 1}, {"SEASON_ID": "22012", "Player_ID": 203121, "Game_ID": "0021200074", "GAME_DATE": "NOV 09, 2012", "MATCHUP": "NOH vs. CHA", "WL": "W", "MIN": 15, "FGM": 2, "FGA": 4, "FG_PCT": 0.5, "FG3M": 2, "FG3A": 4, "FG3_PCT": 0.5, "FTM": 0, "FTA": 0, "FT_PCT": 0.0, "OREB": 0, "DREB": 1, "REB": 1, "AST": 1, "STL": 0, "BLK": 0, "TOV": 0, "PF": 0, "PTS": 6, "PLUS_MINUS": 2, "VIDEO_AVAILABLE": 0}, {"SEASON_ID": "22012", "Player_ID": 203121, "Game_ID": "0021200058", "GAME_DATE": "NOV 07, 2012", "MATCHUP": "NOH vs. PHI", "WL": "L", "MIN": 22, "FGM": 2, "FGA": 4, "FG_PCT": 0.5, "FG3M": 1, "FG3A": 3, "FG3_PCT": 0.333, "FTM": 0, "FTA": 0, "FT_PCT": 0.0, "OREB": 0, "DREB": 1, "REB": 1, "AST": 0, "STL": 2, "BLK": 0, "TOV": 2, "PF": 0, "PTS": 5, "PLUS_MINUS": -5, "VIDEO_AVAILABLE": 1}, {"SEASON_ID": "22012", "Player_ID": 203121, "Game_ID": "0021200031", "GAME_DATE": "NOV 03, 2012", "MATCHUP": "NOH @ CHI", "WL": "W", "MIN": 18, "FGM": 0, "FGA": 1, "FG_PCT": 0.0, "FG3M": 0, "FG3A": 1, "FG3_PCT": 0.0, "FTM": 0, "FTA": 0, "FT_PCT": 0.0, "OREB": 0, "DREB": 3, "REB": 3, "AST": 1, "STL": 1, "BLK": 0, "TOV": 0, "PF": 2, "PTS": 0, "PLUS_MINUS": 4, "VIDEO_AVAILABLE": 1}, {"SEASON_ID": "22012", "Player_ID": 203121, "Game_ID": "0021200021", "GAME_DATE": "NOV 02, 2012", "MATCHUP": "NOH vs. UTA", "WL": "W", "MIN": 11, "FGM": 0, "FGA": 2, "FG_PCT": 0.0, "FG3M": 0, "FG3A": 1, "FG3_PCT": 0.0, "FTM": 0, "FTA": 0, "FT_PCT": 0.0, "OREB": 0, "DREB": 1, "REB": 1, "AST": 2, "STL": 1, "BLK": 0, "TOV": 0, "PF": 1, "PTS": 0, "PLUS_MINUS": -14, "VIDEO_AVAILABLE": 1}, {"SEASON_ID": "22012", "Player_ID": 203121, "Game_ID": "0021200008", "GAME_DATE": "OCT 31, 2012", "MATCHUP": "NOH vs. SAS", "WL": "L", "MIN": 14, "FGM": 1, "FGA": 2, "FG_PCT": 0.5, "FG3M": 1, "FG3A": 2, "FG3_PCT": 0.5, "FTM": 0, "FTA": 0, "FT_PCT": 0.0, "OREB": 0, "DREB": 1, "REB": 1, "AST": 2, "STL": 2, "BLK": 0, "TOV": 2, "PF": 2, "PTS": 3, "PLUS_MINUS": 15, "VIDEO_AVAILABLE": 1}, {"SEASON_ID": "22014", "Player_ID": 203121, "Game_ID": "0021400208", "GAME_DATE": "NOV 25, 2014", "MATCHUP": "NOP vs. SAC", "WL": "L", "MIN": 14, "FGM": 0, "FGA": 3, "FG_PCT": 0.0, "FG3M": 0, "FG3A": 1, "FG3_PCT": 0.0, "FTM": 0, "FTA": 0, "FT_PCT": 0.0, "OREB": 0, "DREB": 0, "REB": 0, "AST": 0, "STL": 0, "BLK": 0, "TOV": 0, "PF": 3, "PTS": 0, "PLUS_MINUS": -19, "VIDEO_AVAILABLE": 1}, {"SEASON_ID": "22014", "Player_ID": 203121, "Game_ID": "0021400181", "GAME_DATE": "NOV 21, 2014", "MATCHUP": "NOP @ DEN", "WL": "L", "MIN": 4, "FGM": 0, "FGA": 1, "FG_PCT": 0.0, "FG3M": 0, "FG3A": 0, "FG3_PCT": 0.0, "FTM": 0, "FTA": 0, "FT_PCT": 0.0, "OREB": 0, "DREB": 1, "REB": 1, "AST": 0, "STL": 0, "BLK": 0, "TOV": 0, "PF": 0, "PTS": 0, "PLUS_MINUS": 4, "VIDEO_AVAILABLE": 1}, {"SEASON_ID": "22014", "Player_ID": 203121, "Game_ID": "0021400153", "GAME_DATE": "NOV 17, 2014", "MATCHUP": "NOP @ POR", "WL": "L", "MIN": 5, "FGM": 0, "FGA": 0, "FG_PCT": 0.0, "FG3M": 0, "FG3A": 0, "FG3_PCT": 0.0, "FTM": 0, "FTA": 0, "FT_PCT": 0.0, "OREB": 0, "DREB": 0, "REB": 0, "AST": 0, "STL": 1, "BLK": 0, "TOV": 0, "PF": 1, "PTS": 0, "PLUS_MINUS": -1, "VIDEO_AVAILABLE": 1}, {"SEASON_ID": "22014", "Player_ID": 203121, "Game_ID": "0021400128", "GAME_DATE": "NOV 14, 2014", "MATCHUP": "NOP vs. MIN", "WL": "W", "MIN": 17, "FGM": 1, "FGA": 3, "FG_PCT": 0.333, "FG3M": 0, "FG3A": 0, "FG3_PCT": 0.0, "FTM": 0, "FTA": 0, "FT_PCT": 0.0, "OREB": 0, "DREB": 0, "REB": 0, "AST": 0, "STL": 0, "BLK": 0, "TOV": 1, "PF": 4, "PTS": 2, "PLUS_MINUS": 0, "VIDEO_AVAILABLE": 1}, {"SEASON_ID": "22014", "Player_ID": 203121, "Game_ID": "0021400045", "GAME_DATE": "NOV 03, 2014", "MATCHUP": "NOP @ MEM", "WL": "L", "MIN": 4, "FGM": 0, "FGA": 0, "FG_PCT": 0.0, "FG3M": 0, "FG3A": 0, "FG3_PCT": 0.0, "FTM": 0, "FTA": 0, "FT_PCT": 0.0, "OREB": 0, "DREB": 0, "REB": 0, "AST": 2, "STL": 0, "BLK": 0, "TOV": 0, "PF": 0, "PTS": 0, "PLUS_MINUS": 4, "VIDEO_AVAILABLE": 1}, {"SEASON_ID": "22018", "Player_ID": 203121, "Game_ID": "0021801128", "GAME_DATE": "MAR 28, 2019", "MATCHUP": "NOP vs. SAC", "WL": "W", "MIN": 16, "FGM": 2, "FGA": 3, "FG_PCT": 0.667, "FG3M": 1, "FG3A": 2, "FG3_PCT": 0.5, "FTM": 1, "FTA": 1, "FT_PCT": 1.0, "OREB": 0, "DREB": 1, "REB": 1, "AST": 1, "STL": 0, "BLK": 0, "TOV": 1, "PF": 0, "PTS": 6, "PLUS_MINUS": 5, "VIDEO_AVAILABLE": 1}, {"SEASON_ID": "22018", "Player_ID": 203121, "Game_ID": "0021801113", "GAME_DATE": "MAR 26, 2019", "MATCHUP": "NOP vs. ATL", "WL": "L", "MIN": 28, "FGM": 4, "FGA": 11, "FG_PCT": 0.364, "FG3M": 1, "FG3A": 5, "FG3_PCT": 0.2, "FTM": 0, "FTA": 0, "FT_PCT": 0.0, "OREB": 0, "DREB": 2, "REB": 2, "AST": 5, "STL": 0, "BLK": 0, "TOV": 3, "PF": 2, "PTS": 9, "PLUS_MINUS": -6, "VIDEO_AVAILABLE": 1}, {"SEASON_ID": "22018", "Player_ID": 203121, "Game_ID": "0021801099", "GAME_DATE": "MAR 24, 2019", "MATCHUP": "NOP vs. HOU", "WL": "L", "MIN": 20, "FGM": 1, "FGA": 6, "FG_PCT": 0.167, "FG3M": 0, "FG3A": 3, "FG3_PCT": 0.0, "FTM": 2, "FTA": 4, "FT_PCT": 0.5, "OREB": 1, "DREB": 1, "REB": 2, "AST": 2, "STL": 1, "BLK": 0, "TOV": 1, "PF": 0, "PTS": 4, "PLUS_MINUS": -20, "VIDEO_AVAILABLE": 1}, {"SEASON_ID": "22018", "Player_ID": 203121, "Game_ID": "0021801066", "GAME_DATE": "MAR 20, 2019", "MATCHUP": "NOP @ ORL", "WL": "L", "MIN": 20, "FGM": 3, "FGA": 10, "FG_PCT": 0.3, "FG3M": 1, "FG3A": 7, "FG3_PCT": 0.143, "FTM": 0, "FTA": 0, "FT_PCT": 0.0, "OREB": 0, "DREB": 2, "REB": 2, "AST": 4, "STL": 0, "BLK": 0, "TOV": 1, "PF": 4, "PTS": 7, "PLUS_MINUS": -6, "VIDEO_AVAILABLE": 1}, {"SEASON_ID": "22018", "Player_ID": 203121, "Game_ID": "0021801056", "GAME_DATE": "MAR 18, 2019", "MATCHUP": "NOP @ DAL", "WL": "W", "MIN": 31, "FGM": 3, "FGA": 8, "FG_PCT": 0.375, "FG3M": 2, "FG3A": 7, "FG3_PCT": 0.286, "FTM": 2, "FTA": 2, "FT_PCT": 1.0, "OREB": 1, "DREB": 3, "REB": 4, "AST": 4, "STL": 0, "BLK": 0, "TOV": 4, "PF": 4, "PTS": 10, "PLUS_MINUS": 1, "VIDEO_AVAILABLE": 1}, {"SEASON_ID": "22018", "Player_ID": 203121, "Game_ID": "0021801036", "GAME_DATE": "MAR 16, 2019", "MATCHUP": "NOP vs. PHX", "WL": "L", "MIN": 33, "FGM": 6, "FGA": 10, "FG_PCT": 0.6, "FG3M": 4, "FG3A": 6, "FG3_PCT": 0.667, "FTM": 0, "FTA": 2, "FT_PCT": 0.0, "OREB": 0, "DREB": 3, "REB": 3, "AST": 4, "STL": 1, "BLK": 1, "TOV": 2, "PF": 3, "PTS": 16, "PLUS_MINUS": -1, "VIDEO_AVAILABLE": 1}, {"SEASON_ID": "22018", "Player_ID": 203121, "Game_ID": "0021801031", "GAME_DATE": "MAR 15, 2019", "MATCHUP": "NOP vs. POR", "WL": "L", "MIN": 31, "FGM": 3, "FGA": 10, "FG_PCT": 0.3, "FG3M": 2, "FG3A": 6, "FG3_PCT": 0.333, "FTM": 0, "FTA": 0, "FT_PCT": 0.0, "OREB": 1, "DREB": 2, "REB": 3, "AST": 3, "STL": 1, "BLK": 0, "TOV": 0, "PF": 2, "PTS": 8, "PLUS_MINUS": -9, "VIDEO_AVAILABLE": 2}, {"SEASON_ID": "22018", "Player_ID": 203121, "Game_ID": "0021801010", "GAME_DATE": "MAR 12, 2019", "MATCHUP": "NOP vs. MIL", "WL": "L", "MIN": 29, "FGM": 3, "FGA": 6, "FG_PCT": 0.5, "FG3M": 3, "FG3A": 5, "FG3_PCT": 0.6, "FTM": 4, "FTA": 4, "FT_PCT": 1.0, "OREB": 0, "DREB": 2, "REB": 2, "AST": 2, "STL": 0, "BLK": 0, "TOV": 1, "PF": 1, "PTS": 13, "PLUS_MINUS": -6, "VIDEO_AVAILABLE": 1}, {"SEASON_ID": "22018", "Player_ID": 203121, "Game_ID": "0021800995", "GAME_DATE": "MAR 10, 2019", "MATCHUP": "NOP @ ATL", "WL": "L", "MIN": 29, "FGM": 3, "FGA": 9, "FG_PCT": 0.333, "FG3M": 3, "FG3A": 9, "FG3_PCT": 0.333, "FTM": 1, "FTA": 1, "FT_PCT": 1.0, "OREB": 0, "DREB": 3, "REB": 3, "AST": 7, "STL": 0, "BLK": 0, "TOV": 0, "PF": 3, "PTS": 10, "PLUS_MINUS": -5, "VIDEO_AVAILABLE": 1}, {"SEASON_ID": "22018", "Player_ID": 203121, "Game_ID": "0021800983", "GAME_DATE": "MAR 08, 2019", "MATCHUP": "NOP vs. TOR", "WL": "L", "MIN": 20, "FGM": 4, "FGA": 9, "FG_PCT": 0.444, "FG3M": 1, "FG3A": 5, "FG3_PCT": 0.2, "FTM": 1, "FTA": 3, "FT_PCT": 0.333, "OREB": 0, "DREB": 1, "REB": 1, "AST": 2, "STL": 0, "BLK": 0, "TOV": 0, "PF": 1, "PTS": 10, "PLUS_MINUS": -9, "VIDEO_AVAILABLE": 1}, {"SEASON_ID": "22018", "Player_ID": 203121, "Game_ID": "0021800971", "GAME_DATE": "MAR 06, 2019", "MATCHUP": "NOP vs. UTA", "WL": "L", "MIN": 26, "FGM": 2, "FGA": 5, "FG_PCT": 0.4, "FG3M": 1, "FG3A": 2, "FG3_PCT": 0.5, "FTM": 3, "FTA": 4, "FT_PCT": 0.75, "OREB": 0, "DREB": 0, "REB": 0, "AST": 1, "STL": 0, "BLK": 0, "TOV": 1, "PF": 3, "PTS": 8, "PLUS_MINUS": 9, "VIDEO_AVAILABLE": 1}, {"SEASON_ID": "22018", "Player_ID": 203121, "Game_ID": "0021800956", "GAME_DATE": "MAR 04, 2019", "MATCHUP": "NOP @ UTA", "WL": "W", "MIN": 25, "FGM": 3, "FGA": 6, "FG_PCT": 0.5, "FG3M": 1, "FG3A": 4, "FG3_PCT": 0.25, "FTM": 0, "FTA": 0, "FT_PCT": 0.0, "OREB": 2, "DREB": 2, "REB": 4, "AST": 2, "STL": 0, "BLK": 0, "TOV": 0, "PF": 2, "PTS": 7, "PLUS_MINUS": 0, "VIDEO_AVAILABLE": 1}, {"SEASON_ID": "22018", "Player_ID": 203121, "Game_ID": "0021800941", "GAME_DATE": "MAR 02, 2019", "MATCHUP": "NOP @ DEN", "WL": "W", "MIN": 27, "FGM": 2, "FGA": 5, "FG_PCT": 0.4, "FG3M": 2, "FG3A": 4, "FG3_PCT": 0.5, "FTM": 4, "FTA": 4, "FT_PCT": 1.0, "OREB": 0, "DREB": 1, "REB": 1, "AST": 3, "STL": 1, "BLK": 0, "TOV": 1, "PF": 4, "PTS": 10, "PLUS_MINUS": 16, "VIDEO_AVAILABLE": 1}, {"SEASON_ID": "22018", "Player_ID": 203121, "Game_ID": "0021800932", "GAME_DATE": "MAR 01, 2019", "MATCHUP": "NOP @ PHX", "WL": "W", "MIN": 22, "FGM": 3, "FGA": 7, "FG_PCT": 0.429, "FG3M": 2, "FG3A": 6, "FG3_PCT": 0.333, "FTM": 0, "FTA": 0, "FT_PCT": 0.0, "OREB": 0, "DREB": 0, "REB": 0, "AST": 4, "STL": 1, "BLK": 0, "TOV": 1, "PF": 1, "PTS": 8, "PLUS_MINUS": 9, "VIDEO_AVAILABLE": 1}, {"SEASON_ID": "22018", "Player_ID": 203121, "Game_ID": "0021800921", "GAME_DATE": "FEB 27, 2019", "MATCHUP": "NOP @ LAL", "WL": "L", "MIN": 25, "FGM": 3, "FGA": 9, "FG_PCT": 0.333, "FG3M": 3, "FG3A": 9, "FG3_PCT": 0.333, "FTM": 2, "FTA": 3, "FT_PCT": 0.667, "OREB": 0, "DREB": 3, "REB": 3, "AST": 3, "STL": 1, "BLK": 1, "TOV": 2, "PF": 3, "PTS": 11, "PLUS_MINUS": -8, "VIDEO_AVAILABLE": 1}, {"SEASON_ID": "22018", "Player_ID": 203121, "Game_ID": "0021800866", "GAME_DATE": "FEB 14, 2019", "MATCHUP": "NOP vs. OKC", "WL": "W", "MIN": 35, "FGM": 3, "FGA": 7, "FG_PCT": 0.429, "FG3M": 2, "FG3A": 5, "FG3_PCT": 0.4, "FTM": 0, "FTA": 0, "FT_PCT": 0.0, "OREB": 1, "DREB": 3, "REB": 4, "AST": 5, "STL": 1, "BLK": 0, "TOV": 0, "PF": 4, "PTS": 8, "PLUS_MINUS": 19, "VIDEO_AVAILABLE": 1}, {"SEASON_ID": "22018", "Player_ID": 203121, "Game_ID": "0021800851", "GAME_DATE": "FEB 12, 2019", "MATCHUP": "NOP vs. ORL", "WL": "L", "MIN": 21, "FGM": 3, "FGA": 11, "FG_PCT": 0.273, "FG3M": 3, "FG3A": 9, "FG3_PCT": 0.333, "FTM": 0, "FTA": 0, "FT_PCT": 0.0, "OREB": 0, "DREB": 2, "REB": 2, "AST": 2, "STL": 0, "BLK": 1, "TOV": 0, "PF": 1, "PTS": 9, "PLUS_MINUS": -7, "VIDEO_AVAILABLE": 1}, {"SEASON_ID": "22018", "Player_ID": 203121, "Game_ID": "0021800831", "GAME_DATE": "FEB 09, 2019", "MATCHUP": "NOP @ MEM", "WL": "L", "MIN": 20, "FGM": 3, "FGA": 10, "FG_PCT": 0.3, "FG3M": 2, "FG3A": 8, "FG3_PCT": 0.25, "FTM": 0, "FTA": 0, "FT_PCT": 0.0, "OREB": 0, "DREB": 0, "REB": 0, "AST": 2, "STL": 0, "BLK": 0, "TOV": 0, "PF": 1, "PTS": 8, "PLUS_MINUS": 6, "VIDEO_AVAILABLE": 1}, {"SEASON_ID": "22018", "Player_ID": 203121, "Game_ID": "0021800823", "GAME_DATE": "FEB 08, 2019", "MATCHUP": "NOP vs. MIN", "WL": "W", "MIN": 30, "FGM": 2, "FGA": 10, "FG_PCT": 0.2, "FG3M": 1, "FG3A": 6, "FG3_PCT": 0.167, "FTM": 0, "FTA": 0, "FT_PCT": 0.0, "OREB": 0, "DREB": 2, "REB": 2, "AST": 3, "STL": 0, "BLK": 0, "TOV": 0, "PF": 3, "PTS": 5, "PLUS_MINUS": 19, "VIDEO_AVAILABLE": 1}, {"SEASON_ID": "22018", "Player_ID": 203121, "Game_ID": "0021800805", "GAME_DATE": "FEB 06, 2019", "MATCHUP": "NOP @ CHI", "WL": "W", "MIN": 30, "FGM": 4, "FGA": 7, "FG_PCT": 0.571, "FG3M": 4, "FG3A": 6, "FG3_PCT": 0.667, "FTM": 0, "FTA": 0, "FT_PCT": 0.0, "OREB": 0, "DREB": 1, "REB": 1, "AST": 4, "STL": 0, "BLK": 1, "TOV": 1, "PF": 3, "PTS": 12, "PLUS_MINUS": -1, "VIDEO_AVAILABLE": 1}, {"SEASON_ID": "22018", "Player_ID": 203121, "Game_ID": "0021800793", "GAME_DATE": "FEB 04, 2019", "MATCHUP": "NOP vs. IND", "WL": "L", "MIN": 37, "FGM": 5, "FGA": 13, "FG_PCT": 0.385, "FG3M": 4, "FG3A": 11, "FG3_PCT": 0.364, "FTM": 2, "FTA": 3, "FT_PCT": 0.667, "OREB": 1, "DREB": 3, "REB": 4, "AST": 2, "STL": 0, "BLK": 0, "TOV": 2, "PF": 3, "PTS": 16, "PLUS_MINUS": -7, "VIDEO_AVAILABLE": 1}, {"SEASON_ID": "22018", "Player_ID": 203121, "Game_ID": "0021800779", "GAME_DATE": "FEB 02, 2019", "MATCHUP": "NOP @ SAS", "WL": "L", "MIN": 34, "FGM": 4, "FGA": 12, "FG_PCT": 0.333, "FG3M": 2, "FG3A": 8, "FG3_PCT": 0.25, "FTM": 1, "FTA": 1, "FT_PCT": 1.0, "OREB": 0, "DREB": 2, "REB": 2, "AST": 1, "STL": 1, "BLK": 0, "TOV": 1, "PF": 1, "PTS": 11, "PLUS_MINUS": -17, "VIDEO_AVAILABLE": 1}, {"SEASON_ID": "22018", "Player_ID": 203121, "Game_ID": "0021800761", "GAME_DATE": "JAN 30, 2019", "MATCHUP": "NOP vs. DEN", "WL": "L", "MIN": 37, "FGM": 4, "FGA": 13, "FG_PCT": 0.308, "FG3M": 4, "FG3A": 10, "FG3_PCT": 0.4, "FTM": 3, "FTA": 3, "FT_PCT": 1.0, "OREB": 0, "DREB": 6, "REB": 6, "AST": 5, "STL": 2, "BLK": 0, "TOV": 1, "PF": 3, "PTS": 15, "PLUS_MINUS": -1, "VIDEO_AVAILABLE": 1}, {"SEASON_ID": "22018", "Player_ID": 203121, "Game_ID": "0021800753", "GAME_DATE": "JAN 29, 2019", "MATCHUP": "NOP @ HOU", "WL": "W", "MIN": 40, "FGM": 5, "FGA": 13, "FG_PCT": 0.385, "FG3M": 3, "FG3A": 11, "FG3_PCT": 0.273, "FTM": 1, "FTA": 1, "FT_PCT": 1.0, "OREB": 0, "DREB": 1, "REB": 1, "AST": 4, "STL": 3, "BLK": 0, "TOV": 0, "PF": 3, "PTS": 14, "PLUS_MINUS": 11, "VIDEO_AVAILABLE": 1}, {"SEASON_ID": "22018", "Player_ID": 203121, "Game_ID": "0021800730", "GAME_DATE": "JAN 26, 2019", "MATCHUP": "NOP vs. SAS", "WL": "L", "MIN": 26, "FGM": 3, "FGA": 10, "FG_PCT": 0.3, "FG3M": 2, "FG3A": 7, "FG3_PCT": 0.286, "FTM": 3, "FTA": 3, "FT_PCT": 1.0, "OREB": 0, "DREB": 2, "REB": 2, "AST": 3, "STL": 1, "BLK": 0, "TOV": 0, "PF": 3, "PTS": 11, "PLUS_MINUS": -4, "VIDEO_AVAILABLE": 1}, {"SEASON_ID": "22018", "Player_ID": 203121, "Game_ID": "0021800717", "GAME_DATE": "JAN 24, 2019", "MATCHUP": "NOP @ OKC", "WL": "L", "MIN": 38, "FGM": 8, "FGA": 17, "FG_PCT": 0.471, "FG3M": 5, "FG3A": 11, "FG3_PCT": 0.455, "FTM": 0, "FTA": 0, "FT_PCT": 0.0, "OREB": 0, "DREB": 7, "REB": 7, "AST": 2, "STL": 0, "BLK": 1, "TOV": 1, "PF": 2, "PTS": 21, "PLUS_MINUS": -15, "VIDEO_AVAILABLE": 1}, {"SEASON_ID": "22018", "Player_ID": 203121, "Game_ID": "0021800714", "GAME_DATE": "JAN 23, 2019", "MATCHUP": "NOP vs. DET", "WL": "L", "MIN": 30, "FGM": 3, "FGA": 10, "FG_PCT": 0.3, "FG3M": 3, "FG3A": 9, "FG3_PCT": 0.333, "FTM": 0, "FTA": 0, "FT_PCT": 0.0, "OREB": 0, "DREB": 2, "REB": 2, "AST": 0, "STL": 1, "BLK": 0, "TOV": 0, "PF": 3, "PTS": 9, "PLUS_MINUS": 0, "VIDEO_AVAILABLE": 1}, {"SEASON_ID": "22018", "Player_ID": 203121, "Game_ID": "0021800697", "GAME_DATE": "JAN 21, 2019", "MATCHUP": "NOP @ MEM", "WL": "W", "MIN": 28, "FGM": 1, "FGA": 4, "FG_PCT": 0.25, "FG3M": 1, "FG3A": 4, "FG3_PCT": 0.25, "FTM": 0, "FTA": 0, "FT_PCT": 0.0, "OREB": 0, "DREB": 1, "REB": 1, "AST": 0, "STL": 0, "BLK": 2, "TOV": 2, "PF": 0, "PTS": 3, "PLUS_MINUS": 15, "VIDEO_AVAILABLE": 1}, {"SEASON_ID": "22018", "Player_ID": 203121, "Game_ID": "0021800677", "GAME_DATE": "JAN 18, 2019", "MATCHUP": "NOP @ POR", "WL": "L", "MIN": 26, "FGM": 1, "FGA": 5, "FG_PCT": 0.2, "FG3M": 0, "FG3A": 2, "FG3_PCT": 0.0, "FTM": 3, "FTA": 4, "FT_PCT": 0.75, "OREB": 0, "DREB": 2, "REB": 2, "AST": 1, "STL": 0, "BLK": 1, "TOV": 0, "PF": 2, "PTS": 5, "PLUS_MINUS": 3, "VIDEO_AVAILABLE": 1}, {"SEASON_ID": "22018", "Player_ID": 203121, "Game_ID": "0021800663", "GAME_DATE": "JAN 16, 2019", "MATCHUP": "NOP @ GSW", "WL": "L", "MIN": 32, "FGM": 3, "FGA": 6, "FG_PCT": 0.5, "FG3M": 3, "FG3A": 5, "FG3_PCT": 0.6, "FTM": 0, "FTA": 0, "FT_PCT": 0.0, "OREB": 0, "DREB": 0, "REB": 0, "AST": 1, "STL": 1, "BLK": 0, "TOV": 1, "PF": 4, "PTS": 9, "PLUS_MINUS": -10, "VIDEO_AVAILABLE": 1}, {"SEASON_ID": "22018", "Player_ID": 203121, "Game_ID": "0021800650", "GAME_DATE": "JAN 14, 2019", "MATCHUP": "NOP @ LAC", "WL": "W", "MIN": 29, "FGM": 2, "FGA": 3, "FG_PCT": 0.667, "FG3M": 2, "FG3A": 3, "FG3_PCT": 0.667, "FTM": 0, "FTA": 0, "FT_PCT": 0.0, "OREB": 0, "DREB": 3, "REB": 3, "AST": 1, "STL": 0, "BLK": 4, "TOV": 0, "PF": 3, "PTS": 6, "PLUS_MINUS": -19, "VIDEO_AVAILABLE": 2}, {"SEASON_ID": "22018", "Player_ID": 203121, "Game_ID": "0021800633", "GAME_DATE": "JAN 12, 2019", "MATCHUP": "NOP @ MIN", "WL": "L", "MIN": 19, "FGM": 2, "FGA": 5, "FG_PCT": 0.4, "FG3M": 0, "FG3A": 1, "FG3_PCT": 0.0, "FTM": 0, "FTA": 0, "FT_PCT": 0.0, "OREB": 0, "DREB": 1, "REB": 1, "AST": 1, "STL": 0, "BLK": 1, "TOV": 2, "PF": 3, "PTS": 4, "PLUS_MINUS": 1, "VIDEO_AVAILABLE": 1}, {"SEASON_ID": "22018", "Player_ID": 203121, "Game_ID": "0021800612", "GAME_DATE": "JAN 09, 2019", "MATCHUP": "NOP vs. CLE", "WL": "W", "MIN": 36, "FGM": 3, "FGA": 8, "FG_PCT": 0.375, "FG3M": 2, "FG3A": 7, "FG3_PCT": 0.286, "FTM": 0, "FTA": 0, "FT_PCT": 0.0, "OREB": 0, "DREB": 2, "REB": 2, "AST": 3, "STL": 0, "BLK": 0, "TOV": 3, "PF": 4, "PTS": 8, "PLUS_MINUS": 28, "VIDEO_AVAILABLE": 1}, {"SEASON_ID": "22018", "Player_ID": 203121, "Game_ID": "0021800595", "GAME_DATE": "JAN 07, 2019", "MATCHUP": "NOP vs. MEM", "WL": "W", "MIN": 30, "FGM": 2, "FGA": 6, "FG_PCT": 0.333, "FG3M": 1, "FG3A": 4, "FG3_PCT": 0.25, "FTM": 2, "FTA": 3, "FT_PCT": 0.667, "OREB": 0, "DREB": 1, "REB": 1, "AST": 2, "STL": 1, "BLK": 1, "TOV": 0, "PF": 3, "PTS": 7, "PLUS_MINUS": 27, "VIDEO_AVAILABLE": 1}, {"SEASON_ID": "22018", "Player_ID": 203121, "Game_ID": "0021800579", "GAME_DATE": "JAN 05, 2019", "MATCHUP": "NOP @ CLE", "WL": "W", "MIN": 23, "FGM": 4, "FGA": 6, "FG_PCT": 0.667, "FG3M": 4, "FG3A": 5, "FG3_PCT": 0.8, "FTM": 2, "FTA": 3, "FT_PCT": 0.667, "OREB": 0, "DREB": 1, "REB": 1, "AST": 1, "STL": 1, "BLK": 0, "TOV": 1, "PF": 2, "PTS": 14, "PLUS_MINUS": 11, "VIDEO_AVAILABLE": 1}, {"SEASON_ID": "22018", "Player_ID": 203121, "Game_ID": "0021800557", "GAME_DATE": "JAN 02, 2019", "MATCHUP": "NOP @ BKN", "WL": "L", "MIN": 29, "FGM": 1, "FGA": 4, "FG_PCT": 0.25, "FG3M": 1, "FG3A": 3, "FG3_PCT": 0.333, "FTM": 0, "FTA": 0, "FT_PCT": 0.0, "OREB": 0, "DREB": 3, "REB": 3, "AST": 0, "STL": 1, "BLK": 0, "TOV": 1, "PF": 5, "PTS": 3, "PLUS_MINUS": -10, "VIDEO_AVAILABLE": 1}, {"SEASON_ID": "22018", "Player_ID": 203121, "Game_ID": "0021800546", "GAME_DATE": "DEC 31, 2018", "MATCHUP": "NOP vs. MIN", "WL": "W", "MIN": 27, "FGM": 7, "FGA": 11, "FG_PCT": 0.636, "FG3M": 5, "FG3A": 8, "FG3_PCT": 0.625, "FTM": 2, "FTA": 2, "FT_PCT": 1.0, "OREB": 0, "DREB": 3, "REB": 3, "AST": 3, "STL": 0, "BLK": 1, "TOV": 0, "PF": 4, "PTS": 21, "PLUS_MINUS": 25, "VIDEO_AVAILABLE": 1}, {"SEASON_ID": "22018", "Player_ID": 203121, "Game_ID": "0021800523", "GAME_DATE": "DEC 28, 2018", "MATCHUP": "NOP vs. DAL", "WL": "W", "MIN": 10, "FGM": 0, "FGA": 2, "FG_PCT": 0.0, "FG3M": 0, "FG3A": 1, "FG3_PCT": 0.0, "FTM": 0, "FTA": 0, "FT_PCT": 0.0, "OREB": 0, "DREB": 1, "REB": 1, "AST": 0, "STL": 0, "BLK": 0, "TOV": 1, "PF": 2, "PTS": 0, "PLUS_MINUS": -13, "VIDEO_AVAILABLE": 1}, {"SEASON_ID": "22018", "Player_ID": 203121, "Game_ID": "0021800509", "GAME_DATE": "DEC 26, 2018", "MATCHUP": "NOP @ DAL", "WL": "L", "MIN": 32, "FGM": 2, "FGA": 5, "FG_PCT": 0.4, "FG3M": 2, "FG3A": 5, "FG3_PCT": 0.4, "FTM": 0, "FTA": 0, "FT_PCT": 0.0, "OREB": 1, "DREB": 1, "REB": 2, "AST": 3, "STL": 1, "BLK": 0, "TOV": 3, "PF": 5, "PTS": 6, "PLUS_MINUS": -3, "VIDEO_AVAILABLE": 1}, {"SEASON_ID": "22018", "Player_ID": 203121, "Game_ID": "0021800492", "GAME_DATE": "DEC 23, 2018", "MATCHUP": "NOP @ SAC", "WL": "L", "MIN": 35, "FGM": 2, "FGA": 9, "FG_PCT": 0.222, "FG3M": 1, "FG3A": 7, "FG3_PCT": 0.143, "FTM": 3, "FTA": 3, "FT_PCT": 1.0, "OREB": 1, "DREB": 2, "REB": 3, "AST": 2, "STL": 0, "BLK": 3, "TOV": 0, "PF": 6, "PTS": 8, "PLUS_MINUS": -14, "VIDEO_AVAILABLE": 1}, {"SEASON_ID": "22018", "Player_ID": 203121, "Game_ID": "0021800478", "GAME_DATE": "DEC 21, 2018", "MATCHUP": "NOP @ LAL", "WL": "L", "MIN": 32, "FGM": 4, "FGA": 10, "FG_PCT": 0.4, "FG3M": 3, "FG3A": 7, "FG3_PCT": 0.429, "FTM": 0, "FTA": 0, "FT_PCT": 0.0, "OREB": 0, "DREB": 3, "REB": 3, "AST": 4, "STL": 1, "BLK": 0, "TOV": 0, "PF": 2, "PTS": 11, "PLUS_MINUS": 14, "VIDEO_AVAILABLE": 1}, {"SEASON_ID": "22018", "Player_ID": 203121, "Game_ID": "0021800462", "GAME_DATE": "DEC 19, 2018", "MATCHUP": "NOP @ MIL", "WL": "L", "MIN": 37, "FGM": 7, "FGA": 15, "FG_PCT": 0.467, "FG3M": 6, "FG3A": 11, "FG3_PCT": 0.545, "FTM": 0, "FTA": 0, "FT_PCT": 0.0, "OREB": 0, "DREB": 2, "REB": 2, "AST": 2, "STL": 1, "BLK": 0, "TOV": 2, "PF": 4, "PTS": 20, "PLUS_MINUS": 5, "VIDEO_AVAILABLE": 1}, {"SEASON_ID": "22018", "Player_ID": 203121, "Game_ID": "0021800441", "GAME_DATE": "DEC 16, 2018", "MATCHUP": "NOP vs. MIA", "WL": "L", "MIN": 31, "FGM": 1, "FGA": 9, "FG_PCT": 0.111, "FG3M": 1, "FG3A": 8, "FG3_PCT": 0.125, "FTM": 0, "FTA": 0, "FT_PCT": 0.0, "OREB": 1, "DREB": 1, "REB": 2, "AST": 4, "STL": 1, "BLK": 0, "TOV": 1, "PF": 2, "PTS": 3, "PLUS_MINUS": 2, "VIDEO_AVAILABLE": 1}, {"SEASON_ID": "22018", "Player_ID": 203121, "Game_ID": "0021800411", "GAME_DATE": "DEC 12, 2018", "MATCHUP": "NOP vs. OKC", "WL": "W", "MIN": 24, "FGM": 4, "FGA": 6, "FG_PCT": 0.667, "FG3M": 1, "FG3A": 2, "FG3_PCT": 0.5, "FTM": 1, "FTA": 1, "FT_PCT": 1.0, "OREB": 0, "DREB": 2, "REB": 2, "AST": 2, "STL": 3, "BLK": 0, "TOV": 2, "PF": 2, "PTS": 10, "PLUS_MINUS": 1, "VIDEO_AVAILABLE": 1}, {"SEASON_ID": "22018", "Player_ID": 203121, "Game_ID": "0021800393", "GAME_DATE": "DEC 10, 2018", "MATCHUP": "NOP @ BOS", "WL": "L", "MIN": 27, "FGM": 2, "FGA": 4, "FG_PCT": 0.5, "FG3M": 2, "FG3A": 4, "FG3_PCT": 0.5, "FTM": 1, "FTA": 2, "FT_PCT": 0.5, "OREB": 0, "DREB": 2, "REB": 2, "AST": 1, "STL": 2, "BLK": 0, "TOV": 0, "PF": 3, "PTS": 7, "PLUS_MINUS": -5, "VIDEO_AVAILABLE": 1}, {"SEASON_ID": "22018", "Player_ID": 203121, "Game_ID": "0021800387", "GAME_DATE": "DEC 09, 2018", "MATCHUP": "NOP @ DET", "WL": "W", "MIN": 22, "FGM": 1, "FGA": 4, "FG_PCT": 0.25, "FG3M": 1, "FG3A": 3, "FG3_PCT": 0.333, "FTM": 3, "FTA": 3, "FT_PCT": 1.0, "OREB": 0, "DREB": 0, "REB": 0, "AST": 4, "STL": 0, "BLK": 0, "TOV": 1, "PF": 0, "PTS": 6, "PLUS_MINUS": -6, "VIDEO_AVAILABLE": 1}, {"SEASON_ID": "22018", "Player_ID": 203121, "Game_ID": "0021800374", "GAME_DATE": "DEC 07, 2018", "MATCHUP": "NOP vs. MEM", "WL": "L", "MIN": 20, "FGM": 1, "FGA": 5, "FG_PCT": 0.2, "FG3M": 1, "FG3A": 5, "FG3_PCT": 0.2, "FTM": 0, "FTA": 0, "FT_PCT": 0.0, "OREB": 0, "DREB": 3, "REB": 3, "AST": 0, "STL": 0, "BLK": 0, "TOV": 0, "PF": 4, "PTS": 3, "PLUS_MINUS": -7, "VIDEO_AVAILABLE": 1}, {"SEASON_ID": "22018", "Player_ID": 203121, "Game_ID": "0021800363", "GAME_DATE": "DEC 05, 2018", "MATCHUP": "NOP vs. DAL", "WL": "W", "MIN": 26, "FGM": 4, "FGA": 6, "FG_PCT": 0.667, "FG3M": 4, "FG3A": 6, "FG3_PCT": 0.667, "FTM": 0, "FTA": 0, "FT_PCT": 0.0, "OREB": 0, "DREB": 1, "REB": 1, "AST": 2, "STL": 1, "BLK": 0, "TOV": 1, "PF": 0, "PTS": 12, "PLUS_MINUS": 10, "VIDEO_AVAILABLE": 1}, {"SEASON_ID": "22018", "Player_ID": 203121, "Game_ID": "0021800349", "GAME_DATE": "DEC 03, 2018", "MATCHUP": "NOP vs. LAC", "WL": "L", "MIN": 25, "FGM": 4, "FGA": 8, "FG_PCT": 0.5, "FG3M": 3, "FG3A": 7, "FG3_PCT": 0.429, "FTM": 4, "FTA": 5, "FT_PCT": 0.8, "OREB": 0, "DREB": 1, "REB": 1, "AST": 2, "STL": 1, "BLK": 0, "TOV": 0, "PF": 1, "PTS": 15, "PLUS_MINUS": -8, "VIDEO_AVAILABLE": 1}, {"SEASON_ID": "22018", "Player_ID": 203121, "Game_ID": "0021800338", "GAME_DATE": "DEC 02, 2018", "MATCHUP": "NOP @ CHA", "WL": "W", "MIN": 24, "FGM": 4, "FGA": 7, "FG_PCT": 0.571, "FG3M": 2, "FG3A": 5, "FG3_PCT": 0.4, "FTM": 3, "FTA": 3, "FT_PCT": 1.0, "OREB": 0, "DREB": 0, "REB": 0, "AST": 0, "STL": 1, "BLK": 0, "TOV": 1, "PF": 2, "PTS": 13, "PLUS_MINUS": -1, "VIDEO_AVAILABLE": 1}, {"SEASON_ID": "22018", "Player_ID": 203121, "Game_ID": "0021800324", "GAME_DATE": "NOV 30, 2018", "MATCHUP": "NOP @ MIA", "WL": "L", "MIN": 8, "FGM": 0, "FGA": 2, "FG_PCT": 0.0, "FG3M": 0, "FG3A": 1, "FG3_PCT": 0.0, "FTM": 0, "FTA": 0, "FT_PCT": 0.0, "OREB": 0, "DREB": 1, "REB": 1, "AST": 0, "STL": 0, "BLK": 0, "TOV": 1, "PF": 2, "PTS": 0, "PLUS_MINUS": -6, "VIDEO_AVAILABLE": 1}, {"SEASON_ID": "22018", "Player_ID": 203121, "Game_ID": "0021800312", "GAME_DATE": "NOV 28, 2018", "MATCHUP": "NOP vs. WAS", "WL": "W", "MIN": 14, "FGM": 0, "FGA": 4, "FG_PCT": 0.0, "FG3M": 0, "FG3A": 3, "FG3_PCT": 0.0, "FTM": 0, "FTA": 0, "FT_PCT": 0.0, "OREB": 0, "DREB": 2, "REB": 2, "AST": 0, "STL": 2, "BLK": 0, "TOV": 1, "PF": 2, "PTS": 0, "PLUS_MINUS": 6, "VIDEO_AVAILABLE": 1}, {"SEASON_ID": "22018", "Player_ID": 203121, "Game_ID": "0021800298", "GAME_DATE": "NOV 26, 2018", "MATCHUP": "NOP vs. BOS", "WL": "L", "MIN": 30, "FGM": 4, "FGA": 11, "FG_PCT": 0.364, "FG3M": 3, "FG3A": 10, "FG3_PCT": 0.3, "FTM": 0, "FTA": 0, "FT_PCT": 0.0, "OREB": 0, "DREB": 0, "REB": 0, "AST": 2, "STL": 1, "BLK": 0, "TOV": 0, "PF": 4, "PTS": 11, "PLUS_MINUS": -10, "VIDEO_AVAILABLE": 1}, {"SEASON_ID": "22018", "Player_ID": 203121, "Game_ID": "0021800280", "GAME_DATE": "NOV 24, 2018", "MATCHUP": "NOP @ WAS", "WL": "L", "MIN": 31, "FGM": 4, "FGA": 8, "FG_PCT": 0.5, "FG3M": 2, "FG3A": 6, "FG3_PCT": 0.333, "FTM": 0, "FTA": 0, "FT_PCT": 0.0, "OREB": 0, "DREB": 2, "REB": 2, "AST": 0, "STL": 1, "BLK": 0, "TOV": 1, "PF": 3, "PTS": 10, "PLUS_MINUS": -7, "VIDEO_AVAILABLE": 1}, {"SEASON_ID": "22018", "Player_ID": 203121, "Game_ID": "0021800269", "GAME_DATE": "NOV 23, 2018", "MATCHUP": "NOP @ NYK", "WL": "L", "MIN": 25, "FGM": 2, "FGA": 5, "FG_PCT": 0.4, "FG3M": 0, "FG3A": 2, "FG3_PCT": 0.0, "FTM": 1, "FTA": 2, "FT_PCT": 0.5, "OREB": 1, "DREB": 1, "REB": 2, "AST": 5, "STL": 0, "BLK": 0, "TOV": 0, "PF": 3, "PTS": 5, "PLUS_MINUS": 2, "VIDEO_AVAILABLE": 1}, {"SEASON_ID": "22018", "Player_ID": 203121, "Game_ID": "0021800253", "GAME_DATE": "NOV 21, 2018", "MATCHUP": "NOP @ PHI", "WL": "L", "MIN": 17, "FGM": 2, "FGA": 4, "FG_PCT": 0.5, "FG3M": 2, "FG3A": 3, "FG3_PCT": 0.667, "FTM": 0, "FTA": 0, "FT_PCT": 0.0, "OREB": 1, "DREB": 1, "REB": 2, "AST": 0, "STL": 0, "BLK": 0, "TOV": 0, "PF": 0, "PTS": 6, "PLUS_MINUS": -1, "VIDEO_AVAILABLE": 1}, {"SEASON_ID": "22018", "Player_ID": 203121, "Game_ID": "0021800246", "GAME_DATE": "NOV 19, 2018", "MATCHUP": "NOP vs. SAS", "WL": "W", "MIN": 22, "FGM": 4, "FGA": 7, "FG_PCT": 0.571, "FG3M": 1, "FG3A": 3, "FG3_PCT": 0.333, "FTM": 0, "FTA": 0, "FT_PCT": 0.0, "OREB": 0, "DREB": 1, "REB": 1, "AST": 3, "STL": 0, "BLK": 1, "TOV": 1, "PF": 3, "PTS": 9, "PLUS_MINUS": 2, "VIDEO_AVAILABLE": 1}, {"SEASON_ID": "22018", "Player_ID": 203121, "Game_ID": "0021800228", "GAME_DATE": "NOV 17, 2018", "MATCHUP": "NOP vs. DEN", "WL": "W", "MIN": 23, "FGM": 1, "FGA": 3, "FG_PCT": 0.333, "FG3M": 1, "FG3A": 3, "FG3_PCT": 0.333, "FTM": 0, "FTA": 0, "FT_PCT": 0.0, "OREB": 0, "DREB": 0, "REB": 0, "AST": 0, "STL": 0, "BLK": 2, "TOV": 1, "PF": 2, "PTS": 3, "PLUS_MINUS": 3, "VIDEO_AVAILABLE": 1}, {"SEASON_ID": "22018", "Player_ID": 203121, "Game_ID": "0021800222", "GAME_DATE": "NOV 16, 2018", "MATCHUP": "NOP vs. NYK", "WL": "W", "MIN": 30, "FGM": 1, "FGA": 6, "FG_PCT": 0.167, "FG3M": 1, "FG3A": 6, "FG3_PCT": 0.167, "FTM": 0, "FTA": 0, "FT_PCT": 0.0, "OREB": 1, "DREB": 5, "REB": 6, "AST": 5, "STL": 0, "BLK": 1, "TOV": 0, "PF": 0, "PTS": 3, "PLUS_MINUS": 25, "VIDEO_AVAILABLE": 1}, {"SEASON_ID": "22018", "Player_ID": 203121, "Game_ID": "0021800208", "GAME_DATE": "NOV 14, 2018", "MATCHUP": "NOP @ MIN", "WL": "L", "MIN": 18, "FGM": 0, "FGA": 1, "FG_PCT": 0.0, "FG3M": 0, "FG3A": 1, "FG3_PCT": 0.0, "FTM": 0, "FTA": 0, "FT_PCT": 0.0, "OREB": 0, "DREB": 1, "REB": 1, "AST": 1, "STL": 1, "BLK": 0, "TOV": 1, "PF": 0, "PTS": 0, "PLUS_MINUS": -16, "VIDEO_AVAILABLE": 1}, {"SEASON_ID": "22018", "Player_ID": 203121, "Game_ID": "0021800192", "GAME_DATE": "NOV 12, 2018", "MATCHUP": "NOP @ TOR", "WL": "W", "MIN": 22, "FGM": 2, "FGA": 8, "FG_PCT": 0.25, "FG3M": 2, "FG3A": 7, "FG3_PCT": 0.286, "FTM": 0, "FTA": 0, "FT_PCT": 0.0, "OREB": 0, "DREB": 3, "REB": 3, "AST": 1, "STL": 0, "BLK": 1, "TOV": 2, "PF": 1, "PTS": 6, "PLUS_MINUS": 6, "VIDEO_AVAILABLE": 1}, {"SEASON_ID": "22018", "Player_ID": 203121, "Game_ID": "0021800176", "GAME_DATE": "NOV 10, 2018", "MATCHUP": "NOP vs. PHX", "WL": "W", "MIN": 22, "FGM": 3, "FGA": 5, "FG_PCT": 0.6, "FG3M": 3, "FG3A": 5, "FG3_PCT": 0.6, "FTM": 0, "FTA": 0, "FT_PCT": 0.0, "OREB": 0, "DREB": 0, "REB": 0, "AST": 1, "STL": 2, "BLK": 0, "TOV": 0, "PF": 4, "PTS": 9, "PLUS_MINUS": 8, "VIDEO_AVAILABLE": 1}, {"SEASON_ID": "22018", "Player_ID": 203121, "Game_ID": "0021800159", "GAME_DATE": "NOV 07, 2018", "MATCHUP": "NOP vs. CHI", "WL": "W", "MIN": 20, "FGM": 4, "FGA": 6, "FG_PCT": 0.667, "FG3M": 3, "FG3A": 4, "FG3_PCT": 0.75, "FTM": 0, "FTA": 0, "FT_PCT": 0.0, "OREB": 0, "DREB": 1, "REB": 1, "AST": 1, "STL": 1, "BLK": 0, "TOV": 0, "PF": 1, "PTS": 11, "PLUS_MINUS": -4, "VIDEO_AVAILABLE": 1}, {"SEASON_ID": "22018", "Player_ID": 203121, "Game_ID": "0021800144", "GAME_DATE": "NOV 05, 2018", "MATCHUP": "NOP @ OKC", "WL": "L", "MIN": 17, "FGM": 3, "FGA": 4, "FG_PCT": 0.75, "FG3M": 3, "FG3A": 4, "FG3_PCT": 0.75, "FTM": 0, "FTA": 0, "FT_PCT": 0.0, "OREB": 1, "DREB": 0, "REB": 1, "AST": 1, "STL": 0, "BLK": 0, "TOV": 2, "PF": 4, "PTS": 9, "PLUS_MINUS": 1, "VIDEO_AVAILABLE": 1}, {"SEASON_ID": "22018", "Player_ID": 203121, "Game_ID": "0021800130", "GAME_DATE": "NOV 03, 2018", "MATCHUP": "NOP @ SAS", "WL": "L", "MIN": 14, "FGM": 0, "FGA": 1, "FG_PCT": 0.0, "FG3M": 0, "FG3A": 1, "FG3_PCT": 0.0, "FTM": 0, "FTA": 0, "FT_PCT": 0.0, "OREB": 0, "DREB": 1, "REB": 1, "AST": 1, "STL": 0, "BLK": 0, "TOV": 0, "PF": 4, "PTS": 0, "PLUS_MINUS": -13, "VIDEO_AVAILABLE": 1}, {"SEASON_ID": "22018", "Player_ID": 203121, "Game_ID": "0021800072", "GAME_DATE": "OCT 26, 2018", "MATCHUP": "NOP vs. BKN", "WL": "W", "MIN": 4, "FGM": 1, "FGA": 3, "FG_PCT": 0.333, "FG3M": 1, "FG3A": 2, "FG3_PCT": 0.5, "FTM": 0, "FTA": 0, "FT_PCT": 0.0, "OREB": 0, "DREB": 1, "REB": 1, "AST": 2, "STL": 0, "BLK": 0, "TOV": 0, "PF": 1, "PTS": 3, "PLUS_MINUS": 1, "VIDEO_AVAILABLE": 1}, {"SEASON_ID": "22018", "Player_ID": 203121, "Game_ID": "0021800050", "GAME_DATE": "OCT 23, 2018", "MATCHUP": "NOP vs. LAC", "WL": "W", "MIN": 13, "FGM": 1, "FGA": 2, "FG_PCT": 0.5, "FG3M": 0, "FG3A": 1, "FG3_PCT": 0.0, "FTM": 0, "FTA": 0, "FT_PCT": 0.0, "OREB": 0, "DREB": 0, "REB": 0, "AST": 1, "STL": 0, "BLK": 0, "TOV": 0, "PF": 0, "PTS": 2, "PLUS_MINUS": -1, "VIDEO_AVAILABLE": 1}, {"SEASON_ID": "22018", "Player_ID": 203121, "Game_ID": "0021800022", "GAME_DATE": "OCT 19, 2018", "MATCHUP": "NOP vs. SAC", "WL": "W", "MIN": 23, "FGM": 3, "FGA": 7, "FG_PCT": 0.429, "FG3M": 3, "FG3A": 7, "FG3_PCT": 0.429, "FTM": 1, "FTA": 1, "FT_PCT": 1.0, "OREB": 0, "DREB": 1, "REB": 1, "AST": 2, "STL": 0, "BLK": 0, "TOV": 1, "PF": 3, "PTS": 10, "PLUS_MINUS": 9, "VIDEO_AVAILABLE": 1}, {"SEASON_ID": "22018", "Player_ID": 203121, "Game_ID": "0021800009", "GAME_DATE": "OCT 17, 2018", "MATCHUP": "NOP @ HOU", "WL": "W", "MIN": 20, "FGM": 0, "FGA": 2, "FG_PCT": 0.0, "FG3M": 0, "FG3A": 1, "FG3_PCT": 0.0, "FTM": 0, "FTA": 0, "FT_PCT": 0.0, "OREB": 0, "DREB": 0, "REB": 0, "AST": 1, "STL": 1, "BLK": 0, "TOV": 2, "PF": 2, "PTS": 0, "PLUS_MINUS": -5, "VIDEO_AVAILABLE": 1}]