{"firstName": "Darius", "lastName": "Miller", "temporaryDisplayName": "Miller, Darius", "personId": "203121", "teamId": "1610612740", "jersey": "21", "isActive": true, "pos": "F", "heightFeet": "6", "heightInches": "8", "heightMeters": "2.03", "weightPounds": "225", "weightKilograms": "102.1", "dateOfBirthUTC": "1990-03-21", "teamSitesOnly": {"playerCode": "darius_miller", "posFull": "Forward", "displayAffiliation": "Kentucky/USA", "freeAgentCode": ""}, "teams": [{"teamId": "1610612740", "seasonStart": "2012", "seasonEnd": "2019"}], "draft": {"teamId": "1610612740", "pickNum": "46", "roundNum": "2", "seasonYear": "2012"}, "nbaDebutYear": "2012", "yearsPro": "5", "collegeName": "Kentucky", "lastAffiliation": "Kentucky/USA", "country": "USA"}