[{"SEASON_ID": "22018", "Player_ID": 1627752, "Game_ID": "0021801220", "GAME_DATE": "APR 10, 2019", "MATCHUP": "ATL vs. IND", "WL": "L", "MIN": 34, "FGM": 8, "FGA": 17, "FG_PCT": 0.471, "FG3M": 5, "FG3A": 8, "FG3_PCT": 0.625, "FTM": 2, "FTA": 3, "FT_PCT": 0.667, "OREB": 0, "DREB": 5, "REB": 5, "AST": 2, "STL": 0, "BLK": 1, "TOV": 1, "PF": 2, "PTS": 23, "PLUS_MINUS": 9, "VIDEO_AVAILABLE": 1}, {"SEASON_ID": "22018", "Player_ID": 1627752, "Game_ID": "0021801202", "GAME_DATE": "APR 07, 2019", "MATCHUP": "ATL @ MIL", "WL": "L", "MIN": 27, "FGM": 4, "FGA": 16, "FG_PCT": 0.25, "FG3M": 2, "FG3A": 5, "FG3_PCT": 0.4, "FTM": 0, "FTA": 0, "FT_PCT": 0.0, "OREB": 1, "DREB": 2, "REB": 3, "AST": 2, "STL": 0, "BLK": 0, "TOV": 1, "PF": 5, "PTS": 10, "PLUS_MINUS": -10, "VIDEO_AVAILABLE": 1}, {"SEASON_ID": "22018", "Player_ID": 1627752, "Game_ID": "0021801181", "GAME_DATE": "APR 05, 2019", "MATCHUP": "ATL @ ORL", "WL": "L", "MIN": 26, "FGM": 5, "FGA": 11, "FG_PCT": 0.455, "FG3M": 1, "FG3A": 6, "FG3_PCT": 0.167, "FTM": 4, "FTA": 7, "FT_PCT": 0.571, "OREB": 0, "DREB": 1, "REB": 1, "AST": 1, "STL": 1, "BLK": 0, "TOV": 0, "PF": 1, "PTS": 15, "PLUS_MINUS": -35, "VIDEO_AVAILABLE": 1}, {"SEASON_ID": "22018", "Player_ID": 1627752, "Game_ID": "0021801168", "GAME_DATE": "APR 03, 2019", "MATCHUP": "ATL vs. PHI", "WL": "W", "MIN": 33, "FGM": 4, "FGA": 12, "FG_PCT": 0.333, "FG3M": 2, "FG3A": 9, "FG3_PCT": 0.222, "FTM": 3, "FTA": 4, "FT_PCT": 0.75, "OREB": 0, "DREB": 3, "REB": 3, "AST": 2, "STL": 1, "BLK": 0, "TOV": 0, "PF": 3, "PTS": 13, "PLUS_MINUS": 7, "VIDEO_AVAILABLE": 1}, {"SEASON_ID": "22018", "Player_ID": 1627752, "Game_ID": "0021801113", "GAME_DATE": "MAR 26, 2019", "MATCHUP": "ATL @ NOP", "WL": "W", "MIN": 33, "FGM": 2, "FGA": 5, "FG_PCT": 0.4, "FG3M": 1, "FG3A": 3, "FG3_PCT": 0.333, "FTM": 4, "FTA": 4, "FT_PCT": 1.0, "OREB": 0, "DREB": 2, "REB": 2, "AST": 5, "STL": 1, "BLK": 1, "TOV": 4, "PF": 2, "PTS": 9, "PLUS_MINUS": 18, "VIDEO_AVAILABLE": 1}, {"SEASON_ID": "22018", "Player_ID": 1627752, "Game_ID": "0021801088", "GAME_DATE": "MAR 23, 2019", "MATCHUP": "ATL vs. PHI", "WL": "W", "MIN": 31, "FGM": 8, "FGA": 15, "FG_PCT": 0.533, "FG3M": 4, "FG3A": 10, "FG3_PCT": 0.4, "FTM": 3, "FTA": 3, "FT_PCT": 1.0, "OREB": 0, "DREB": 5, "REB": 5, "AST": 3, "STL": 1, "BLK": 0, "TOV": 3, "PF": 0, "PTS": 23, "PLUS_MINUS": 17, "VIDEO_AVAILABLE": 1}, {"SEASON_ID": "22018", "Player_ID": 1627752, "Game_ID": "0021801076", "GAME_DATE": "MAR 21, 2019", "MATCHUP": "ATL vs. UTA", "WL": "W", "MIN": 32, "FGM": 5, "FGA": 8, "FG_PCT": 0.625, "FG3M": 3, "FG3A": 4, "FG3_PCT": 0.75, "FTM": 0, "FTA": 0, "FT_PCT": 0.0, "OREB": 0, "DREB": 3, "REB": 3, "AST": 2, "STL": 3, "BLK": 0, "TOV": 1, "PF": 1, "PTS": 13, "PLUS_MINUS": 1, "VIDEO_AVAILABLE": 1}, {"SEASON_ID": "22018", "Player_ID": 1627752, "Game_ID": "0021801060", "GAME_DATE": "MAR 19, 2019", "MATCHUP": "ATL vs. HOU", "WL": "L", "MIN": 27, "FGM": 6, "FGA": 10, "FG_PCT": 0.6, "FG3M": 4, "FG3A": 6, "FG3_PCT": 0.667, "FTM": 0, "FTA": 0, "FT_PCT": 0.0, "OREB": 0, "DREB": 2, "REB": 2, "AST": 2, "STL": 0, "BLK": 0, "TOV": 2, "PF": 4, "PTS": 16, "PLUS_MINUS": -13, "VIDEO_AVAILABLE": 1}, {"SEASON_ID": "22018", "Player_ID": 1627752, "Game_ID": "0021801046", "GAME_DATE": "MAR 17, 2019", "MATCHUP": "ATL @ ORL", "WL": "L", "MIN": 28, "FGM": 4, "FGA": 11, "FG_PCT": 0.364, "FG3M": 1, "FG3A": 5, "FG3_PCT": 0.2, "FTM": 0, "FTA": 0, "FT_PCT": 0.0, "OREB": 0, "DREB": 3, "REB": 3, "AST": 2, "STL": 1, "BLK": 0, "TOV": 5, "PF": 4, "PTS": 9, "PLUS_MINUS": -7, "VIDEO_AVAILABLE": 2}, {"SEASON_ID": "22018", "Player_ID": 1627752, "Game_ID": "0021801034", "GAME_DATE": "MAR 16, 2019", "MATCHUP": "ATL @ BOS", "WL": "L", "MIN": 31, "FGM": 5, "FGA": 13, "FG_PCT": 0.385, "FG3M": 3, "FG3A": 5, "FG3_PCT": 0.6, "FTM": 4, "FTA": 4, "FT_PCT": 1.0, "OREB": 0, "DREB": 4, "REB": 4, "AST": 2, "STL": 0, "BLK": 2, "TOV": 1, "PF": 3, "PTS": 17, "PLUS_MINUS": -17, "VIDEO_AVAILABLE": 2}, {"SEASON_ID": "22018", "Player_ID": 1627752, "Game_ID": "0021801016", "GAME_DATE": "MAR 13, 2019", "MATCHUP": "ATL vs. MEM", "WL": "W", "MIN": 25, "FGM": 6, "FGA": 11, "FG_PCT": 0.545, "FG3M": 3, "FG3A": 6, "FG3_PCT": 0.5, "FTM": 0, "FTA": 0, "FT_PCT": 0.0, "OREB": 0, "DREB": 3, "REB": 3, "AST": 3, "STL": 1, "BLK": 0, "TOV": 1, "PF": 3, "PTS": 15, "PLUS_MINUS": 21, "VIDEO_AVAILABLE": 1}, {"SEASON_ID": "22018", "Player_ID": 1627752, "Game_ID": "0021800995", "GAME_DATE": "MAR 10, 2019", "MATCHUP": "ATL vs. NOP", "WL": "W", "MIN": 31, "FGM": 5, "FGA": 7, "FG_PCT": 0.714, "FG3M": 1, "FG3A": 3, "FG3_PCT": 0.333, "FTM": 2, "FTA": 3, "FT_PCT": 0.667, "OREB": 0, "DREB": 4, "REB": 4, "AST": 5, "STL": 0, "BLK": 0, "TOV": 2, "PF": 1, "PTS": 13, "PLUS_MINUS": -4, "VIDEO_AVAILABLE": 1}, {"SEASON_ID": "22018", "Player_ID": 1627752, "Game_ID": "0021800987", "GAME_DATE": "MAR 09, 2019", "MATCHUP": "ATL vs. BKN", "WL": "L", "MIN": 29, "FGM": 5, "FGA": 11, "FG_PCT": 0.455, "FG3M": 3, "FG3A": 6, "FG3_PCT": 0.5, "FTM": 0, "FTA": 0, "FT_PCT": 0.0, "OREB": 1, "DREB": 2, "REB": 3, "AST": 4, "STL": 1, "BLK": 0, "TOV": 1, "PF": 5, "PTS": 13, "PLUS_MINUS": 10, "VIDEO_AVAILABLE": 1}, {"SEASON_ID": "22018", "Player_ID": 1627752, "Game_ID": "0021800968", "GAME_DATE": "MAR 06, 2019", "MATCHUP": "ATL vs. SAS", "WL": "L", "MIN": 19, "FGM": 3, "FGA": 6, "FG_PCT": 0.5, "FG3M": 2, "FG3A": 4, "FG3_PCT": 0.5, "FTM": 1, "FTA": 2, "FT_PCT": 0.5, "OREB": 0, "DREB": 5, "REB": 5, "AST": 1, "STL": 1, "BLK": 1, "TOV": 0, "PF": 0, "PTS": 9, "PLUS_MINUS": 4, "VIDEO_AVAILABLE": 1}, {"SEASON_ID": "22018", "Player_ID": 1627752, "Game_ID": "0021800928", "GAME_DATE": "MAR 01, 2019", "MATCHUP": "ATL vs. CHI", "WL": "L", "MIN": 37, "FGM": 7, "FGA": 10, "FG_PCT": 0.7, "FG3M": 3, "FG3A": 6, "FG3_PCT": 0.5, "FTM": 0, "FTA": 0, "FT_PCT": 0.0, "OREB": 2, "DREB": 1, "REB": 3, "AST": 4, "STL": 2, "BLK": 0, "TOV": 1, "PF": 6, "PTS": 17, "PLUS_MINUS": 1, "VIDEO_AVAILABLE": 1}, {"SEASON_ID": "22018", "Player_ID": 1627752, "Game_ID": "0021800912", "GAME_DATE": "FEB 27, 2019", "MATCHUP": "ATL vs. MIN", "WL": "W", "MIN": 26, "FGM": 2, "FGA": 9, "FG_PCT": 0.222, "FG3M": 0, "FG3A": 3, "FG3_PCT": 0.0, "FTM": 1, "FTA": 1, "FT_PCT": 1.0, "OREB": 0, "DREB": 3, "REB": 3, "AST": 3, "STL": 0, "BLK": 0, "TOV": 0, "PF": 1, "PTS": 5, "PLUS_MINUS": 14, "VIDEO_AVAILABLE": 1}, {"SEASON_ID": "22018", "Player_ID": 1627752, "Game_ID": "0021800883", "GAME_DATE": "FEB 23, 2019", "MATCHUP": "ATL vs. PHX", "WL": "W", "MIN": 33, "FGM": 6, "FGA": 15, "FG_PCT": 0.4, "FG3M": 2, "FG3A": 6, "FG3_PCT": 0.333, "FTM": 7, "FTA": 9, "FT_PCT": 0.778, "OREB": 1, "DREB": 7, "REB": 8, "AST": 4, "STL": 3, "BLK": 0, "TOV": 2, "PF": 3, "PTS": 21, "PLUS_MINUS": 14, "VIDEO_AVAILABLE": 1}, {"SEASON_ID": "22018", "Player_ID": 1627752, "Game_ID": "0021800877", "GAME_DATE": "FEB 22, 2019", "MATCHUP": "ATL vs. DET", "WL": "L", "MIN": 29, "FGM": 2, "FGA": 9, "FG_PCT": 0.222, "FG3M": 1, "FG3A": 5, "FG3_PCT": 0.2, "FTM": 2, "FTA": 2, "FT_PCT": 1.0, "OREB": 0, "DREB": 2, "REB": 2, "AST": 1, "STL": 0, "BLK": 0, "TOV": 2, "PF": 1, "PTS": 7, "PLUS_MINUS": -17, "VIDEO_AVAILABLE": 1}, {"SEASON_ID": "22018", "Player_ID": 1627752, "Game_ID": "0021800865", "GAME_DATE": "FEB 14, 2019", "MATCHUP": "ATL vs. NYK", "WL": "L", "MIN": 29, "FGM": 3, "FGA": 12, "FG_PCT": 0.25, "FG3M": 2, "FG3A": 9, "FG3_PCT": 0.222, "FTM": 2, "FTA": 2, "FT_PCT": 1.0, "OREB": 2, "DREB": 3, "REB": 5, "AST": 0, "STL": 1, "BLK": 0, "TOV": 3, "PF": 2, "PTS": 10, "PLUS_MINUS": -3, "VIDEO_AVAILABLE": 1}, {"SEASON_ID": "22018", "Player_ID": 1627752, "Game_ID": "0021800848", "GAME_DATE": "FEB 12, 2019", "MATCHUP": "ATL vs. LAL", "WL": "W", "MIN": 29, "FGM": 6, "FGA": 14, "FG_PCT": 0.429, "FG3M": 4, "FG3A": 9, "FG3_PCT": 0.444, "FTM": 1, "FTA": 1, "FT_PCT": 1.0, "OREB": 0, "DREB": 6, "REB": 6, "AST": 1, "STL": 0, "BLK": 1, "TOV": 0, "PF": 2, "PTS": 17, "PLUS_MINUS": 4, "VIDEO_AVAILABLE": 1}, {"SEASON_ID": "22018", "Player_ID": 1627752, "Game_ID": "0021800837", "GAME_DATE": "FEB 10, 2019", "MATCHUP": "ATL vs. ORL", "WL": "L", "MIN": 24, "FGM": 3, "FGA": 5, "FG_PCT": 0.6, "FG3M": 2, "FG3A": 3, "FG3_PCT": 0.667, "FTM": 0, "FTA": 0, "FT_PCT": 0.0, "OREB": 0, "DREB": 1, "REB": 1, "AST": 3, "STL": 1, "BLK": 2, "TOV": 1, "PF": 2, "PTS": 8, "PLUS_MINUS": -18, "VIDEO_AVAILABLE": 1}, {"SEASON_ID": "22018", "Player_ID": 1627752, "Game_ID": "0021800827", "GAME_DATE": "FEB 09, 2019", "MATCHUP": "ATL vs. CHA", "WL": "L", "MIN": 27, "FGM": 3, "FGA": 7, "FG_PCT": 0.429, "FG3M": 1, "FG3A": 4, "FG3_PCT": 0.25, "FTM": 0, "FTA": 0, "FT_PCT": 0.0, "OREB": 1, "DREB": 2, "REB": 3, "AST": 2, "STL": 0, "BLK": 0, "TOV": 4, "PF": 1, "PTS": 7, "PLUS_MINUS": -9, "VIDEO_AVAILABLE": 1}, {"SEASON_ID": "22018", "Player_ID": 1627752, "Game_ID": "0021800813", "GAME_DATE": "FEB 07, 2019", "MATCHUP": "ATL vs. TOR", "WL": "L", "MIN": 37, "FGM": 7, "FGA": 12, "FG_PCT": 0.583, "FG3M": 5, "FG3A": 8, "FG3_PCT": 0.625, "FTM": 0, "FTA": 0, "FT_PCT": 0.0, "OREB": 0, "DREB": 1, "REB": 1, "AST": 3, "STL": 1, "BLK": 0, "TOV": 1, "PF": 1, "PTS": 19, "PLUS_MINUS": -25, "VIDEO_AVAILABLE": 1}, {"SEASON_ID": "22018", "Player_ID": 1627752, "Game_ID": "0021800791", "GAME_DATE": "FEB 04, 2019", "MATCHUP": "ATL @ WAS", "WL": "W", "MIN": 26, "FGM": 7, "FGA": 10, "FG_PCT": 0.7, "FG3M": 5, "FG3A": 7, "FG3_PCT": 0.714, "FTM": 2, "FTA": 2, "FT_PCT": 1.0, "OREB": 0, "DREB": 2, "REB": 2, "AST": 2, "STL": 1, "BLK": 0, "TOV": 1, "PF": 0, "PTS": 21, "PLUS_MINUS": 5, "VIDEO_AVAILABLE": 1}, {"SEASON_ID": "22018", "Player_ID": 1627752, "Game_ID": "0021800784", "GAME_DATE": "FEB 02, 2019", "MATCHUP": "ATL @ PHX", "WL": "W", "MIN": 33, "FGM": 3, "FGA": 6, "FG_PCT": 0.5, "FG3M": 1, "FG3A": 2, "FG3_PCT": 0.5, "FTM": 2, "FTA": 2, "FT_PCT": 1.0, "OREB": 0, "DREB": 1, "REB": 1, "AST": 1, "STL": 3, "BLK": 0, "TOV": 0, "PF": 2, "PTS": 9, "PLUS_MINUS": -2, "VIDEO_AVAILABLE": 1}, {"SEASON_ID": "22018", "Player_ID": 1627752, "Game_ID": "0021800773", "GAME_DATE": "FEB 01, 2019", "MATCHUP": "ATL @ UTA", "WL": "L", "MIN": 23, "FGM": 3, "FGA": 6, "FG_PCT": 0.5, "FG3M": 1, "FG3A": 2, "FG3_PCT": 0.5, "FTM": 2, "FTA": 2, "FT_PCT": 1.0, "OREB": 1, "DREB": 1, "REB": 2, "AST": 1, "STL": 0, "BLK": 0, "TOV": 1, "PF": 5, "PTS": 9, "PLUS_MINUS": -3, "VIDEO_AVAILABLE": 1}, {"SEASON_ID": "22018", "Player_ID": 1627752, "Game_ID": "0021800762", "GAME_DATE": "JAN 30, 2019", "MATCHUP": "ATL @ SAC", "WL": "L", "MIN": 26, "FGM": 3, "FGA": 4, "FG_PCT": 0.75, "FG3M": 2, "FG3A": 3, "FG3_PCT": 0.667, "FTM": 3, "FTA": 4, "FT_PCT": 0.75, "OREB": 0, "DREB": 2, "REB": 2, "AST": 2, "STL": 0, "BLK": 0, "TOV": 2, "PF": 1, "PTS": 11, "PLUS_MINUS": -18, "VIDEO_AVAILABLE": 1}, {"SEASON_ID": "22018", "Player_ID": 1627752, "Game_ID": "0021800748", "GAME_DATE": "JAN 28, 2019", "MATCHUP": "ATL @ LAC", "WL": "W", "MIN": 30, "FGM": 3, "FGA": 9, "FG_PCT": 0.333, "FG3M": 0, "FG3A": 2, "FG3_PCT": 0.0, "FTM": 3, "FTA": 5, "FT_PCT": 0.6, "OREB": 1, "DREB": 1, "REB": 2, "AST": 0, "STL": 0, "BLK": 2, "TOV": 1, "PF": 5, "PTS": 9, "PLUS_MINUS": 3, "VIDEO_AVAILABLE": 1}, {"SEASON_ID": "22018", "Player_ID": 1627752, "Game_ID": "0021800734", "GAME_DATE": "JAN 26, 2019", "MATCHUP": "ATL @ POR", "WL": "L", "MIN": 36, "FGM": 5, "FGA": 14, "FG_PCT": 0.357, "FG3M": 1, "FG3A": 5, "FG3_PCT": 0.2, "FTM": 0, "FTA": 0, "FT_PCT": 0.0, "OREB": 2, "DREB": 4, "REB": 6, "AST": 2, "STL": 2, "BLK": 0, "TOV": 0, "PF": 3, "PTS": 11, "PLUS_MINUS": -5, "VIDEO_AVAILABLE": 1}, {"SEASON_ID": "22018", "Player_ID": 1627752, "Game_ID": "0021800712", "GAME_DATE": "JAN 23, 2019", "MATCHUP": "ATL @ CHI", "WL": "W", "MIN": 28, "FGM": 6, "FGA": 10, "FG_PCT": 0.6, "FG3M": 3, "FG3A": 7, "FG3_PCT": 0.429, "FTM": 0, "FTA": 0, "FT_PCT": 0.0, "OREB": 0, "DREB": 6, "REB": 6, "AST": 2, "STL": 1, "BLK": 1, "TOV": 1, "PF": 3, "PTS": 15, "PLUS_MINUS": 10, "VIDEO_AVAILABLE": 1}, {"SEASON_ID": "22018", "Player_ID": 1627752, "Game_ID": "0021800695", "GAME_DATE": "JAN 21, 2019", "MATCHUP": "ATL vs. ORL", "WL": "L", "MIN": 25, "FGM": 4, "FGA": 10, "FG_PCT": 0.4, "FG3M": 1, "FG3A": 5, "FG3_PCT": 0.2, "FTM": 0, "FTA": 0, "FT_PCT": 0.0, "OREB": 0, "DREB": 2, "REB": 2, "AST": 1, "STL": 0, "BLK": 0, "TOV": 0, "PF": 3, "PTS": 9, "PLUS_MINUS": -9, "VIDEO_AVAILABLE": 1}, {"SEASON_ID": "22018", "Player_ID": 1627752, "Game_ID": "0021800683", "GAME_DATE": "JAN 19, 2019", "MATCHUP": "ATL vs. BOS", "WL": "L", "MIN": 23, "FGM": 3, "FGA": 14, "FG_PCT": 0.214, "FG3M": 1, "FG3A": 8, "FG3_PCT": 0.125, "FTM": 2, "FTA": 2, "FT_PCT": 1.0, "OREB": 1, "DREB": 6, "REB": 7, "AST": 1, "STL": 2, "BLK": 1, "TOV": 1, "PF": 2, "PTS": 9, "PLUS_MINUS": -5, "VIDEO_AVAILABLE": 1}, {"SEASON_ID": "22018", "Player_ID": 1627752, "Game_ID": "0021800653", "GAME_DATE": "JAN 15, 2019", "MATCHUP": "ATL vs. OKC", "WL": "W", "MIN": 13, "FGM": 3, "FGA": 4, "FG_PCT": 0.75, "FG3M": 1, "FG3A": 1, "FG3_PCT": 1.0, "FTM": 0, "FTA": 0, "FT_PCT": 0.0, "OREB": 1, "DREB": 2, "REB": 3, "AST": 1, "STL": 1, "BLK": 0, "TOV": 2, "PF": 1, "PTS": 7, "PLUS_MINUS": -1, "VIDEO_AVAILABLE": 1}, {"SEASON_ID": "22018", "Player_ID": 1627752, "Game_ID": "0021800640", "GAME_DATE": "JAN 13, 2019", "MATCHUP": "ATL vs. MIL", "WL": "L", "MIN": 11, "FGM": 3, "FGA": 6, "FG_PCT": 0.5, "FG3M": 1, "FG3A": 1, "FG3_PCT": 1.0, "FTM": 0, "FTA": 0, "FT_PCT": 0.0, "OREB": 2, "DREB": 3, "REB": 5, "AST": 0, "STL": 0, "BLK": 0, "TOV": 1, "PF": 1, "PTS": 7, "PLUS_MINUS": -2, "VIDEO_AVAILABLE": 1}, {"SEASON_ID": "22018", "Player_ID": 1627752, "Game_ID": "0021800344", "GAME_DATE": "DEC 03, 2018", "MATCHUP": "ATL vs. GSW", "WL": "L", "MIN": 27, "FGM": 5, "FGA": 10, "FG_PCT": 0.5, "FG3M": 3, "FG3A": 6, "FG3_PCT": 0.5, "FTM": 1, "FTA": 1, "FT_PCT": 1.0, "OREB": 0, "DREB": 1, "REB": 1, "AST": 3, "STL": 1, "BLK": 0, "TOV": 2, "PF": 2, "PTS": 14, "PLUS_MINUS": -9, "VIDEO_AVAILABLE": 1}, {"SEASON_ID": "22018", "Player_ID": 1627752, "Game_ID": "0021800325", "GAME_DATE": "NOV 30, 2018", "MATCHUP": "ATL @ OKC", "WL": "L", "MIN": 34, "FGM": 6, "FGA": 12, "FG_PCT": 0.5, "FG3M": 2, "FG3A": 5, "FG3_PCT": 0.4, "FTM": 1, "FTA": 3, "FT_PCT": 0.333, "OREB": 0, "DREB": 3, "REB": 3, "AST": 2, "STL": 2, "BLK": 1, "TOV": 3, "PF": 1, "PTS": 15, "PLUS_MINUS": -6, "VIDEO_AVAILABLE": 1}, {"SEASON_ID": "22018", "Player_ID": 1627752, "Game_ID": "0021800306", "GAME_DATE": "NOV 28, 2018", "MATCHUP": "ATL @ CHA", "WL": "L", "MIN": 21, "FGM": 5, "FGA": 8, "FG_PCT": 0.625, "FG3M": 2, "FG3A": 4, "FG3_PCT": 0.5, "FTM": 0, "FTA": 0, "FT_PCT": 0.0, "OREB": 0, "DREB": 3, "REB": 3, "AST": 1, "STL": 1, "BLK": 1, "TOV": 1, "PF": 5, "PTS": 12, "PLUS_MINUS": -5, "VIDEO_AVAILABLE": 1}, {"SEASON_ID": "22018", "Player_ID": 1627752, "Game_ID": "0021800302", "GAME_DATE": "NOV 27, 2018", "MATCHUP": "ATL @ MIA", "WL": "W", "MIN": 32, "FGM": 6, "FGA": 11, "FG_PCT": 0.545, "FG3M": 3, "FG3A": 6, "FG3_PCT": 0.5, "FTM": 3, "FTA": 4, "FT_PCT": 0.75, "OREB": 1, "DREB": 4, "REB": 5, "AST": 1, "STL": 0, "BLK": 1, "TOV": 2, "PF": 4, "PTS": 18, "PLUS_MINUS": 2, "VIDEO_AVAILABLE": 1}, {"SEASON_ID": "22018", "Player_ID": 1627752, "Game_ID": "0021800288", "GAME_DATE": "NOV 25, 2018", "MATCHUP": "ATL vs. CHA", "WL": "W", "MIN": 33, "FGM": 5, "FGA": 13, "FG_PCT": 0.385, "FG3M": 3, "FG3A": 8, "FG3_PCT": 0.375, "FTM": 3, "FTA": 3, "FT_PCT": 1.0, "OREB": 0, "DREB": 1, "REB": 1, "AST": 0, "STL": 0, "BLK": 0, "TOV": 1, "PF": 2, "PTS": 16, "PLUS_MINUS": 2, "VIDEO_AVAILABLE": 1}, {"SEASON_ID": "22018", "Player_ID": 1627752, "Game_ID": "0021800268", "GAME_DATE": "NOV 23, 2018", "MATCHUP": "ATL vs. BOS", "WL": "L", "MIN": 18, "FGM": 0, "FGA": 7, "FG_PCT": 0.0, "FG3M": 0, "FG3A": 4, "FG3_PCT": 0.0, "FTM": 2, "FTA": 2, "FT_PCT": 1.0, "OREB": 0, "DREB": 2, "REB": 2, "AST": 1, "STL": 1, "BLK": 0, "TOV": 1, "PF": 4, "PTS": 2, "PLUS_MINUS": -24, "VIDEO_AVAILABLE": 1}, {"SEASON_ID": "22018", "Player_ID": 1627752, "Game_ID": "0021800254", "GAME_DATE": "NOV 21, 2018", "MATCHUP": "ATL vs. TOR", "WL": "L", "MIN": 25, "FGM": 3, "FGA": 11, "FG_PCT": 0.273, "FG3M": 2, "FG3A": 8, "FG3_PCT": 0.25, "FTM": 4, "FTA": 5, "FT_PCT": 0.8, "OREB": 0, "DREB": 0, "REB": 0, "AST": 3, "STL": 1, "BLK": 1, "TOV": 1, "PF": 1, "PTS": 12, "PLUS_MINUS": -19, "VIDEO_AVAILABLE": 1}, {"SEASON_ID": "22018", "Player_ID": 1627752, "Game_ID": "0021800243", "GAME_DATE": "NOV 19, 2018", "MATCHUP": "ATL vs. LAC", "WL": "L", "MIN": 32, "FGM": 8, "FGA": 15, "FG_PCT": 0.533, "FG3M": 3, "FG3A": 8, "FG3_PCT": 0.375, "FTM": 2, "FTA": 3, "FT_PCT": 0.667, "OREB": 2, "DREB": 2, "REB": 4, "AST": 0, "STL": 2, "BLK": 0, "TOV": 0, "PF": 2, "PTS": 21, "PLUS_MINUS": -6, "VIDEO_AVAILABLE": 1}, {"SEASON_ID": "22018", "Player_ID": 1627752, "Game_ID": "0021800201", "GAME_DATE": "NOV 13, 2018", "MATCHUP": "ATL @ GSW", "WL": "L", "MIN": 39, "FGM": 8, "FGA": 14, "FG_PCT": 0.571, "FG3M": 4, "FG3A": 7, "FG3_PCT": 0.571, "FTM": 2, "FTA": 2, "FT_PCT": 1.0, "OREB": 0, "DREB": 4, "REB": 4, "AST": 4, "STL": 0, "BLK": 0, "TOV": 2, "PF": 3, "PTS": 22, "PLUS_MINUS": -2, "VIDEO_AVAILABLE": 1}, {"SEASON_ID": "22018", "Player_ID": 1627752, "Game_ID": "0021800189", "GAME_DATE": "NOV 11, 2018", "MATCHUP": "ATL @ LAL", "WL": "L", "MIN": 35, "FGM": 9, "FGA": 13, "FG_PCT": 0.692, "FG3M": 5, "FG3A": 8, "FG3_PCT": 0.625, "FTM": 0, "FTA": 0, "FT_PCT": 0.0, "OREB": 1, "DREB": 6, "REB": 7, "AST": 1, "STL": 2, "BLK": 0, "TOV": 5, "PF": 2, "PTS": 23, "PLUS_MINUS": 0, "VIDEO_AVAILABLE": 1}, {"SEASON_ID": "22018", "Player_ID": 1627752, "Game_ID": "0021800169", "GAME_DATE": "NOV 09, 2018", "MATCHUP": "ATL vs. DET", "WL": "L", "MIN": 22, "FGM": 2, "FGA": 5, "FG_PCT": 0.4, "FG3M": 1, "FG3A": 3, "FG3_PCT": 0.333, "FTM": 1, "FTA": 1, "FT_PCT": 1.0, "OREB": 0, "DREB": 5, "REB": 5, "AST": 0, "STL": 2, "BLK": 0, "TOV": 2, "PF": 0, "PTS": 6, "PLUS_MINUS": -14, "VIDEO_AVAILABLE": 1}, {"SEASON_ID": "22018", "Player_ID": 1627752, "Game_ID": "0021800155", "GAME_DATE": "NOV 07, 2018", "MATCHUP": "ATL vs. NYK", "WL": "L", "MIN": 31, "FGM": 6, "FGA": 15, "FG_PCT": 0.4, "FG3M": 2, "FG3A": 10, "FG3_PCT": 0.2, "FTM": 2, "FTA": 4, "FT_PCT": 0.5, "OREB": 0, "DREB": 2, "REB": 2, "AST": 3, "STL": 0, "BLK": 1, "TOV": 2, "PF": 2, "PTS": 16, "PLUS_MINUS": -3, "VIDEO_AVAILABLE": 1}, {"SEASON_ID": "22018", "Player_ID": 1627752, "Game_ID": "0021800128", "GAME_DATE": "NOV 03, 2018", "MATCHUP": "ATL vs. MIA", "WL": "W", "MIN": 22, "FGM": 5, "FGA": 11, "FG_PCT": 0.455, "FG3M": 3, "FG3A": 8, "FG3_PCT": 0.375, "FTM": 2, "FTA": 3, "FT_PCT": 0.667, "OREB": 0, "DREB": 4, "REB": 4, "AST": 3, "STL": 1, "BLK": 0, "TOV": 1, "PF": 5, "PTS": 15, "PLUS_MINUS": -3, "VIDEO_AVAILABLE": 1}, {"SEASON_ID": "22018", "Player_ID": 1627752, "Game_ID": "0021800114", "GAME_DATE": "NOV 01, 2018", "MATCHUP": "ATL vs. SAC", "WL": "L", "MIN": 29, "FGM": 3, "FGA": 12, "FG_PCT": 0.25, "FG3M": 1, "FG3A": 7, "FG3_PCT": 0.143, "FTM": 0, "FTA": 0, "FT_PCT": 0.0, "OREB": 0, "DREB": 7, "REB": 7, "AST": 6, "STL": 2, "BLK": 0, "TOV": 4, "PF": 2, "PTS": 7, "PLUS_MINUS": -20, "VIDEO_AVAILABLE": 1}, {"SEASON_ID": "22018", "Player_ID": 1627752, "Game_ID": "0021800097", "GAME_DATE": "OCT 30, 2018", "MATCHUP": "ATL @ CLE", "WL": "L", "MIN": 26, "FGM": 3, "FGA": 12, "FG_PCT": 0.25, "FG3M": 1, "FG3A": 5, "FG3_PCT": 0.2, "FTM": 2, "FTA": 2, "FT_PCT": 1.0, "OREB": 0, "DREB": 4, "REB": 4, "AST": 2, "STL": 1, "BLK": 0, "TOV": 4, "PF": 6, "PTS": 9, "PLUS_MINUS": -20, "VIDEO_AVAILABLE": 1}, {"SEASON_ID": "22018", "Player_ID": 1627752, "Game_ID": "0021800088", "GAME_DATE": "OCT 29, 2018", "MATCHUP": "ATL @ PHI", "WL": "L", "MIN": 26, "FGM": 1, "FGA": 11, "FG_PCT": 0.091, "FG3M": 1, "FG3A": 6, "FG3_PCT": 0.167, "FTM": 2, "FTA": 2, "FT_PCT": 1.0, "OREB": 1, "DREB": 5, "REB": 6, "AST": 2, "STL": 1, "BLK": 0, "TOV": 3, "PF": 3, "PTS": 5, "PLUS_MINUS": -16, "VIDEO_AVAILABLE": 1}, {"SEASON_ID": "22018", "Player_ID": 1627752, "Game_ID": "0021800076", "GAME_DATE": "OCT 27, 2018", "MATCHUP": "ATL vs. CHI", "WL": "L", "MIN": 35, "FGM": 5, "FGA": 14, "FG_PCT": 0.357, "FG3M": 2, "FG3A": 5, "FG3_PCT": 0.4, "FTM": 4, "FTA": 4, "FT_PCT": 1.0, "OREB": 0, "DREB": 5, "REB": 5, "AST": 3, "STL": 2, "BLK": 1, "TOV": 6, "PF": 1, "PTS": 16, "PLUS_MINUS": -17, "VIDEO_AVAILABLE": 1}, {"SEASON_ID": "22018", "Player_ID": 1627752, "Game_ID": "0021800052", "GAME_DATE": "OCT 24, 2018", "MATCHUP": "ATL vs. DAL", "WL": "W", "MIN": 34, "FGM": 8, "FGA": 15, "FG_PCT": 0.533, "FG3M": 5, "FG3A": 9, "FG3_PCT": 0.556, "FTM": 3, "FTA": 4, "FT_PCT": 0.75, "OREB": 0, "DREB": 4, "REB": 4, "AST": 3, "STL": 0, "BLK": 0, "TOV": 2, "PF": 6, "PTS": 24, "PLUS_MINUS": 5, "VIDEO_AVAILABLE": 1}, {"SEASON_ID": "22018", "Player_ID": 1627752, "Game_ID": "0021800036", "GAME_DATE": "OCT 21, 2018", "MATCHUP": "ATL @ CLE", "WL": "W", "MIN": 26, "FGM": 5, "FGA": 16, "FG_PCT": 0.313, "FG3M": 1, "FG3A": 6, "FG3_PCT": 0.167, "FTM": 3, "FTA": 3, "FT_PCT": 1.0, "OREB": 1, "DREB": 5, "REB": 6, "AST": 1, "STL": 2, "BLK": 1, "TOV": 2, "PF": 3, "PTS": 14, "PLUS_MINUS": 7, "VIDEO_AVAILABLE": 1}, {"SEASON_ID": "22018", "Player_ID": 1627752, "Game_ID": "0021800020", "GAME_DATE": "OCT 19, 2018", "MATCHUP": "ATL @ MEM", "WL": "L", "MIN": 23, "FGM": 10, "FGA": 15, "FG_PCT": 0.667, "FG3M": 4, "FG3A": 9, "FG3_PCT": 0.444, "FTM": 4, "FTA": 4, "FT_PCT": 1.0, "OREB": 0, "DREB": 4, "REB": 4, "AST": 3, "STL": 3, "BLK": 0, "TOV": 4, "PF": 4, "PTS": 28, "PLUS_MINUS": -8, "VIDEO_AVAILABLE": 1}, {"SEASON_ID": "22018", "Player_ID": 1627752, "Game_ID": "0021800007", "GAME_DATE": "OCT 17, 2018", "MATCHUP": "ATL @ NYK", "WL": "L", "MIN": 32, "FGM": 7, "FGA": 15, "FG_PCT": 0.467, "FG3M": 3, "FG3A": 7, "FG3_PCT": 0.429, "FTM": 4, "FTA": 4, "FT_PCT": 1.0, "OREB": 0, "DREB": 6, "REB": 6, "AST": 6, "STL": 0, "BLK": 0, "TOV": 6, "PF": 4, "PTS": 21, "PLUS_MINUS": -23, "VIDEO_AVAILABLE": 1}, {"SEASON_ID": "22017", "Player_ID": 1627752, "Game_ID": "0021701214", "GAME_DATE": "APR 10, 2018", "MATCHUP": "ATL vs. PHI", "WL": "L", "MIN": 31, "FGM": 9, "FGA": 25, "FG_PCT": 0.36, "FG3M": 6, "FG3A": 18, "FG3_PCT": 0.333, "FTM": 3, "FTA": 4, "FT_PCT": 0.75, "OREB": 2, "DREB": 2, "REB": 4, "AST": 6, "STL": 1, "BLK": 0, "TOV": 3, "PF": 1, "PTS": 27, "PLUS_MINUS": 6, "VIDEO_AVAILABLE": 1}, {"SEASON_ID": "22017", "Player_ID": 1627752, "Game_ID": "0021701202", "GAME_DATE": "APR 08, 2018", "MATCHUP": "ATL @ BOS", "WL": "W", "MIN": 39, "FGM": 12, "FGA": 17, "FG_PCT": 0.706, "FG3M": 7, "FG3A": 8, "FG3_PCT": 0.875, "FTM": 2, "FTA": 2, "FT_PCT": 1.0, "OREB": 0, "DREB": 8, "REB": 8, "AST": 5, "STL": 1, "BLK": 1, "TOV": 5, "PF": 2, "PTS": 33, "PLUS_MINUS": 6, "VIDEO_AVAILABLE": 1}, {"SEASON_ID": "22017", "Player_ID": 1627752, "Game_ID": "0021701184", "GAME_DATE": "APR 06, 2018", "MATCHUP": "ATL @ WAS", "WL": "W", "MIN": 34, "FGM": 8, "FGA": 18, "FG_PCT": 0.444, "FG3M": 1, "FG3A": 7, "FG3_PCT": 0.143, "FTM": 6, "FTA": 6, "FT_PCT": 1.0, "OREB": 1, "DREB": 3, "REB": 4, "AST": 5, "STL": 2, "BLK": 0, "TOV": 2, "PF": 6, "PTS": 23, "PLUS_MINUS": -8, "VIDEO_AVAILABLE": 1}, {"SEASON_ID": "22017", "Player_ID": 1627752, "Game_ID": "0021701172", "GAME_DATE": "APR 04, 2018", "MATCHUP": "ATL vs. MIA", "WL": "L", "MIN": 24, "FGM": 8, "FGA": 14, "FG_PCT": 0.571, "FG3M": 3, "FG3A": 6, "FG3_PCT": 0.5, "FTM": 1, "FTA": 1, "FT_PCT": 1.0, "OREB": 0, "DREB": 1, "REB": 1, "AST": 4, "STL": 1, "BLK": 0, "TOV": 1, "PF": 2, "PTS": 20, "PLUS_MINUS": -12, "VIDEO_AVAILABLE": 1}, {"SEASON_ID": "22017", "Player_ID": 1627752, "Game_ID": "0021701158", "GAME_DATE": "APR 03, 2018", "MATCHUP": "ATL @ MIA", "WL": "L", "MIN": 10, "FGM": 2, "FGA": 5, "FG_PCT": 0.4, "FG3M": 0, "FG3A": 1, "FG3_PCT": 0.0, "FTM": 1, "FTA": 1, "FT_PCT": 1.0, "OREB": 0, "DREB": 2, "REB": 2, "AST": 0, "STL": 0, "BLK": 0, "TOV": 2, "PF": 0, "PTS": 5, "PLUS_MINUS": -5, "VIDEO_AVAILABLE": 1}, {"SEASON_ID": "22017", "Player_ID": 1627752, "Game_ID": "0021701147", "GAME_DATE": "APR 01, 2018", "MATCHUP": "ATL vs. ORL", "WL": "W", "MIN": 27, "FGM": 2, "FGA": 6, "FG_PCT": 0.333, "FG3M": 1, "FG3A": 3, "FG3_PCT": 0.333, "FTM": 0, "FTA": 0, "FT_PCT": 0.0, "OREB": 0, "DREB": 4, "REB": 4, "AST": 8, "STL": 0, "BLK": 0, "TOV": 4, "PF": 3, "PTS": 5, "PLUS_MINUS": -4, "VIDEO_AVAILABLE": 1}, {"SEASON_ID": "22017", "Player_ID": 1627752, "Game_ID": "0021701130", "GAME_DATE": "MAR 30, 2018", "MATCHUP": "ATL vs. PHI", "WL": "L", "MIN": 24, "FGM": 6, "FGA": 17, "FG_PCT": 0.353, "FG3M": 0, "FG3A": 6, "FG3_PCT": 0.0, "FTM": 0, "FTA": 0, "FT_PCT": 0.0, "OREB": 1, "DREB": 2, "REB": 3, "AST": 3, "STL": 3, "BLK": 0, "TOV": 3, "PF": 2, "PTS": 12, "PLUS_MINUS": -26, "VIDEO_AVAILABLE": 1}, {"SEASON_ID": "22017", "Player_ID": 1627752, "Game_ID": "0021701120", "GAME_DATE": "MAR 28, 2018", "MATCHUP": "ATL @ MIN", "WL": "L", "MIN": 34, "FGM": 7, "FGA": 14, "FG_PCT": 0.5, "FG3M": 4, "FG3A": 5, "FG3_PCT": 0.8, "FTM": 3, "FTA": 4, "FT_PCT": 0.75, "OREB": 0, "DREB": 4, "REB": 4, "AST": 7, "STL": 1, "BLK": 0, "TOV": 7, "PF": 1, "PTS": 21, "PLUS_MINUS": -4, "VIDEO_AVAILABLE": 1}, {"SEASON_ID": "22017", "Player_ID": 1627752, "Game_ID": "0021701101", "GAME_DATE": "MAR 25, 2018", "MATCHUP": "ATL @ HOU", "WL": "L", "MIN": 37, "FGM": 11, "FGA": 18, "FG_PCT": 0.611, "FG3M": 3, "FG3A": 8, "FG3_PCT": 0.375, "FTM": 3, "FTA": 3, "FT_PCT": 1.0, "OREB": 1, "DREB": 5, "REB": 6, "AST": 2, "STL": 2, "BLK": 0, "TOV": 3, "PF": 0, "PTS": 28, "PLUS_MINUS": -14, "VIDEO_AVAILABLE": 1}, {"SEASON_ID": "22017", "Player_ID": 1627752, "Game_ID": "0021701087", "GAME_DATE": "MAR 23, 2018", "MATCHUP": "ATL @ GSW", "WL": "L", "MIN": 32, "FGM": 6, "FGA": 18, "FG_PCT": 0.333, "FG3M": 4, "FG3A": 8, "FG3_PCT": 0.5, "FTM": 4, "FTA": 6, "FT_PCT": 0.667, "OREB": 0, "DREB": 4, "REB": 4, "AST": 2, "STL": 2, "BLK": 2, "TOV": 1, "PF": 4, "PTS": 20, "PLUS_MINUS": -6, "VIDEO_AVAILABLE": 1}, {"SEASON_ID": "22017", "Player_ID": 1627752, "Game_ID": "0021701077", "GAME_DATE": "MAR 22, 2018", "MATCHUP": "ATL @ SAC", "WL": "L", "MIN": 23, "FGM": 3, "FGA": 10, "FG_PCT": 0.3, "FG3M": 1, "FG3A": 5, "FG3_PCT": 0.2, "FTM": 0, "FTA": 0, "FT_PCT": 0.0, "OREB": 0, "DREB": 4, "REB": 4, "AST": 4, "STL": 1, "BLK": 0, "TOV": 0, "PF": 1, "PTS": 7, "PLUS_MINUS": 6, "VIDEO_AVAILABLE": 1}, {"SEASON_ID": "22017", "Player_ID": 1627752, "Game_ID": "0021701062", "GAME_DATE": "MAR 20, 2018", "MATCHUP": "ATL @ UTA", "WL": "W", "MIN": 37, "FGM": 3, "FGA": 13, "FG_PCT": 0.231, "FG3M": 0, "FG3A": 6, "FG3_PCT": 0.0, "FTM": 5, "FTA": 5, "FT_PCT": 1.0, "OREB": 0, "DREB": 3, "REB": 3, "AST": 2, "STL": 2, "BLK": 0, "TOV": 2, "PF": 4, "PTS": 11, "PLUS_MINUS": 9, "VIDEO_AVAILABLE": 1}, {"SEASON_ID": "22017", "Player_ID": 1627752, "Game_ID": "0021701041", "GAME_DATE": "MAR 17, 2018", "MATCHUP": "ATL @ MIL", "WL": "L", "MIN": 40, "FGM": 13, "FGA": 26, "FG_PCT": 0.5, "FG3M": 4, "FG3A": 13, "FG3_PCT": 0.308, "FTM": 8, "FTA": 8, "FT_PCT": 1.0, "OREB": 2, "DREB": 6, "REB": 8, "AST": 1, "STL": 0, "BLK": 2, "TOV": 4, "PF": 2, "PTS": 38, "PLUS_MINUS": -7, "VIDEO_AVAILABLE": 1}, {"SEASON_ID": "22017", "Player_ID": 1627752, "Game_ID": "0021701021", "GAME_DATE": "MAR 15, 2018", "MATCHUP": "ATL vs. CHA", "WL": "L", "MIN": 37, "FGM": 8, "FGA": 18, "FG_PCT": 0.444, "FG3M": 6, "FG3A": 12, "FG3_PCT": 0.5, "FTM": 0, "FTA": 0, "FT_PCT": 0.0, "OREB": 0, "DREB": 10, "REB": 10, "AST": 6, "STL": 0, "BLK": 0, "TOV": 3, "PF": 3, "PTS": 22, "PLUS_MINUS": -6, "VIDEO_AVAILABLE": 1}, {"SEASON_ID": "22017", "Player_ID": 1627752, "Game_ID": "0021701007", "GAME_DATE": "MAR 13, 2018", "MATCHUP": "ATL vs. OKC", "WL": "L", "MIN": 34, "FGM": 9, "FGA": 20, "FG_PCT": 0.45, "FG3M": 3, "FG3A": 8, "FG3_PCT": 0.375, "FTM": 4, "FTA": 4, "FT_PCT": 1.0, "OREB": 1, "DREB": 7, "REB": 8, "AST": 3, "STL": 1, "BLK": 2, "TOV": 2, "PF": 0, "PTS": 25, "PLUS_MINUS": -16, "VIDEO_AVAILABLE": 1}, {"SEASON_ID": "22017", "Player_ID": 1627752, "Game_ID": "0021700993", "GAME_DATE": "MAR 11, 2018", "MATCHUP": "ATL vs. CHI", "WL": "L", "MIN": 35, "FGM": 11, "FGA": 18, "FG_PCT": 0.611, "FG3M": 7, "FG3A": 13, "FG3_PCT": 0.538, "FTM": 9, "FTA": 10, "FT_PCT": 0.9, "OREB": 0, "DREB": 6, "REB": 6, "AST": 7, "STL": 1, "BLK": 0, "TOV": 2, "PF": 1, "PTS": 38, "PLUS_MINUS": 10, "VIDEO_AVAILABLE": 1}, {"SEASON_ID": "22017", "Player_ID": 1627752, "Game_ID": "0021700978", "GAME_DATE": "MAR 09, 2018", "MATCHUP": "ATL @ IND", "WL": "L", "MIN": 18, "FGM": 1, "FGA": 4, "FG_PCT": 0.25, "FG3M": 1, "FG3A": 2, "FG3_PCT": 0.5, "FTM": 0, "FTA": 0, "FT_PCT": 0.0, "OREB": 0, "DREB": 1, "REB": 1, "AST": 1, "STL": 0, "BLK": 1, "TOV": 1, "PF": 2, "PTS": 3, "PLUS_MINUS": -15, "VIDEO_AVAILABLE": 1}, {"SEASON_ID": "22017", "Player_ID": 1627752, "Game_ID": "0021700958", "GAME_DATE": "MAR 06, 2018", "MATCHUP": "ATL @ TOR", "WL": "L", "MIN": 29, "FGM": 3, "FGA": 6, "FG_PCT": 0.5, "FG3M": 2, "FG3A": 5, "FG3_PCT": 0.4, "FTM": 1, "FTA": 2, "FT_PCT": 0.5, "OREB": 0, "DREB": 8, "REB": 8, "AST": 3, "STL": 1, "BLK": 2, "TOV": 2, "PF": 0, "PTS": 9, "PLUS_MINUS": -2, "VIDEO_AVAILABLE": 1}, {"SEASON_ID": "22017", "Player_ID": 1627752, "Game_ID": "0021700943", "GAME_DATE": "MAR 04, 2018", "MATCHUP": "ATL vs. PHX", "WL": "W", "MIN": 31, "FGM": 8, "FGA": 16, "FG_PCT": 0.5, "FG3M": 6, "FG3A": 8, "FG3_PCT": 0.75, "FTM": 0, "FTA": 0, "FT_PCT": 0.0, "OREB": 1, "DREB": 4, "REB": 5, "AST": 2, "STL": 0, "BLK": 1, "TOV": 3, "PF": 1, "PTS": 22, "PLUS_MINUS": -1, "VIDEO_AVAILABLE": 1}, {"SEASON_ID": "22017", "Player_ID": 1627752, "Game_ID": "0021700928", "GAME_DATE": "MAR 02, 2018", "MATCHUP": "ATL vs. GSW", "WL": "L", "MIN": 31, "FGM": 5, "FGA": 17, "FG_PCT": 0.294, "FG3M": 5, "FG3A": 12, "FG3_PCT": 0.417, "FTM": 0, "FTA": 0, "FT_PCT": 0.0, "OREB": 0, "DREB": 3, "REB": 3, "AST": 1, "STL": 4, "BLK": 0, "TOV": 5, "PF": 3, "PTS": 15, "PLUS_MINUS": 9, "VIDEO_AVAILABLE": 1}, {"SEASON_ID": "22017", "Player_ID": 1627752, "Game_ID": "0021700915", "GAME_DATE": "FEB 28, 2018", "MATCHUP": "ATL vs. IND", "WL": "W", "MIN": 35, "FGM": 5, "FGA": 13, "FG_PCT": 0.385, "FG3M": 3, "FG3A": 5, "FG3_PCT": 0.6, "FTM": 2, "FTA": 2, "FT_PCT": 1.0, "OREB": 0, "DREB": 7, "REB": 7, "AST": 3, "STL": 2, "BLK": 1, "TOV": 2, "PF": 3, "PTS": 15, "PLUS_MINUS": 6, "VIDEO_AVAILABLE": 2}, {"SEASON_ID": "22017", "Player_ID": 1627752, "Game_ID": "0021700897", "GAME_DATE": "FEB 26, 2018", "MATCHUP": "ATL vs. LAL", "WL": "L", "MIN": 32, "FGM": 7, "FGA": 18, "FG_PCT": 0.389, "FG3M": 4, "FG3A": 11, "FG3_PCT": 0.364, "FTM": 6, "FTA": 7, "FT_PCT": 0.857, "OREB": 0, "DREB": 3, "REB": 3, "AST": 3, "STL": 3, "BLK": 0, "TOV": 1, "PF": 2, "PTS": 24, "PLUS_MINUS": -11, "VIDEO_AVAILABLE": 1}, {"SEASON_ID": "22017", "Player_ID": 1627752, "Game_ID": "0021700874", "GAME_DATE": "FEB 23, 2018", "MATCHUP": "ATL @ IND", "WL": "L", "MIN": 27, "FGM": 6, "FGA": 14, "FG_PCT": 0.429, "FG3M": 2, "FG3A": 7, "FG3_PCT": 0.286, "FTM": 0, "FTA": 0, "FT_PCT": 0.0, "OREB": 2, "DREB": 5, "REB": 7, "AST": 2, "STL": 3, "BLK": 0, "TOV": 6, "PF": 5, "PTS": 14, "PLUS_MINUS": -20, "VIDEO_AVAILABLE": 1}, {"SEASON_ID": "22017", "Player_ID": 1627752, "Game_ID": "0021700853", "GAME_DATE": "FEB 14, 2018", "MATCHUP": "ATL @ DET", "WL": "L", "MIN": 29, "FGM": 4, "FGA": 15, "FG_PCT": 0.267, "FG3M": 0, "FG3A": 6, "FG3_PCT": 0.0, "FTM": 6, "FTA": 7, "FT_PCT": 0.857, "OREB": 1, "DREB": 2, "REB": 3, "AST": 1, "STL": 1, "BLK": 0, "TOV": 1, "PF": 3, "PTS": 14, "PLUS_MINUS": -4, "VIDEO_AVAILABLE": 1}, {"SEASON_ID": "22017", "Player_ID": 1627752, "Game_ID": "0021700848", "GAME_DATE": "FEB 13, 2018", "MATCHUP": "ATL @ MIL", "WL": "L", "MIN": 30, "FGM": 4, "FGA": 12, "FG_PCT": 0.333, "FG3M": 1, "FG3A": 5, "FG3_PCT": 0.2, "FTM": 2, "FTA": 4, "FT_PCT": 0.5, "OREB": 0, "DREB": 1, "REB": 1, "AST": 2, "STL": 2, "BLK": 0, "TOV": 2, "PF": 1, "PTS": 11, "PLUS_MINUS": 0, "VIDEO_AVAILABLE": 1}, {"SEASON_ID": "22017", "Player_ID": 1627752, "Game_ID": "0021700834", "GAME_DATE": "FEB 11, 2018", "MATCHUP": "ATL vs. DET", "WL": "W", "MIN": 22, "FGM": 1, "FGA": 7, "FG_PCT": 0.143, "FG3M": 0, "FG3A": 5, "FG3_PCT": 0.0, "FTM": 0, "FTA": 0, "FT_PCT": 0.0, "OREB": 0, "DREB": 0, "REB": 0, "AST": 3, "STL": 0, "BLK": 0, "TOV": 3, "PF": 2, "PTS": 2, "PLUS_MINUS": -8, "VIDEO_AVAILABLE": 1}, {"SEASON_ID": "22017", "Player_ID": 1627752, "Game_ID": "0021700819", "GAME_DATE": "FEB 09, 2018", "MATCHUP": "ATL vs. CLE", "WL": "L", "MIN": 25, "FGM": 5, "FGA": 16, "FG_PCT": 0.313, "FG3M": 0, "FG3A": 9, "FG3_PCT": 0.0, "FTM": 5, "FTA": 5, "FT_PCT": 1.0, "OREB": 1, "DREB": 2, "REB": 3, "AST": 0, "STL": 0, "BLK": 0, "TOV": 1, "PF": 1, "PTS": 15, "PLUS_MINUS": -21, "VIDEO_AVAILABLE": 1}, {"SEASON_ID": "22017", "Player_ID": 1627752, "Game_ID": "0021700811", "GAME_DATE": "FEB 08, 2018", "MATCHUP": "ATL @ ORL", "WL": "L", "MIN": 31, "FGM": 7, "FGA": 12, "FG_PCT": 0.583, "FG3M": 4, "FG3A": 7, "FG3_PCT": 0.571, "FTM": 1, "FTA": 2, "FT_PCT": 0.5, "OREB": 0, "DREB": 1, "REB": 1, "AST": 5, "STL": 1, "BLK": 0, "TOV": 2, "PF": 1, "PTS": 19, "PLUS_MINUS": -7, "VIDEO_AVAILABLE": 1}, {"SEASON_ID": "22017", "Player_ID": 1627752, "Game_ID": "0021700799", "GAME_DATE": "FEB 06, 2018", "MATCHUP": "ATL vs. MEM", "WL": "W", "MIN": 26, "FGM": 1, "FGA": 8, "FG_PCT": 0.125, "FG3M": 0, "FG3A": 4, "FG3_PCT": 0.0, "FTM": 3, "FTA": 3, "FT_PCT": 1.0, "OREB": 1, "DREB": 1, "REB": 2, "AST": 3, "STL": 0, "BLK": 1, "TOV": 1, "PF": 0, "PTS": 5, "PLUS_MINUS": 11, "VIDEO_AVAILABLE": 1}, {"SEASON_ID": "22017", "Player_ID": 1627752, "Game_ID": "0021700786", "GAME_DATE": "FEB 04, 2018", "MATCHUP": "ATL @ NYK", "WL": "W", "MIN": 32, "FGM": 5, "FGA": 10, "FG_PCT": 0.5, "FG3M": 3, "FG3A": 5, "FG3_PCT": 0.6, "FTM": 0, "FTA": 0, "FT_PCT": 0.0, "OREB": 1, "DREB": 2, "REB": 3, "AST": 2, "STL": 0, "BLK": 0, "TOV": 4, "PF": 0, "PTS": 13, "PLUS_MINUS": -4, "VIDEO_AVAILABLE": 1}, {"SEASON_ID": "22017", "Player_ID": 1627752, "Game_ID": "0021700767", "GAME_DATE": "FEB 02, 2018", "MATCHUP": "ATL @ BOS", "WL": "L", "MIN": 31, "FGM": 9, "FGA": 17, "FG_PCT": 0.529, "FG3M": 5, "FG3A": 9, "FG3_PCT": 0.556, "FTM": 8, "FTA": 8, "FT_PCT": 1.0, "OREB": 1, "DREB": 7, "REB": 8, "AST": 2, "STL": 3, "BLK": 0, "TOV": 2, "PF": 1, "PTS": 31, "PLUS_MINUS": -17, "VIDEO_AVAILABLE": 1}, {"SEASON_ID": "22017", "Player_ID": 1627752, "Game_ID": "0021700755", "GAME_DATE": "JAN 31, 2018", "MATCHUP": "ATL vs. CHA", "WL": "L", "MIN": 25, "FGM": 0, "FGA": 2, "FG_PCT": 0.0, "FG3M": 0, "FG3A": 2, "FG3_PCT": 0.0, "FTM": 0, "FTA": 0, "FT_PCT": 0.0, "OREB": 0, "DREB": 1, "REB": 1, "AST": 1, "STL": 1, "BLK": 0, "TOV": 1, "PF": 3, "PTS": 0, "PLUS_MINUS": -5, "VIDEO_AVAILABLE": 1}, {"SEASON_ID": "22017", "Player_ID": 1627752, "Game_ID": "0021700739", "GAME_DATE": "JAN 29, 2018", "MATCHUP": "ATL vs. MIN", "WL": "W", "MIN": 25, "FGM": 1, "FGA": 10, "FG_PCT": 0.1, "FG3M": 1, "FG3A": 6, "FG3_PCT": 0.167, "FTM": 0, "FTA": 0, "FT_PCT": 0.0, "OREB": 0, "DREB": 4, "REB": 4, "AST": 1, "STL": 0, "BLK": 0, "TOV": 1, "PF": 4, "PTS": 3, "PLUS_MINUS": -19, "VIDEO_AVAILABLE": 1}, {"SEASON_ID": "22017", "Player_ID": 1627752, "Game_ID": "0021700726", "GAME_DATE": "JAN 27, 2018", "MATCHUP": "ATL vs. WAS", "WL": "L", "MIN": 31, "FGM": 4, "FGA": 11, "FG_PCT": 0.364, "FG3M": 4, "FG3A": 10, "FG3_PCT": 0.4, "FTM": 2, "FTA": 2, "FT_PCT": 1.0, "OREB": 1, "DREB": 3, "REB": 4, "AST": 1, "STL": 0, "BLK": 0, "TOV": 2, "PF": 0, "PTS": 14, "PLUS_MINUS": -29, "VIDEO_AVAILABLE": 1}, {"SEASON_ID": "22017", "Player_ID": 1627752, "Game_ID": "0021700714", "GAME_DATE": "JAN 26, 2018", "MATCHUP": "ATL @ CHA", "WL": "L", "MIN": 31, "FGM": 6, "FGA": 13, "FG_PCT": 0.462, "FG3M": 3, "FG3A": 5, "FG3_PCT": 0.6, "FTM": 6, "FTA": 7, "FT_PCT": 0.857, "OREB": 0, "DREB": 4, "REB": 4, "AST": 1, "STL": 1, "BLK": 0, "TOV": 3, "PF": 4, "PTS": 21, "PLUS_MINUS": -16, "VIDEO_AVAILABLE": 1}, {"SEASON_ID": "22017", "Player_ID": 1627752, "Game_ID": "0021700705", "GAME_DATE": "JAN 24, 2018", "MATCHUP": "ATL vs. TOR", "WL": "L", "MIN": 13, "FGM": 1, "FGA": 3, "FG_PCT": 0.333, "FG3M": 0, "FG3A": 0, "FG3_PCT": 0.0, "FTM": 0, "FTA": 0, "FT_PCT": 0.0, "OREB": 0, "DREB": 2, "REB": 2, "AST": 0, "STL": 1, "BLK": 0, "TOV": 3, "PF": 2, "PTS": 2, "PLUS_MINUS": -7, "VIDEO_AVAILABLE": 1}, {"SEASON_ID": "22017", "Player_ID": 1627752, "Game_ID": "0021700688", "GAME_DATE": "JAN 22, 2018", "MATCHUP": "ATL vs. UTA", "WL": "W", "MIN": 25, "FGM": 6, "FGA": 11, "FG_PCT": 0.545, "FG3M": 2, "FG3A": 4, "FG3_PCT": 0.5, "FTM": 3, "FTA": 3, "FT_PCT": 1.0, "OREB": 0, "DREB": 1, "REB": 1, "AST": 3, "STL": 3, "BLK": 0, "TOV": 2, "PF": 3, "PTS": 17, "PLUS_MINUS": 20, "VIDEO_AVAILABLE": 1}, {"SEASON_ID": "22017", "Player_ID": 1627752, "Game_ID": "0021700675", "GAME_DATE": "JAN 20, 2018", "MATCHUP": "ATL vs. CHI", "WL": "L", "MIN": 19, "FGM": 3, "FGA": 6, "FG_PCT": 0.5, "FG3M": 1, "FG3A": 4, "FG3_PCT": 0.25, "FTM": 0, "FTA": 0, "FT_PCT": 0.0, "OREB": 0, "DREB": 1, "REB": 1, "AST": 1, "STL": 1, "BLK": 0, "TOV": 3, "PF": 5, "PTS": 7, "PLUS_MINUS": -20, "VIDEO_AVAILABLE": 1}, {"SEASON_ID": "22017", "Player_ID": 1627752, "Game_ID": "0021700654", "GAME_DATE": "JAN 17, 2018", "MATCHUP": "ATL vs. NOP", "WL": "W", "MIN": 36, "FGM": 3, "FGA": 9, "FG_PCT": 0.333, "FG3M": 1, "FG3A": 6, "FG3_PCT": 0.167, "FTM": 0, "FTA": 0, "FT_PCT": 0.0, "OREB": 0, "DREB": 1, "REB": 1, "AST": 1, "STL": 0, "BLK": 1, "TOV": 1, "PF": 0, "PTS": 7, "PLUS_MINUS": -10, "VIDEO_AVAILABLE": 1}, {"SEASON_ID": "22017", "Player_ID": 1627752, "Game_ID": "0021700641", "GAME_DATE": "JAN 15, 2018", "MATCHUP": "ATL vs. SAS", "WL": "W", "MIN": 25, "FGM": 1, "FGA": 5, "FG_PCT": 0.2, "FG3M": 0, "FG3A": 2, "FG3_PCT": 0.0, "FTM": 0, "FTA": 0, "FT_PCT": 0.0, "OREB": 0, "DREB": 4, "REB": 4, "AST": 3, "STL": 0, "BLK": 0, "TOV": 2, "PF": 4, "PTS": 2, "PLUS_MINUS": -4, "VIDEO_AVAILABLE": 1}, {"SEASON_ID": "22017", "Player_ID": 1627752, "Game_ID": "0021700621", "GAME_DATE": "JAN 12, 2018", "MATCHUP": "ATL vs. BKN", "WL": "L", "MIN": 27, "FGM": 0, "FGA": 4, "FG_PCT": 0.0, "FG3M": 0, "FG3A": 3, "FG3_PCT": 0.0, "FTM": 1, "FTA": 2, "FT_PCT": 0.5, "OREB": 1, "DREB": 2, "REB": 3, "AST": 1, "STL": 1, "BLK": 1, "TOV": 2, "PF": 0, "PTS": 1, "PLUS_MINUS": -8, "VIDEO_AVAILABLE": 1}, {"SEASON_ID": "22017", "Player_ID": 1627752, "Game_ID": "0021700612", "GAME_DATE": "JAN 10, 2018", "MATCHUP": "ATL @ DEN", "WL": "W", "MIN": 35, "FGM": 6, "FGA": 13, "FG_PCT": 0.462, "FG3M": 4, "FG3A": 9, "FG3_PCT": 0.444, "FTM": 0, "FTA": 0, "FT_PCT": 0.0, "OREB": 0, "DREB": 5, "REB": 5, "AST": 3, "STL": 1, "BLK": 1, "TOV": 7, "PF": 2, "PTS": 16, "PLUS_MINUS": 13, "VIDEO_AVAILABLE": 1}, {"SEASON_ID": "22017", "Player_ID": 1627752, "Game_ID": "0021700598", "GAME_DATE": "JAN 08, 2018", "MATCHUP": "ATL @ LAC", "WL": "L", "MIN": 36, "FGM": 8, "FGA": 16, "FG_PCT": 0.5, "FG3M": 4, "FG3A": 8, "FG3_PCT": 0.5, "FTM": 0, "FTA": 0, "FT_PCT": 0.0, "OREB": 0, "DREB": 4, "REB": 4, "AST": 3, "STL": 1, "BLK": 2, "TOV": 2, "PF": 3, "PTS": 20, "PLUS_MINUS": -2, "VIDEO_AVAILABLE": 1}, {"SEASON_ID": "22017", "Player_ID": 1627752, "Game_ID": "0021700590", "GAME_DATE": "JAN 07, 2018", "MATCHUP": "ATL @ LAL", "WL": "L", "MIN": 25, "FGM": 2, "FGA": 7, "FG_PCT": 0.286, "FG3M": 0, "FG3A": 2, "FG3_PCT": 0.0, "FTM": 2, "FTA": 2, "FT_PCT": 1.0, "OREB": 1, "DREB": 6, "REB": 7, "AST": 2, "STL": 0, "BLK": 0, "TOV": 2, "PF": 4, "PTS": 6, "PLUS_MINUS": -2, "VIDEO_AVAILABLE": 1}, {"SEASON_ID": "22017", "Player_ID": 1627752, "Game_ID": "0021700576", "GAME_DATE": "JAN 05, 2018", "MATCHUP": "ATL @ POR", "WL": "L", "MIN": 25, "FGM": 4, "FGA": 11, "FG_PCT": 0.364, "FG3M": 1, "FG3A": 4, "FG3_PCT": 0.25, "FTM": 2, "FTA": 2, "FT_PCT": 1.0, "OREB": 1, "DREB": 7, "REB": 8, "AST": 2, "STL": 1, "BLK": 0, "TOV": 2, "PF": 3, "PTS": 11, "PLUS_MINUS": -3, "VIDEO_AVAILABLE": 1}, {"SEASON_ID": "22017", "Player_ID": 1627752, "Game_ID": "0021700551", "GAME_DATE": "JAN 02, 2018", "MATCHUP": "ATL @ PHX", "WL": "L", "MIN": 33, "FGM": 2, "FGA": 14, "FG_PCT": 0.143, "FG3M": 1, "FG3A": 7, "FG3_PCT": 0.143, "FTM": 4, "FTA": 4, "FT_PCT": 1.0, "OREB": 0, "DREB": 4, "REB": 4, "AST": 2, "STL": 1, "BLK": 1, "TOV": 1, "PF": 1, "PTS": 9, "PLUS_MINUS": 2, "VIDEO_AVAILABLE": 1}, {"SEASON_ID": "22017", "Player_ID": 1627752, "Game_ID": "0021700533", "GAME_DATE": "DEC 30, 2017", "MATCHUP": "ATL vs. POR", "WL": "W", "MIN": 31, "FGM": 4, "FGA": 8, "FG_PCT": 0.5, "FG3M": 4, "FG3A": 7, "FG3_PCT": 0.571, "FTM": 0, "FTA": 0, "FT_PCT": 0.0, "OREB": 0, "DREB": 10, "REB": 10, "AST": 5, "STL": 0, "BLK": 0, "TOV": 3, "PF": 0, "PTS": 12, "PLUS_MINUS": 12, "VIDEO_AVAILABLE": 1}, {"SEASON_ID": "22017", "Player_ID": 1627752, "Game_ID": "0021700522", "GAME_DATE": "DEC 29, 2017", "MATCHUP": "ATL @ TOR", "WL": "L", "MIN": 35, "FGM": 12, "FGA": 16, "FG_PCT": 0.75, "FG3M": 5, "FG3A": 6, "FG3_PCT": 0.833, "FTM": 1, "FTA": 2, "FT_PCT": 0.5, "OREB": 1, "DREB": 9, "REB": 10, "AST": 1, "STL": 0, "BLK": 2, "TOV": 0, "PF": 1, "PTS": 30, "PLUS_MINUS": -5, "VIDEO_AVAILABLE": 1}, {"SEASON_ID": "22017", "Player_ID": 1627752, "Game_ID": "0021700508", "GAME_DATE": "DEC 27, 2017", "MATCHUP": "ATL vs. WAS", "WL": "W", "MIN": 32, "FGM": 4, "FGA": 14, "FG_PCT": 0.286, "FG3M": 1, "FG3A": 7, "FG3_PCT": 0.143, "FTM": 2, "FTA": 2, "FT_PCT": 1.0, "OREB": 6, "DREB": 3, "REB": 9, "AST": 0, "STL": 1, "BLK": 2, "TOV": 1, "PF": 2, "PTS": 11, "PLUS_MINUS": -3, "VIDEO_AVAILABLE": 1}, {"SEASON_ID": "22017", "Player_ID": 1627752, "Game_ID": "0021700484", "GAME_DATE": "DEC 23, 2017", "MATCHUP": "ATL vs. DAL", "WL": "W", "MIN": 29, "FGM": 4, "FGA": 7, "FG_PCT": 0.571, "FG3M": 1, "FG3A": 2, "FG3_PCT": 0.5, "FTM": 1, "FTA": 1, "FT_PCT": 1.0, "OREB": 0, "DREB": 5, "REB": 5, "AST": 3, "STL": 1, "BLK": 0, "TOV": 6, "PF": 3, "PTS": 10, "PLUS_MINUS": 9, "VIDEO_AVAILABLE": 1}, {"SEASON_ID": "22017", "Player_ID": 1627752, "Game_ID": "0021700477", "GAME_DATE": "DEC 22, 2017", "MATCHUP": "ATL @ OKC", "WL": "L", "MIN": 34, "FGM": 3, "FGA": 11, "FG_PCT": 0.273, "FG3M": 1, "FG3A": 3, "FG3_PCT": 0.333, "FTM": 1, "FTA": 1, "FT_PCT": 1.0, "OREB": 0, "DREB": 3, "REB": 3, "AST": 3, "STL": 1, "BLK": 0, "TOV": 1, "PF": 3, "PTS": 8, "PLUS_MINUS": -8, "VIDEO_AVAILABLE": 1}, {"SEASON_ID": "22017", "Player_ID": 1627752, "Game_ID": "0021700455", "GAME_DATE": "DEC 20, 2017", "MATCHUP": "ATL vs. IND", "WL": "L", "MIN": 28, "FGM": 3, "FGA": 10, "FG_PCT": 0.3, "FG3M": 1, "FG3A": 6, "FG3_PCT": 0.167, "FTM": 1, "FTA": 2, "FT_PCT": 0.5, "OREB": 0, "DREB": 6, "REB": 6, "AST": 3, "STL": 0, "BLK": 1, "TOV": 2, "PF": 2, "PTS": 8, "PLUS_MINUS": -9, "VIDEO_AVAILABLE": 1}, {"SEASON_ID": "22017", "Player_ID": 1627752, "Game_ID": "0021700443", "GAME_DATE": "DEC 18, 2017", "MATCHUP": "ATL vs. MIA", "WL": "W", "MIN": 37, "FGM": 7, "FGA": 12, "FG_PCT": 0.583, "FG3M": 4, "FG3A": 7, "FG3_PCT": 0.571, "FTM": 6, "FTA": 6, "FT_PCT": 1.0, "OREB": 1, "DREB": 6, "REB": 7, "AST": 3, "STL": 0, "BLK": 3, "TOV": 1, "PF": 2, "PTS": 24, "PLUS_MINUS": 15, "VIDEO_AVAILABLE": 1}, {"SEASON_ID": "22017", "Player_ID": 1627752, "Game_ID": "0021700425", "GAME_DATE": "DEC 15, 2017", "MATCHUP": "ATL @ MEM", "WL": "L", "MIN": 36, "FGM": 6, "FGA": 14, "FG_PCT": 0.429, "FG3M": 5, "FG3A": 8, "FG3_PCT": 0.625, "FTM": 0, "FTA": 0, "FT_PCT": 0.0, "OREB": 1, "DREB": 3, "REB": 4, "AST": 1, "STL": 2, "BLK": 0, "TOV": 4, "PF": 3, "PTS": 17, "PLUS_MINUS": 10, "VIDEO_AVAILABLE": 2}, {"SEASON_ID": "22017", "Player_ID": 1627752, "Game_ID": "0021700413", "GAME_DATE": "DEC 14, 2017", "MATCHUP": "ATL vs. DET", "WL": "L", "MIN": 23, "FGM": 1, "FGA": 7, "FG_PCT": 0.143, "FG3M": 1, "FG3A": 5, "FG3_PCT": 0.2, "FTM": 1, "FTA": 2, "FT_PCT": 0.5, "OREB": 0, "DREB": 4, "REB": 4, "AST": 4, "STL": 0, "BLK": 0, "TOV": 2, "PF": 1, "PTS": 4, "PLUS_MINUS": -9, "VIDEO_AVAILABLE": 1}, {"SEASON_ID": "22017", "Player_ID": 1627752, "Game_ID": "0021700397", "GAME_DATE": "DEC 12, 2017", "MATCHUP": "ATL @ CLE", "WL": "L", "MIN": 30, "FGM": 8, "FGA": 10, "FG_PCT": 0.8, "FG3M": 2, "FG3A": 4, "FG3_PCT": 0.5, "FTM": 6, "FTA": 6, "FT_PCT": 1.0, "OREB": 0, "DREB": 7, "REB": 7, "AST": 6, "STL": 0, "BLK": 0, "TOV": 2, "PF": 3, "PTS": 24, "PLUS_MINUS": 4, "VIDEO_AVAILABLE": 1}, {"SEASON_ID": "22017", "Player_ID": 1627752, "Game_ID": "0021700390", "GAME_DATE": "DEC 10, 2017", "MATCHUP": "ATL @ NYK", "WL": "L", "MIN": 39, "FGM": 7, "FGA": 12, "FG_PCT": 0.583, "FG3M": 1, "FG3A": 3, "FG3_PCT": 0.333, "FTM": 2, "FTA": 2, "FT_PCT": 1.0, "OREB": 1, "DREB": 7, "REB": 8, "AST": 5, "STL": 0, "BLK": 0, "TOV": 3, "PF": 2, "PTS": 17, "PLUS_MINUS": 5, "VIDEO_AVAILABLE": 1}, {"SEASON_ID": "22017", "Player_ID": 1627752, "Game_ID": "0021700378", "GAME_DATE": "DEC 09, 2017", "MATCHUP": "ATL vs. ORL", "WL": "W", "MIN": 33, "FGM": 4, "FGA": 8, "FG_PCT": 0.5, "FG3M": 1, "FG3A": 4, "FG3_PCT": 0.25, "FTM": 1, "FTA": 2, "FT_PCT": 0.5, "OREB": 0, "DREB": 6, "REB": 6, "AST": 3, "STL": 0, "BLK": 3, "TOV": 1, "PF": 0, "PTS": 10, "PLUS_MINUS": 13, "VIDEO_AVAILABLE": 1}, {"SEASON_ID": "22017", "Player_ID": 1627752, "Game_ID": "0021700355", "GAME_DATE": "DEC 06, 2017", "MATCHUP": "ATL @ ORL", "WL": "L", "MIN": 36, "FGM": 6, "FGA": 8, "FG_PCT": 0.75, "FG3M": 3, "FG3A": 5, "FG3_PCT": 0.6, "FTM": 4, "FTA": 5, "FT_PCT": 0.8, "OREB": 0, "DREB": 6, "REB": 6, "AST": 1, "STL": 0, "BLK": 0, "TOV": 0, "PF": 1, "PTS": 19, "PLUS_MINUS": -13, "VIDEO_AVAILABLE": 1}, {"SEASON_ID": "22017", "Player_ID": 1627752, "Game_ID": "0021700342", "GAME_DATE": "DEC 04, 2017", "MATCHUP": "ATL vs. BKN", "WL": "L", "MIN": 28, "FGM": 2, "FGA": 9, "FG_PCT": 0.222, "FG3M": 1, "FG3A": 4, "FG3_PCT": 0.25, "FTM": 1, "FTA": 2, "FT_PCT": 0.5, "OREB": 0, "DREB": 6, "REB": 6, "AST": 2, "STL": 1, "BLK": 0, "TOV": 0, "PF": 1, "PTS": 6, "PLUS_MINUS": -18, "VIDEO_AVAILABLE": 1}, {"SEASON_ID": "22017", "Player_ID": 1627752, "Game_ID": "0021700328", "GAME_DATE": "DEC 02, 2017", "MATCHUP": "ATL @ BKN", "WL": "W", "MIN": 29, "FGM": 5, "FGA": 13, "FG_PCT": 0.385, "FG3M": 1, "FG3A": 3, "FG3_PCT": 0.333, "FTM": 0, "FTA": 0, "FT_PCT": 0.0, "OREB": 1, "DREB": 5, "REB": 6, "AST": 0, "STL": 2, "BLK": 1, "TOV": 2, "PF": 2, "PTS": 11, "PLUS_MINUS": -2, "VIDEO_AVAILABLE": 1}, {"SEASON_ID": "22017", "Player_ID": 1627752, "Game_ID": "0021700313", "GAME_DATE": "NOV 30, 2017", "MATCHUP": "ATL vs. CLE", "WL": "L", "MIN": 28, "FGM": 4, "FGA": 12, "FG_PCT": 0.333, "FG3M": 2, "FG3A": 5, "FG3_PCT": 0.4, "FTM": 2, "FTA": 2, "FT_PCT": 1.0, "OREB": 0, "DREB": 4, "REB": 4, "AST": 2, "STL": 0, "BLK": 0, "TOV": 1, "PF": 0, "PTS": 12, "PLUS_MINUS": -8, "VIDEO_AVAILABLE": 1}, {"SEASON_ID": "22017", "Player_ID": 1627752, "Game_ID": "0021700280", "GAME_DATE": "NOV 25, 2017", "MATCHUP": "ATL vs. TOR", "WL": "L", "MIN": 22, "FGM": 4, "FGA": 8, "FG_PCT": 0.5, "FG3M": 1, "FG3A": 2, "FG3_PCT": 0.5, "FTM": 1, "FTA": 1, "FT_PCT": 1.0, "OREB": 1, "DREB": 1, "REB": 2, "AST": 1, "STL": 0, "BLK": 0, "TOV": 0, "PF": 2, "PTS": 10, "PLUS_MINUS": -20, "VIDEO_AVAILABLE": 1}, {"SEASON_ID": "22017", "Player_ID": 1627752, "Game_ID": "0021700268", "GAME_DATE": "NOV 24, 2017", "MATCHUP": "ATL vs. NYK", "WL": "W", "MIN": 31, "FGM": 4, "FGA": 14, "FG_PCT": 0.286, "FG3M": 3, "FG3A": 6, "FG3_PCT": 0.5, "FTM": 2, "FTA": 2, "FT_PCT": 1.0, "OREB": 3, "DREB": 5, "REB": 8, "AST": 1, "STL": 0, "BLK": 1, "TOV": 1, "PF": 1, "PTS": 13, "PLUS_MINUS": 9, "VIDEO_AVAILABLE": 1}, {"SEASON_ID": "22017", "Player_ID": 1627752, "Game_ID": "0021700256", "GAME_DATE": "NOV 22, 2017", "MATCHUP": "ATL vs. LAC", "WL": "L", "MIN": 21, "FGM": 1, "FGA": 7, "FG_PCT": 0.143, "FG3M": 0, "FG3A": 3, "FG3_PCT": 0.0, "FTM": 0, "FTA": 0, "FT_PCT": 0.0, "OREB": 0, "DREB": 1, "REB": 1, "AST": 3, "STL": 2, "BLK": 0, "TOV": 2, "PF": 2, "PTS": 2, "PLUS_MINUS": -8, "VIDEO_AVAILABLE": 2}, {"SEASON_ID": "22017", "Player_ID": 1627752, "Game_ID": "0021700250", "GAME_DATE": "NOV 20, 2017", "MATCHUP": "ATL @ SAS", "WL": "L", "MIN": 39, "FGM": 8, "FGA": 13, "FG_PCT": 0.615, "FG3M": 2, "FG3A": 7, "FG3_PCT": 0.286, "FTM": 0, "FTA": 3, "FT_PCT": 0.0, "OREB": 2, "DREB": 6, "REB": 8, "AST": 1, "STL": 0, "BLK": 1, "TOV": 2, "PF": 2, "PTS": 18, "PLUS_MINUS": -7, "VIDEO_AVAILABLE": 1}, {"SEASON_ID": "22017", "Player_ID": 1627752, "Game_ID": "0021700230", "GAME_DATE": "NOV 18, 2017", "MATCHUP": "ATL vs. BOS", "WL": "L", "MIN": 33, "FGM": 6, "FGA": 8, "FG_PCT": 0.75, "FG3M": 2, "FG3A": 2, "FG3_PCT": 1.0, "FTM": 0, "FTA": 0, "FT_PCT": 0.0, "OREB": 1, "DREB": 4, "REB": 5, "AST": 3, "STL": 0, "BLK": 0, "TOV": 1, "PF": 3, "PTS": 14, "PLUS_MINUS": -6, "VIDEO_AVAILABLE": 1}, {"SEASON_ID": "22017", "Player_ID": 1627752, "Game_ID": "0021700204", "GAME_DATE": "NOV 15, 2017", "MATCHUP": "ATL vs. SAC", "WL": "W", "MIN": 32, "FGM": 5, "FGA": 8, "FG_PCT": 0.625, "FG3M": 3, "FG3A": 5, "FG3_PCT": 0.6, "FTM": 1, "FTA": 2, "FT_PCT": 0.5, "OREB": 0, "DREB": 5, "REB": 5, "AST": 8, "STL": 4, "BLK": 1, "TOV": 4, "PF": 4, "PTS": 14, "PLUS_MINUS": 35, "VIDEO_AVAILABLE": 1}, {"SEASON_ID": "22017", "Player_ID": 1627752, "Game_ID": "0021700195", "GAME_DATE": "NOV 13, 2017", "MATCHUP": "ATL @ NOP", "WL": "L", "MIN": 32, "FGM": 1, "FGA": 6, "FG_PCT": 0.167, "FG3M": 0, "FG3A": 2, "FG3_PCT": 0.0, "FTM": 2, "FTA": 2, "FT_PCT": 1.0, "OREB": 1, "DREB": 3, "REB": 4, "AST": 3, "STL": 3, "BLK": 1, "TOV": 2, "PF": 1, "PTS": 4, "PLUS_MINUS": 0, "VIDEO_AVAILABLE": 2}, {"SEASON_ID": "22017", "Player_ID": 1627752, "Game_ID": "0021700177", "GAME_DATE": "NOV 11, 2017", "MATCHUP": "ATL @ WAS", "WL": "L", "MIN": 34, "FGM": 6, "FGA": 12, "FG_PCT": 0.5, "FG3M": 4, "FG3A": 6, "FG3_PCT": 0.667, "FTM": 3, "FTA": 4, "FT_PCT": 0.75, "OREB": 1, "DREB": 2, "REB": 3, "AST": 3, "STL": 3, "BLK": 1, "TOV": 5, "PF": 3, "PTS": 19, "PLUS_MINUS": -20, "VIDEO_AVAILABLE": 1}, {"SEASON_ID": "22017", "Player_ID": 1627752, "Game_ID": "0021700169", "GAME_DATE": "NOV 10, 2017", "MATCHUP": "ATL @ DET", "WL": "L", "MIN": 34, "FGM": 4, "FGA": 13, "FG_PCT": 0.308, "FG3M": 0, "FG3A": 3, "FG3_PCT": 0.0, "FTM": 0, "FTA": 0, "FT_PCT": 0.0, "OREB": 5, "DREB": 1, "REB": 6, "AST": 2, "STL": 1, "BLK": 2, "TOV": 2, "PF": 0, "PTS": 8, "PLUS_MINUS": -9, "VIDEO_AVAILABLE": 1}, {"SEASON_ID": "22017", "Player_ID": 1627752, "Game_ID": "0021700146", "GAME_DATE": "NOV 06, 2017", "MATCHUP": "ATL vs. BOS", "WL": "L", "MIN": 28, "FGM": 3, "FGA": 10, "FG_PCT": 0.3, "FG3M": 1, "FG3A": 5, "FG3_PCT": 0.2, "FTM": 0, "FTA": 1, "FT_PCT": 0.0, "OREB": 0, "DREB": 2, "REB": 2, "AST": 4, "STL": 0, "BLK": 1, "TOV": 1, "PF": 1, "PTS": 7, "PLUS_MINUS": -6, "VIDEO_AVAILABLE": 1}, {"SEASON_ID": "22017", "Player_ID": 1627752, "Game_ID": "0021700136", "GAME_DATE": "NOV 05, 2017", "MATCHUP": "ATL @ CLE", "WL": "W", "MIN": 36, "FGM": 6, "FGA": 13, "FG_PCT": 0.462, "FG3M": 3, "FG3A": 6, "FG3_PCT": 0.5, "FTM": 2, "FTA": 2, "FT_PCT": 1.0, "OREB": 0, "DREB": 5, "REB": 5, "AST": 1, "STL": 1, "BLK": 0, "TOV": 1, "PF": 4, "PTS": 17, "PLUS_MINUS": 3, "VIDEO_AVAILABLE": 1}, {"SEASON_ID": "22017", "Player_ID": 1627752, "Game_ID": "0021700123", "GAME_DATE": "NOV 03, 2017", "MATCHUP": "ATL vs. HOU", "WL": "L", "MIN": 24, "FGM": 7, "FGA": 12, "FG_PCT": 0.583, "FG3M": 2, "FG3A": 5, "FG3_PCT": 0.4, "FTM": 0, "FTA": 0, "FT_PCT": 0.0, "OREB": 0, "DREB": 3, "REB": 3, "AST": 2, "STL": 0, "BLK": 0, "TOV": 3, "PF": 1, "PTS": 16, "PLUS_MINUS": -10, "VIDEO_AVAILABLE": 1}, {"SEASON_ID": "22017", "Player_ID": 1627752, "Game_ID": "0021700107", "GAME_DATE": "NOV 01, 2017", "MATCHUP": "ATL @ PHI", "WL": "L", "MIN": 40, "FGM": 6, "FGA": 17, "FG_PCT": 0.353, "FG3M": 1, "FG3A": 3, "FG3_PCT": 0.333, "FTM": 4, "FTA": 6, "FT_PCT": 0.667, "OREB": 1, "DREB": 10, "REB": 11, "AST": 3, "STL": 2, "BLK": 2, "TOV": 1, "PF": 3, "PTS": 17, "PLUS_MINUS": -16, "VIDEO_AVAILABLE": 2}, {"SEASON_ID": "22017", "Player_ID": 1627752, "Game_ID": "0021700085", "GAME_DATE": "OCT 29, 2017", "MATCHUP": "ATL vs. MIL", "WL": "L", "MIN": 38, "FGM": 7, "FGA": 20, "FG_PCT": 0.35, "FG3M": 3, "FG3A": 9, "FG3_PCT": 0.333, "FTM": 0, "FTA": 1, "FT_PCT": 0.0, "OREB": 0, "DREB": 5, "REB": 5, "AST": 3, "STL": 2, "BLK": 0, "TOV": 3, "PF": 4, "PTS": 17, "PLUS_MINUS": -16, "VIDEO_AVAILABLE": 1}, {"SEASON_ID": "22017", "Player_ID": 1627752, "Game_ID": "0021700072", "GAME_DATE": "OCT 27, 2017", "MATCHUP": "ATL vs. DEN", "WL": "L", "MIN": 33, "FGM": 8, "FGA": 14, "FG_PCT": 0.571, "FG3M": 3, "FG3A": 5, "FG3_PCT": 0.6, "FTM": 0, "FTA": 0, "FT_PCT": 0.0, "OREB": 1, "DREB": 6, "REB": 7, "AST": 3, "STL": 2, "BLK": 0, "TOV": 4, "PF": 2, "PTS": 19, "PLUS_MINUS": 1, "VIDEO_AVAILABLE": 1}, {"SEASON_ID": "22017", "Player_ID": 1627752, "Game_ID": "0021700065", "GAME_DATE": "OCT 26, 2017", "MATCHUP": "ATL @ CHI", "WL": "L", "MIN": 28, "FGM": 1, "FGA": 7, "FG_PCT": 0.143, "FG3M": 1, "FG3A": 2, "FG3_PCT": 0.5, "FTM": 0, "FTA": 0, "FT_PCT": 0.0, "OREB": 0, "DREB": 2, "REB": 2, "AST": 2, "STL": 2, "BLK": 0, "TOV": 3, "PF": 3, "PTS": 3, "PLUS_MINUS": -9, "VIDEO_AVAILABLE": 1}, {"SEASON_ID": "22017", "Player_ID": 1627752, "Game_ID": "0021700042", "GAME_DATE": "OCT 23, 2017", "MATCHUP": "ATL @ MIA", "WL": "L", "MIN": 37, "FGM": 9, "FGA": 14, "FG_PCT": 0.643, "FG3M": 2, "FG3A": 3, "FG3_PCT": 0.667, "FTM": 0, "FTA": 0, "FT_PCT": 0.0, "OREB": 0, "DREB": 7, "REB": 7, "AST": 2, "STL": 3, "BLK": 0, "TOV": 7, "PF": 2, "PTS": 20, "PLUS_MINUS": -4, "VIDEO_AVAILABLE": 1}, {"SEASON_ID": "22017", "Player_ID": 1627752, "Game_ID": "0021700038", "GAME_DATE": "OCT 22, 2017", "MATCHUP": "ATL @ BKN", "WL": "L", "MIN": 23, "FGM": 3, "FGA": 8, "FG_PCT": 0.375, "FG3M": 1, "FG3A": 1, "FG3_PCT": 1.0, "FTM": 2, "FTA": 2, "FT_PCT": 1.0, "OREB": 1, "DREB": 0, "REB": 1, "AST": 1, "STL": 1, "BLK": 0, "TOV": 3, "PF": 3, "PTS": 9, "PLUS_MINUS": -9, "VIDEO_AVAILABLE": 1}, {"SEASON_ID": "22017", "Player_ID": 1627752, "Game_ID": "0021700017", "GAME_DATE": "OCT 20, 2017", "MATCHUP": "ATL @ CHA", "WL": "L", "MIN": 29, "FGM": 6, "FGA": 13, "FG_PCT": 0.462, "FG3M": 2, "FG3A": 4, "FG3_PCT": 0.5, "FTM": 1, "FTA": 1, "FT_PCT": 1.0, "OREB": 0, "DREB": 6, "REB": 6, "AST": 2, "STL": 1, "BLK": 0, "TOV": 2, "PF": 4, "PTS": 15, "PLUS_MINUS": -19, "VIDEO_AVAILABLE": 1}, {"SEASON_ID": "22017", "Player_ID": 1627752, "Game_ID": "0021700009", "GAME_DATE": "OCT 18, 2017", "MATCHUP": "ATL @ DAL", "WL": "W", "MIN": 26, "FGM": 4, "FGA": 10, "FG_PCT": 0.4, "FG3M": 0, "FG3A": 0, "FG3_PCT": 0.0, "FTM": 2, "FTA": 2, "FT_PCT": 1.0, "OREB": 2, "DREB": 8, "REB": 10, "AST": 1, "STL": 0, "BLK": 1, "TOV": 1, "PF": 2, "PTS": 10, "PLUS_MINUS": -5, "VIDEO_AVAILABLE": 1}, {"SEASON_ID": "22016", "Player_ID": 1627752, "Game_ID": "0021601226", "GAME_DATE": "APR 12, 2017", "MATCHUP": "ATL @ IND", "WL": "L", "MIN": 25, "FGM": 4, "FGA": 8, "FG_PCT": 0.5, "FG3M": 1, "FG3A": 3, "FG3_PCT": 0.333, "FTM": 2, "FTA": 3, "FT_PCT": 0.667, "OREB": 0, "DREB": 2, "REB": 2, "AST": 2, "STL": 1, "BLK": 0, "TOV": 1, "PF": 4, "PTS": 11, "PLUS_MINUS": -4, "VIDEO_AVAILABLE": 1}, {"SEASON_ID": "22016", "Player_ID": 1627752, "Game_ID": "0021601212", "GAME_DATE": "APR 11, 2017", "MATCHUP": "ATL vs. CHA", "WL": "W", "MIN": 23, "FGM": 4, "FGA": 7, "FG_PCT": 0.571, "FG3M": 0, "FG3A": 2, "FG3_PCT": 0.0, "FTM": 0, "FTA": 1, "FT_PCT": 0.0, "OREB": 0, "DREB": 1, "REB": 1, "AST": 1, "STL": 1, "BLK": 0, "TOV": 0, "PF": 1, "PTS": 8, "PLUS_MINUS": 22, "VIDEO_AVAILABLE": 1}, {"SEASON_ID": "22016", "Player_ID": 1627752, "Game_ID": "0021601197", "GAME_DATE": "APR 09, 2017", "MATCHUP": "ATL vs. CLE", "WL": "W", "MIN": 25, "FGM": 2, "FGA": 6, "FG_PCT": 0.333, "FG3M": 2, "FG3A": 4, "FG3_PCT": 0.5, "FTM": 1, "FTA": 2, "FT_PCT": 0.5, "OREB": 0, "DREB": 0, "REB": 0, "AST": 3, "STL": 0, "BLK": 1, "TOV": 1, "PF": 2, "PTS": 7, "PLUS_MINUS": -13, "VIDEO_AVAILABLE": 1}, {"SEASON_ID": "22016", "Player_ID": 1627752, "Game_ID": "0021601179", "GAME_DATE": "APR 07, 2017", "MATCHUP": "ATL @ CLE", "WL": "W", "MIN": 25, "FGM": 2, "FGA": 9, "FG_PCT": 0.222, "FG3M": 1, "FG3A": 4, "FG3_PCT": 0.25, "FTM": 0, "FTA": 0, "FT_PCT": 0.0, "OREB": 0, "DREB": 4, "REB": 4, "AST": 1, "STL": 1, "BLK": 0, "TOV": 4, "PF": 5, "PTS": 5, "PLUS_MINUS": -16, "VIDEO_AVAILABLE": 1}, {"SEASON_ID": "22016", "Player_ID": 1627752, "Game_ID": "0021601177", "GAME_DATE": "APR 06, 2017", "MATCHUP": "ATL vs. BOS", "WL": "W", "MIN": 41, "FGM": 7, "FGA": 13, "FG_PCT": 0.538, "FG3M": 2, "FG3A": 3, "FG3_PCT": 0.667, "FTM": 4, "FTA": 4, "FT_PCT": 1.0, "OREB": 2, "DREB": 5, "REB": 7, "AST": 4, "STL": 0, "BLK": 0, "TOV": 3, "PF": 3, "PTS": 20, "PLUS_MINUS": 8, "VIDEO_AVAILABLE": 1}, {"SEASON_ID": "22016", "Player_ID": 1627752, "Game_ID": "0021601148", "GAME_DATE": "APR 02, 2017", "MATCHUP": "ATL @ BKN", "WL": "L", "MIN": 36, "FGM": 5, "FGA": 12, "FG_PCT": 0.417, "FG3M": 1, "FG3A": 3, "FG3_PCT": 0.333, "FTM": 2, "FTA": 5, "FT_PCT": 0.4, "OREB": 1, "DREB": 4, "REB": 5, "AST": 2, "STL": 2, "BLK": 1, "TOV": 0, "PF": 4, "PTS": 13, "PLUS_MINUS": 1, "VIDEO_AVAILABLE": 1}, {"SEASON_ID": "22016", "Player_ID": 1627752, "Game_ID": "0021601138", "GAME_DATE": "APR 01, 2017", "MATCHUP": "ATL @ CHI", "WL": "L", "MIN": 26, "FGM": 3, "FGA": 9, "FG_PCT": 0.333, "FG3M": 0, "FG3A": 4, "FG3_PCT": 0.0, "FTM": 3, "FTA": 6, "FT_PCT": 0.5, "OREB": 0, "DREB": 3, "REB": 3, "AST": 1, "STL": 3, "BLK": 0, "TOV": 2, "PF": 3, "PTS": 9, "PLUS_MINUS": -3, "VIDEO_AVAILABLE": 1}, {"SEASON_ID": "22016", "Player_ID": 1627752, "Game_ID": "0021601111", "GAME_DATE": "MAR 29, 2017", "MATCHUP": "ATL @ PHI", "WL": "W", "MIN": 35, "FGM": 2, "FGA": 8, "FG_PCT": 0.25, "FG3M": 1, "FG3A": 3, "FG3_PCT": 0.333, "FTM": 4, "FTA": 4, "FT_PCT": 1.0, "OREB": 1, "DREB": 3, "REB": 4, "AST": 0, "STL": 2, "BLK": 0, "TOV": 4, "PF": 2, "PTS": 9, "PLUS_MINUS": 0, "VIDEO_AVAILABLE": 1}, {"SEASON_ID": "22016", "Player_ID": 1627752, "Game_ID": "0021601106", "GAME_DATE": "MAR 28, 2017", "MATCHUP": "ATL vs. PHX", "WL": "W", "MIN": 36, "FGM": 5, "FGA": 10, "FG_PCT": 0.5, "FG3M": 1, "FG3A": 4, "FG3_PCT": 0.25, "FTM": 4, "FTA": 5, "FT_PCT": 0.8, "OREB": 0, "DREB": 6, "REB": 6, "AST": 1, "STL": 1, "BLK": 2, "TOV": 2, "PF": 5, "PTS": 15, "PLUS_MINUS": 5, "VIDEO_AVAILABLE": 1}, {"SEASON_ID": "22016", "Player_ID": 1627752, "Game_ID": "0021601088", "GAME_DATE": "MAR 26, 2017", "MATCHUP": "ATL vs. BKN", "WL": "L", "MIN": 38, "FGM": 5, "FGA": 13, "FG_PCT": 0.385, "FG3M": 2, "FG3A": 4, "FG3_PCT": 0.5, "FTM": 5, "FTA": 6, "FT_PCT": 0.833, "OREB": 2, "DREB": 5, "REB": 7, "AST": 1, "STL": 3, "BLK": 1, "TOV": 1, "PF": 2, "PTS": 17, "PLUS_MINUS": 11, "VIDEO_AVAILABLE": 1}, {"SEASON_ID": "22016", "Player_ID": 1627752, "Game_ID": "0021601078", "GAME_DATE": "MAR 24, 2017", "MATCHUP": "ATL @ MIL", "WL": "L", "MIN": 19, "FGM": 2, "FGA": 5, "FG_PCT": 0.4, "FG3M": 0, "FG3A": 1, "FG3_PCT": 0.0, "FTM": 1, "FTA": 1, "FT_PCT": 1.0, "OREB": 0, "DREB": 1, "REB": 1, "AST": 1, "STL": 2, "BLK": 0, "TOV": 2, "PF": 2, "PTS": 5, "PLUS_MINUS": 3, "VIDEO_AVAILABLE": 1}, {"SEASON_ID": "22016", "Player_ID": 1627752, "Game_ID": "0021601063", "GAME_DATE": "MAR 22, 2017", "MATCHUP": "ATL @ WAS", "WL": "L", "MIN": 28, "FGM": 3, "FGA": 8, "FG_PCT": 0.375, "FG3M": 1, "FG3A": 4, "FG3_PCT": 0.25, "FTM": 0, "FTA": 0, "FT_PCT": 0.0, "OREB": 1, "DREB": 3, "REB": 4, "AST": 2, "STL": 1, "BLK": 1, "TOV": 1, "PF": 2, "PTS": 7, "PLUS_MINUS": -15, "VIDEO_AVAILABLE": 1}, {"SEASON_ID": "22016", "Player_ID": 1627752, "Game_ID": "0021601044", "GAME_DATE": "MAR 20, 2017", "MATCHUP": "ATL @ CHA", "WL": "L", "MIN": 30, "FGM": 4, "FGA": 13, "FG_PCT": 0.308, "FG3M": 1, "FG3A": 3, "FG3_PCT": 0.333, "FTM": 2, "FTA": 4, "FT_PCT": 0.5, "OREB": 1, "DREB": 3, "REB": 4, "AST": 2, "STL": 0, "BLK": 0, "TOV": 1, "PF": 3, "PTS": 11, "PLUS_MINUS": -13, "VIDEO_AVAILABLE": 1}, {"SEASON_ID": "22016", "Player_ID": 1627752, "Game_ID": "0021601029", "GAME_DATE": "MAR 18, 2017", "MATCHUP": "ATL vs. POR", "WL": "L", "MIN": 31, "FGM": 2, "FGA": 9, "FG_PCT": 0.222, "FG3M": 0, "FG3A": 3, "FG3_PCT": 0.0, "FTM": 4, "FTA": 5, "FT_PCT": 0.8, "OREB": 1, "DREB": 5, "REB": 6, "AST": 2, "STL": 0, "BLK": 3, "TOV": 1, "PF": 1, "PTS": 8, "PLUS_MINUS": 0, "VIDEO_AVAILABLE": 1}, {"SEASON_ID": "22016", "Player_ID": 1627752, "Game_ID": "0021601017", "GAME_DATE": "MAR 16, 2017", "MATCHUP": "ATL vs. MEM", "WL": "L", "MIN": 29, "FGM": 6, "FGA": 10, "FG_PCT": 0.6, "FG3M": 2, "FG3A": 4, "FG3_PCT": 0.5, "FTM": 2, "FTA": 2, "FT_PCT": 1.0, "OREB": 1, "DREB": 5, "REB": 6, "AST": 1, "STL": 0, "BLK": 4, "TOV": 3, "PF": 2, "PTS": 16, "PLUS_MINUS": -2, "VIDEO_AVAILABLE": 1}, {"SEASON_ID": "22016", "Player_ID": 1627752, "Game_ID": "0021600994", "GAME_DATE": "MAR 13, 2017", "MATCHUP": "ATL @ SAS", "WL": "L", "MIN": 10, "FGM": 2, "FGA": 4, "FG_PCT": 0.5, "FG3M": 1, "FG3A": 2, "FG3_PCT": 0.5, "FTM": 0, "FTA": 0, "FT_PCT": 0.0, "OREB": 0, "DREB": 1, "REB": 1, "AST": 0, "STL": 1, "BLK": 0, "TOV": 1, "PF": 2, "PTS": 5, "PLUS_MINUS": -2, "VIDEO_AVAILABLE": 1}, {"SEASON_ID": "22016", "Player_ID": 1627752, "Game_ID": "0021600981", "GAME_DATE": "MAR 11, 2017", "MATCHUP": "ATL @ MEM", "WL": "W", "MIN": 31, "FGM": 5, "FGA": 6, "FG_PCT": 0.833, "FG3M": 3, "FG3A": 4, "FG3_PCT": 0.75, "FTM": 4, "FTA": 4, "FT_PCT": 1.0, "OREB": 0, "DREB": 3, "REB": 3, "AST": 2, "STL": 2, "BLK": 2, "TOV": 2, "PF": 0, "PTS": 17, "PLUS_MINUS": 14, "VIDEO_AVAILABLE": 1}, {"SEASON_ID": "22016", "Player_ID": 1627752, "Game_ID": "0021600969", "GAME_DATE": "MAR 10, 2017", "MATCHUP": "ATL vs. TOR", "WL": "W", "MIN": 9, "FGM": 0, "FGA": 0, "FG_PCT": 0.0, "FG3M": 0, "FG3A": 0, "FG3_PCT": 0.0, "FTM": 0, "FTA": 0, "FT_PCT": 0.0, "OREB": 0, "DREB": 1, "REB": 1, "AST": 2, "STL": 1, "BLK": 0, "TOV": 1, "PF": 1, "PTS": 0, "PLUS_MINUS": -2, "VIDEO_AVAILABLE": 1}, {"SEASON_ID": "22016", "Player_ID": 1627752, "Game_ID": "0021600950", "GAME_DATE": "MAR 08, 2017", "MATCHUP": "ATL vs. BKN", "WL": "W", "MIN": 14, "FGM": 1, "FGA": 5, "FG_PCT": 0.2, "FG3M": 0, "FG3A": 1, "FG3_PCT": 0.0, "FTM": 0, "FTA": 0, "FT_PCT": 0.0, "OREB": 1, "DREB": 0, "REB": 1, "AST": 0, "STL": 2, "BLK": 0, "TOV": 0, "PF": 3, "PTS": 2, "PLUS_MINUS": -3, "VIDEO_AVAILABLE": 1}, {"SEASON_ID": "22016", "Player_ID": 1627752, "Game_ID": "0021600937", "GAME_DATE": "MAR 06, 2017", "MATCHUP": "ATL vs. GSW", "WL": "L", "MIN": 10, "FGM": 1, "FGA": 1, "FG_PCT": 1.0, "FG3M": 1, "FG3A": 1, "FG3_PCT": 1.0, "FTM": 0, "FTA": 0, "FT_PCT": 0.0, "OREB": 0, "DREB": 1, "REB": 1, "AST": 1, "STL": 0, "BLK": 1, "TOV": 0, "PF": 2, "PTS": 3, "PLUS_MINUS": -3, "VIDEO_AVAILABLE": 1}, {"SEASON_ID": "22016", "Player_ID": 1627752, "Game_ID": "0021600927", "GAME_DATE": "MAR 05, 2017", "MATCHUP": "ATL vs. IND", "WL": "L", "MIN": 9, "FGM": 0, "FGA": 1, "FG_PCT": 0.0, "FG3M": 0, "FG3A": 0, "FG3_PCT": 0.0, "FTM": 1, "FTA": 2, "FT_PCT": 0.5, "OREB": 0, "DREB": 2, "REB": 2, "AST": 0, "STL": 0, "BLK": 0, "TOV": 1, "PF": 1, "PTS": 1, "PLUS_MINUS": -10, "VIDEO_AVAILABLE": 1}, {"SEASON_ID": "22016", "Player_ID": 1627752, "Game_ID": "0021600913", "GAME_DATE": "MAR 03, 2017", "MATCHUP": "ATL vs. CLE", "WL": "L", "MIN": 12, "FGM": 1, "FGA": 2, "FG_PCT": 0.5, "FG3M": 0, "FG3A": 0, "FG3_PCT": 0.0, "FTM": 0, "FTA": 0, "FT_PCT": 0.0, "OREB": 0, "DREB": 2, "REB": 2, "AST": 1, "STL": 2, "BLK": 0, "TOV": 1, "PF": 1, "PTS": 2, "PLUS_MINUS": 5, "VIDEO_AVAILABLE": 1}, {"SEASON_ID": "22016", "Player_ID": 1627752, "Game_ID": "0021600897", "GAME_DATE": "MAR 01, 2017", "MATCHUP": "ATL vs. DAL", "WL": "W", "MIN": 12, "FGM": 0, "FGA": 1, "FG_PCT": 0.0, "FG3M": 0, "FG3A": 1, "FG3_PCT": 0.0, "FTM": 1, "FTA": 2, "FT_PCT": 0.5, "OREB": 0, "DREB": 1, "REB": 1, "AST": 0, "STL": 1, "BLK": 0, "TOV": 2, "PF": 2, "PTS": 1, "PLUS_MINUS": 1, "VIDEO_AVAILABLE": 1}, {"SEASON_ID": "22016", "Player_ID": 1627752, "Game_ID": "0021600885", "GAME_DATE": "FEB 27, 2017", "MATCHUP": "ATL @ BOS", "WL": "W", "MIN": 30, "FGM": 3, "FGA": 9, "FG_PCT": 0.333, "FG3M": 0, "FG3A": 1, "FG3_PCT": 0.0, "FTM": 2, "FTA": 2, "FT_PCT": 1.0, "OREB": 5, "DREB": 7, "REB": 12, "AST": 3, "STL": 2, "BLK": 1, "TOV": 1, "PF": 2, "PTS": 8, "PLUS_MINUS": 10, "VIDEO_AVAILABLE": 1}, {"SEASON_ID": "22016", "Player_ID": 1627752, "Game_ID": "0021600867", "GAME_DATE": "FEB 25, 2017", "MATCHUP": "ATL @ ORL", "WL": "L", "MIN": 27, "FGM": 4, "FGA": 7, "FG_PCT": 0.571, "FG3M": 2, "FG3A": 3, "FG3_PCT": 0.667, "FTM": 1, "FTA": 2, "FT_PCT": 0.5, "OREB": 2, "DREB": 2, "REB": 4, "AST": 0, "STL": 1, "BLK": 1, "TOV": 2, "PF": 0, "PTS": 11, "PLUS_MINUS": 3, "VIDEO_AVAILABLE": 1}, {"SEASON_ID": "22016", "Player_ID": 1627752, "Game_ID": "0021600863", "GAME_DATE": "FEB 24, 2017", "MATCHUP": "ATL vs. MIA", "WL": "L", "MIN": 16, "FGM": 3, "FGA": 7, "FG_PCT": 0.429, "FG3M": 0, "FG3A": 0, "FG3_PCT": 0.0, "FTM": 2, "FTA": 2, "FT_PCT": 1.0, "OREB": 0, "DREB": 4, "REB": 4, "AST": 1, "STL": 1, "BLK": 0, "TOV": 2, "PF": 2, "PTS": 8, "PLUS_MINUS": -7, "VIDEO_AVAILABLE": 1}, {"SEASON_ID": "22016", "Player_ID": 1627752, "Game_ID": "0021600846", "GAME_DATE": "FEB 15, 2017", "MATCHUP": "ATL @ LAC", "WL": "L", "MIN": 25, "FGM": 3, "FGA": 8, "FG_PCT": 0.375, "FG3M": 1, "FG3A": 4, "FG3_PCT": 0.25, "FTM": 1, "FTA": 1, "FT_PCT": 1.0, "OREB": 1, "DREB": 4, "REB": 5, "AST": 0, "STL": 0, "BLK": 0, "TOV": 3, "PF": 2, "PTS": 8, "PLUS_MINUS": -6, "VIDEO_AVAILABLE": 1}, {"SEASON_ID": "22016", "Player_ID": 1627752, "Game_ID": "0021600830", "GAME_DATE": "FEB 13, 2017", "MATCHUP": "ATL @ POR", "WL": "W", "MIN": 25, "FGM": 1, "FGA": 4, "FG_PCT": 0.25, "FG3M": 1, "FG3A": 3, "FG3_PCT": 0.333, "FTM": 2, "FTA": 2, "FT_PCT": 1.0, "OREB": 0, "DREB": 5, "REB": 5, "AST": 0, "STL": 3, "BLK": 0, "TOV": 0, "PF": 5, "PTS": 5, "PLUS_MINUS": 8, "VIDEO_AVAILABLE": 1}, {"SEASON_ID": "22016", "Player_ID": 1627752, "Game_ID": "0021600772", "GAME_DATE": "FEB 06, 2017", "MATCHUP": "ATL vs. UTA", "WL": "L", "MIN": 4, "FGM": 0, "FGA": 0, "FG_PCT": 0.0, "FG3M": 0, "FG3A": 0, "FG3_PCT": 0.0, "FTM": 0, "FTA": 0, "FT_PCT": 0.0, "OREB": 0, "DREB": 0, "REB": 0, "AST": 1, "STL": 0, "BLK": 0, "TOV": 0, "PF": 0, "PTS": 0, "PLUS_MINUS": -5, "VIDEO_AVAILABLE": 1}, {"SEASON_ID": "22016", "Player_ID": 1627752, "Game_ID": "0021600756", "GAME_DATE": "FEB 04, 2017", "MATCHUP": "ATL vs. ORL", "WL": "W", "MIN": 5, "FGM": 0, "FGA": 0, "FG_PCT": 0.0, "FG3M": 0, "FG3A": 0, "FG3_PCT": 0.0, "FTM": 5, "FTA": 6, "FT_PCT": 0.833, "OREB": 0, "DREB": 1, "REB": 1, "AST": 0, "STL": 0, "BLK": 1, "TOV": 0, "PF": 0, "PTS": 5, "PLUS_MINUS": 6, "VIDEO_AVAILABLE": 1}, {"SEASON_ID": "22016", "Player_ID": 1627752, "Game_ID": "0021600734", "GAME_DATE": "FEB 01, 2017", "MATCHUP": "ATL @ MIA", "WL": "L", "MIN": 6, "FGM": 1, "FGA": 2, "FG_PCT": 0.5, "FG3M": 0, "FG3A": 0, "FG3_PCT": 0.0, "FTM": 1, "FTA": 1, "FT_PCT": 1.0, "OREB": 0, "DREB": 2, "REB": 2, "AST": 1, "STL": 1, "BLK": 0, "TOV": 1, "PF": 1, "PTS": 3, "PLUS_MINUS": 5, "VIDEO_AVAILABLE": 1}, {"SEASON_ID": "22016", "Player_ID": 1627752, "Game_ID": "0021600711", "GAME_DATE": "JAN 29, 2017", "MATCHUP": "ATL vs. NYK", "WL": "W", "MIN": 4, "FGM": 1, "FGA": 2, "FG_PCT": 0.5, "FG3M": 0, "FG3A": 0, "FG3_PCT": 0.0, "FTM": 0, "FTA": 0, "FT_PCT": 0.0, "OREB": 0, "DREB": 0, "REB": 0, "AST": 0, "STL": 0, "BLK": 0, "TOV": 0, "PF": 1, "PTS": 2, "PLUS_MINUS": -9, "VIDEO_AVAILABLE": 1}, {"SEASON_ID": "22016", "Player_ID": 1627752, "Game_ID": "0021600702", "GAME_DATE": "JAN 27, 2017", "MATCHUP": "ATL vs. WAS", "WL": "L", "MIN": 12, "FGM": 1, "FGA": 4, "FG_PCT": 0.25, "FG3M": 0, "FG3A": 2, "FG3_PCT": 0.0, "FTM": 0, "FTA": 0, "FT_PCT": 0.0, "OREB": 0, "DREB": 3, "REB": 3, "AST": 2, "STL": 1, "BLK": 0, "TOV": 1, "PF": 1, "PTS": 2, "PLUS_MINUS": -1, "VIDEO_AVAILABLE": 1}, {"SEASON_ID": "22016", "Player_ID": 1627752, "Game_ID": "0021600647", "GAME_DATE": "JAN 20, 2017", "MATCHUP": "ATL vs. CHI", "WL": "W", "MIN": 9, "FGM": 1, "FGA": 6, "FG_PCT": 0.167, "FG3M": 0, "FG3A": 2, "FG3_PCT": 0.0, "FTM": 0, "FTA": 0, "FT_PCT": 0.0, "OREB": 0, "DREB": 0, "REB": 0, "AST": 0, "STL": 0, "BLK": 0, "TOV": 2, "PF": 4, "PTS": 2, "PLUS_MINUS": -18, "VIDEO_AVAILABLE": 1}, {"SEASON_ID": "22016", "Player_ID": 1627752, "Game_ID": "0021600633", "GAME_DATE": "JAN 18, 2017", "MATCHUP": "ATL @ DET", "WL": "L", "MIN": 20, "FGM": 2, "FGA": 5, "FG_PCT": 0.4, "FG3M": 0, "FG3A": 1, "FG3_PCT": 0.0, "FTM": 6, "FTA": 6, "FT_PCT": 1.0, "OREB": 0, "DREB": 2, "REB": 2, "AST": 1, "STL": 0, "BLK": 0, "TOV": 1, "PF": 2, "PTS": 10, "PLUS_MINUS": 4, "VIDEO_AVAILABLE": 1}, {"SEASON_ID": "22016", "Player_ID": 1627752, "Game_ID": "0021600613", "GAME_DATE": "JAN 16, 2017", "MATCHUP": "ATL @ NYK", "WL": "W", "MIN": 7, "FGM": 1, "FGA": 1, "FG_PCT": 1.0, "FG3M": 0, "FG3A": 0, "FG3_PCT": 0.0, "FTM": 0, "FTA": 0, "FT_PCT": 0.0, "OREB": 0, "DREB": 0, "REB": 0, "AST": 0, "STL": 0, "BLK": 0, "TOV": 0, "PF": 1, "PTS": 2, "PLUS_MINUS": 3, "VIDEO_AVAILABLE": 1}, {"SEASON_ID": "22016", "Player_ID": 1627752, "Game_ID": "0021600597", "GAME_DATE": "JAN 13, 2017", "MATCHUP": "ATL vs. BOS", "WL": "L", "MIN": 2, "FGM": 0, "FGA": 0, "FG_PCT": 0.0, "FG3M": 0, "FG3A": 0, "FG3_PCT": 0.0, "FTM": 0, "FTA": 0, "FT_PCT": 0.0, "OREB": 0, "DREB": 0, "REB": 0, "AST": 0, "STL": 0, "BLK": 0, "TOV": 0, "PF": 0, "PTS": 0, "PLUS_MINUS": 0, "VIDEO_AVAILABLE": 1}, {"SEASON_ID": "22016", "Player_ID": 1627752, "Game_ID": "0021600573", "GAME_DATE": "JAN 10, 2017", "MATCHUP": "ATL @ BKN", "WL": "W", "MIN": 20, "FGM": 2, "FGA": 6, "FG_PCT": 0.333, "FG3M": 2, "FG3A": 4, "FG3_PCT": 0.5, "FTM": 2, "FTA": 2, "FT_PCT": 1.0, "OREB": 2, "DREB": 4, "REB": 6, "AST": 1, "STL": 1, "BLK": 2, "TOV": 2, "PF": 0, "PTS": 8, "PLUS_MINUS": 5, "VIDEO_AVAILABLE": 1}, {"SEASON_ID": "22016", "Player_ID": 1627752, "Game_ID": "0021600557", "GAME_DATE": "JAN 07, 2017", "MATCHUP": "ATL @ DAL", "WL": "W", "MIN": 14, "FGM": 1, "FGA": 3, "FG_PCT": 0.333, "FG3M": 0, "FG3A": 0, "FG3_PCT": 0.0, "FTM": 0, "FTA": 0, "FT_PCT": 0.0, "OREB": 0, "DREB": 1, "REB": 1, "AST": 1, "STL": 2, "BLK": 0, "TOV": 0, "PF": 1, "PTS": 2, "PLUS_MINUS": -9, "VIDEO_AVAILABLE": 1}, {"SEASON_ID": "22016", "Player_ID": 1627752, "Game_ID": "0021600468", "GAME_DATE": "DEC 26, 2016", "MATCHUP": "ATL @ MIN", "WL": "L", "MIN": 10, "FGM": 1, "FGA": 3, "FG_PCT": 0.333, "FG3M": 0, "FG3A": 0, "FG3_PCT": 0.0, "FTM": 0, "FTA": 0, "FT_PCT": 0.0, "OREB": 0, "DREB": 2, "REB": 2, "AST": 2, "STL": 0, "BLK": 1, "TOV": 0, "PF": 0, "PTS": 2, "PLUS_MINUS": 13, "VIDEO_AVAILABLE": 1}, {"SEASON_ID": "22016", "Player_ID": 1627752, "Game_ID": "0021600451", "GAME_DATE": "DEC 23, 2016", "MATCHUP": "ATL @ DEN", "WL": "W", "MIN": 1, "FGM": 0, "FGA": 0, "FG_PCT": 0.0, "FG3M": 0, "FG3A": 0, "FG3_PCT": 0.0, "FTM": 1, "FTA": 2, "FT_PCT": 0.5, "OREB": 0, "DREB": 0, "REB": 0, "AST": 0, "STL": 0, "BLK": 0, "TOV": 0, "PF": 0, "PTS": 1, "PLUS_MINUS": -1, "VIDEO_AVAILABLE": 1}, {"SEASON_ID": "22016", "Player_ID": 1627752, "Game_ID": "0021600430", "GAME_DATE": "DEC 21, 2016", "MATCHUP": "ATL vs. MIN", "WL": "L", "MIN": 11, "FGM": 0, "FGA": 2, "FG_PCT": 0.0, "FG3M": 0, "FG3A": 0, "FG3_PCT": 0.0, "FTM": 0, "FTA": 0, "FT_PCT": 0.0, "OREB": 0, "DREB": 1, "REB": 1, "AST": 0, "STL": 1, "BLK": 0, "TOV": 1, "PF": 2, "PTS": 0, "PLUS_MINUS": -2, "VIDEO_AVAILABLE": 1}, {"SEASON_ID": "22016", "Player_ID": 1627752, "Game_ID": "0021600369", "GAME_DATE": "DEC 13, 2016", "MATCHUP": "ATL vs. ORL", "WL": "L", "MIN": 2, "FGM": 2, "FGA": 2, "FG_PCT": 1.0, "FG3M": 0, "FG3A": 0, "FG3_PCT": 0.0, "FTM": 0, "FTA": 0, "FT_PCT": 0.0, "OREB": 0, "DREB": 1, "REB": 1, "AST": 0, "STL": 0, "BLK": 0, "TOV": 0, "PF": 0, "PTS": 4, "PLUS_MINUS": 4, "VIDEO_AVAILABLE": 1}, {"SEASON_ID": "22016", "Player_ID": 1627752, "Game_ID": "0021600340", "GAME_DATE": "DEC 09, 2016", "MATCHUP": "ATL @ MIL", "WL": "W", "MIN": 2, "FGM": 0, "FGA": 1, "FG_PCT": 0.0, "FG3M": 0, "FG3A": 0, "FG3_PCT": 0.0, "FTM": 0, "FTA": 0, "FT_PCT": 0.0, "OREB": 0, "DREB": 0, "REB": 0, "AST": 0, "STL": 0, "BLK": 0, "TOV": 0, "PF": 0, "PTS": 0, "PLUS_MINUS": -5, "VIDEO_AVAILABLE": 1}, {"SEASON_ID": "22016", "Player_ID": 1627752, "Game_ID": "0021600324", "GAME_DATE": "DEC 07, 2016", "MATCHUP": "ATL vs. MIA", "WL": "W", "MIN": 12, "FGM": 1, "FGA": 5, "FG_PCT": 0.2, "FG3M": 0, "FG3A": 1, "FG3_PCT": 0.0, "FTM": 2, "FTA": 2, "FT_PCT": 1.0, "OREB": 0, "DREB": 2, "REB": 2, "AST": 1, "STL": 0, "BLK": 1, "TOV": 0, "PF": 3, "PTS": 4, "PLUS_MINUS": -4, "VIDEO_AVAILABLE": 1}, {"SEASON_ID": "22016", "Player_ID": 1627752, "Game_ID": "0021600293", "GAME_DATE": "DEC 03, 2016", "MATCHUP": "ATL @ TOR", "WL": "L", "MIN": 9, "FGM": 1, "FGA": 4, "FG_PCT": 0.25, "FG3M": 0, "FG3A": 1, "FG3_PCT": 0.0, "FTM": 0, "FTA": 0, "FT_PCT": 0.0, "OREB": 0, "DREB": 0, "REB": 0, "AST": 1, "STL": 0, "BLK": 0, "TOV": 2, "PF": 0, "PTS": 2, "PLUS_MINUS": -19, "VIDEO_AVAILABLE": 1}, {"SEASON_ID": "22016", "Player_ID": 1627752, "Game_ID": "0021600288", "GAME_DATE": "DEC 02, 2016", "MATCHUP": "ATL vs. DET", "WL": "L", "MIN": 17, "FGM": 1, "FGA": 6, "FG_PCT": 0.167, "FG3M": 1, "FG3A": 4, "FG3_PCT": 0.25, "FTM": 2, "FTA": 2, "FT_PCT": 1.0, "OREB": 0, "DREB": 6, "REB": 6, "AST": 1, "STL": 0, "BLK": 0, "TOV": 0, "PF": 0, "PTS": 5, "PLUS_MINUS": -17, "VIDEO_AVAILABLE": 1}, {"SEASON_ID": "22016", "Player_ID": 1627752, "Game_ID": "0021600252", "GAME_DATE": "NOV 27, 2016", "MATCHUP": "ATL @ LAL", "WL": "L", "MIN": 8, "FGM": 0, "FGA": 1, "FG_PCT": 0.0, "FG3M": 0, "FG3A": 1, "FG3_PCT": 0.0, "FTM": 0, "FTA": 0, "FT_PCT": 0.0, "OREB": 0, "DREB": 0, "REB": 0, "AST": 1, "STL": 0, "BLK": 0, "TOV": 0, "PF": 1, "PTS": 0, "PLUS_MINUS": -4, "VIDEO_AVAILABLE": 1}, {"SEASON_ID": "22016", "Player_ID": 1627752, "Game_ID": "0021600231", "GAME_DATE": "NOV 25, 2016", "MATCHUP": "ATL @ UTA", "WL": "L", "MIN": 19, "FGM": 3, "FGA": 6, "FG_PCT": 0.5, "FG3M": 3, "FG3A": 5, "FG3_PCT": 0.6, "FTM": 0, "FTA": 0, "FT_PCT": 0.0, "OREB": 0, "DREB": 4, "REB": 4, "AST": 3, "STL": 0, "BLK": 0, "TOV": 1, "PF": 3, "PTS": 9, "PLUS_MINUS": -25, "VIDEO_AVAILABLE": 1}, {"SEASON_ID": "22016", "Player_ID": 1627752, "Game_ID": "0021600216", "GAME_DATE": "NOV 23, 2016", "MATCHUP": "ATL @ IND", "WL": "W", "MIN": 16, "FGM": 3, "FGA": 4, "FG_PCT": 0.75, "FG3M": 1, "FG3A": 2, "FG3_PCT": 0.5, "FTM": 1, "FTA": 2, "FT_PCT": 0.5, "OREB": 1, "DREB": 3, "REB": 4, "AST": 0, "STL": 1, "BLK": 1, "TOV": 1, "PF": 3, "PTS": 8, "PLUS_MINUS": 23, "VIDEO_AVAILABLE": 1}, {"SEASON_ID": "22016", "Player_ID": 1627752, "Game_ID": "0021600209", "GAME_DATE": "NOV 22, 2016", "MATCHUP": "ATL vs. NOP", "WL": "L", "MIN": 17, "FGM": 4, "FGA": 6, "FG_PCT": 0.667, "FG3M": 2, "FG3A": 4, "FG3_PCT": 0.5, "FTM": 0, "FTA": 0, "FT_PCT": 0.0, "OREB": 0, "DREB": 1, "REB": 1, "AST": 0, "STL": 0, "BLK": 0, "TOV": 1, "PF": 0, "PTS": 10, "PLUS_MINUS": 15, "VIDEO_AVAILABLE": 1}, {"SEASON_ID": "22016", "Player_ID": 1627752, "Game_ID": "0021600193", "GAME_DATE": "NOV 20, 2016", "MATCHUP": "ATL @ NYK", "WL": "L", "MIN": 18, "FGM": 2, "FGA": 8, "FG_PCT": 0.25, "FG3M": 0, "FG3A": 2, "FG3_PCT": 0.0, "FTM": 0, "FTA": 0, "FT_PCT": 0.0, "OREB": 3, "DREB": 2, "REB": 5, "AST": 0, "STL": 0, "BLK": 1, "TOV": 0, "PF": 1, "PTS": 4, "PLUS_MINUS": -5, "VIDEO_AVAILABLE": 1}, {"SEASON_ID": "22016", "Player_ID": 1627752, "Game_ID": "0021600174", "GAME_DATE": "NOV 18, 2016", "MATCHUP": "ATL @ CHA", "WL": "L", "MIN": 17, "FGM": 1, "FGA": 2, "FG_PCT": 0.5, "FG3M": 0, "FG3A": 0, "FG3_PCT": 0.0, "FTM": 0, "FTA": 0, "FT_PCT": 0.0, "OREB": 0, "DREB": 4, "REB": 4, "AST": 2, "STL": 1, "BLK": 0, "TOV": 2, "PF": 3, "PTS": 2, "PLUS_MINUS": 8, "VIDEO_AVAILABLE": 1}, {"SEASON_ID": "22016", "Player_ID": 1627752, "Game_ID": "0021600163", "GAME_DATE": "NOV 16, 2016", "MATCHUP": "ATL vs. MIL", "WL": "W", "MIN": 19, "FGM": 2, "FGA": 5, "FG_PCT": 0.4, "FG3M": 0, "FG3A": 3, "FG3_PCT": 0.0, "FTM": 4, "FTA": 4, "FT_PCT": 1.0, "OREB": 0, "DREB": 5, "REB": 5, "AST": 1, "STL": 1, "BLK": 2, "TOV": 2, "PF": 2, "PTS": 8, "PLUS_MINUS": 8, "VIDEO_AVAILABLE": 1}, {"SEASON_ID": "22016", "Player_ID": 1627752, "Game_ID": "0021600132", "GAME_DATE": "NOV 12, 2016", "MATCHUP": "ATL vs. PHI", "WL": "W", "MIN": 3, "FGM": 1, "FGA": 2, "FG_PCT": 0.5, "FG3M": 0, "FG3A": 0, "FG3_PCT": 0.0, "FTM": 0, "FTA": 0, "FT_PCT": 0.0, "OREB": 0, "DREB": 1, "REB": 1, "AST": 0, "STL": 0, "BLK": 0, "TOV": 0, "PF": 1, "PTS": 2, "PLUS_MINUS": 2, "VIDEO_AVAILABLE": 1}, {"SEASON_ID": "22016", "Player_ID": 1627752, "Game_ID": "0021600100", "GAME_DATE": "NOV 08, 2016", "MATCHUP": "ATL @ CLE", "WL": "W", "MIN": 9, "FGM": 1, "FGA": 2, "FG_PCT": 0.5, "FG3M": 0, "FG3A": 0, "FG3_PCT": 0.0, "FTM": 0, "FTA": 0, "FT_PCT": 0.0, "OREB": 0, "DREB": 4, "REB": 4, "AST": 0, "STL": 0, "BLK": 0, "TOV": 1, "PF": 1, "PTS": 2, "PLUS_MINUS": 7, "VIDEO_AVAILABLE": 1}, {"SEASON_ID": "22016", "Player_ID": 1627752, "Game_ID": "0021600084", "GAME_DATE": "NOV 05, 2016", "MATCHUP": "ATL vs. HOU", "WL": "W", "MIN": 2, "FGM": 0, "FGA": 0, "FG_PCT": 0.0, "FG3M": 0, "FG3A": 0, "FG3_PCT": 0.0, "FTM": 0, "FTA": 0, "FT_PCT": 0.0, "OREB": 0, "DREB": 0, "REB": 0, "AST": 0, "STL": 0, "BLK": 0, "TOV": 0, "PF": 0, "PTS": 0, "PLUS_MINUS": -2, "VIDEO_AVAILABLE": 1}, {"SEASON_ID": "22016", "Player_ID": 1627752, "Game_ID": "0021600026", "GAME_DATE": "OCT 29, 2016", "MATCHUP": "ATL @ PHI", "WL": "W", "MIN": 6, "FGM": 1, "FGA": 2, "FG_PCT": 0.5, "FG3M": 0, "FG3A": 1, "FG3_PCT": 0.0, "FTM": 2, "FTA": 2, "FT_PCT": 1.0, "OREB": 0, "DREB": 0, "REB": 0, "AST": 1, "STL": 0, "BLK": 0, "TOV": 0, "PF": 0, "PTS": 4, "PLUS_MINUS": 6, "VIDEO_AVAILABLE": 1}, {"SEASON_ID": "22016", "Player_ID": 1627752, "Game_ID": "0021600014", "GAME_DATE": "OCT 27, 2016", "MATCHUP": "ATL vs. WAS", "WL": "W", "MIN": 4, "FGM": 0, "FGA": 0, "FG_PCT": 0.0, "FG3M": 0, "FG3A": 0, "FG3_PCT": 0.0, "FTM": 0, "FTA": 0, "FT_PCT": 0.0, "OREB": 0, "DREB": 0, "REB": 0, "AST": 1, "STL": 1, "BLK": 0, "TOV": 1, "PF": 1, "PTS": 0, "PLUS_MINUS": -4, "VIDEO_AVAILABLE": 1}]