{"firstName": "Taurean", "lastName": "Prince", "temporaryDisplayName": "Prince, Taurean", "personId": "1627752", "teamId": "1610612751", "jersey": "2", "isActive": true, "pos": "F", "heightFeet": "6", "heightInches": "7", "heightMeters": "2.01", "weightPounds": "218", "weightKilograms": "98.9", "dateOfBirthUTC": "1994-03-22", "teamSitesOnly": {"playerCode": "taurean_prince", "posFull": "Forward", "displayAffiliation": "Baylor/USA", "freeAgentCode": ""}, "teams": [{"teamId": "1610612737", "seasonStart": "2016", "seasonEnd": "2018"}, {"teamId": "1610612751", "seasonStart": "2019", "seasonEnd": "2019"}], "draft": {"teamId": "1610612762", "pickNum": "12", "roundNum": "1", "seasonYear": "2016"}, "nbaDebutYear": "2016", "yearsPro": "3", "collegeName": "Baylor", "lastAffiliation": "Baylor/USA", "country": "USA"}