{"firstName": "Christ", "lastName": "Koumadje", "temporaryDisplayName": "Koumadje, Christ", "personId": "1629746", "teamId": "1610612755", "jersey": "20", "isActive": true, "pos": "C", "heightFeet": "7", "heightInches": "4", "heightMeters": "2.24", "weightPounds": "268", "weightKilograms": "121.6", "dateOfBirthUTC": "1996-07-07", "teamSitesOnly": {"playerCode": "christ_koumadje", "posFull": "Center", "displayAffiliation": "Florida State/Chad", "freeAgentCode": ""}, "teams": [{"teamId": "1610612755", "seasonStart": "2019", "seasonEnd": "2019"}], "draft": {"teamId": "", "pickNum": "", "roundNum": "", "seasonYear": ""}, "nbaDebutYear": "", "yearsPro": "0", "collegeName": "Florida State", "lastAffiliation": "Florida State/Chad", "country": "Chad"}