{"firstName": "Larry", "lastName": "Nance Jr.", "temporaryDisplayName": "Nance Jr., Larry", "personId": "1626204", "teamId": "1610612739", "jersey": "22", "isActive": true, "pos": "F", "heightFeet": "6", "heightInches": "9", "heightMeters": "2.06", "weightPounds": "230", "weightKilograms": "104.3", "dateOfBirthUTC": "1993-01-01", "teamSitesOnly": {"playerCode": "larry_nance jr.", "posFull": "Forward", "displayAffiliation": "Wyoming/USA", "freeAgentCode": ""}, "teams": [{"teamId": "1610612747", "seasonStart": "2015", "seasonEnd": "2017"}, {"teamId": "1610612739", "seasonStart": "2017", "seasonEnd": "2019"}], "draft": {"teamId": "1610612747", "pickNum": "27", "roundNum": "1", "seasonYear": "2015"}, "nbaDebutYear": "2015", "yearsPro": "4", "collegeName": "Wyoming", "lastAffiliation": "Wyoming/USA", "country": "USA"}