{"firstName": "Carsen", "lastName": "Edwards", "temporaryDisplayName": "Edwards, Carsen", "personId": "1629035", "teamId": "1610612738", "jersey": "4", "isActive": true, "pos": "G", "heightFeet": "6", "heightInches": "0", "heightMeters": "1.83", "weightPounds": "199", "weightKilograms": "90.3", "dateOfBirthUTC": "1998-03-12", "teamSitesOnly": {"playerCode": "carsen_edwards", "posFull": "Guard", "displayAffiliation": "Purdue/USA", "freeAgentCode": ""}, "teams": [{"teamId": "1610612738", "seasonStart": "2019", "seasonEnd": "2019"}], "draft": {"teamId": "1610612755", "pickNum": "33", "roundNum": "2", "seasonYear": "2019"}, "nbaDebutYear": "", "yearsPro": "0", "collegeName": "Purdue", "lastAffiliation": "Purdue University/USA", "country": "USA"}